ID	위치	구분	공유	원문	번역
C00001	SSS0/001:B7	안내:01	44	仙窟の近くの森	선굴 근처의 숲
C00002	SSS0/001:DC	대사:05	19	隊長、様子を見て来ました!	대장님、상황을 보고 왔습니다!
C00003	SSS0/001:F3	대사:00	19	それで、敵は?	그래서、적은?
C00004	SSS0/001:FF	대사:05	19	街の地下に洞窟を作り、何やら\nたくらんでいるようです。	마을 지하에 동굴을 만들고 뭔가\n꾸미고 있는 것 같습니다。
C00005	SSS0/001:127	대사:00	19	敵は洞仙か?	적은 동선인가?
C00006	SSS0/001:13B	대사:00	19	よーし、全員突撃!!	좋아、전원 돌격!!
C00007	SSS0/001:14F	대사:01	79	はい!!	예!!
C00008	SSS0/001:192	대사:05	19	この人数なら楽勝だな。	이 인원이면 식은 죽 먹기지。
C00009	SSS0/001:1AE	대사:05	19	おーい、待ってくれ!	어이、기다려 줘!
C00010	SSS0/001:200	대사:07	19	今回の敵の事、聞いたか?	이번 적 얘기、들었어?
C00011	SSS0/001:215	대사:08	19	しらないよ?	몰라?
C00012	SSS0/001:21F	대사:07	19	相手は、洞仙らしいぞ!	상대가 동선이래!
C00013	SSS0/001:232	대사:08	14	えーっ!	에엣!
C00014	SSS0/001:23A	대사:09	12	洞仙を倒した者には、ほうびは\n望みのままだって話だぜ!	동선을 쓰러뜨린 자에겐 포상을\n원하는 대로 준대!
C00015	SSS0/001:25F	대사:07	21	本当か?	정말이야?
C00016	SSS0/001:270	대사:09	19	本当ですよね、隊長!	정말이죠、대장님!
C00017	SSS0/001:282	대사:07	19	俺、頑張っちゃおうかな?	나、힘 좀 내 볼까?
C00018	SSS0/001:297	대사:06	19	おしゃべりは、そこまでだ!	잡담은 거기까지다!
C00019	SSS0/001:2C3	대사:06	19	全員せいれつ!	전원 정렬!
C00020	SSS0/001:2DB	대사:06	12	確かに相手は洞仙だ。	확실히 상대는 동선이다。
C00021	SSS0/001:2EE	대사:06	12	しかし、洞仙は恐れるほどの\n相手ではない。	하지만 동선은 두려워할 만한\n상대가 아니다。
C00022	SSS0/001:30C	대사:06	12	洞仙は、俺達が倒す!	동선은 우리가 쓰러뜨린다!
C00023	SSS0/001:31F	대사:06	40	行くぞ!	가자!
C00024	SSS0/002:EB	안내:0A	3	ここは、人と仙人が一緒に\n \n  暮らす国、洞天福	이곳은 사람과 선인이 함께\n \n  사는 나라、동천복
C00025	SSS0/002:119	안내:0A	3	 仙人の中には洞仙と呼ばれる\n \n大地を守護する者たちがいました	 선인 중에는 동선이라 불리는\n \n대지를 수호하는 자들이 있었습니다
C00026	SSS0/002:152	안내:0A	3	いまから始まるのは\n \n ある洞仙の昔話	지금부터 시작되는 것은\n \n 어느 동선의 옛이야기
C00027	SSS0/002:1B5	대사:FD	5	老師。	노사님。
C00028	SSS0/002:1CE	대사:FD	5	老師!!	노사님!!
C00029	SSS0/002:1F8	대사:00	3	おお、{05:00}か。	오오、{05:00}냐。
C00030	SSS0/002:205	대사:00	2	して、準備は出来たか?	그래、준비는 되었느냐?
C00031	SSS0/002:21F	대사:FD	3	もちろんです!	물론입니다!
C00032	SSS0/002:22A	대사:00	3	それでは、試練の場に行くぞ!	그럼、시련의 장으로 가자꾸나!
C00033	SSS0/002:26F	대사:FD	3	ここは地上ですね。	여긴 지상이네요。
C00034	SSS0/002:27E	대사:00	3	それでは始めるぞ。	그럼 시작하마。
C00035	SSS0/002:28C	대사:00	3	{05:00}、しっかり見とれよ!	{05:00}、똑똑히 보거라!
C00036	SSS0/002:2BE	대사:00	3	はー{03:03}ー{03:03}ー{03:02}ー{03:02}ー{03:02}ー{03:01}ー{03:01}っ!	하―{03:03}―{03:03}―{03:02}―{03:02}―{03:02}―{03:01}―{03:01}앗!
C00037	SSS0/002:2EE	대사:00	3	削岩功じゃ!	삭암공이다!
C00038	SSS0/002:39A	대사:00	3	いまのが仙窟を作る技、削岩功じゃ。	방금 그것이 선굴을 만드는 기술、삭암공이니라。
C00039	SSS0/002:3B6	대사:FD	3	す・すごい	대、대단해
C00040	SSS0/002:3C0	대사:00	3	大地の力を借りているのじゃ!	대지의 힘을 빌린 것이니라!
C00041	SSS0/002:3D6	대사:00	3	洞仙の術でも基本中の基本じゃ。	동선의 술법 중에서도 기본 중의 기본이지。
C00042	SSS0/002:3F1	대사:00	3	それでは、仙窟に向かうぞ!	그럼、선굴로 가자꾸나!
C00043	SSS0/002:405	대사:FD	14	はい	예
C00044	SSS0/002:458	대사:0F	12	なにしとるんじゃ?	뭐 하는 게냐?
C00045	SSS0/002:46C	대사:0D	12	洞仙を倒すために、ここに飛天石\nを作るのさ。	동선을 쓰러뜨리려고 여기에 비천석\n을 만드는 거야。
C00046	SSS0/002:48D	대사:0F	20	ひてん　せき、なんじゃいそれは?	비천　석、그게 뭐냐?
C00047	SSS0/002:4A2	대사:0D	12	これが完成すればわかりますよ。	이게 완성되면 알게 될 거예요。
C00048	SSS0/002:4B7	영문	16	????	
C00049	SSS0/002:4CD	안내:0A	20	飛天石完成の日	비천석 완성의 날
C00050	SSS0/002:509	대사:13	20	この飛天石で多くの兵を\n仙窟に送りこめるぞ。	이 비천석으로 많은 병사를\n선굴에 보낼 수 있다。
C00051	SSS0/002:52B	대사:14	20	今までは多勢に無勢だったが{0A}今度は俺達の勝ちだな!	지금까진 중과부적이었지만{0A}이번엔 우리가 이기겠군!
C00052	SSS0/002:552	대사:13	27	いくぜ!	가자!
C00053	SSS0/002:59F	대사:16	20	どうだい、じいさん	어때、영감
C00054	SSS0/002:5AE	대사:17	19	しゅ、{03:04}しゅごい!	대、{03:04}대단해!
C00055	SSS0/002:5D6	대사:1A	12	もうじき、洞天国だな。	이제 곧 동천국이군。
C00056	SSS0/002:5E8	대사:1B	29	ええ。	네。
C00057	SSS0/002:5EF	대사:1A	19	洞仙とやらは、どんな奴なのかな?	동선이란 놈은 어떤 놈일까?
C00058	SSS0/002:606	대사:1B	12	さあ、でもすごい技を\n使うらしいですよ。	글쎄요、하지만 대단한 기술을\n쓴다던데요。
C00059	SSS0/002:620	대사:1A	12	おまえのすごいは、あてに\nならないからな。	네가 말하는 대단하다는\n믿을 수가 없어서 말이야。
C00060	SSS0/002:63B	대사:1B	12	いいますね。	말씀 한번 하시네요。
C00061	SSS0/002:645	대사:1A	12	まあ、俺達に勝てる相手は{0A}この国にはいないだろうがな。	뭐、우리를 이길 상대는{0A}이 나라엔 없겠지만。
C00062	SSS0/002:66A	대사:1B	19	油断は禁物ですよ。	방심은 금물이에요。
C00063	SSS0/002:67B	대사:1A	13	行くぜ!!	가자!!
C00064	SSS0/003:38	검증필요	13	せ{p}ゾう{03:01}{05:05}う{03:01}ゼ	
C00065	SSS0/003:4D	검증필요	15	ジズう{03:01}{03:FE}う{03:02}{05:05}う{03:02}ゼ	
C00066	SSS0/004:106	대사:FD	6	おーい{00}	어이―{00}
C00067	SSS0/004:114	대사:0A	3	おいしい、肉まんだよ!{00}	맛있는 고기만두요!{00}
C00068	SSS0/004:124	대사:0B	3	いらっしゃい{00}	어서 오세요{00}
C00069	SSS0/004:12E	대사:FD	2	フルーツか?	과일이야?
C00070	SSS0/004:138	대사:11	3	おいしいですよ。{00}	맛있어요。{00}
C00071	SSS0/004:142	글	3	正面に、まわっておくれ。{00}	앞으로 돌아와 주렴。{00}
C00072	SSS0/004:152	글	3	どうやってここに来たのじゃ{p}さては、ウラ技の使い手か!!{00}	어떻게 여기 온 게냐{p}혹시 비기의 달인이냐!!{00}
C00073	SSS0/004:174	글	3	腕をかわれて、この店で\nはたらいているんだよ。	솜씨를 인정받아서 이 가게에서\n일하고 있어。
C00074	SSS0/004:192	글	3	こんな感じでネ。{p}酒を飲んで暴れる奴の\n相手だけどね。{00}	이런 식으로 말이야。{p}술 마시고 날뛰는 녀석들\n상대지만。{00}
C00075	SSS0/004:1B6	글	3	えーん!	으앙!
C00076	SSS0/004:1C3	글	3	うそなきだよーん!{00}	거짓 울음이지롱!{00}
C00077	SSS0/004:1CE	글	3	お寺の大僧正様はとても\nえらい方なんでちょ?{00}	절의 대승정님은 아주\n훌륭한 분이시지요?{00}
C00078	SSS0/004:1EC	글	3	洞仙が来てから草花の成長が\n異常に速くなったのです。{p}これは、異変の前ぶれでしょうか?{p}私は、考えたのですが　　{p}洞仙がいる限りたまごが戻っても\n世界は滅んでしまうのでは{0A}ないでしょうか?{00}	동선이 온 뒤로 풀과 꽃이\n이상하게 빨리 자라요。{p}이건 이변의 전조일까요?{p}제가 생각해 봤는데　　{p}동선이 있는 한 알이 돌아와도\n세상은 멸망해 버리지{0A}않을까요?{00}
C00079	SSS0/004:264	글	3	異国の男の人ってかっこいいのよ!{p}金ピカのヨロイもすてき。{00}	이국 남자는 멋있어!{p}금빛 갑옷도 근사해。{00}
C00080	SSS0/004:289	글	2	フルーツいらんかね?{00}	과일 안 살래요?{00}
C00081	SSS0/004:295	글	3	あら、私に何か御用?	어머、저한테 무슨 볼일이라도?
C00082	SSS0/004:2C2	글	8	シナリオ通常スタート\n一クイックスタート一	시나리오 일반 시작\n―퀵 스타트―
C00083	SSS0/004:2F1	글	1	シナリオ通常スタート\nシナリオデバッグ\nボス\nデバッグ	시나리오 일반 시작\n시나리오 디버그\n보스\n디버그
C00084	SSS0/004:322	글	1	エンディング1\nエンディング2\n仙獣のエンド\n怪しいマップ	엔딩1\n엔딩2\n선수 엔딩\n수상한 맵
C00085	SSS0/004:35F	글	1	戦闘しないボス登場\nマップテスト\nウインドウマスク 2\n戻る	전투 안 하는 보스 등장\n맵 테스트\n윈도 마스크 2\n돌아가기
C00086	SSS0/004:391	대사:FD	2	ボタンを押すとボス死ぬよ!	버튼을 누르면 보스 죽어!
C00087	SSS0/004:3AD	대사:FD	2	湖MAP	호수MAP
C00088	SSS0/004:3BB	대사:FD	21	テスト	테스트
C00089	SSS0/004:4D8	대사:FD	2	スタート	스타트
C00090	SSS0/004:517	대사:FD	2	別設定でもう一回!!	다른 설정으로 한 번 더!!
C00091	SSS0/004:58C	안내:06	2	ウィンドウマスクテスト	윈도 마스크 테스트
C00092	SSS0/004:5A8	글	1	ボス1\nボス2\nボス3\nNEXT	보스1\n보스2\n보스3\nNEXT
C00093	SSS0/004:5C6	글	1	RET\nボス4\nボス5	RET\n보스4\n보스5
C00094	SSS0/004:65F	안내:01	2	風水に乱れがある場所	풍수가 흐트러진 곳
C00095	SSS0/004:67E	대사:FD	2	はあ‥{03:01}‥{03:01}‥{03:01}	하아‥{03:01}‥{03:01}‥{03:01}
C00096	SSS0/004:690	대사:FD	2	老師の言ってた場所って	노사님이 말씀하신 곳이
C00097	SSS0/004:6AB	대사:FD	2	　　この辺りなんだよなぁ。	　　이 근처란 말이지。
C00098	SSS0/004:6CD	대사:FD	2	確かにこの場所は{0A}何かおかしい?	확실히 이곳은{0A}뭔가 이상한데?
C00099	SSS0/004:6E5	대사:FD	2	大地の異変を心の目で\n感じるんだ{03:01}‥{03:01}‥{03:01}‥{03:01}‥{03:01}	대지의 이변을 마음의 눈으로\n느끼는 거야{03:01}‥{03:01}‥{03:01}‥{03:01}‥{03:01}
C00100	SSS0/004:714	대사:FD	3	はっ!!	핫!!
C00101	SSS0/004:750	대사:FD	3	ムムッ!	으음!
C00102	SSS0/004:75B	대사:FD	2	なんか{03:01}‥{03:01}‥{03:01}‥{03:01}ものすごく\n異様な気配だ!	뭔가{03:01}‥{03:01}‥{03:01}‥{03:01}엄청나게\n이상한 기운이야!
C00103	SSS0/004:783	대사:FD	2	どうやら、街の人たちは\n感じないみたいだな。	아무래도 마을 사람들은\n못 느끼는 모양이군。
C00104	SSS0/004:7A6	대사:FD	2	とにかく、いそがないと大変な事に\nなるぞ!!	아무튼 서두르지 않으면 큰일\n나겠어!!
C00105	SSS0/004:7CF	대사:FD	3	行くぞ!削岩功	간다!삭암공
C00106	SSS0/004:8DE	대사:02	3	きゃーっ	꺄악
C00107	SSS0/004:8FF	대사:07	3	にげろー	도망쳐―
C00108	SSS0/004:91F	대사:05	3	あわわ!	으아아!
C00109	SSS0/004:96B	대사:FD	3	はやく、龍脈を蘇らせねば\n大変な事になるぞ!	빨리 용맥을 되살리지 않으면\n큰일 나겠어!
C00110	SSS0/004:997	대사:FD	14	飛天功	비천공
C00111	SSS0/004:9D7	대사:09	2	あからさまに、あやしい奴め!	대놓고 수상한 녀석!
C00112	SSS0/004:9F5	대사:09	2	さては{03:01}‥{03:01}‥{03:01}!	너 혹시{03:01}‥{03:01}‥{03:01}!
C00113	SSS0/004:A3D	글	1	NEXT\n老師龍穴炉イベント\n老師侵入イベント\n龍穴炉発見	NEXT\n노사 용혈로 이벤트\n노사 침입 이벤트\n용혈로 발견
C00114	SSS0/004:A77	글	1	NEXT\n天転侵入イベント\n天転龍穴炉イベント\nクリアイベント	NEXT\n천전 침입 이벤트\n천전 용혈로 이벤트\n클리어 이벤트
C00115	SSS0/004:AAF	글	1	NEXT\n解封呪使用\n龍の前\n風水レクチャー	NEXT\n해봉주 사용\n용 앞\n풍수 강의
C00116	SSS0/004:C18	대사:FD	1	終了	종료
C00117	SSS0/014:22	검증필요	11	\nら{p}{07}ト{p}{08}ぞ{p}{09}ぶ{p}{0A}ぱ{p}ゾお!9{00}	
C00118	SSS0/019:37	안내:01	13	武楼庵1階	무루암 1층
C00119	SSS0/021:4C	검증필요	12	せ{p}ゾRかあ{00}	
C00120	SSS0/021:5A	안내:01	13	武楼庵地下1階	무루암 지하 1층
C00121	SSS0/028:48	대사:06	13	報告します。	보고드립니다。
C00122	SSS0/028:54	대사:06	13	洞仙討伐隊が苦戦している\n模様です。	동선 토벌대가 고전하고 있는\n모양입니다。
C00123	SSS0/028:73	대사:04	13	最近現れた{05:00}なる\n名の洞仙らしいです。	최근 나타난 {05:00}란\n이름의 동선이라 합니다。
C00124	SSS0/028:91	대사:05	13	うむ!	음!
C00125	SSS0/028:98	대사:05	13	飛天石を設置し、いっきに仙窟を\n攻め落とすのだ!!	비천석을 설치해 단숨에 선굴을\n함락시켜라!!
C00126	SSS0/028:BE	대사:06	13	はっ	넷
C00127	SSS0/040:18C	검증필요	1	お{07}Qうら{p}{00}	
C00128	SSS0/040:1AD	검증필요	1	お{07}Qきチ{p}{00}	
C00129	SSS0/040:283	대사:FD	2	これは、俺の石像?	이건、내 석상?
C00130	SSS0/040:293	대사:FD	2	どうしてこんな物が　　　　{00}	어째서 이런 게　　　　{00}
C00131	SSS0/040:2A9	대사:FD	2	ただの、石像の様だな。{00}	그냥 석상인 것 같군。{00}
C00132	SSS0/040:2BD	대사:FD	2	洞仙の仕事、必ずやり遂げて\nみせるよ。	동선의 일、꼭 해내고\n말겠어。
C00133	SSS0/040:453	안내:01	2	さすがは、我が弟子じゃ{09}上の部屋に進むがよい。	과연 내 제자로구나{09}윗방으로 나아가거라。
C00134	SSS0/040:49D	안내:01	2	次の部屋に進むがよい。	다음 방으로 나아가거라。
C00135	SSS0/040:4C9	대사:FD	2	異国の戦士の、しかばねか。	이국 전사의 시체인가。
C00136	SSS0/040:4E2	안내:01	2	奴に勝たなければ、おまえも\nしかばねじゃぞ!	녀석을 이기지 못하면 너도\n시체가 될 게다!
C00137	SSS0/040:50C	대사:08	2	コロスゥ!コロスゥ!	죽인다!죽인다!
C00138	SSS0/040:51C	대사:FD	2	へっ、冥界に送り返してやる!	흥、명계로 돌려보내 주마!
C00139	SSS0/040:541	안내:01	1	「中攻撃」を忘れるでないぞ{08}Aボタンを押しながらBボタンを\n押すのじゃ。	「중공격」을 잊지 말거라{08}A버튼을 누른 채 B버튼을\n누르는 게다。
C00140	SSS0/040:57F	안내:01	2	「中攻撃」は威力も高くリーチも長い\n強力な攻撃じゃ。	「중공격」은 위력도 높고 사정거리도 긴\n강력한 공격이니라。
C00141	SSS0/040:5AC	안내:01	2	その上、攻撃が出る直前まで\n無敵状態になっておる。	게다가 공격이 나가기 직전까지\n무적 상태가 되지。
C00142	SSS0/040:5D5	안내:01	2	これを上手く使えば、トラップを\nすり抜けたり、敵の飛び道具を\nかわしたり出来るぞ!	이걸 잘 쓰면 트랩을\n빠져나가거나 적의 원거리 공격을\n피할 수 있느니라!
C00143	SSS0/040:60F	안내:01	2	さらに最強の技「大攻撃」。	그리고 최강의 기술 「대공격」。
C00144	SSS0/040:62A	안내:01	2	「大攻撃」は使い所が難しい技じゃ!	「대공격」은 쓰기 어려운 기술이니라!
C00145	SSS0/040:652	안내:01	2	大攻撃の出し方には、2種類\nあるんじゃ。	대공격을 쓰는 방법은 2가지\n있느니라。
C00146	SSS0/040:673	안내:01	2	普通の出し方は、ダッシュ中にAボタンを\n押しながらBボタンを押す。	보통 방법은 대시 중에 A버튼을\n누른 채 B버튼을 누르는 것。
C00147	SSS0/040:6A4	안내:01	2	カンタンなやり方は、Zボタンを押す{09}これで大攻撃を繰り出せるハズじゃ!	간단한 방법은 Z버튼을 누르는 게다{09}이걸로 대공격이 나갈 게야!
C00148	SSS0/040:6DD	안내:01	2	「大攻撃」は、リーチも長く{0A}当たれば、相手を吹き飛ばす。	「대공격」은 사정거리도 길고{0A}맞으면 상대를 날려 버리지。
C00149	SSS0/040:70A	안내:01	2	しかし、強力な技ほどスキも大きい{0A}考えて使わねばならんぞ。	하지만 강한 기술일수록 빈틈도 큰 법{0A}생각해서 써야 하느니라。
C00150	SSS0/040:755	대사:FD	2	奴は、俺の最大の技で\nしとめてやる!	저 녀석은 내 최대의 기술로\n해치워 주마!
C00151	SSS0/040:789	안내:01	2	全ての攻撃は、自分の装備している\n武器によって決定されるのじゃ。	모든 공격은 자신이 장비한\n무기로 결정되느니라。
C00152	SSS0/040:7BC	안내:01	2	それは、おいおい解る事じゃ!	그건 차차 알게 될 게다!
C00153	SSS0/040:7D4	안내:01	2	これより先は、ワシは手助け出来んぞ!	여기서부터는 내가 도와줄 수 없느니라!
C00154	SSS0/040:7EF	안내:01	2	さあ、進むがよい。	자、나아가거라。
C00155	SSS0/040:817	대사:FD	2	これが皆伝の巻き物だな!!	이게 비전 두루마리로군!!
C00156	SSS0/040:935	대사:0B	2	ふぅ、	휴우、
C00157	SSS0/040:97D	대사:0A	2	よいしょ	영차
C00158	SSS0/040:985	대사:0A	2	ああ、しんどかった。	아아、힘들었다。
C00159	SSS0/040:99C	대사:FD	2	なんだお前達!	뭐야 너희들!
C00160	SSS0/040:A00	대사:FD	2	さては、新種の邪精か!	혹시、신종 사정이냐!
C00161	SSS0/040:A1F	대사:0A	2	ひどいや!	너무해!
C00162	SSS0/040:A28	대사:0A	2	ホントにそう見えるんですか?	정말 그렇게 보여요?
C00163	SSS0/040:A3D	대사:0B	2	皆伝の巻き物を取りに\nいらしたんですね。	비전 두루마리를 가지러\n오셨군요。
C00164	SSS0/040:A61	대사:FD	2	もう俺の物だからな!	이젠 내 거야!
C00165	SSS0/040:A71	대사:FD	2	返さないよ!	안 돌려줄 거야!
C00166	SSS0/040:A83	대사:0B	2	私達は、洞仙によりこの世界に\n召喚された者。	저희는 동선에 의해 이 세계에\n소환된 자。
C00167	SSS0/040:AA6	대사:0B	2	仙獣と呼ばれています。	선수라고 불립니다。
C00168	SSS0/040:AB8	대사:0B	2	皆伝の巻き物を手にした、あなたに\n洞仙の役目を伝えるのが、	비전 두루마리를 손에 넣은 당신에게\n동선의 역할을 전하는 것이、
C00169	SSS0/040:AEA	대사:0A	2	ぼく達の役目なんですよ。	저희의 역할이에요。
C00170	SSS0/040:B07	대사:FD	2	洞仙に呼び出された{07}敵じゃないのか。	동선이 불러낸{07}적이 아니었구나。
C00171	SSS0/040:B3D	대사:FD	2	俺の名は{05:00}{09}君達は?	내 이름은 {05:00}{09}너희는?
C00172	SSS0/040:B66	대사:0B	2	私は嵩山方士（すうざんほうし）	저는 숭산방사
C00173	SSS0/040:B7E	대사:09	2	ガウ	가우
C00174	SSS0/040:B84	대사:0A	2	彼は、幼龍仙（ようりゅうせん）	이쪽은 유룡선
C00175	SSS0/040:B9B	대사:0A	2	ボクは、窟子仙（くっしせん）	저는 굴자선
C00176	SSS0/040:BB1	대사:0A	2	皆さんは、ボク等を種族の名前で\n呼ぶので決まった名前はないんです。	다들 저희를 종족 이름으로\n부르니까 정해진 이름이 없어요。
C00177	SSS0/040:BE9	대사:FD	2	名前が無いなんて、かわいそうな\n奴等だな。	이름이 없다니、불쌍한\n녀석들이네。
C00178	SSS0/040:C07	대사:FD	3	よーし	좋아―
C00179	SSS0/040:C14	글	2	俺が、良い名を考えてやるよ{08}そいつは不便だな。	내가 좋은 이름을 지어 줄게{08}그거 불편하겠다。
C00180	SSS0/040:C3C	대사:FD	2	俺が、良い名を考えてやるよ!	내가 좋은 이름을 지어 줄게!
C00181	SSS0/040:C63	대사:FD	2	う～{03:02}～{03:02}～{03:02}～{03:02}～{03:02}ん	으～{03:02}～{03:02}～{03:02}～{03:02}～{03:02}음
C00182	SSS0/040:C8D	대사:FD	2	君は、ポンタ!	넌 폰타!
C00183	SSS0/040:C9A	대사:0A	2	ポンタ　　{03:01}　{03:02}　	폰타　　{03:01}　{03:02}　
C00184	SSS0/040:CB5	대사:FD	1	君は、テケ	넌 테케
C00185	SSS0/040:CD6	대사:FD	1	そして君は、ガビ	그리고 넌 가비
C00186	SSS0/040:CE4	대사:0B	1	ガビ!?	가비!?
C00187	SSS0/040:D34	대사:0A	2	へへっ	헤헷
C00188	SSS0/040:D44	대사:FD	2	気に入らないか?	마음에 안 들어?
C00189	SSS0/040:D66	대사:0B	2	おもしろい人ですね。	재미있는 분이네요。
C00190	SSS0/040:D75	대사:FD	2	気に入ってくれたんだな。	마음에 들었구나。
C00191	SSS0/040:D8D	대사:FD	2	そいつは不便だな。	그거 불편하겠다。
C00192	SSS0/040:D9C	대사:FD	2	ところで、この皆伝の巻き物には\nどんな術が書かれているの?	그런데 이 비전 두루마리엔\n어떤 술법이 적혀 있어?
C00193	SSS0/040:DC3	대사:FD	2	火炎の術とか派手なのある?	화염술 같은 화려한 거 있어?
C00194	SSS0/040:DD9	대사:0B	1	　　派手なのはありません。	　　화려한 건 없어요。
C00195	SSS0/040:DF5	대사:FD	2	さて、帰るか!	자、돌아갈까!
C00196	SSS0/040:E0A	대사:0B	2	ちょっと、話は最後まで\n聞いて下さい。	잠깐만요、얘기는 끝까지\n들어 주세요。
C00197	SSS0/040:E26	대사:0B	2	巻き物を取ったあなたには{0A}洞仙の力がやどりました。	두루마리를 손에 넣은 당신에겐{0A}동선의 힘이 깃들었어요。
C00198	SSS0/040:E50	대사:FD	2	俺の中に?	내 안에?
C00199	SSS0/040:E5B	대사:0B	9	そうです。	그래요。
C00200	SSS0/040:E64	대사:FD	2	洞仙の力か。	동선의 힘이라。
C00201	SSS0/040:E82	대사:0B	2	あなたは、その力を使い\n大地を守るのです。	당신은 그 힘을 써서\n대지를 지키는 거예요。
C00202	SSS0/040:EA0	대사:FD	2	大地を守る!?	대지를 지킨다!?
C00203	SSS0/040:EAE	대사:0B	2	精神を集中して、巻き物を\nかかげてください。	정신을 집중하고 두루마리를\n높이 드세요。
C00204	SSS0/040:FBE	대사:FD	2	ここは　　　	여긴　　　
C00205	SSS0/040:FCD	안내:09	2	大地には、「龍脈（りゅうみゃく）」と\n \n呼ばれるエネルギーの流れがあります。	대지에는 「용맥」이라\n \n불리는 에너지의 흐름이 있습니다。
C00206	SSS0/040:100F	안내:08	2	龍脈に陽気（大地のエネルギー）が\n \n     十分にある時\n \n 大地は、生命力にみちています。	용맥에 양기(대지의 에너지)가\n \n     충분할 때\n \n 대지는 생명력으로 가득합니다。
C00207	SSS0/040:1054	안내:0B	4	しかし	그러나
C00208	SSS0/040:105D	안내:0B	2	龍脈に異常が起こると　　　	용맥에 이상이 생기면　　　
C00209	SSS0/040:107F	대사:FD	2	どうなるんだ。	어떻게 되는데。
C00210	SSS0/040:109F	안내:0B	2	大地はじょじょに生きる力を失います。	대지는 서서히 살아갈 힘을 잃습니다。
C00211	SSS0/040:10FD	안내:0B	2	そして最後には砂漠の様にひからび	그리고 끝내 사막처럼 메말라
C00212	SSS0/040:1141	안내:0B	2	死をむかえます。	죽음을 맞이합니다。
C00213	SSS0/040:119B	대사:0B	2	しかし、洞仙の力を身につけた\nあなたなら　　	하지만 동선의 힘을 지닌\n당신이라면　　
C00214	SSS0/040:11BB	대사:0B	2	大地の死を食い止める事が\n出来るのです!!	대지의 죽음을 막을 수\n있어요!!
C00215	SSS0/040:11E1	대사:FD	5	どうやって?	어떻게?
C00216	SSS0/040:11EB	대사:0B	2	仙窟を作るのです。	선굴을 만드는 거예요。
C00217	SSS0/040:1211	대사:0B	2	龍脈が衰えた大地は、ほうっておくと\n死んでしまいます。	용맥이 쇠한 대지는 내버려 두면\n죽어 버려요。
C00218	SSS0/040:1236	대사:0B	2	仙窟を作り、龍脈に陽気を\nをそそぎこむのです。	선굴을 만들어 용맥에 양기를\n불어넣는 거예요。
C00219	SSS0/040:1258	대사:FD	2	しかし龍脈が衰えるのは、原因が\nあるからだろ?	하지만 용맥이 쇠하는 건 원인이\n있어서잖아?
C00220	SSS0/040:1278	대사:0B	2	もちろん原因は、解決しなければ\nなりません。	물론 원인은 해결해야\n해요。
C00221	SSS0/040:1296	대사:0B	2	邪精が龍脈にとりつき陽気を\n吸っている程度の事もあれば　　	사정이 용맥에 들러붙어 양기를\n빨아먹는 정도일 때도 있지만　　
C00222	SSS0/040:12C3	대사:0B	2	もっと強力な敵の場合も\nあるでしょう。	더 강력한 적일 때도\n있겠지요。
C00223	SSS0/040:12DF	대사:0A	2	でも、	하지만、
C00224	SSS0/040:12E6	대사:0B	2	どんな敵と戦う時も大地は\nあなたの味方です。	어떤 적과 싸울 때든 대지는\n당신 편이에요。
C00225	SSS0/040:1307	대사:0A	2	それに、ボク達仙獣もあなたに\n力を貸します。	게다가 저희 선수도 당신에게\n힘을 빌려 드릴게요。
C00226	SSS0/040:1329	대사:FD	2	わかったぜ!!	알았어!!
C00227	SSS0/040:136F	안내:0C	2	仙獣達が仲間になった!	선수들이 동료가 되었다!
C00228	SSS0/040:13B7	대사:FC	2	僕達も洞仙様と一緒に\n敵と戦います。	저희도 동선님과 함께\n적과 싸울게요。
C00229	SSS0/040:13D6	대사:FC	2	それと	그리고
C00230	SSS0/040:13DD	대사:FC	2	洞仙様は、Xボタンでウィンドウを\n呼び出せば仙術を使う事が出来ます。	동선님은 X버튼으로 창을\n불러내면 선술을 쓸 수 있어요。
C00231	SSS0/040:1436	대사:FC	2	おお、邪精を一撃で!!	오오、사정을 일격에!!
C00232	SSS0/040:1449	대사:FC	2	さすがです、洞仙様!	역시 동선님이세요!
C00233	SSS0/040:1465	대사:FC	2	先ほどの仙術ですが　　	아까 그 선술 말인데요　　
C00234	SSS0/040:1479	대사:FC	2	戦闘中は、Yボタンを押して離すと\n選択した仙術を発射する事が出来ます。	전투 중엔 Y버튼을 눌렀다 떼면\n선택한 선술을 발사할 수 있어요。
C00235	SSS0/040:14AF	대사:FC	1	Yボタンを押しながらRで順回り\nLで逆回りで選択が出来ます。	Y버튼을 누른 채 R로 정방향\nL로 역방향 선택이 돼요。
C00236	SSS0/040:14DB	대사:FC	2	あと、	그리고、
C00237	SSS0/040:14E2	대사:FC	2	カベに、仕掛けられたスイッチは\nCボタンで、作動させる事が出来ます。{00}	벽에 설치된 스위치는\nC버튼으로 작동시킬 수 있어요。{00}
C00238	SSS0/040:1536	대사:FC	2	障害物の中にはBボタン攻撃で\n破壊出来る物があるんです。	장애물 중에는 B버튼 공격으로\n부술 수 있는 것도 있어요。
C00239	SSS0/040:1562	대사:FC	2	床に仕掛けられた、スイッチは\n上に乗ると反応します。{00}	바닥에 설치된 스위치는\n위에 올라서면 반응해요。{00}
C00240	SSS0/040:15AD	대사:FC	2	ワープは上に乗ると作動しますが{0A}どこに移動するかは解らないんです。{00}	워프는 위에 올라서면 작동하지만{0A}어디로 이동할지는 몰라요。{00}
C00241	SSS0/040:1677	대사:FC	2	邪精の気配はまだ消えては\nいませんね。	사정의 기운이 아직 사라지지\n않았네요。
C00242	SSS0/040:171F	대사:FC	2	{05:00}様、あなたは洞仙に\nふさわしい力の持ち主の様ですね。	{05:00}님、당신은 동선에\n걸맞은 힘을 지닌 분 같네요。
C00243	SSS0/040:1746	대사:FD	2	ありがと!	고마워!
C00244	SSS0/040:176F	검증필요	2	き喚ズ{0A}、ズづズ{00}	
C00245	SSS0/040:17B1	대사:FD	2	どうしたんだい{07}出口は、向うだよ!	왜 그래{07}출구는 저쪽이야!
C00246	SSS0/040:17C9	대사:11	2	ここでお別れです。	여기서 작별이에요。
C00247	SSS0/040:17E9	대사:11	2	あなたなら、きっと立派な\n洞仙になれるでしょう。	당신이라면 분명 훌륭한\n동선이 될 수 있을 거예요。
C00248	SSS0/040:1809	대사:FD	2	俺と一緒に仙窟を作ってくれ\nるんじゃないのか?	나랑 같이 선굴을 만들어 주는\n거 아니었어?
C00249	SSS0/040:184C	대사:10	2	ぼく達は、この洞窟を守らねば\nならないのです。	저희는 이 동굴을 지켜야\n해요。
C00250	SSS0/040:186B	대사:10	2	あなたが、仙窟を作った時{09}ぼく達の仲間が、あなたに力を\n貸してくれるでしょう。	당신이 선굴을 만들 때{09}저희 동료들이 당신에게 힘을\n빌려줄 거예요。
C00251	SSS0/040:18B6	대사:10	2	大地を救う仕事は、人々に理解\nされないかも、しれません。	대지를 구하는 일은 사람들에게\n이해받지 못할지도 몰라요。
C00252	SSS0/040:18E6	대사:11	2	でも決して、あきらめないでください!	하지만 절대 포기하지 마세요!
C00253	SSS0/040:1904	대사:10	4	さようなら	안녕히
C00254	SSS0/040:1933	대사:FD	2	みんな、ありがとな!	다들、고마워!
C00255	SSS0/040:1945	대사:11	2	私達に名前をくれた、お礼に\nヒントを教えましょう。	저희에게 이름을 지어 준 답례로\n힌트를 알려 드릴게요。
C00256	SSS0/040:1968	대사:11	2	会話の中に出て来る行動選択は\n非常に重要なのです。	대화 중에 나오는 행동 선택은\n매우 중요해요。
C00257	SSS0/040:1992	대사:11	2	行動選択は、よく考えてから\n選んだ方がいいでしょう。	행동 선택은 잘 생각하고\n고르는 게 좋아요。
C00258	SSS0/040:19B7	대사:11	2	では、さようなら	그럼、안녕히
C00259	SSS0/040:1A3B	대사:FD	2	おかしいな、戻れないぞ!!{00}	이상하네、돌아갈 수가 없어!!{00}
C00260	SSS0/040:1A92	대사:FD	3	いくぜ!!{00}	간다!!{00}
C00261	SSS0/050:14	검증필요	15	毒ゾお{08}9{00}	
C00262	SSS0/053:83	글	2	ここを上に行くと洞窟じゃ{09}{05:00}よ、がんばるんじゃ!{00}	여기서 위로 가면 동굴이니라{09}{05:00}야、힘내거라!{00}
C00263	SSS0/053:B9	영문	6	{05:00}?	
C00264	SSS0/053:C7	대사:00	2	気をつけるんじゃぞ!	조심하거라!
C00265	SSS0/053:D6	대사:FD	2	ハハハ、心配性だなぁ。	하하하、걱정도 팔자셔。
C00266	SSS0/053:F1	대사:00	2	おぬしが、そんなん\nだからじゃ!	네가 그 모양이니까\n그렇지!
C00267	SSS0/053:119	대사:FD	1	老師、取って来ました。	노사님、가져왔어요。
C00268	SSS0/053:131	글	1	おお、生きとったか?	오오、살아 있었느냐?
C00269	SSS0/053:147	대사:FD	1	生きとったかは、ないでしょ。	살아 있었느냐는 좀 너무하시잖아요。
C00270	SSS0/053:162	글	1	すまん、すまん	미안하다、미안해
C00271	SSS0/053:170	글	2	洞仙の役目、しかと理解したか?	동선의 역할、확실히 깨달았느냐?
C00272	SSS0/053:18C	대사:FD	1	仙獣と共に命を懸け、大地を守る\n事を学びました。{p}うむ、合格じゃ!	선수와 함께 목숨을 걸고 대지를 지키는\n법을 배웠습니다。{p}음、합격이니라!
C00273	SSS0/053:1BE	글	1	短い間に、ずいぶんと成長した\n様じゃの。	짧은 사이에 꽤 성장한\n모양이구나。
C00274	SSS0/053:1DD	대사:FD	2	てへへ{p}行くぞ!	헤헤헤{p}간다!
C00275	SSS0/055:72	안내:01	4	仙獣の洞窟	선수의 동굴
C00276	SSS0/055:89	대사:FD	2	なんだか、しずかな所ですね。	왠지 조용한 곳이네요。
C00277	SSS0/055:A3	대사:00	2	ここは、洞仙の奥義を伝える場所じゃ。	여기는 동선의 비기를 전하는 곳이니라。
C00278	SSS0/055:C7	대사:00	2	ここで、いままでの修行の\n成果を試すのじゃ。	여기서 지금까지의 수행\n성과를 시험하는 게다。
C00279	SSS0/055:E6	대사:FD	2	俺は、何をすればよいのですか?	저는 뭘 하면 되나요?
C00280	SSS0/055:FD	대사:00	2	あせるでない。	서두르지 말거라。
C00281	SSS0/055:10F	대사:00	2	最後の試練と言ってもそんなに\n難しい事ではないぞ。	마지막 시련이라 해도 그리\n어려운 일은 아니니라。
C00282	SSS0/055:142	대사:00	2	ここを上に進むと洞窟がある。	여기서 위로 가면 동굴이 있다。
C00283	SSS0/055:167	대사:00	2	その洞窟の奥にある「皆伝の巻き物」\nを見つけ出し取って来るのじゃ!	그 동굴 안쪽에 있는 「비전 두루마리」\n를 찾아서 가져오는 게다!
C00284	SSS0/055:1A0	대사:FD	2	カンタンそうですね。	간단해 보이네요。
C00285	SSS0/055:1AE	대사:00	2	果たして、そうかな?	과연 그럴까?
C00286	SSS0/055:1CB	대사:FD	2	そういえば、洞窟の方から　　\n妙な、気配がします。	그러고 보니 동굴 쪽에서　　\n묘한 기운이 느껴져요。
C00287	SSS0/055:207	대사:00	2	ふむ、よく分かったの。	흠、잘 알아챘구나。
C00288	SSS0/055:21E	대사:00	2	ここは邪精の巣窟じゃ。	여기는 사정의 소굴이니라。
C00289	SSS0/055:238	대사:FD	4	邪精!?	사정!?
C00290	SSS0/055:24E	대사:FD	6	老師	노사님
C00291	SSS0/055:275	대사:00	2	な　な　何じゃ?	뭐　뭐　뭐냐?
C00292	SSS0/055:2EF	대사:FD	2	邪精ごときに、俺が負けると\nお考えですか?	사정 따위에게 제가 질 거라고\n생각하세요?
C00293	SSS0/055:30D	대사:00	4	‥‥‥‥	‥‥‥‥
C00294	SSS0/055:31F	대사:00	2	こりゃ!大ロをたたくのは巻き物を\n取って来てからじゃ!	이 녀석!큰소리는 두루마리를\n가져온 다음에 치거라!
C00295	SSS0/055:447	대사:00	2	とにかく、巻き物を取ってこんと\n奥義は教えんぞ!	아무튼 두루마리를 가져오지 않으면\n비기는 안 가르쳐 줄 게다!
C00296	SSS0/055:476	대사:00	2	さっさと行くのじゃ!	어서 가거라!
C00297	SSS0/055:493	대사:FD	2	わ{03:02}、わかりました。	아{03:02}、알겠습니다。
C00298	SSS0/062:11B	검증필요	12	や{03:02}が{03:03}ざ{03:04}だ{03:FF}{00}	
C00299	SSS0/062:130	검증필요	12	{03:6C}{p}{04:76}{p}{05:7E}{p}\nの{p}{07}も{p}{08}り{p}{09}を{p}{0A}ぇ{p}ゾあ{03:F2}ミ	
C00300	SSS0/062:203	글	13	ここは魂の修行場	이곳은 혼의 수행장
C00301	SSS0/062:215	글	13	階段を上がれば仙窟に戻れ\nますが、戻ってこれないので\n注意して下さい。	계단을 오르면 선굴로 돌아갈 수\n있지만、다시 돌아올 수 없으니\n주의하세요。
C00302	SSS0/062:28F	글	13	蒼龍十掘洞{00}	창룡십굴동{00}
C00303	SSS0/062:29B	글	13	玄武神仙窟{00}	현무신선굴{00}
C00304	SSS0/062:2A7	글	13	華仙窟{00}	화선굴{00}
C00305	SSS0/062:2AF	글	13	三天洞{00}	삼천동{00}
C00306	SSS0/062:2B7	글	13	黒神窟{00}	흑신굴{00}
C00307	SSS0/062:2BF	글	13	盟友逆心窟{00}	맹우역심굴{00}
C00308	SSS0/062:2CB	글	13	天華彩彩窟{00}	천화채채굴{00}
C00309	SSS0/062:2D7	글	13	永遠洞{00}	영원동{00}
C00310	SSS0/062:393	대사:FD	13	ここならまだ引き返せるぞ	여기라면 아직 되돌아갈 수 있어
C00311	SSS0/062:3A9	글	13	引き返す\nもどらない	되돌아간다\n돌아가지 않는다
C00312	SSS0/062:798	검증필요	11	』めヶゾゃ{07}あマ{00}	
C00313	SSS0/062:839	검증필요	12	』めさゾJ{08}あマ{00}	
C00314	SSS0/062:8A3	검증필요	11	』めさゾケ{08}あマ{00}	
C00315	SSS0/062:1634	안내:0C	13	呪いをとき仲間にしますか?	저주를 풀고 동료로 삼겠습니까?
C00316	SSS0/062:1651	글	26	仲間にする\nやめとく{00}	동료로 삼는다\n그만둔다{00}
C00317	SSS0/062:16E8	대사:FD	12	さわらぬ神に、たたり無しだね!	건드리지 않으면 탈도 없지!
C00318	SSS0/062:1704	안내:0C	13	本当に仲間にしますか?	정말 동료로 삼겠습니까?
C00319	SSS0/073:39	글	1	キャラ選択\nアクション	캐릭터 선택\n액션
C00320	SSS0/073:51	글	1	仙獣\nシナリオキャラ\n雑魚	선수\n시나리오 캐릭터\n잡몹
C00321	SSS0/073:6F	글	2	NEXT\nねずみ\nうし\nとら	NEXT\n쥐\n소\n호랑이
C00322	SSS0/073:8A	글	1	NEXT\nうさぎ\nりゅう\nうま	NEXT\n토끼\n용\n말
C00323	SSS0/073:A6	글	1	NEXT\nひつじ\nさる\nとり	NEXT\n양\n원숭이\n닭
C00324	SSS0/073:BF	글	1	NEXT\nおおかみ\nいのしし	NEXT\n늑대\n멧돼지
C00325	SSS0/073:DA	글	1	NEXT\nへび\n蒼幻\n大僧正	NEXT\n뱀\n소겐\n대승정
C00326	SSS0/073:FA	글	1	NEXT\nアレク\nシャスタ\nケブレス	NEXT\n아레크\n샤스타\n케브레스
C00327	SSS0/073:11A	글	2	NEXT\nリン\n老師\n明紅	NEXT\n린\n노사\n메이홍
C00328	SSS0/073:138	글	2	NEXT\n雷漢\n捜神\nイザナギ	NEXT\n라이칸\n소신\n이자나기
C00329	SSS0/073:158	글	2	NEXT\nヒロイン\nリュウ大\nリュウ小	NEXT\n히로인\n류 대\n류 소
C00330	SSS0/073:17A	글	2	NEXT\n兵士A\n兵士Bチビ\n兵士Cデブ	NEXT\n병사A\n병사B꼬마\n병사C뚱보
C00331	SSS0/073:1A4	글	2	NEXT\n戦士\n女戦士\n盗賊	NEXT\n전사\n여전사\n도적
C00332	SSS0/073:1C6	글	2	NEXT\nクレリック\n道士\n魔法使い	NEXT\n클레릭\n도사\n마법사
C00333	SSS0/073:1EA	글	2	NEXT\nニンジャ\n坊主\n侍	NEXT\n닌자\n중\n사무라이
C00334	SSS0/073:208	글	2	NEXT\n天転\n真アレク\n土功	NEXT\n천전\n진 아레크\n토공
C00335	SSS0/073:441	글	2	NEXT\n攻撃    米8\n小攻撃   米8\n特殊攻撃  米8	NEXT\n공격    X8\n소공격   X8\n특수공격  X8
C00336	SSS0/073:479	글	2	NEXT\n仙術    空中\n仙術    地上\n死亡   	NEXT\n선술    공중\n선술    지상\n사망   
C00337	SSS0/073:4AC	글	2	NEXT\nレベルUP\n戦闘\nEND	NEXT\n레벨UP\n전투\nEND
C00338	SSS0/075:74	대사:FD	2	おかしいな!!{00}	이상하네!!{00}
C00339	SSS0/075:80	대사:FD	2	変な場所に来ちゃったよ。	이상한 곳에 와 버렸어。
C00340	SSS0/075:CE	안내:0C	2	ようこそ、{05:00}!	어서 와、{05:00}!
C00341	SSS0/075:DE	대사:FD	3	誰だ!!	누구냐!!
C00342	SSS0/075:12B	안내:0C	2	ひさしぶりの友人に誰だはないだろ。	오랜만에 만난 친구한테 누구냐는 없잖아。
C00343	SSS0/075:149	글	2	姿を見せろ!{08}おまえなんか知らないぞ!	모습을 드러내라!{08}난 너 같은 거 몰라!
C00344	SSS0/075:164	대사:FD	3	姿を見せろ!!	모습을 드러내라!!
C00345	SSS0/075:1A1	안내:0C	2	相変わらず威勢だけはいいな!	여전히 기세만 좋군!
C00346	SSS0/075:1BA	대사:FD	2	おまえなんか知らないぞ!	난 너 같은 거 몰라!
C00347	SSS0/075:1FB	안내:0C	2	やっぱり、{05:00}だな。	역시 {05:00}답네。
C00348	SSS0/075:22B	안내:0C	2	待っていた、かいがあったよ。	기다린 보람이 있었어。
C00349	SSS0/075:298	안내:0C	2	はやく、ボクの所に来いよ。	어서 내가 있는 곳으로 와。
C00350	SSS0/075:2B9	대사:FD	2	仙窟の下にこんな場所が\nあるなんて?{00}	선굴 밑에 이런 곳이\n있다니?{00}
C00351	SSS0/075:306	안내:0C	2	そのまま進むんだ。	그대로 나아가。
C00352	SSS0/075:4E5	안내:0C	2	ちっ!!	칫!!
C00353	SSS0/075:543	안내:0C	2	かかった!	걸렸다!
C00354	SSS0/075:559	대사:FD	2	だいじょうぶか!!	괜찮아!!
C00355	SSS0/075:59C	대사:FD	2	たのむから、返事をしてくれ　　	제발、대답 좀 해 줘　　
C00356	SSS0/075:5F4	안내:0C	2	そいつが死ぬとかなしいか?	그 녀석이 죽으면 슬프냐?
C00357	SSS0/075:665	대사:FD	2	ここは、何処だ?	여긴 어디지?
C00358	SSS0/075:67A	대사:FD	2	龍の石像?	용 석상?
C00359	SSS0/075:686	대사:03	2	待ちかねたよ、{05:00}?	기다리다 지쳤어、{05:00}?
C00360	SSS0/075:800	대사:FD	2	石像が・・本物の龍に・・	석상이‥진짜 용으로‥
C00361	SSS0/075:819	대사:00	2	石化して、時を待ったのさ\n{05:00}に再会したい一心でね。	돌이 되어 때를 기다렸지\n{05:00}와 다시 만나고 싶은 일념으로。
C00362	SSS0/075:83F	대사:00	2	石となっても、1000年の\n時は永かったよ。	돌이 되어서도 1000년의\n시간은 길었어。
C00363	SSS0/075:85D	대사:FD	2	再会?お前は誰だ?	다시 만나?넌 누구냐?
C00364	SSS0/075:8BE	안내:06	1	   黒い龍は、消え去った{09} \n      しかし\n \n龍の残した言葉は、この後の運命を\n \n 予言しているかの様でもあった。	   검은 용은 사라졌다{09} \n      그러나\n \n용이 남긴 말은 이후의 운명을\n \n 예언하는 듯했다。
C00365	SSS0/075:959	글	26	ク{00}	
C00366	SSS0/075:A2E	대사:FD	4	まだ動けるのか!!!	아직 움직일 수 있는 거냐!!!
C00367	SSS0/075:A99	대사:FD	2	うううぅ	으으으윽
C00368	SSS0/075:AA1	대사:00	2	殺しはしないよ、{05:00}。	죽이진 않아、{05:00}。
C00369	SSS0/075:AB1	대사:00	2	平行世界に行く予定だったよね{09}今度こそ、送ってあげるよ。	평행세계에 갈 예정이었지{09}이번에야말로 보내 줄게。
C00370	SSS0/075:ADE	대사:00	3	バラバラにしてね{0A}クックックッ!	산산조각 내서 말이야{0A}크크크!
C00371	SSS0/075:B22	대사:02	3	そうは、いかん!	그렇게는 안 된다!
C00372	SSS0/075:B2E	대사:FD	2	ろうしぃ・・	노사님‥
C00373	SSS0/075:B41	대사:02	2	なさけない声を出しおってからに・・\n今助けてやるぞ!!	한심한 소리를 내기는‥\n지금 구해 주마!!
C00374	SSS0/075:B66	대사:00	3	老いぼれは、引っ込んでろ!!	늙은이는 빠져 있어!!
C00375	SSS0/075:BEC	대사:02	2	ぐえっ!!	크억!!
C00376	SSS0/075:BF7	대사:00	2	たわいも無い!	싱겁군!
C00377	SSS0/075:C03	대사:02	15	{05:00}　　	{05:00}　　
C00378	SSS0/075:C12	대사:00	3	フン、貴様は石にでもなれ!	흥、네놈은 돌이나 되어라!
C00379	SSS0/075:C45	대사:02	1	すまぬ　　{05:00}	미안하구나　　{05:00}
C00380	SSS0/075:C5E	대사:FD	2	ろ、ろうしーっ!	노、노사님―!
C00381	SSS0/075:C6F	대사:00	2	クックックッ!	크크크!
C00382	SSS0/075:C7A	대사:00	2	大丈夫だよ!	걱정 마!
C00383	SSS0/075:C87	대사:00	2	君にはもっと面白い刑を\n用意してあるからね。	너한텐 더 재미있는 형벌을\n준비해 뒀으니까。
C00384	SSS0/075:CA9	대사:00	2	遠い世界で自分の愚かさを\n後悔するがいい!!	먼 세계에서 자신의 어리석음을\n후회하거라!!
C00385	SSS0/075:CD9	대사:00	5	天の陽氣よ	하늘의 양기여
C00386	SSS0/075:CFB	대사:00	4	地の陰氣よ	땅의 음기여
C00387	SSS0/075:D20	대사:00	5	我に集まりて力となれ	내게 모여 힘이 되어라
C00388	SSS0/075:D65	대사:00	4	天封呪	천봉주
C00389	SSS0/075:ED1	검증필요	4	{04:53}馬 ほ{07}ズ{00}	
C00390	SSS0/075:EFE	대사:FD	2	なかなか強そうな呪文だな。	꽤 강해 보이는 주문인데。
C00391	SSS0/075:F21	대사:FC	2	時の封呪ですか?	시간의 봉주인가요?
C00392	SSS0/075:F30	대사:FC	2	聞いた事のない術ですね。	처음 듣는 술법이네요。
C00393	SSS0/075:F43	대사:FD	3	ああ、そうだな。	아아、그러게。
C00394	SSS0/075:F51	대사:FD	2	龍脈も蘇ったし帰ろうか。	용맥도 되살아났으니 돌아갈까。
C00395	SSS0/075:F6B	대사:FC	3	そうしましょう。	그래요。
C00396	SSS0/075:F77	대사:FD	2	これで老師も俺を一人前の洞仙と\n認めてくれるにちがいない	이걸로 노사님도 나를 어엿한 동선으로\n인정해 주실 게 틀림없어
C00397	SSS0/075:FA0	대사:FC	2	さっき老師が来た時、{05:00}様\nおもいっきり殴ったでしょ。	아까 노사님이 오셨을 때 {05:00}님\n힘껏 때렸잖아요。
C00398	SSS0/075:FC8	대사:FD	2	老師の事だから忘れてるよ!	노사님 일이니까 잊어버리셨을 거야!
C00399	SSS0/075:FF2	안내:04	2	地下世界に封じられていた「時の封呪」{03:09}\n \nこれを手に入れた事が綜ての因果の{03:09}\n \n始まりだったと、{03:09}\n \n{05:00}には知る由も無かった。{03:09}{03:09}{03:09}{03:09}	지하 세계에 봉인되어 있던 「시간의 봉주」{03:09}\n \n이걸 손에 넣은 것이 모든 인과의{03:09}\n \n시작이었음을、{03:09}\n \n{05:00}은 알 턱이 없었다。{03:09}{03:09}{03:09}{03:09}
C00400	SSS0/079:1F6	안내:06	1	封印された扉があります{09} \n 解封呪を使いますか?	봉인된 문이 있습니다{09} \n 해봉주를 쓰겠습니까?
C00401	SSS0/079:220	글	2	使う\n使わない	쓴다\n쓰지 않는다
C00402	SSS0/079:23A	대사:FD	1	ついに、この扉を開く時か!	드디어 이 문을 열 때인가!
C00403	SSS0/079:290	대사:FD	11	玉皇上帝の威光と	옥황상제의 위광과
C00404	SSS0/079:2CC	대사:FD	11	天地五行の理で	천지오행의 이치로
C00405	SSS0/079:315	대사:FD	11	絶対結界を解く	절대 결계를 푼다
C00406	SSS0/079:396	대사:FD	4	解封呪	해봉주
C00407	SSS0/079:56F	대사:FD	1	やったぜ!{08}解封呪成功	해냈다!{08}해봉주 성공
C00408	SSS0/079:583	대사:FD	1	この奥には、いったい何が\nあるのかな?{00}	이 안쪽엔 대체 뭐가\n있을까?{00}
C00409	SSS0/079:59E	안내:06	1	龍穴炉のエネルギーが足りないので\n \n  解封呪はまだ使えません。	용혈로의 에너지가 부족해서\n \n  해봉주는 아직 쓸 수 없습니다。
C00410	SSS0/079:5E3	글	3	階段を上がれば仙窟じゃ{09}部屋の機能を知る良い機会じゃ{00}	계단을 오르면 선굴이니라{09}방의 기능을 알 좋은 기회니라{00}
C00411	SSS0/079:633	대사:00	2	ここからが本番じゃ!	여기서부터가 진짜니라!
C00412	SSS0/079:646	대사:00	2	仙窟で最も重要なものは{0A}エネルギーと仙丹じゃ。	선굴에서 가장 중요한 것은{0A}에너지와 선단이니라。
C00413	SSS0/079:668	대사:FD	2	エネルギーって何なんですか?	에너지가 뭔데요?
C00414	SSS0/079:67B	대사:00	2	エネルギーとは仙窟を作ったり\n動かしたりするのに必要な物	에너지란 선굴을 만들거나\n움직이는 데 필요한 것
C00415	SSS0/079:6A2	대사:00	2	仙丹は部屋を強化（パワーアップ）\nするのに必要な物じゃ。	선단은 방을 강화(파워업)\n하는 데 필요한 것이니라。
C00416	SSS0/079:6D0	대사:00	2	自分がどの位それらを持っている\nかは下の表示を見るのじゃ!!	자신이 그걸 얼마나 갖고 있는지\n는 아래 표시를 보거라!!
C00417	SSS0/079:70A	대사:00	2	それでは、今の状態で仙窟は\n作れるか作れないか判るか?	그럼、지금 상태로 선굴을\n만들 수 있는지 없는지 알겠느냐?
C00418	SSS0/079:737	글	2	エネルギーは無いけど作れる\nエネルギーが無いので作れない	에너지는 없지만 만들 수 있다\n에너지가 없어서 만들 수 없다
C00419	SSS0/079:75F	대사:FD	2	エネルギーはないけど作れる	에너지는 없지만 만들 수 있어요
C00420	SSS0/079:774	대사:00	2	ハズレじゃ!!	틀렸느니라!!
C00421	SSS0/079:786	대사:FD	2	エネルギーがないので作れない	에너지가 없어서 만들 수 없어요
C00422	SSS0/079:79C	대사:00	2	さすがは{05:00}\nそのとおりじゃ	역시 {05:00}\n그 말대로니라
C00423	SSS0/079:7B4	대사:00	2	エネルギーが無くては仙窟作りは\n始まらんのじゃ。	에너지가 없으면 선굴 만들기는\n시작도 못 하느니라。
C00424	SSS0/079:7D5	대사:00	2	今回は、わしが授けよう。	이번엔 내가 내려 주마。
C00425	SSS0/079:806	대사:FD	2	これで、仙窟を作れる様に\nなったんですね。	이걸로 선굴을 만들 수 있게\n된 거네요。
C00426	SSS0/079:823	대사:00	2	まだじゃ。	아직이니라。
C00427	SSS0/079:82C	대사:00	2	仙窟を作るには、風水盤を呼び出し\n使いこなさなければならん。	선굴을 만들려면 풍수반을 불러내\n능숙하게 다뤄야 하느니라。
C00428	SSS0/079:85A	대사:FD	2	風水盤?	풍수반?
C00429	SSS0/079:868	대사:00	2	仙窟を掘るためのウインドゥじゃ。	선굴을 파기 위한 창이니라。
C00430	SSS0/079:894	대사:00	2	風水盤を呼び出すには「引っ張る」\n動作を覚えねばならん。	풍수반을 불러내려면 「당기기」\n동작을 익혀야 하느니라。
C00431	SSS0/079:8C0	대사:00	2	教えるからここに来るのじゃ。	가르쳐 줄 테니 이리 오거라。
C00432	SSS0/079:90A	대사:FC	2	入るのはこっちの部屋じゃなくて\nとなりの部屋じゃ{00}	들어갈 곳은 이 방이 아니라\n옆방이니라{00}
C00433	SSS0/079:93D	대사:FC	2	こりゃ!!つなぐのはとなりの\n部屋じゃぞ!	이 녀석!!잇는 건 옆\n방이니라!
C00434	SSS0/079:958	대사:FC	2	やり直しじゃ!!	다시 하거라!!
C00435	SSS0/079:97C	대사:00	1	壁に手をふれ、Cボタンを\n押すのじゃ。{00}	벽에 손을 대고 C버튼을\n누르거라。{00}
C00436	SSS0/079:99C	대사:00	2	こりゃ、話を最後まで聞かんか!	이 녀석、말을 끝까지 듣거라!
C00437	SSS0/079:9B9	대사:00	2	まったく。	원、참。
C00438	SSS0/079:9E5	대사:00	2	その姿勢を忘れるでないぞ!	그 자세를 잊지 말거라!
C00439	SSS0/079:9F9	대사:00	1	その姿勢の時、Cボタンは\n押したままキーを向いている方向の\n反対に入力するのじゃ。	그 자세일 때 C버튼은\n누른 채로 키를 향한 방향의\n반대로 입력하는 게다。
C00440	SSS0/079:A32	대사:00	2	この場合、下方向じゃな。	이 경우엔 아래 방향이구나。
C00441	SSS0/079:A47	대사:00	2	これは「引っ張る」という\n仙術の基本動作じゃ	이것이 「당기기」라는\n선술의 기본 동작이니라
C00442	SSS0/079:A6D	대사:00	2	風水盤はもとより仙窟の\n綜ての機能は「引っ張る」で\n呼びだすんじゃ!	풍수반은 물론이고 선굴의\n모든 기능은 「당기기」로\n불러내느니라!
C00443	SSS0/079:ABB	대사:00	2	まずは練習じゃ{09}ここの階段を上がれば仙窟じゃ。	우선 연습이다{09}이 계단을 오르면 선굴이니라。
C00444	SSS0/079:AE7	대사:00	2	手始めに右にある部屋に通路を\nつなげてみよ。	먼저 오른쪽 방에 통로를\n이어 보거라。
C00445	SSS0/079:B08	대사:00	2	わしもついていくぞ!	나도 따라가마!
C00446	SSS0/079:B24	글	1	壁に手をふれCボタンを押すのじゃ。{00}	벽에 손을 대고 C버튼을 누르거라。{00}
C00447	SSS0/079:B58	대사:FC	2	風水盤に映っていた黄色や緑の\nつぶつぶを見たか?	풍수반에 비친 노란색과 초록색\n알갱이를 보았느냐?
C00448	SSS0/079:B85	글	2	見ました{08}見てません!	봤어요{08}못 봤어요!
C00449	SSS0/079:B9A	대사:FD	2	見ました!あれは?	봤어요!그건 뭐죠?
C00450	SSS0/079:BAC	대사:FD	2	見てません!	못 봤어요!
C00451	SSS0/079:BBD	대사:FC	2	大切な物じゃから次は\nしっかり見るのじゃ!	중요한 것이니 다음엔\n잘 보거라!
C00452	SSS0/079:BDE	대사:FC	2	風水盤に映っていた物は\n大地に眠る因素じゃ。	풍수반에 비친 것은\n대지에 잠든 인소니라。
C00453	SSS0/079:C05	대사:FD	2	因素ですか?	인소요?
C00454	SSS0/079:C11	대사:FC	2	黄はエネルギー、緑は仙丹、そして\n赤はアイテムの因素じゃ。	노랑은 에너지、초록은 선단、그리고\n빨강은 아이템의 인소니라。
C00455	SSS0/079:C3F	대사:FC	2	部屋の下にエネルギーの因素があると\nその部屋はエネルギーを生産する\nようになるのじゃ!	방 밑에 에너지 인소가 있으면\n그 방은 에너지를 생산하게\n되느니라!
C00456	SSS0/079:C7A	대사:FC	2	エネルギーを多く生産する部屋は\n当然エネルギー不足などとは無縁じゃ	에너지를 많이 생산하는 방은\n당연히 에너지 부족과는 무관하지
C00457	SSS0/079:CAD	대사:FD	2	それでは、仙丹の因素がある部屋は\n仙丹を生産するのですか?	그럼 선단 인소가 있는 방은\n선단을 생산하나요?
C00458	SSS0/079:CDB	대사:FC	2	そのとおりじゃ!	그 말대로니라!
C00459	SSS0/079:CEA	대사:FC	2	仙丹を多く生産する部屋は\nバリバリ強化が出来るのじゃ	선단을 많이 생산하는 방은\n팍팍 강화할 수 있느니라
C00460	SSS0/079:D18	대사:FD	2	部屋に多くの因素を入れれば\n得なんですね。	방에 인소를 많이 넣으면\n이득이네요。
C00461	SSS0/079:D38	대사:FD	2	アイテムの因素がある部屋は\nアイテムを生産するんですか?	아이템 인소가 있는 방은\n아이템을 생산하나요?
C00462	SSS0/079:D61	대사:FC	2	仙窟にはアイテムを掘り出す部屋が\nあるのじゃ	선굴엔 아이템을 캐내는 방이\n있느니라
C00463	SSS0/079:D81	대사:FD	2	アイテムをですか!!	아이템을요!!
C00464	SSS0/079:D92	대사:FC	2	うむ、じゃがアイテムを掘り出す\nには時間がかかるのじゃ。	음、하지만 아이템을 캐내는\n데는 시간이 걸리느니라。
C00465	SSS0/079:DB6	대사:FC	1	アイテムの因素があれば掘り出す\n時間が短くなるんじゃ。	아이템 인소가 있으면 캐내는\n시간이 짧아지지。
C00466	SSS0/079:DDF	대사:FD	11	わかりました。	알겠습니다。
C00467	SSS0/079:DEA	대사:FC	2	まとめじゃ	정리하마
C00468	SSS0/079:DFC	안내:05	2	  因素の種類\n \n黄 エネルギーの因素\n \n緑 仙丹の因素\n \n赤 アイテムの因素	  인소의 종류\n \n노랑 에너지 인소\n \n초록 선단 인소\n \n빨강 아이템 인소
C00469	SSS0/079:E41	대사:FC	2	おぼえたか?	외웠느냐?
C00470	SSS0/079:E51	글	2	はい\nぜんぜん	예\n전혀
C00471	SSS0/079:E60	대사:FD	2	ぜんぜん	전혀요
C00472	SSS0/079:E71	대사:FC	2	それではこうすると覚えやすいぞ!	그럼 이렇게 하면 외우기 쉬울 게다!
C00473	SSS0/079:E89	대사:FC	2	黄色は光耀くエネルギーのシンボル	노란색은 빛나는 에너지의 상징
C00474	SSS0/079:EA5	대사:FC	2	緑色は成長する植物にたとえ仙窟の\n成長を司る仙丹	초록색은 자라는 식물에 빗대어 선굴의\n성장을 맡는 선단
C00475	SSS0/079:ECE	대사:FC	2	赤色はアイテムじゃ	빨간색은 아이템이니라
C00476	SSS0/079:EEC	대사:FC	2	それでは聞くぞ!	그럼 묻겠다!
C00477	SSS0/079:F06	글	2	エネルギーの因素は何色じゃ{07}赤\n緑\n黄	에너지 인소는 무슨 색이냐{07}빨강\n초록\n노랑
C00478	SSS0/079:F28	대사:FD	4	黄色です!!!!	노란색이에요!!!!
C00479	SSS0/079:F39	대사:FC	2	うむ、正解じゃ!!!	음、정답이니라!!!
C00480	SSS0/079:F4C	대사:FC	2	次は　　	다음은　　
C00481	SSS0/079:F64	글	2	アイテムの因素は何色じゃ{07}赤\n緑\n黄	아이템 인소는 무슨 색이냐{07}빨강\n초록\n노랑
C00482	SSS0/079:F85	대사:FD	4	赤色です!!!!	빨간색이에요!!!!
C00483	SSS0/079:F96	대사:FC	2	おお、さすが{05:00}じゃ!	오오、역시 {05:00}로구나!
C00484	SSS0/079:FA8	대사:FC	2	では最後　　	그럼 마지막　　
C00485	SSS0/079:FC3	글	2	仙丹の因素は何色じゃ{07}赤\n緑\n黄	선단 인소는 무슨 색이냐{07}빨강\n초록\n노랑
C00486	SSS0/079:FF9	대사:FD	4	緑色です!!!!	초록색이에요!!!!
C00487	SSS0/079:103E	대사:FC	2	ハズレじゃ!!!!!!!	틀렸느니라!!!!!!!
C00488	SSS0/079:1068	대사:FC	2	うむ完璧じゃ!	음、완벽하구나!
C00489	SSS0/079:10C8	대사:FC	2	次は部屋を作るんじゃ。	다음은 방을 만드는 게다。
C00490	SSS0/079:10DE	대사:FC	2	基本は通路の作り方と同じじゃ{09}引っ張って風水盤を呼び\n部屋を作る。	기본은 통로 만들기와 같으니라{09}당겨서 풍수반을 불러\n방을 만든다。
C00491	SSS0/079:1113	대사:FC	2	上に出る時に部屋用の\nダンジョンポイントをわたすぞ。	위로 나갈 때 방용\n던전 포인트를 주마。
C00492	SSS0/079:116D	대사:FC	2	部屋内の岩を綜て壊した時{0A}中心に部屋神様が召喚される。	방 안의 바위를 모두 부수면{0A}중심에 방신님이 소환된다。
C00493	SSS0/079:119B	대사:FC	2	呼ばれた部屋神がその部屋の\n守り神になってくれるんじゃ。	불려 나온 방신이 그 방의\n수호신이 되어 주느니라。
C00494	SSS0/079:11C3	대사:FC	2	部屋神は5種類（属性）いるのじゃ	방신은 5종류(속성)가 있느니라
C00495	SSS0/079:11F3	글	2	俺は火を司る部屋神。	나는 불을 다스리는 방신。
C00496	SSS0/079:1228	글	2	ボクは土を司る部屋神です。	저는 흙을 다스리는 방신이에요。
C00497	SSS0/079:1260	글	2	わしは金を司る部屋神じゃ!!	나는 금을 다스리는 방신이니라!!
C00498	SSS0/079:1298	글	2	私は水を司る部屋神よ。	나는 물을 다스리는 방신이야。
C00499	SSS0/079:12CE	글	2	私は木を司る部屋神	나는 나무를 다스리는 방신
C00500	SSS0/079:12F3	대사:FC	2	部屋神の能力で作れる部屋、作れない\n部屋が決まるので気をつけてな。	방신의 능력에 따라 만들 수 있는 방과\n없는 방이 정해지니 조심하거라。
C00501	SSS0/079:1328	대사:FD	2	呼び出す部屋神ってどうやって\n決めるのですか?	불러낼 방신은 어떻게\n정하나요?
C00502	SSS0/079:134C	대사:FC	2	どの部屋神が呼び出されるかは\n風水盤に表示されるんじゃ	어느 방신이 불려 나올지는\n풍수반에 표시되느니라
C00503	SSS0/079:1377	대사:FC	2	これを見よ	이걸 보거라
C00504	SSS0/079:139B	대사:FC	2	まずは表示されるシンボルを\n覚えるんじゃ。	우선 표시되는 상징을\n외우거라。
C00505	SSS0/079:13B8	대사:FC	2	これと同じ物が風水盤の中央に\n表示されるんじゃ	이것과 같은 것이 풍수반 중앙에\n표시되느니라
C00506	SSS0/079:13EA	대사:FC	2	これは土のシンボル	이것은 흙의 상징
C00507	SSS0/079:1407	대사:FC	2	これは金のシンボル	이것은 금의 상징
C00508	SSS0/079:1424	대사:FC	2	これは水のシンボル	이것은 물의 상징
C00509	SSS0/079:1441	대사:FC	2	これは木のシンボル	이것은 나무의 상징
C00510	SSS0/079:145E	대사:FC	2	これは火のシンボル	이것은 불의 상징
C00511	SSS0/079:147F	대사:FC	2	火のマークが表示されている場所に\n部屋を作れば、火の部屋神が\n呼び出される。	불 표시가 나온 곳에\n방을 만들면 불의 방신이\n불려 나온다。
C00512	SSS0/079:14C0	대사:FC	2	他も、またしかりじゃ。	다른 것도 마찬가지니라。
C00513	SSS0/079:14D0	대사:FC	1	仙窟の中でYボタンを押すと、この\n「五気相関図」が表示されるんじゃ	선굴 안에서 Y버튼을 누르면 이\n「오기상관도」가 표시되느니라
C00514	SSS0/079:1509	대사:FC	2	実は、どの部屋神を呼び出すかに\n洞仙最大の奥義「風水」が関係して\nいるのじゃが　　	실은 어느 방신을 불러낼지에\n동선 최대의 비기 「풍수」가 관계\n있느니라만　　
C00515	SSS0/079:154A	대사:FC	2	それは、またいつか話そう。	그건 언젠가 또 이야기하마。
C00516	SSS0/079:15CC	대사:FD	1	ここは{03:01}　{03:01}　{03:01}	여기는{03:01}　{03:01}　{03:01}
C00517	SSS0/079:15E0	대사:FD	1	なんか、今までの部屋と\n雰囲気が違いますね。	왠지 지금까지의 방과\n분위기가 다르네요。
C00518	SSS0/079:1606	대사:FC	1	よくぞ気づいた。ここは仙窟の\n心臓部「龍穴炉」じゃ!	잘 알아챘구나。여기는 선굴의\n심장부 「용혈로」니라!
C00519	SSS0/079:162F	대사:FC	2	ここは、地下を走る龍脈と\n直結しておる	여기는 지하를 흐르는 용맥과\n직결되어 있느니라
C00520	SSS0/079:164D	대사:FC	2	龍脈を蘇らせる事とは、ここに\nエネルギーを満たす事なのじゃ。	용맥을 되살린다는 건 여기를\n에너지로 채운다는 것이니라。
C00521	SSS0/079:1678	대사:FD	2	どうやってエネルギーを\n入れるのですか?	에너지는 어떻게\n넣나요?
C00522	SSS0/079:1694	대사:FC	1	龍穴炉の中心でCボタンを押せば\n振り込みウインドゥが開くのじゃ。	용혈로 중심에서 C버튼을 누르면\n투입 창이 열리느니라。
C00523	SSS0/079:16C3	대사:FC	2	実際に試して見るがよい。	직접 해 보거라。
C00524	SSS0/079:16FE	대사:FC	2	方向キーで振り込む数字を選んで\nAボタンで決定じゃ	방향키로 투입할 숫자를 고르고\nA버튼으로 결정이니라
C00525	SSS0/079:173A	대사:FC	2	必要量を振り込むと、龍脈は活性化し{0A}大地に草木が戻って来る。	필요한 양을 투입하면 용맥이 활성화되어{0A}대지에 초목이 돌아온다。
C00526	SSS0/079:176F	대사:FC	2	ダンジョンポイントやHPやMPも\nエネルギーを振り込む事で\n補給されるぞ。	던전 포인트와 HP와 MP도\n에너지를 투입하면\n보충되느니라。
C00527	SSS0/079:179F	대사:FC	2	じゃが、龍穴炉にエネルギーを\n振り込む事は1ターンに1度しか\n出来んぞ!!	하지만 용혈로에 에너지를\n투입하는 건 1턴에 1번밖에\n못 하느니라!!
C00528	SSS0/079:17D3	대사:FC	2	次は仙窟の部屋の説明じゃ	다음은 선굴의 방 설명이니라
C00529	SSS0/079:17EA	대사:FC	2	部屋には、耐久力、エネルギー量\n仙丹量、エネルギー使用量の\n4種の数値があるのじゃ。	방에는 내구력、에너지양\n선단량、에너지 사용량의\n4가지 수치가 있느니라。
C00530	SSS0/079:1827	대사:FC	1	仙丹量とエネルギー量は因素から\n生産された物が、部屋にたまった\nものじゃ。	선단량과 에너지양은 인소에서\n생산된 것이 방에 쌓인\n것이니라。
C00531	SSS0/079:185B	대사:FC	2	耐久力は部屋のHPじゃな{0A}これが無くなると部屋は壊れて\nしまう。	내구력은 방의 HP니라{0A}이게 다하면 방은 부서져\n버린다。
C00532	SSS0/079:188B	대사:FD	2	敵によって部屋が壊されて{0A}しまうんですか?	적 때문에 방이 부서져{0A}버리나요?
C00533	SSS0/079:18A8	대사:FC	2	部屋を壊されない様にするには\n耐久力の大きな部屋を作れば\nいいのじゃ。	방이 부서지지 않게 하려면\n내구력이 큰 방을 만들면\n되느니라。
C00534	SSS0/079:18DD	대사:FC	2	それには、どうすればいいかわかるか?	그러려면 어떻게 하면 될지 알겠느냐?
C00535	SSS0/079:18F9	대사:FD	2	おっきな部屋を作る。	큰 방을 만든다。
C00536	SSS0/079:1919	대사:FC	2	部屋の大きさは耐久力に関係ない。	방 크기는 내구력과 관계없다。
C00537	SSS0/079:193B	대사:FC	2	部屋の能力を決めるのは\n強化（パワーアップ）じゃ。	방의 능력을 정하는 것은\n강화(파워업)니라。
C00538	SSS0/079:1961	대사:FC	2	集計タイムで強化を選び\nその部屋の耐久力を強化して\nいくのじゃ	집계 타임에 강화를 골라\n그 방의 내구력을 강화해\n가는 게다
C00539	SSS0/079:1993	대사:FD	2	強化の時に使用するのは\n仙丹ですよね。	강화할 때 쓰는 건\n선단이죠?
C00540	SSS0/079:19B4	대사:FC	2	部屋を強化していくと\nエネルギー使用量が増えるので\n注意が必要じゃ。	방을 강화해 가면\n에너지 사용량이 늘어나니\n주의해야 하느니라。
C00541	SSS0/079:19E9	대사:FC	2	エネルギーが無くなると部屋は\n活動を停止してしまうんじゃ!	에너지가 떨어지면 방은\n활동을 멈춰 버리느니라!
C00542	SSS0/079:1A14	대사:FC	2	因素から取り出すエネルギーも\nエネルギー使用量もすべて\n部屋が基準じゃ!	인소에서 꺼내는 에너지도\n에너지 사용량도 모두\n방이 기준이니라!
C00543	SSS0/079:1A55	대사:FC	2	重要じゃぞ!	중요하니라!
C00544	SSS0/079:1A67	대사:FC	2	これから仙窟に上がり作れる部屋と\n強化出来る能力を教えるぞ!!	이제 선굴로 올라가 만들 수 있는 방과\n강화할 수 있는 능력을 가르쳐 주마!!
C00545	SSS0/080:94	글	4	シナリオ\nデバッグ\nデバッグ2	시나리오\n디버그\n디버그2
C00546	SSS0/080:1C6	대사:FD	1	大地が蘇ったんですか!?	대지가 되살아난 건가요!?
C00547	SSS0/080:1DC	대사:0E	1	そうじゃ、おぬしが死にひんした\n大地を救ったんじゃ!	그렇다、네가 죽어 가던\n대지를 구한 게다!
C00548	SSS0/080:203	대사:FD	1	俺がですか　　	제가요　　
C00549	SSS0/080:214	대사:0E	7	そうじゃ。	그렇다。
C00550	SSS0/080:222	대사:FD	1	今、確かに感じましたよ{09}大地が蘇る瞬間を!	지금 분명히 느꼈어요{09}대지가 되살아나는 순간을!
C00551	SSS0/080:243	대사:0E	1	死にひんした大地を救う{09}これが、我ら洞仙のつとめじゃ。	죽어 가는 대지를 구한다{09}이것이 우리 동선의 책무니라。
C00552	SSS0/080:29C	대사:0E	1	しかし、まだまだ\nこれは簡単な仕事じゃ。	하지만 이건 아직\n쉬운 일이니라。
C00553	SSS0/080:2B8	대사:0E	1	次は、ちと難しいかもしれんが\nがんばるのじゃ!	다음은 좀 어려울지도 모르지만\n힘내거라!
C00554	SSS0/080:3EE	대사:00	4	{05:00}!先にいってるわよ。	{05:00}!먼저 가 있을게。
C00555	SSS0/080:4C7	대사:FD	2	明紅フラグON	메이홍 플래그ON
C00556	SSS0/080:4E4	대사:FD	2	雷漢フラグON	라이칸 플래그ON
C00557	SSS0/080:4FF	대사:FD	2	リンフラグON	린 플래그ON
C00558	SSS0/080:518	대사:FD	2	イザナギフラグON	이자나기 플래그ON
C00559	SSS0/080:533	대사:FD	2	ケブレスフラグON	케브레스 플래그ON
C00560	SSS0/080:54F	대사:FD	2	シャスタフラグON	샤스타 플래그ON
C00561	SSS0/080:56A	대사:FD	2	捜神フラグON	소신 플래그ON
C00562	SSS0/080:585	대사:FD	2	ワンフラグON	왕 플래그ON
C00563	SSS0/080:59E	대사:FD	2	アレックスフラグON	알렉스 플래그ON
C00564	SSS0/080:5DE	글	13	一通常一\nクイック	―일반―\n퀵
C00565	SSS0/080:60F	대사:FD	3	あっ老師!!	앗 노사님!!
C00566	SSS0/080:61B	대사:FD	4	俺一人で戦うんですか　　	저 혼자 싸우는 건가요　　
C00567	SSS0/080:633	대사:FD	2	まあ、いつもの事か!{00}	뭐、늘 있는 일이지!{00}
C00568	SSS0/080:663	안내:0A	2	はじまりは遠い国での出来事だった	시작은 먼 나라에서 일어난 일이었다
C00569	SSS0/080:6A9	안내:07	2	 そんな出来事があってから\n \n    数ヶ月後の晩\n \n俺は老師から急な連絡を受けた。	 그런 일이 있고 나서\n \n    몇 달 뒤의 밤\n \n나는 노사님께 급한 연락을 받았다。
C00570	SSS0/080:6EB	안내:0A	2	   理由はあいまいだったが\n \nとにかくすぐ来て欲しいとの事だった。	   이유는 애매했지만\n \n아무튼 당장 와 달라는 것이었다。
C00571	SSS0/080:729	안내:0A	2	 おれはすぐに身仕度を整え\n \n老師の仙窟に出かける事にした。	 나는 곧바로 채비를 하고\n \n노사님의 선굴로 나섰다。
C00572	SSS0/080:760	안내:08	2	    今にして思えば{0A} \n   寝ていた{05:01}を\n \n連れていかなかったのは正解だった。	    지금 생각해 보면{0A} \n   자고 있던 {05:01}를\n \n데려가지 않은 건 정답이었다。
C00573	SSS0/080:7B3	대사:14	2	{05:00}は、まだ来んのかのう。	{05:00}는 아직 안 오는 게냐。
C00574	SSS0/080:7E2	대사:14	2	おお、{05:00}よ\n待っておったぞ!!	오오、{05:00}야\n기다리고 있었느니라!!
C00575	SSS0/080:7F9	대사:FD	1	どうしたんですか、老師?	무슨 일이세요、노사님?
C00576	SSS0/080:80B	대사:14	2	じつはな、{05:00}。	실은 말이다、{05:00}。
C00577	SSS0/080:817	대사:FD	2	何でしょう?	뭔데요?
C00578	SSS0/080:822	대사:14	2	ここの仙窟を、わしの代わりに\n完成させてくれんかのぉ	이 선굴을 나 대신\n완성해 주지 않겠느냐
C00579	SSS0/080:845	대사:FD	2	ここの仙窟をですか?	이 선굴을요?
C00580	SSS0/080:855	대사:FD	2	別に構いませんよ。	뭐、상관없어요。
C00581	SSS0/080:864	대사:14	2	ほんとか!!	정말이냐!!
C00582	SSS0/080:871	대사:14	2	約束じゃぞ!	약속이니라!
C00583	SSS0/080:87D	대사:FD	2	でも、なにか裏が\nあるんじゃありません?	그런데 뭔가 속셈이\n있는 거 아니에요?
C00584	SSS0/080:896	대사:14	1	さすが{05:00}\nなかなかするどいのぅ	역시 {05:00}\n꽤 날카롭구나
C00585	SSS0/080:8AA	대사:FD	2	やっぱり何か隠しているんですね。	역시 뭔가 숨기고 계시군요。
C00586	SSS0/080:8C0	대사:14	2	まあ、そう言うな。	뭐、그리 말하지 말거라。
C00587	SSS0/080:8DD	안내:0A	2	 あれは1ヶ月ほど前の話じゃ{03:03}\n \nいや、もう少し前じゃったかな?	 그건 한 달쯤 전 이야기니라{03:03}\n \n아니、좀 더 전이었던가?
C00588	SSS0/080:90D	안내:0A	2	わしは、古の仙宝八面鏡を捜す\n \n  旅をしておったのじゃ	나는 옛 선보 팔면경을 찾는\n \n  여행을 하고 있었느니라
C00589	SSS0/080:93B	안내:08	2	八面鏡は、封印で守られた地底神殿の\n \n 奥ふかくに、眠っておったんじゃ	팔면경은 봉인으로 지켜진 지저 신전\n \n 깊은 곳에 잠들어 있었지
C00590	SSS0/080:974	안내:07	2	 しかしな、わしはそこで\n \n   恐ろしい事件に\n \n巻き込まれてしまったのじゃ	 그런데 말이다、나는 거기서\n \n   무서운 사건에\n \n휘말리고 말았느니라
C00591	SSS0/080:9AD	안내:07	2	 わしが八面鏡を見つけだし\n \n神殿から出ると、そこはまるで\n \n 戦場の様な、状態じゃった。	 내가 팔면경을 찾아내\n \n신전에서 나오니 그곳은 마치\n \n 전쟁터 같은 상태였느니라。
C00592	SSS0/080:A98	안내:08	2	  そこで争っていた奴等の\n \n目的もまた八面鏡じゃったんじゃ!	  거기서 싸우던 놈들의\n \n목적 또한 팔면경이었던 게다!
C00593	SSS0/080:AC8	안내:08	2	でも、どうしてそいつらの狙いが\n \n八面鏡だと、わかったんですか?	그런데 그놈들의 노림수가\n \n팔면경인 건 어떻게 아셨어요?
C00594	SSS0/080:AF4	안내:0C	2	そいつら、ワシを追って来るんじゃ!!	그놈들이 나를 쫓아오는 게다!!
C00595	SSS0/080:B46	대사:FD	4	へっ	헉
C00596	SSS0/080:B4C	대사:14	2	そこで争った者たちが、ここに\n向かって来ているんじゃ。	거기서 싸우던 자들이 이리로\n오고 있는 게다。
C00597	SSS0/080:B81	대사:FD	2	どんな奴等でも老師より強いって\n事はないでしょ?	어떤 놈들이든 노사님보다 강할\n리는 없잖아요?
C00598	SSS0/080:BA5	대사:14	2	それが、とんでもなく強い\n奴等でな。	그게 말도 안 되게 강한\n놈들이라서 말이다。
C00599	SSS0/080:C50	대사:14	2	八面鏡を手にしてからずっと\n逃げまわっておったんじゃ。	팔면경을 손에 넣은 뒤로 쭉\n도망쳐 다녔느니라。
C00600	SSS0/080:C74	대사:FD	2	それで俺を呼んだんですか　　	그래서 저를 부르신 거군요　　
C00601	SSS0/080:C8A	대사:14	2	奴等と戦ってくれるか?	그놈들과 싸워 주겠느냐?
C00602	SSS0/080:C9C	대사:FD	2	ええ、約束ですからね。	네、약속이니까요。
C00603	SSS0/080:CAD	대사:FD	2	それに老師がそれ程恐がる\n相手を、見てみたいですしね。	게다가 노사님이 그렇게 무서워하는\n상대를 보고 싶기도 하고요。
C00604	SSS0/080:CE7	대사:14	2	さすが{05:00}じゃ!	역시 {05:00}로구나!
C00605	SSS0/080:CF3	대사:14	2	そこの箱の中に例の八面鏡が\n入っている。	거기 상자 안에 그 팔면경이\n들어 있다。
C00606	SSS0/080:D12	대사:14	2	開けてみてくれ。	열어 보거라。
C00607	SSS0/080:D23	글	1	そこの宝箱を開けてくれ。{00}	거기 보물상자를 열어 보거라。{00}
C00608	SSS0/080:DB9	안내:0C	2	八面鏡を使った!	팔면경을 썼다!
C00609	SSS0/080:DE8	대사:14	2	それが八面鏡じゃ	그것이 팔면경이니라
C00610	SSS0/080:DF7	대사:14	2	この炎が綜て消え終わるころ\n奴等はやって来るじゃろう。	이 불꽃이 모두 꺼질 무렵\n놈들이 올 게다。
C00611	SSS0/080:E1D	대사:14	1	それまでに、いかなる敵をも打ち破る\n様に仙窟を最強の状態にして\nおかなければならん。	그때까지 어떤 적이라도 쳐부술\n수 있게 선굴을 최강의 상태로\n만들어 두어야 하느니라。
C00612	SSS0/080:E55	대사:FD	2	そんな事をしなくても、俺が直接\n倒してみせますよ!	그런 거 안 해도 제가 직접\n쓰러뜨려 보일게요!
C00613	SSS0/080:E77	대사:14	2	いくらおまえでも直接、戦って\n勝てる相手ではないぞ。	아무리 너라도 직접 싸워서\n이길 상대가 아니니라。
C00614	SSS0/080:E9B	대사:14	2	仙窟で倒すのが無難じゃ!	선굴에서 쓰러뜨리는 게 무난하다!
C00615	SSS0/080:EB0	대사:14	1	頼んだぞ。	부탁하마。
C00616	SSS0/080:EBA	대사:FD	2	まかせて下さい。	맡겨 주세요。
C00617	SSS0/080:EF9	대사:FD	1	まあ、いつもの事か!	뭐、늘 있는 일이지!
C00618	SSS0/080:10AE	안내:06	2	時の彼方より蘇りし使者あり\n \n 君の命ゆらぐと神いふ	시간의 저편에서 되살아난 사자 있으니\n \n 그대의 목숨 흔들린다 신이 이르노라
C00619	SSS0/080:10DF	안내:06	2	  いのちのゆらぎ\n \n   火のゆらぎ\n \n命あと11ばかりと神いふ	  목숨의 흔들림\n \n   불의 흔들림\n \n목숨 앞으로 11쯤이라 신이 이르노라
C00620	SSS0/080:1112	안내:06	2	  はるか遠き地より\n \n 死をもたらす者訪れる\n \n命あと10ばかりと神いふ	  아득히 먼 땅에서\n \n 죽음을 부르는 자 찾아오리\n \n목숨 앞으로 10쯤이라 신이 이르노라
C00621	SSS0/080:114D	안내:06	2	古の契約を、果たす者\n \n   古の者\n \n命あと9ばかりと神いふ	옛 계약을 이행하는 자\n \n   옛 자\n \n목숨 앞으로 9쯤이라 신이 이르노라
C00622	SSS0/080:1184	안내:06	1	  朱き大河をこえ\n \n この地を訪れる者{09} \n命あと9ばかりと神いふ	  붉은 대하를 넘어\n \n 이 땅을 찾는 자{09} \n목숨 앞으로 9쯤이라 신이 이르노라
C00623	SSS0/080:11BC	안내:06	1	  黄砂の海をこえ\n \n この地に、死訪れる\n \n命あと8ばかりと神いふ	  황사의 바다를 넘어\n \n 이 땅에 죽음이 찾아오리\n \n목숨 앞으로 8쯤이라 신이 이르노라
C00624	SSS0/080:11F5	안내:06	1	  蒼き彼方から\n \n  君に死訪れる\n \n命あと7ばかりと神いふ	  푸른 저편에서\n \n  그대에게 죽음이 찾아오리\n \n목숨 앞으로 7쯤이라 신이 이르노라
C00625	SSS0/080:122B	안내:06	1	  暗き山蒼き空\n \n君、わざわい振りまく者\n \n命あと6ばかりと神いふ	  어두운 산 푸른 하늘\n \n그대、재앙을 흩뿌리는 자\n \n목숨 앞으로 6쯤이라 신이 이르노라
C00626	SSS0/080:1265	안내:06	1	   八面の鏡\n \n   山海の詩\n \n命あと5ばかりと神いふ	   팔면의 거울\n \n   산해의 시\n \n목숨 앞으로 5쯤이라 신이 이르노라
C00627	SSS0/080:1299	안내:06	1	   異邦の者\n \n 時のずれある者集ふ\n \n命あと4ばかりと神いふ	   이방의 자\n \n 시간이 어긋난 자들 모이리\n \n목숨 앞으로 4쯤이라 신이 이르노라
C00628	SSS0/080:12D0	안내:06	1	  黒き死と赤き生\n \n  異邦の者が運ぶ\n \n命あと3ばかりと神いふ	  검은 죽음과 붉은 생\n \n  이방의 자가 나르리\n \n목숨 앞으로 3쯤이라 신이 이르노라
C00629	SSS0/080:130A	안내:06	1	  天と地と人と\n \n   君の為に\n \n命あと2ばかりと神いふ	  하늘과 땅과 사람과\n \n   그대를 위해\n \n목숨 앞으로 2쯤이라 신이 이르노라
C00630	SSS0/080:133E	안내:06	1	   命あと1ばかり\n \nすでに神の声君の声聞こえず\n \n    是天命なり	   목숨 앞으로 1쯤\n \n이미 신의 목소리 그대 목소리 들리지 않으니\n \n    이것이 천명이로다
C00631	SSS0/080:137A	안내:06	2	逃げられる者逃げるがいい\n \n備えられ者備えるがいい\n \n 古の契、果たされん	도망칠 수 있는 자는 도망치라\n \n대비할 수 있는 자는 대비하라\n \n 옛 계약、이행되리라
C00632	SSS0/084:14	검증필요	14	狙ゾお。{00}	
C00633	SSS0/085:7D	대사:00	2	運撒の説明をするぞ。	운반 설명을 하마。
C00634	SSS0/085:8F	대사:00	2	生産部屋は他の部屋より多く\nエネルギーを生産するのに注目じゃ。	생산 방은 다른 방보다 많은\n에너지를 생산한다는 데 주목하거라。
C00635	SSS0/085:F0	안내:06	6	生産部屋    他の部屋\n \n \n   因素から生産\n \n \n他の部屋    他の部屋	생산 방    다른 방\n \n \n   인소에서 생산\n \n \n다른 방    다른 방
C00636	SSS0/085:140	안내:06	4	生産部屋    他の部屋\n \n \n   部屋が消費\n \n \n他の部屋    他の部屋	생산 방    다른 방\n \n \n   방이 소비\n \n \n다른 방    다른 방
C00637	SSS0/085:257	대사:00	2	生産部屋はエネルギーがたまって\nいき、他の部屋は生産と使用量の\nバランスがとれている。	생산 방은 에너지가 쌓여\n가고、다른 방은 생산과 사용량의\n균형이 맞는다。
C00638	SSS0/085:296	대사:FD	2	あまり問題ないじゃないですか。	별문제 없잖아요。
C00639	SSS0/085:2AB	대사:00	2	強化をするとエネルギーの\n使用量が増えて行くのじゃ。	강화를 하면 에너지\n사용량이 늘어나느니라。
C00640	SSS0/085:2D0	대사:00	2	強化をすると生産部屋は{0A}エネルギーをより多く生産する。	강화를 하면 생산 방은{0A}에너지를 더 많이 생산한다。
C00641	SSS0/085:2FB	대사:00	2	しかし、他の部屋はより多く使用\nするようになるんじゃ。	하지만 다른 방은 더 많이 쓰게\n되느니라。
C00642	SSS0/085:3D9	안내:06	2	生産部屋    活動停止\n \n \n   部屋が消費\n \n \n活動停止    活動停止	생산 방    활동 정지\n \n \n   방이 소비\n \n \n활동 정지    활동 정지
C00643	SSS0/085:427	대사:FD	2	部屋が止まってますよ!!	방이 멈췄어요!!
C00644	SSS0/085:43D	대사:00	2	その時こそ、エネルギー運撒が\n可能な仙獣の出番じゃ。	그때야말로 에너지 운반이\n가능한 선수가 나설 차례니라。
C00645	SSS0/085:4B3	대사:00	2	エネルギーを運べる仙獣は\n生産部屋でエネルギーを積み込む。	에너지를 나를 수 있는 선수는\n생산 방에서 에너지를 싣는다。
C00646	SSS0/085:4DD	대사:00	2	そして持てるだけ持って\n他の部屋に配るのじゃ	그리고 들 수 있는 만큼 들고\n다른 방에 나눠 주는 게다
C00647	SSS0/085:50F	대사:00	2	エネルギーの運撒が可能なのは\n窟子仙じゃ!	에너지 운반이 가능한 건\n굴자선이니라!
C00648	SSS0/085:532	대사:01	2	生産部屋で持てるだけ\n積みこみます!!	생산 방에서 들 수 있는 만큼\n싣겠습니다!!
C00649	SSS0/085:567	대사:01	2	これ以上は持てません!	더는 못 들어요!
C00650	SSS0/085:5AE	검증필요	6	、{p}ァズ{p}ァ{00}	
C00651	SSS0/085:5F8	대사:FD	2	綜ての部屋に行き渡っていませんね。	모든 방에 다 돌아가지 않았네요。
C00652	SSS0/085:621	대사:01	2	積み込んだエネルギーが途中で\n無くなってしまったんです。	실은 에너지가 도중에\n떨어져 버렸어요。
C00653	SSS0/085:64B	대사:01	2	ボクひとりじゃ、これが限界です!	저 혼자서는 이게 한계예요!
C00654	SSS0/085:66C	대사:00	2	こんな時はどうするんじゃ?	이럴 땐 어떻게 하겠느냐?
C00655	SSS0/085:681	대사:FD	2	俺が運ぶ!!	제가 나를게요!!
C00656	SSS0/085:693	대사:00	2	それはダメじゃ。	그건 안 되느니라。
C00657	SSS0/085:6A6	대사:00	2	わしらでは部屋から引き出す事は\nできるが、戻す事は出来んのじゃ。	우리는 방에서 꺼낼 수는\n있지만 되돌릴 수는 없느니라。
C00658	SSS0/085:6D6	대사:00	2	多く運びたい時は、グループを\n組ませるのじゃ!	많이 나르고 싶을 땐 그룹을\n짜 주는 게다!
C00659	SSS0/085:749	대사:01	4	積みこみます!!	싣겠습니다!!
C00660	SSS0/085:82D	대사:02	2	やったー	해냈다―
C00661	SSS0/085:842	대사:FD	2	今度は全部の部屋に行き\n渡りましたね。	이번엔 모든 방에 다\n돌아갔네요。
C00662	SSS0/085:864	대사:00	2	エネルギーはその部屋の必要な量\nだけ置いていくんじゃ	에너지는 그 방에 필요한 양\n만큼만 두고 가느니라
C00663	SSS0/085:88B	대사:00	2	じゃから最後の部屋まで\n行き渡らない時があるんじゃ。	그래서 마지막 방까지\n돌아가지 않을 때가 있느니라。
C00664	SSS0/085:8B3	대사:00	2	今度は仙丹じゃ{08}仙丹は練丹部屋で作る。	이번엔 선단이다{08}선단은 연단 방에서 만든다。
C00665	SSS0/085:8DC	글	1	  練丹部屋	  연단 방
C00666	SSS0/085:934	대사:00	2	エネルギーを運ぶ能力と仙丹を\n運ぶ能力は別々なんじゃ。	에너지를 나르는 능력과 선단을\n나르는 능력은 별개니라。
C00667	SSS0/085:963	대사:00	2	窟子仙は仙丹を運ぶ事は出来んぞ!	굴자선은 선단을 나를 수 없느니라!
C00668	SSS0/085:997	대사:01	2	すいません、ボクはエネルギーしか\n運べないんです。	죄송해요、저는 에너지밖에\n못 날라요。
C00669	SSS0/085:9B9	대사:00	2	気にする事はないぞ{08}そのかわりエネルギーをいっぱい\n運んでくれ。	신경 쓸 것 없다{08}그 대신 에너지를 잔뜩\n날라 다오。
C00670	SSS0/085:9E0	대사:01	5	ハイ	네
C00671	SSS0/085:9FC	대사:00	2	幼龍仙は仙丹を運べるぞ!	유룡선은 선단을 나를 수 있느니라!
C00672	SSS0/085:A2E	검증필요	1	ぱゼぱゾ。{p}{00}	
C00673	SSS0/085:AAC	대사:00	2	仙丹はエネルギーと異なり\n練丹部屋と練丹部屋の間を\n平均的に配って行くのじゃ。	선단은 에너지와 달리\n연단 방과 연단 방 사이를\n고르게 나눠 가느니라。
C00674	SSS0/085:AE8	대사:00	2	じゃから、一匹ですべての部屋に\n行き渡る。	그래서 한 마리로 모든 방에\n돌아간다。
C00675	SSS0/085:B0D	대사:00	2	多くの仙丹を運びたい時は\nエネルギーの時と同じように\nグループを組ませるのじゃ。	선단을 많이 나르고 싶을 땐\n에너지 때와 마찬가지로\n그룹을 짜 주는 게다。
C00676	SSS0/086:9B	글	1	NEXT\n1 飛ばされるシーンテロップ\n2 インサート1\n3 水辺2	NEXT\n1 날려 가는 장면 자막\n2 인서트1\n3 물가2
C00677	SSS0/086:CE	글	1	NEXT\n4 インサート2\n5 荒れ地2\n6 インサート3	NEXT\n4 인서트2\n5 황무지2\n6 인서트3
C00678	SSS0/086:FA	글	1	NEXT\n7 夜の街2\n8 インサート4\n9 タキと老師とイノシシ	NEXT\n7 밤거리2\n8 인서트4\n9 폭포와 노사와 멧돼지
C00679	SSS0/086:12A	글	1	NEXT\n10最後老師と龍2\n通し	NEXT\n10 마지막 노사와 용2\n전체
C00680	SSS0/086:473	안내:06	1	   龍の秘術にあらがう術もなく\n \n      {05:00}は\n \nすこしずつ異なったいくつもの平行世界に\n \n  ばらばらにされ放り出された!!	   용의 비술에 맞설 방도도 없이\n \n      {05:00}은\n \n조금씩 다른 여러 평행세계로\n \n  산산이 흩어져 내던져졌다!!
C00681	SSS0/086:82F	대사:00	4	だいじょうぶか、若いの?	괜찮으냐、젊은이?
C00682	SSS0/086:845	대사:FD	4	うう、老師　　　　	으으、노사님　　　　
C00683	SSS0/086:85A	대사:02	4	お知り合いですか?	아는 사이인가요?
C00684	SSS0/086:884	대사:00	4	いや知らんぞ!	아니、모른다!
C00685	SSS0/086:892	대사:02	4	ですが、いま老師の名を呼んだ\nようですが。	하지만 방금 노사님의 이름을\n부른 것 같던데요。
C00686	SSS0/086:8C7	대사:00	4	とにかく手当が先じゃ!!	아무튼 치료가 먼저니라!!
C00687	SSS0/087:4D	글	1	NEXT\n1 時封呪の呪文をゲット\n2 老師出現\n3 あやしい通路を逆戻り2	NEXT\n1 시봉주 주문 획득\n2 노사 출현\n3 수상한 통로 역주행2
C00688	SSS0/087:8D	글	1	NEXT\n4 龍穴炉ジマンそうによろこぶ主人公\n5 飛天功で、緑に満ちた大地を見せる主人公\n6 老師と二人で歩く主人公	NEXT\n4 용혈로를 뽐내며 기뻐하는 주인공\n5 비천공으로 초록 대지를 보여 주는 주인공\n6 노사와 둘이 걷는 주인공
C00689	SSS0/087:EE	글	1	NEXT\n7 無し\n8 蘇った大地\n9 光りの空間	NEXT\n7 없음\n8 되살아난 대지\n9 빛의 공간
C00690	SSS0/087:11B	글	1	NEXT\n10 光りの魂が3個まわるなか、龍がいる\n11 家に入っていく二人2\n通し	NEXT\n10 빛의 혼 3개가 도는 가운데 용이 있다\n11 집에 들어가는 두 사람2\n전체
C00691	SSS0/088:2C	영문	4	NEXT	
C00692	SSS0/088:70	글	3	NEXT\n通し	NEXT\n전체
C00693	SSS0/223:48	안내:06	4	{05:00}は死んだ{09} \n師匠の敵はとれず、志半ばにして倒れた\n \n彼の無念を知る者はいない　　。	{05:00}은 죽었다{09} \n스승의 원수를 갚지 못하고 뜻을 이루지 못한 채 쓰러졌다\n \n그의 원통함을 아는 이는 없다　　。
C00694	SSS0/320:CA	대사:FC	1	ここがお前の仕事場、仙窟じゃ	여기가 네 일터、선굴이니라
C00695	SSS0/320:E2	대사:FC	1	あと、重要な事を忘れておったわい!	그리고 중요한 걸 잊고 있었구나!
C00696	SSS0/320:FB	대사:FC	1	仙窟を作るにはエネルギーの他に\nもうひとつ重要な物があるのじゃ。	선굴을 만들려면 에너지 말고도\n중요한 것이 하나 더 있느니라。
C00697	SSS0/320:129	대사:FC	1	それは、ダンジョンポイントと\n言うのじゃ。	그것은 던전 포인트라\n하느니라。
C00698	SSS0/320:14B	대사:FD	1	はあ。	하아。
C00699	SSS0/320:152	대사:FC	1	ポイントが無いと部屋も通路も\n作れないんじゃ。	포인트가 없으면 방도 통로도\n못 만드느니라。
C00700	SSS0/320:194	대사:FD	1	アレですか?	그거요?
C00701	SSS0/320:1A6	대사:FC	1	アレじゃ。	그거니라。
C00702	SSS0/320:1B2	대사:FC	1	ポイントは、部屋用と通路用に\n分かれとる。	포인트는 방용과 통로용으로\n나뉘어 있다。
C00703	SSS0/320:1D3	대사:FC	1	大きな部屋を作ったり、極端に小さな\n部屋を作ると、多くのポイントを消費\nするんじゃ!	큰 방을 만들거나 지나치게 작은\n방을 만들면 포인트를 많이\n소비하느니라!
C00704	SSS0/320:219	대사:FD	1	小さい部屋でもポイントを多く\n消費してしまうんですか。	작은 방도 포인트를 많이\n소비하나요?
C00705	SSS0/320:245	대사:FC	1	小さいからポイントも少ないという\n事ではなくて、小さく作るには逆に\nエネルギーを多く使うということじゃ。	작다고 포인트가 적게 드는\n게 아니라、작게 만들려면 오히려\n에너지를 많이 쓴다는 게다。
C00706	SSS0/320:286	대사:FC	1	風水盤には、消費するエネルギーと\nポイントが表示されるぞ。	풍수반에는 소비할 에너지와\n포인트가 표시되느니라。
C00707	SSS0/320:2AF	대사:FD	1	ハイ!!	네!!
C00708	SSS0/320:2B7	대사:FC	1	始めに表示される大きさが{0A}一番少ないポイントで{0A}作る事が出来る部屋じゃ。	처음 표시되는 크기가{0A}가장 적은 포인트로{0A}만들 수 있는 방이니라。
C00709	SSS0/320:30F	대사:FD	1	滅ってる!!!!!	줄었어!!!!!
C00710	SSS0/320:323	대사:FC	1	今のは多すぎじゃったからな。	방금 건 너무 많았으니 말이다。
C00711	SSS0/320:337	대사:FD	1	けち!	구두쇠!
C00712	SSS0/320:358	대사:FC	1	あまえるでないぞ!	어리광 부리지 말거라!
C00713	SSS0/320:37D	대사:FC	1	とにかく	아무튼
C00714	SSS0/320:385	대사:FC	1	さっき教えたとおりに風水盤を\n呼び出し、右にある部屋に\nつなぐのじゃ!	아까 가르친 대로 풍수반을\n불러내서 오른쪽 방에\n잇거라!
C00715	SSS0/320:3BB	대사:FC	1	ヘルプは、ワシが綜てを教えた後に\n開ける様になる。	도움말은 내가 모든 걸 가르친 뒤에\n열 수 있게 된다。
C00716	SSS0/320:3DE	대사:FC	1	今は、わしの話をしっかりと\n聞くのじゃ。	지금은 내 말을 잘\n듣거라。
C00717	SSS0/320:45C	대사:FC	1	今作った通路を見るのじゃ	방금 만든 통로를 보거라
C00718	SSS0/320:479	대사:FC	1	通路を部屋につなげた時\nつなげられた部屋側に\n扉が付くんじゃ。	통로를 방에 이었을 때\n이어진 방 쪽에\n문이 생기느니라。
C00719	SSS0/320:4AE	대사:FC	1	しかし、扉のつき方には法則が\nあってな	하지만 문이 생기는 데는 법칙이\n있어서 말이다
C00720	SSS0/320:4C9	대사:FC	1	短すぎる通路や狭い場所\n部屋の四隅には、つかないんじゃ。	너무 짧은 통로나 좁은 곳\n방의 네 귀퉁이에는 안 생기느니라。
C00721	SSS0/320:4F3	대사:FC	1	まとめるぞ!	정리하마!
C00722	SSS0/320:56D	대사:FD	1	よっす!	넵!
C00723	SSS0/320:575	대사:FC	1	{05:00}様、やっと、やる気を\n出して下さったんですね。	{05:00}님、드디어 의욕을\n내 주셨군요。
C00724	SSS0/320:596	대사:FD	1	なに言ってるんだ。	무슨 소리야。
C00725	SSS0/320:5A4	대사:FD	1	俺がやらなきゃ{0A}いったい誰が大地を蘇らせるんだ?	내가 안 하면{0A}대체 누가 대지를 되살리겠어?
C00726	SSS0/320:5C5	대사:FC	4	‥{03:01}‥{03:01}‥{03:01}‥{03:01}	‥{03:01}‥{03:01}‥{03:01}‥{03:01}
C00727	SSS0/320:5D9	대사:FC	1	まあ、いいでしょう。	뭐、좋아요。
C00728	SSS0/320:5E7	대사:FD	1	この生産部屋を元にして、仙窟を\nガンガン広げて行くぜ!!	이 생산 방을 바탕으로 선굴을\n팍팍 넓혀 가겠어!!
C00729	SSS0/320:610	대사:FC	1	この部屋のエネルギー生産力は\n少し小さいですね。	이 방의 에너지 생산력은\n좀 작네요。
C00730	SSS0/320:633	대사:FC	1	生産能力を強化した方が\nいいと思います。	생산 능력을 강화하는 게\n좋을 것 같아요。
C00731	SSS0/320:653	대사:FD	1	まずは、強化するための、仙丹が\n必要って事だな。	우선 강화하려면 선단이\n필요하단 거지。
C00732	SSS0/320:676	대사:FC	1	それでは、仙丹を作る練丹部屋を\n作りましょう。	그럼 선단을 만드는 연단 방을\n만들어요。
C00733	SSS0/320:699	대사:FC	1	練丹部屋から、仙丹を手に入れたら\n召喚部屋を作って仲間の\n仙獣を呼びましょう。	연단 방에서 선단을 얻으면\n소환 방을 만들어 동료\n선수를 불러요。
C00734	SSS0/320:6D6	대사:FC	1	呼び出した、始めのターンは\n仙獣は、現れないので\n気をつけて下さい。	불러낸 첫 턴에는\n선수가 나타나지 않으니\n조심하세요。
C00735	SSS0/320:704	대사:FC	1	集計タイムに入ったら、強化と\n味方徘徊ルートの所を忘れずに\n操作して下さい。	집계 타임에 들어가면 강화와\n아군 순찰 루트를 잊지 말고\n조작하세요。
C00736	SSS0/320:73C	대사:FD	1	わかってるって!	알고 있다니까!
C00737	SSS0/320:79C	대사:FD	1	龍穴炉だ!!	용혈로다!!
C00738	SSS0/320:7D3	대사:00	1	そろそろじゃな	슬슬 때가 됐구나
C00739	SSS0/320:7F8	대사:01	1	老師様、やっぱり{05:00}様の\n所に行くんですか?	노사님、역시 {05:00}님\n한테 가시는 거예요?
C00740	SSS0/320:818	대사:00	19	うむ。	음。
C00741	SSS0/320:82A	대사:00	1	おぬしの言いたい事も\n解からんでもない。	네가 하고 싶은 말도\n모르는 건 아니다。
C00742	SSS0/320:845	대사:00	1	たしかに{05:00}にはまだ\nきびしすぎるかもしれん。	확실히 {05:00}에겐 아직\n너무 가혹할지도 모르지。
C00743	SSS0/320:860	대사:00	1	しかし、洞仙を志すもの一度は\n通らなければならぬ試練じゃ。	하지만 동선을 꿈꾸는 자라면 한 번은\n거쳐야 하는 시련이니라。
C00744	SSS0/320:88B	대사:01	1	ボクは老師様のことが心配なんです。	저는 노사님이 걱정돼요。
C00745	SSS0/320:8AF	대사:01	1	{05:00}様、手加滅って\n出来なさそうだし。	{05:00}님은 봐주는 걸\n못 할 것 같고。
C00746	SSS0/320:8DA	대사:01	1	それに　　　　	게다가　　　　
C00747	SSS0/320:8EB	대사:00	1	それに、なんじゃ{07}言うてみい!	게다가、뭐냐{07}말해 보거라!
C00748	SSS0/320:8FF	대사:01	1	老師様、{05:00}様の仙窟の場所\n何処だか、覚えていますか?	노사님、{05:00}님 선굴이\n어딘지 기억하세요?
C00749	SSS0/320:933	대사:00	1	そのくらい、覚えとるわい!!	그 정도는 기억하느니라!!
C00750	SSS0/320:972	대사:01	1	だいじょうぶかな?	괜찮으려나?
C00751	SSS0/320:9A6	대사:05	1	いったい、{05:00}の仙窟は\n何処だったかのう　　	대체 {05:00}의 선굴이\n어디였더라　　
C00752	SSS0/320:9C6	대사:05	1	そういえば、何の用件で{05:00}の\n仙窟に向かっとるんじゃったかな?	그러고 보니 무슨 용건으로 {05:00}의\n선굴에 가고 있었더라?
C00753	SSS0/320:A19	대사:05	1	ま、顔を見れば思い出すじゃろ。	뭐、얼굴을 보면 생각나겠지。
C00754	SSS0/320:A56	검증필요	1	タくすG{p}{00}	
C00755	SSS0/320:A85	대사:F9	1	やっと、たどり着けたわい　　　　	겨우 도착했구나　　　　
C00756	SSS0/320:A9E	대사:F9	1	それにしても、我ながらよくも\nこんなに迷ったものと感心して\nしまうわい。	그나저나 내가 생각해도 용케\n이렇게나 헤맸다고 감탄하게\n되는구나。
C00757	SSS0/320:ACA	대사:F9	1	さて、弟子のお手並み\n拝見じゃ!	자、제자의 솜씨를\n구경해 볼까!
C00758	SSS0/320:AF2	대사:F9	1	{05:00}よ、手加滅はせぬぞ!!	{05:00}야、봐주지 않을 게다!!
C00759	SSS0/320:B1C	대사:F9	1	ひどい扱いじゃわい!	대우가 너무하구나!
C00760	SSS0/320:B6D	대사:02	1	ひさしぶりじゃな、{05:00}	오랜만이구나、{05:00}
C00761	SSS0/320:B81	대사:FD	1	老師、いったいどうして!	노사님、대체 어째서!
C00762	SSS0/320:B9D	대사:02	1	ほっほっほっ、驚いておる様じゃのう。	호호호、놀란 모양이구나。
C00763	SSS0/320:BBC	대사:02	1	{05:00}、わしと戦うのじゃ!!	{05:00}、나와 싸우거라!!
C00764	SSS0/320:BD4	대사:FD	1	突然、なに言い出すんですか{09}老師と戦える訳ないでしょ。	갑자기 무슨 말씀이세요{09}노사님과 싸울 수 있을 리 없잖아요。
C00765	SSS0/320:BFB	대사:02	1	わしと戦って勝つことが、一人前の\n洞仙となる為の最後の試練じゃ!	나와 싸워 이기는 것이 어엿한\n동선이 되기 위한 마지막 시련이니라!
C00766	SSS0/320:C32	대사:FD	1	老師と戦うことなんて\n出来ないよ　　	노사님과 싸우는 건\n못 해　　
C00767	SSS0/320:C4F	대사:FD	1	もしかしたら、洞仙の術って\n一子相伝なのかな?	혹시 동선의 술법은\n일자상전인가?
C00768	SSS0/320:C77	글	1	わかりました{08}老師と戦うなんて出来ません!	알겠습니다{08}노사님과 싸우다니 못 해요!
C00769	SSS0/320:C9E	대사:FD	2	わかりました!	알겠습니다!
C00770	SSS0/320:CA9	대사:FD	1	本気で行きますよ!	진심으로 갈게요!
C00771	SSS0/320:CCA	대사:FD	1	老師と戦うなんて出来ません!	노사님과 싸우다니 못 해요!
C00772	SSS0/320:CE8	대사:02	1	がらにも無い事を言う。	안 어울리는 소리를 하는구나。
C00773	SSS0/320:D01	대사:02	1	ワシを乗り越えて見せよ!	나를 넘어서 보거라!
C00774	SSS0/320:D65	대사:FD	2	だいじょうぶですか、老師!!	괜찮으세요、노사님!!
C00775	SSS0/320:D8B	대사:02	1	成長したのう。	많이 컸구나。
C00776	SSS0/320:D9B	대사:FD	1	どうしたんですか突然!	갑자기 왜 그러세요!
C00777	SSS0/320:DAC	대사:02	1	おぬしの仙窟作りの腕前\nみごととしか言えん!	네 선굴 만드는 솜씨\n훌륭하다고밖에 할 수 없구나!
C00778	SSS0/320:DCC	대사:02	1	わしと戦ってもしも勝てたら\n一人前だと認めるつもりじゃった。	나와 싸워 혹시 이긴다면\n어엿하다고 인정할 생각이었느니라。
C00779	SSS0/320:E00	대사:02	1	じゃったんじゃが。	그랬다만。
C00780	SSS0/320:E0D	대사:02	1	これだけの仙窟を作るおぬしの\n腕前を認めぬ訳にはいかんからな。	이만한 선굴을 만드는 네\n솜씨를 인정하지 않을 수 없구나。
C00781	SSS0/320:E7D	대사:02	1	強うなったのう、{05:00}。	강해졌구나、{05:00}。
C00782	SSS0/320:E90	대사:FD	1	老師が本気を出していたら\nとても勝てませんでしたよ。	노사님이 진심이셨다면\n도저히 못 이겼을 거예요。
C00783	SSS0/320:EB7	대사:02	1	ふむ、それではそういうことに\nしておこうかの。	흠、그럼 그런 걸로\n해 두마。
C00784	SSS0/320:ED6	대사:02	1	それと　　	그리고　　
C00785	SSS0/320:EE1	대사:02	1	今回のように、侵入者を仙窟で倒すと\nボーナスや貴重な道具がもらえるんじゃ。	이번처럼 침입자를 선굴에서 쓰러뜨리면\n보너스나 귀한 도구를 얻느니라。
C00786	SSS0/320:F20	대사:02	1	ちと、もったいないのう	좀 아깝구나
C00787	SSS0/320:F36	대사:02	1	仙窟内でいちど倒すと、龍穴炉に現れる\n侵入者の体力は、半分以下じゃ!	선굴 안에서 한 번 쓰러뜨리면 용혈로에 나타나는\n침입자의 체력은 절반 이하니라!
C00788	SSS0/320:F6D	대사:02	1	狙え!	노려라!
C00789	SSS0/320:FB4	대사:02	1	仙窟の仙獣達は\n元気にしておいたぞ!	선굴의 선수들은\n기운 나게 해 두었느니라!
C00790	SSS0/320:FDC	대사:FD	1	今回の目的は、何なんですか?	이번 목적은 뭔가요?
C00791	SSS0/320:100C	대사:02	1	わしの見込み違いじゃった\nかのう?	내가 잘못 본\n것이냐?
C00792	SSS0/320:1026	대사:02	1	ほれ	옜다
C00793	SSS0/320:108B	대사:FD	1	さすがは老師、まいりました。	역시 노사님、졌습니다。
C00794	SSS0/320:10A9	대사:02	1	これが敵であったらおまえは\n生きてはおらんぞ!!	이게 적이었다면 너는\n살아 있지 못했을 게다!!
C00795	SSS0/320:10CA	대사:FD	1	老師相手じゃ本気で戦えませんよ!	노사님 상대론 진심으로 못 싸워요!
C00796	SSS0/320:10EE	대사:02	1	いい訳だけは一人前じゃな。	변명만은 어엿하구나。
C00797	SSS0/320:1106	대사:02	1	よいか、{05:00}\n洞仙たるもの侵入者に負ける事は\n絶対に許されないのじゃ。	알겠느냐、{05:00}\n동선 된 자 침입자에게 지는 건\n절대 용납되지 않느니라。
C00798	SSS0/320:1137	대사:02	1	洞仙の負けは、すなわち大地の死じゃ	동선의 패배는 곧 대지의 죽음이니라
C00799	SSS0/320:1152	대사:02	1	この龍脈を蘇らす事ができれば{0A}お主も一人前の洞仙じゃ	이 용맥을 되살릴 수 있다면{0A}너도 어엿한 동선이니라
C00800	SSS0/320:117D	대사:02	1	そこをよく考えて修行をするのじゃ!	그 점을 잘 생각하며 수행하거라!
C00801	SSS0/320:1198	대사:02	1	まあ、今回はワシが相手で手加滅して\nくれたんじゃろう。	뭐、이번엔 상대가 나라서 봐준\n거겠지。
C00802	SSS0/320:11C1	대사:FD	1	そういうことにしておいて下さい。	그런 걸로 해 두세요。
C00803	SSS0/320:11E9	대사:02	2	うむ	음
C00804	SSS0/320:11EF	대사:02	1	それでは今から、洞仙最大の奥義\n「風水」を伝授するぞ。	그럼 지금부터 동선 최대의 비기\n「풍수」를 전수하마。
C00805	SSS0/320:1222	대사:FD	1	奥義「風水」　　	비기 「풍수」　　
C00806	SSS0/320:123C	글	1	ぜひ、お願いします\nもう理解していますよ	꼭 부탁드립니다\n이미 이해하고 있어요
C00807	SSS0/320:125B	대사:FD	1	奥義風水の伝授、ぜひ{0A}お願いします。	비기 풍수의 전수、꼭{0A}부탁드립니다。
C00808	SSS0/320:12C4	대사:02	1	もう一度、話をしようか?	한 번 더 이야기해 주랴?
C00809	SSS0/320:12DD	글	1	理解しましたよ{09}もう一度、お願いします	이해했어요{09}한 번 더 부탁드려요
C00810	SSS0/320:1300	대사:FD	1	理解しましたよ。	이해했어요。
C00811	SSS0/320:130E	대사:02	1	風水の力を自在に使うことで、仙窟の\n力を数十倍にする事が出来るんじゃ	풍수의 힘을 자유자재로 쓰면 선굴의\n힘을 수십 배로 만들 수 있느니라
C00812	SSS0/320:134D	대사:FD	1	もう理解していますよ	이미 이해하고 있어요
C00813	SSS0/320:135D	대사:02	1	なんじゃつまらんのぅ	뭐야、재미없구나
C00814	SSS0/320:136B	대사:02	1	それではわしは帰るぞ!	그럼 나는 돌아가마!
C00815	SSS0/320:13A5	대사:FD	1	洞仙の奥義、風水か。	동선의 비기、풍수라。
C00816	SSS0/320:13B9	대사:FD	1	難しいけど、そのうち使い\nこなせるだろう。	어렵지만 머지않아 능숙하게\n쓸 수 있겠지。
C00817	SSS0/320:13D8	대사:FD	1	老師が置いていった宝箱には\n何が入っているんだろう?	노사님이 두고 가신 보물상자엔\n뭐가 들어 있을까?
C00818	SSS0/320:141F	대사:0E	1	これでおまえに教える事は{0A}なくなったわけじゃ。	이로써 너에게 가르칠 것은{0A}없어진 셈이니라。
C00819	SSS0/320:143C	대사:0E	1	しかし、{05:00}よ{09}修行の道は、これからじゃ。	하지만 {05:00}야{09}수행의 길은 이제부터니라。
C00820	SSS0/320:145B	대사:FD	1	はい、老師様	예、노사님
C00821	SSS0/320:1468	대사:0E	1	さてこの後じゃ。	자、그다음 말이다。
C00822	SSS0/320:1478	대사:0E	1	ここから北に50里ほどの場所に\n龍脈の異常を感じるのじゃ。	여기서 북쪽으로 50리쯤 되는 곳에\n용맥의 이상이 느껴지느니라。
C00823	SSS0/320:14A2	대사:0E	1	そこでじゃ。	그래서 말이다。
C00824	SSS0/320:14AC	대사:0E	1	そこに仙窟を作ってみんか。	거기에 선굴을 만들어 보지 않겠느냐。
C00825	SSS0/320:14C9	글	1	わかりました{09}いやです。{00}	알겠습니다{09}싫어요。{00}
C00826	SSS0/320:14EA	대사:0E	1	それでは、すぐに出発の\nしたくじゃ!	그럼 당장 떠날\n채비를 하거라!
C00827	SSS0/320:1509	대사:FD	1	いやです!	싫어요!
C00828	SSS0/320:151D	대사:0E	1	どうしてじゃ?	어째서냐?
C00829	SSS0/320:1533	글	1	私は、まだまだ未熟者{09}老師とはなれたくないです{09}面倒くさい{00}	저는 아직 미숙한 몸{09}노사님과 헤어지기 싫어요{09}귀찮아요{00}
C00830	SSS0/320:1567	대사:FD	1	私は、まだまだ未熟者。	저는 아직 미숙한 몸。
C00831	SSS0/320:157A	대사:FD	1	その未熟者に、この仕事が\nつとまるとは思えません。	그런 미숙한 제가 이 일을\n해낼 수 있을 것 같지 않아요。
C00832	SSS0/320:159D	대사:0E	1	ふぉっふぉっふぉっ。	호호호。
C00833	SSS0/320:15AE	대사:0E	1	己の未熟に気付くのは\n成長したあかしじゃ。	자신의 미숙함을 깨닫는 건\n성장했다는 증거니라。
C00834	SSS0/320:15CE	대사:0E	1	{05:00}よ、自信を持って\n行動せよ。	{05:00}야、자신을 갖고\n행동하거라。
C00835	SSS0/320:15F1	대사:0E	1	おぬしなら、だいじょうぶじゃ。	너라면 괜찮을 게다。
C00836	SSS0/320:160C	대사:FD	2	わかりました老師。	알겠습니다、노사님。
C00837	SSS0/320:1627	대사:FD	1	老師とはなれたくないです。	노사님과 헤어지기 싫어요。
C00838	SSS0/320:165C	대사:0E	1	わかった!わかった!	알았다!알았어!
C00839	SSS0/320:167D	대사:FD	3	老師!	노사님!
C00840	SSS0/320:1698	대사:0E	1	あいかわらず、わけのわからん奴じゃ。	여전히 영문 모를 녀석이구나。
C00841	SSS0/320:16B4	대사:0E	1	洞仙たるもの大地を助け、徳を\n積む修行をせねばならん。	동선 된 자 대지를 돕고 덕을\n쌓는 수행을 해야 하느니라。
C00842	SSS0/320:16DF	대사:0E	1	わかるな。	알겠지。
C00843	SSS0/320:16F4	대사:0E	1	では、自分が何を為すべきか\nいまいちど考えてみるのじゃ。	그럼 자신이 무엇을 해야 할지\n다시 한번 생각해 보거라。
C00844	SSS0/320:1722	글	1	仙窟を作る事です{09}老師のお世話をする事です。{00}	선굴을 만드는 거예요{09}노사님을 보살펴 드리는 거예요。{00}
C00845	SSS0/320:1751	대사:FD	1	仙窟を作る事です。	선굴을 만드는 거예요。
C00846	SSS0/320:1765	대사:0E	1	解っているではないか。	알고 있지 않느냐。
C00847	SSS0/320:1778	대사:FD	1	それで老師のお役にたつのなら。	그게 노사님께 도움이 된다면。
C00848	SSS0/320:1791	대사:0E	1	わしの為にするのではないぞ。	나를 위해 하는 게 아니니라。
C00849	SSS0/320:17A7	대사:0E	1	まあ、よい。	뭐、좋다。
C00850	SSS0/320:17B4	대사:0E	1	今日は、ゆっくり休むがよい。	오늘은 푹 쉬거라。
C00851	SSS0/320:17D0	대사:FD	1	老師のお世話をする事です。	노사님을 보살펴 드리는 거예요。
C00852	SSS0/320:1812	대사:FD	1	え、えと、仙窟　　　　	어、음、선굴　　　　
C00853	SSS0/320:183D	대사:0E	2	なんじゃ?	뭐냐?
C00854	SSS0/320:1850	대사:FD	1	面倒くさーい!	귀찮아―!
C00855	SSS0/320:187B	대사:0E	1	こりゃ、本気で言っておるのか?	이 녀석、진심으로 하는 말이냐?
C00856	SSS0/320:189A	글	1	もちろん!{08}仙窟を作りに今すぐ行きたいです。{00}	물론이죠!{08}당장 선굴을 만들러 가고 싶어요。{00}
C00857	SSS0/320:18C1	대사:FD	3	もちろん!!	물론이죠!!
C00858	SSS0/320:18D4	대사:0E	1	ばかたれ!!	이 멍청한 놈!!
C00859	SSS0/320:18F8	영문	2	GAME OVER	
C00860	SSS0/320:1909	대사:FD	2	おしまい	끝
C00861	SSS0/320:1923	대사:0B	1	こりゃ、勝手に終わりにするでない!	이 녀석、멋대로 끝내지 말거라!
C00862	SSS0/320:193E	대사:FD	1	わっ!!	왓!!
C00863	SSS0/320:194B	대사:0B	1	とっとと、出かけんか!	어서 떠나지 못하겠느냐!
C00864	SSS0/320:196F	대사:FD	1	仙窟を作りに今すぐ行きたいです。	당장 선굴을 만들러 가고 싶어요。
C00865	SSS0/320:1988	대사:0E	1	それではすぐに出かけるのじゃ!!	그럼 당장 떠나거라!!
C00866	SSS0/320:19CB	글	1	   なんとか、修行を終えた{05:00}は\n \n老師の元を離れ、一人前の洞仙を目指しますが{03:01}　{03:01}　{03:09}\n \n  これからどうなる事で、ありましょう?	   어떻게든 수행을 마친 {05:00}은\n \n노사의 곁을 떠나 어엿한 동선을 목표로 하는데{03:01}　{03:01}　{03:09}\n \n  앞으로 어떻게 될 것인가?
C00867	SSS0/320:1A2C	글	1	レクチャーシナリオ終了「最初の仙窟」に続きます。	강의 시나리오 종료 「최초의 선굴」로 이어집니다。
C00868	SSS0/320:1A71	영문	1	{5A}{00}	
C00869	SSS0/325:3B	대사:26	12	ほんとに洞仙がいるんですか?	정말 동선이 있는 건가요?
C00870	SSS0/325:52	대사:25	12	妖怪を連れた男が、この辺りに\nいたと報告を受けたんだ。	요괴를 데리고 다니는 남자가 이 근처에\n있었다는 보고를 받았다。
C00871	SSS0/325:7E	대사:27	12	いたの?	있었어?
C00872	SSS0/325:8D	대사:28	12	いま、仙術でしらべています。	지금 선술로 조사하고 있어요。
C00873	SSS0/325:B8	대사:29	12	隊長!地下に仙窟があります。	대장님!지하에 선굴이 있습니다。
C00874	SSS0/325:D0	대사:25	12	やはりな、雷漢将軍に報告せねば。	역시、라이칸 장군께 보고해야겠군。
C00875	SSS0/325:130	대사:2A	12	宿敵洞仙を倒すのだ!!	숙적 동선을 쓰러뜨려라!!
C00876	SSS0/325:144	대사:2D	12	はいっ!!	넷!!
C00877	SSS0/325:14D	대사:2A	12	ゆけ!	가라!
C00878	SSS0/325:18D	대사:2B	12	彼らなら将軍のきたいに\nこたえてくれるでしょう。	저들이라면 장군의 기대에\n부응해 주겠지요。
C00879	SSS0/325:1B7	대사:30	12	おーい待ってくれー	어이―기다려 줘―
C00880	SSS0/325:1C7	대사:30	12	ボクもいくぞ	나도 갈래
C00881	SSS0/325:1EA	대사:30	12	はやくしてよ～!!	빨리 좀 해～!!
C00882	SSS0/325:225	대사:2B	12	やはりダメかも?	역시 안 되려나?
C00883	SSS0/325:26E	대사:38	12	これが飛天石か!!	이게 비천석인가!!
C00884	SSS0/325:27E	대사:37	12	行きます。	가겠습니다。
C00885	SSS0/325:2AF	대사:31	12	この飛天石さえあれば{0A}いくらでも兵を送り込めます。	이 비천석만 있으면{0A}얼마든지 병사를 보낼 수 있습니다。
C00886	SSS0/325:2D2	대사:33	12	これであの洞仙にひとあわ\nふかせてやれるわい!	이걸로 그 동선에게 한 방\n먹여 줄 수 있겠구먼!
C00887	SSS0/325:312	대사:0A	12	魔王のいるダンジョンってのは\n本当に在るんだろうな。	마왕이 있는 던전이란 게\n정말 있긴 한 거겠지。
C00888	SSS0/325:336	대사:0B	12	明日になればわかるわ。	내일이 되면 알겠지。
C00889	SSS0/325:349	대사:0C	19	この辺りではダンジョンの事を\n仙窟って言うらしいぞ!	이 근처에선 던전을\n선굴이라고 부른대!
C00890	SSS0/325:377	대사:0A	19	どんな奴だろうが、明日になれば\n俺の足元にころがってるぜ!!	어떤 놈이든 내일이 되면\n내 발밑에 굴러다닐 거다!!
C00891	SSS0/325:3A5	영문	19	ZZZZ	
C00892	SSS0/328:3D7	대사:FD	13	来てない!!{00}	안 왔어!!{00}
C00893	SSS0/328:4FF	대사:FD	13	敵テーブル西ようLV0A{00}	적 테이블 서쪽용LV0A{00}
C00894	SSS0/330:F0	대사:3A	19	よし!もう一回!	좋아!한 번 더!
C00895	SSS0/330:110	대사:3A	19	お前!たるんでるぞ{08}もう一回やってみろ!	너!정신 빠졌구나{08}한 번 더 해 봐!
C00896	SSS0/330:12E	대사:3B	19	はい!すいません!	넷!죄송합니다!
C00897	SSS0/330:144	대사:3A	19	腰が入ってないんだよ{09}腰が!よく見てろ!	허리가 안 들어갔잖아{09}허리가!잘 봐라!
C00898	SSS0/330:166	대사:3A	41	はっ!	핫!
C00899	SSS0/330:175	대사:3A	19	分かったか!	알겠냐!
C00900	SSS0/330:180	대사:3B	43	はい!	넷!
C00901	SSS0/330:198	대사:3A	19	よし!いいだろう!	좋아!됐다!
C00902	SSS0/330:1BB	대사:3A	19	敵は洞仙だ!	적은 동선이다!
C00903	SSS0/330:1CB	대사:3C	20	ええっ!	에엣!
C00904	SSS0/330:1D3	대사:3A	19	弱気になるな{08}お前達は強い!	약해지지 마라{08}너희는 강하다!
C00905	SSS0/330:1EA	대사:3A	19	いいか!{03:03}何事も結果が出る前から\nあきらめてはいかん!	알겠냐!{03:03}무슨 일이든 결과가 나오기 전부터\n포기해선 안 된다!
C00906	SSS0/330:221	대사:3A	19	ただ全力で洞仙にいどむだけだ{08}結果は考えるな!	그저 전력으로 동선에게 도전할 뿐이다{08}결과는 생각하지 마라!
C00907	SSS0/330:423	대사:08	7	ホント?	정말?
C00908	SSS0/330:432	대사:09	7	洞仙を倒した者には、ほうびは\n望みのままだって話だろ!	동선을 쓰러뜨린 자에겐 포상을\n원하는 대로 준다잖아!
C00909	SSS0/330:4E5	대사:06	7	今回の相手、洞仙は恐れる程の\n相手ではない。	이번 상대、동선은 두려워할 만한\n상대가 아니다。
C00910	SSS0/330:509	대사:06	6	しかし、絶対に気を抜くんじゃ\nないぞ!	하지만 절대 방심하지\n마라!
C00911	SSS0/330:566	대사:26	7	地下に洞仙がいるんですか?	지하에 동선이 있는 건가요?
C00912	SSS0/330:57E	대사:25	7	村人の通報があったんだ\n間違い無い!	마을 사람의 신고가 있었다\n틀림없어!
C00913	SSS0/330:59B	대사:25	7	一刻も早く、仙窟を探し出さないと\n大地を滅ばされちまうからな。	한시라도 빨리 선굴을 찾아내지 않으면\n대지가 멸망해 버릴 테니까。
C00914	SSS0/330:5CD	대사:27	7	見つけたの?	찾았어?
C00915	SSS0/330:5DF	대사:28	7	いま、仙術で調べている所です。	지금 선술로 조사하는 중이에요。
C00916	SSS0/330:60D	대사:28	7	地下の様子はどうだった?	지하 상황은 어땠나?
C00917	SSS0/330:621	대사:29	7	洞仙がいました。地下に巨大な\n仙窟を作っています。	동선이 있었습니다。지하에 거대한\n선굴을 만들고 있습니다。
C00918	SSS0/330:64F	대사:25	7	やはりな、洞仙め{08}急いで将軍に報告せねば。	역시、동선 놈{08}서둘러 장군께 보고해야겠군。
C00919	SSS0/330:6A7	대사:0F	8	おぬし達、なにしとるんじゃ?	너희들、뭐 하는 게냐?
C00920	SSS0/330:6C1	대사:0D	8	洞仙を倒すために、ここに飛天石\nを作るんですよ。	동선을 쓰러뜨리려고 여기에 비천석\n을 만드는 거예요。
C00921	SSS0/330:70E	대사:0D	8	　　完成すればわかりますよ。	　　완성되면 알게 될 거예요。
C00922	SSS0/330:84C	대사:1A	7	もうじき、洞天福だな。	이제 곧 동천복이군。
C00923	SSS0/330:87C	대사:1B	7	大地を滅ぼす、恐ろしい術を\n使うらしいんです。	대지를 멸망시키는 무서운 술법을\n쓴대요。
C00924	SSS0/330:8A6	대사:1A	7	おまえの恐ろしいとか、すごいは{0A}あてにならないからな。	네가 말하는 무섭다느니 대단하다느니는{0A}믿을 수가 없어서 말이야。
C00925	SSS0/330:8D1	대사:1B	7	ヒニクですか?	비꼬는 거예요?
C00926	SSS0/330:8DC	대사:1A	7	まあ、こんな辺境にまで来たんだ{09}退屈な相手とは、戦いたくないな。	뭐、이런 변방까지 왔으니{09}지루한 상대와는 싸우고 싶지 않군。
C00927	SSS0/330:919	대사:1A	7	洞仙のダンジョン、俺が\nぶっ壊してやるぜ!	동선의 던전、내가\n박살 내 주마!
C00928	SSS0/330:968	대사:3E	19	これが飛天石ってやつなのか?	이게 비천석이란 건가?
C00929	SSS0/330:984	대사:40	19	この石に触れると、洞仙とやらが\n作っている洞窟に行けるっていうアレ?	이 돌에 닿으면 동선이란 놈이\n만드는 동굴에 갈 수 있다는 그거?
C00930	SSS0/330:9B5	대사:3F	19	ははは。{03:03}そんなバカな。	하하하。{03:03}설마 그럴 리가。
C00931	SSS0/330:9D0	대사:3F	38	わあっ!	우왓!
C00932	SSS0/330:9FD	대사:40	19	い、いったいどういうトリックなの?	대、대체 무슨 속임수야?
C00933	SSS0/330:A43	대사:3E	19	ええい!ほうってはおけない!	에잇!내버려 둘 수 없다!
C00934	SSS0/330:A94	대사:0B	7	大地を滅ぼす、東国の魔族洞仙。	대지를 멸망시키는 동쪽 나라의 마족 동선。
C00935	SSS0/330:AB0	대사:0A	7	本当に魔王のダンジョン\nなんだろうな!	정말 마왕의 던전\n맞겠지!
C00936	SSS0/330:ACC	대사:0B	7	明日になればわかるわよ。	내일이 되면 알게 돼。
C00937	SSS0/330:B61	대사:41	19	　　　で、どうであった。	　　　그래、어떠했느냐。
C00938	SSS0/330:B80	대사:43	19	はっ{08}確かに洞仙とやらがこの地下にて\n仙窟を作っている模様。	넷{08}확실히 동선이란 자가 이 지하에서\n선굴을 만들고 있는 모양입니다。
C00939	SSS0/330:BB8	대사:44	19	住人の話によると、魔物を召喚し\n仙窟を守らせている、との事です。	주민의 말에 따르면 마물을 소환해\n선굴을 지키게 한다고 합니다。
C00940	SSS0/330:BF3	대사:42	19	しかも仙術とかいう怪しげな術を\n使い、なかなか手強いようです。	게다가 선술이라는 수상한 술법을\n써서 꽤 만만치 않은 모양입니다。
C00941	SSS0/330:C1F	대사:41	19	　　ふっふっふ、そうか{09}楽しめそうだな。	　　후후후、그런가{09}즐길 만하겠군。
C00942	SSS0/330:C3A	대사:41	19	我が忍びの術と、仙術とやらが\nどちらが上か確かめてくれようぞ。	나의 인술과 선술이란 것 중\n어느 쪽이 위인지 확인해 주마。
C00943	SSS0/330:C66	대사:41	19	散!	흩어져라!
C00944	SSS0/331:26	글	1	真キャラテスト\nシナリオ	진 캐릭터 테스트\n시나리오
C00945	SSS0/331:44	글	1	EXIT\n普通に始める\n通路製作伝授（始め）\n通路製作伝授（終わり）	EXIT\n보통으로 시작\n통로 제작 전수(시작)\n통로 제작 전수(끝)
C00946	SSS0/331:84	글	1	EXIT\n部屋製作伝授（始め）\n部屋製作伝授（終わり）\n部屋説明伝授（始め）	EXIT\n방 제작 전수(시작)\n방 제작 전수(끝)\n방 설명 전수(시작)
C00947	SSS0/331:CC	글	1	EXIT\n部屋説明伝授（終わり）\n新ダンジョン\n仙獣の洞窟（入口）	EXIT\n방 설명 전수(끝)\n새 던전\n선수의 동굴(입구)
C00948	SSS0/331:109	글	1	EXIT\n龍穴炉発見\n老師のエピソード\n老師龍穴炉に現れる	EXIT\n용혈로 발견\n노사 에피소드\n노사 용혈로에 나타남
C00949	SSS0/331:142	글	1	EXIT\n老師との戦闘終了\n削岩功{08}仙獣の洞窟（仙獣の前）	EXIT\n노사와 전투 종료\n삭암공{08}선수의 동굴(선수 앞)
C00950	SSS0/331:17A	글	1	EXIT\n仙獣の洞窟（ワープ部屋）\nラストエピソード	EXIT\n선수의 동굴(워프 방)\n라스트 에피소드
C00951	SSS0/333:3E	대사:00	4	キーッ	끼익
C00952	SSS0/333:5C	대사:FD	2	で{03:02}、でやがったな!	나{03:02}、나왔구나!
C00953	SSS0/333:6F	안내:01	2	{05:00}よ、落ちついて\n教えた事を、思い出すんじゃ!	{05:00}야、침착하게\n가르친 걸 떠올리거라!
C00954	SSS0/333:A8	대사:FD	2	　　　老師	　　　노사님
C00955	SSS0/333:B9	대사:FD	2	えーと。	음―。
C00956	SSS0/333:C3	대사:FD	2	こんな時は、Bボタンを\n押すんだよな。	이럴 땐 B버튼을\n누르는 거였지。
C00957	SSS0/333:E1	안내:01	2	そのとおりじゃ。	그 말대로니라。
C00958	SSS0/333:EF	안내:01	2	敵に出会ったら、Bボタンを押せば\n攻撃がでるぞ!	적을 만나면 B버튼을 누르면\n공격이 나가느니라!
C00959	SSS0/333:114	안내:01	2	Bボタンを1回押した時に出るのは\n「小攻撃」じゃ。	B버튼을 1번 눌렀을 때 나가는 건\n「소공격」이니라。
C00960	SSS0/333:170	안내:01	2	「小攻撃」は、スキの少ない攻撃じゃ{09}どんな時にも、すばやく対応できるぞ!	「소공격」은 빈틈이 적은 공격이니라{09}어떤 때든 재빨리 대응할 수 있지!
C00961	SSS0/333:1A5	대사:FD	2	あとは、Bボタンを連打すると\n「巻き物攻撃」だったかな?	그리고 B버튼을 연타하면\n「두루마리 공격」이었던가?
C00962	SSS0/333:1E1	안내:01	2	「巻き物攻撃」は、攻撃力が\n高い技じゃ。	「두루마리 공격」은 공격력이\n높은 기술이니라。
C00963	SSS0/333:20A	안내:01	2	しかし、出すのは少し難しいぞ!	하지만 쓰기가 좀 어렵느니라!
C00964	SSS0/333:235	안내:01	2	とにかく連打するのじゃ!!	아무튼 연타하거라!!
C00965	SSS0/333:27C	대사:FD	2	巻き物は、どこかな?	두루마리는 어디 있지?
C00966	SSS0/333:301	대사:FD	2	やばい、かこまれた!	큰일이다、포위당했어!
C00967	SSS0/333:314	대사:FD	2	多くの敵に、かこまれた時は{0A}Cボタンで「ダッシュ」だったな。	많은 적에게 포위당했을 땐{0A}C버튼으로 「대시」였지。
C00968	SSS0/333:36F	안내:01	2	そのとおりじゃ、ダッシュを\nうまく使い、敵の攻撃をかわすのが\n戦闘のコツじゃ!	그 말대로니라、대시를\n잘 써서 적의 공격을 피하는 것이\n전투의 요령이니라!
C00969	SSS0/333:3AD	안내:0C	2	ダッシュはCボタンを押した\n時間により移動きょりが変わるぞ!	대시는 C버튼을 누른\n시간에 따라 이동 거리가 달라지느니라!
C00970	SSS0/333:3D9	대사:FD	2	ダッシュの最中にBボタンを押すと\n「スマッシュ」だったな。	대시 중에 B버튼을 누르면\n「스매시」였지。
C00971	SSS0/333:410	안내:0C	2	「スマッシュ」は、敵を遠くに\nはじき飛ばす攻撃じゃ!	「스매시」는 적을 멀리\n튕겨 날리는 공격이니라!
C00972	SSS0/333:444	안내:0C	2	ダッシュからの技は「スマッシュ」\nだけでは、無かったはずじゃぞ!	대시에서 나가는 기술은 「스매시」\n만이 아니었을 텐데!
C00973	SSS0/333:472	대사:FD	2	Cボタンを押した直後にBボタンで\n「キック」が、だせるんだっけ!	C버튼을 누른 직후 B버튼으로\n「킥」을 쓸 수 있었던가!
C00974	SSS0/333:4AE	안내:01	2	「キック」は、射程内なら\n方向に関係なく当たるぞ!	「킥」은 사정거리 안이라면\n방향에 상관없이 맞느니라!
C00975	SSS0/333:4EA	안내:0C	2	ダッシュからの技を使いこなせば\n百戦して危うからずじゃ!	대시에서 나가는 기술을 능숙하게 쓰면\n백전불태니라!
C00976	SSS0/333:548	대사:FD	2	いくぜ!雑魚ども!	간다!잡몹들아!
C00977	SSS0/334:B7	안내:08	2	エネルギー ＋1000	에너지 ＋1000
C00978	SSS0/334:CB	안내:08	2	部屋ポイント ＋1	방 포인트 ＋1
C00979	SSS0/334:DF	안내:08	2	通路ポイント ＋1	통로 포인트 ＋1
C00980	SSS0/334:10A	안내:08	2	部屋ポイント ＋3	방 포인트 ＋3
C00981	SSS0/334:131	안내:08	2	通路ポイント ＋3	통로 포인트 ＋3
C00982	SSS0/334:15E	안내:08	2	エネルギー ＋600	에너지 ＋600
C00983	SSS0/334:173	안내:08	13	HPが回復した!!	HP가 회복되었다!!
C00984	SSS0/334:189	안내:08	13	MPが回復した!!	MP가 회복되었다!!
C00985	SSS0/334:23E	안내:03	13	     龍穴炉\n \n   龍脈の中心部です{09} \n龍脈を活性化させるには龍穴炉に\n \n一定値以上のエネルギーをそそが\n \n   なければなりません。	     용혈로\n \n   용맥의 중심부입니다{09} \n용맥을 활성화하려면 용혈로에\n \n일정 이상의 에너지를 부어야\n \n   합니다。
C00986	SSS0/334:2A2	안내:07	9	龍穴炉の中心で、Cボタンを押すと\n \n エネルギーをそそぎこむための\n \n  ウィンドウが開きます。	용혈로 중심에서 C버튼을 누르면\n \n 에너지를 붓기 위한\n \n  창이 열립니다。
C00987	SSS0/334:2EB	안내:05	13	  大地の力が低下しています{09} \nダンジョンポイントを確認しながら\n \n仙窟を作り龍穴炉を見つけましょう。	  대지의 힘이 떨어지고 있습니다{09} \n던전 포인트를 확인하면서\n \n선굴을 만들어 용혈로를 찾읍시다。
C00988	SSS0/334:33A	안내:0A	13	{05:01}を仲間にしていないので\n \n バトルモードでスタートします。	{05:01}를 동료로 삼지 않았으므로\n \n 배틀 모드로 시작합니다。
C00989	SSS0/334:368	안내:0A	13	      仙獣を召喚し\n \nバランスよく仙窟を成長させましょう。	      선수를 소환해\n \n균형 있게 선굴을 키웁시다。
C00990	SSS0/334:39C	안내:0A	13	龍穴炉へのエネルギーの振り込みは\n \n 1ターンに1度しかできません。	용혈로에 에너지 투입은\n \n 1턴에 1번만 할 수 있습니다。
C00991	SSS0/334:3DB	안내:06	13	大地は、死にひんしています\n \n    龍穴炉から\n \n龍脈に、エネルギーをそそぎ\n \n大地に命を取り戻しましょう	대지가 죽어 가고 있습니다\n \n    용혈로에서\n \n용맥에 에너지를 부어\n \n대지에 생명을 되찾읍시다
C00992	SSS0/334:4F7	안내:07	13	    龍穴炉から\n \n龍脈に、エネルギーをそそぎ\n \n大地に命を取り戻しましょう	    용혈로에서\n \n용맥에 에너지를 부어\n \n대지에 생명을 되찾읍시다
C00993	SSS0/334:600	안내:09	13	 じょじょにですが大地は\n \n生命力を取り戻して来ました	 조금씩이지만 대지가\n \n생명력을 되찾고 있습니다
C00994	SSS0/334:6FA	안내:09	13	   大地は生命力を取り戻し\n \n龍脈はじょじょに、回復して来ました	   대지는 생명력을 되찾고\n \n용맥은 서서히 회복되고 있습니다
C00995	SSS0/334:802	안내:08	12	   たまごに少しずつ\n \n大地の気が、送られ始めました。	   알에 조금씩\n \n대지의 기가 보내지기 시작했습니다。
C00996	SSS0/334:838	안내:08	12	 龍脈が少しずつ活性化しています{09} \nよい気がたまごにそそがれ始めました。	 용맥이 조금씩 활성화되고 있습니다{09} \n좋은 기가 알에 부어지기 시작했습니다。
C00997	SSS0/334:878	안내:08	12	龍脈の活性化にともない\n \nたまごの成長も良好です。	용맥의 활성화와 함께\n \n알의 성장도 순조롭습니다。
C00998	SSS0/334:8AE	안내:08	12	   もう少しで\n \nたまごはかえりそうです。	   조금만 더 있으면\n \n알이 부화할 것 같습니다。
C00999	SSS0/334:DE3	안내:0A	13	こりゃ、しっかりせんか!!	이 녀석、정신 차리지 못하겠느냐!!
C01000	SSS0/334:DFC	안내:0A	13	しかたがないのう。	어쩔 수 없구나。
C01001	SSS0/334:E28	대사:FD	13	今度は油断しないぜ!!{00}	이번엔 방심하지 않겠어!!{00}
C01002	SSS0/334:EC3	안내:0C	6	岩盤に変化が起きました!	암반에 변화가 일어났습니다!
C01003	SSS0/334:10A8	안내:0F	18	こののち、死に絶えた大地は、二度と命を育む事は\n \n        なかったという	그 후、죽어 버린 대지는 두 번 다시 생명을 키우는 일이\n \n        없었다고 한다
C01004	SSS0/335:83	글	12	{05:00}、部屋ポイントを使い\nきってしまったのですね。{p}大地の力を、あなたに特別に渡します。{p}早く龍穴炉を見つけ{0A}龍脈を蘇らせて下さい。	{05:00}、방 포인트를 다\n써 버렸군요。{p}대지의 힘을 당신에게 특별히 드리겠습니다。{p}어서 용혈로를 찾아{0A}용맥을 되살려 주세요。
C01005	SSS0/335:F5	안내:0C	12	{05:00}は部屋ポイントを得た!!	{05:00}은 방 포인트를 얻었다!!
C01006	SSS0/336:54	대사:57	2	これから、仙窟破壊作戦を始めるぞ。	지금부터 선굴 파괴 작전을 시작한다。
C01007	SSS0/336:70	대사:57	2	作戦の内容は{0A}「仙窟の破壊と妖怪の退治」だ!!	작전 내용은{0A}「선굴 파괴와 요괴 퇴치」다!!
C01008	SSS0/336:99	대사:57	2	以上、質問はあるか?	이상、질문 있나?
C01009	SSS0/336:AB	대사:5B	2	洞仙って、どんな奴なんでしょう?	동선이란 건 어떤 놈인가요?
C01010	SSS0/336:D9	대사:57	2	おい、こいつは?	어이、이 녀석은?
C01011	SSS0/336:F4	대사:58	2	はい。新入りです、隊長殿!	넷。신입입니다、대장님!
C01012	SSS0/336:111	대사:57	2	そうか、では説明してやろう{09}洞仙とは、地にわく寄生虫の\n様な奴等だ。	그런가、그럼 설명해 주지{09}동선이란 땅에 들끓는 기생충\n같은 놈들이다。
C01013	SSS0/336:142	대사:5B	2	寄生虫ですか。	기생충이요。
C01014	SSS0/336:150	대사:57	2	奴等は、地下に仙窟を作る{09}そして陽気を吸い上げ{0A}大地を死滅させる。	놈들은 지하에 선굴을 만든다{09}그리고 양기를 빨아올려{0A}대지를 죽게 만든다。
C01015	SSS0/336:187	대사:5B	2	し{03:01}、死滅させるのですか!	주{03:01}、죽게 만든다고요!
C01016	SSS0/336:19B	대사:57	2	そうさせないために{0A}我々が戦うのだ!	그렇게 두지 않으려고{0A}우리가 싸우는 것이다!
C01017	SSS0/336:1B4	대사:5B	2	わかりました{09}天転隊長!	알겠습니다{09}텐텐 대장님!
C01018	SSS0/336:208	대사:1F	2	お前ら、どうしたんだ?	너희들、무슨 일이냐?
C01019	SSS0/336:22A	대사:20	2	あっ天転隊長!	앗 텐텐 대장님!
C01020	SSS0/336:239	대사:21	2	今日も、洞仙にやられました!	오늘도 동선한테 당했습니다!
C01021	SSS0/336:269	대사:1F	2	やられっぱなしで、戻って来たのか!	당하기만 하고 돌아온 거냐!
C01022	SSS0/336:280	대사:21	2	外人の傭兵が、ちゃんと戦ってるから\n大丈夫ですよ!	외국인 용병들이 제대로 싸우고 있으니\n괜찮아요!
C01023	SSS0/336:2A8	대사:21	2	あいつらよく働くんで、俺ら\n楽させてもらってますよ。	그 녀석들 일을 잘해서 저희는\n편하게 지내고 있죠。
C01024	SSS0/336:2CC	대사:21	2	なあ?	그치?
C01025	SSS0/336:2D8	대사:20	2	あいつらも、なかなかやる\nもんだよな。	그 녀석들도 꽤 하는\n편이야。
C01026	SSS0/336:309	대사:21	2	案外、洞仙を倒すの\n俺達じゃなくて{0A}あいつらだったりして。	의외로 동선을 쓰러뜨리는 건\n우리가 아니라{0A}그 녀석들일지도。
C01027	SSS0/336:331	대사:20	2	言えてる、言えてる。	맞아、맞아。
C01028	SSS0/336:353	대사:1F	1	この、あほたれども!	이、얼간이들!
C01029	SSS0/336:4F8	대사:1F	2	将軍に出撃を止められていたが{0A}もうガマンできない!	장군께서 출격을 막으셨지만{0A}더는 못 참겠다!
C01030	SSS0/336:521	대사:1F	1	オレが、洞天軍の強さを\n洞仙に教えてやるぜ!!	내가 동천군의 강함을\n동선에게 가르쳐 주마!!
C01031	SSS0/336:59C	대사:57	1	洞仙め!オレの槍術たっぷりと\n拝ませてやるぜ!!	동선 놈!내 창술을 실컷\n보여 주마!!
C01032	SSS0/336:5D2	대사:05	2	天転隊長!!	텐텐 대장님!!
C01033	SSS0/336:5E0	대사:06	2	我々もお供します。	저희도 함께 가겠습니다。
C01034	SSS0/336:5FE	대사:57	2	よし!出発だ!!	좋아!출발이다!!
C01035	SSS0/336:663	대사:F9	1	行くぞ、妖怪ども!!	간다、요괴들아!!
C01036	SSS0/336:68A	대사:F9	3	ここだな!	여기로군!
C01037	SSS0/336:6AC	대사:F9	1	こんな処で、やられてたまるか　　	이런 곳에서 당할까 보냐　　
C01038	SSS0/336:719	대사:06	2	隊長!!	대장님!!
C01039	SSS0/336:7AE	대사:05	2	やい、お前が洞仙か!!	야、네가 동선이냐!!
C01040	SSS0/336:7C7	대사:FD	2	フフフ、いかにも俺がこの仙窟の主{0A}{05:00}だ!	후후후、그렇다 내가 이 선굴의 주인{0A}{05:00}다!
C01041	SSS0/336:7ED	대사:FC	2	そして僕たちが{0A}{05:00}様を守る仙獣軍団!	그리고 저희가{0A}{05:00}님을 지키는 선수 군단!
C01042	SSS0/336:811	대사:FD	2	軍団はおおげさだだけどな。	군단은 좀 과장이지만。
C01043	SSS0/336:82A	대사:FC	2	いいんですよ!	괜찮아요!
C01044	SSS0/336:83B	대사:05	2	オレの名は、東天転だ!	내 이름은 토 텐텐이다!
C01045	SSS0/336:853	대사:05	2	今から俺が洞天軍の本当の\n強さを見せてやる!	지금부터 내가 동천군의 진짜\n강함을 보여 주마!
C01046	SSS0/336:882	대사:FD	2	テンテン?	텐텐?
C01047	SSS0/336:899	대사:FD	2	さっきから、気になってんだけど\nお前らの隊長、女なのか?	아까부터 신경 쓰였는데\n너희 대장、여자냐?
C01048	SSS0/336:8C5	대사:08	2	そうである。	그렇소。
C01049	SSS0/336:8D8	대사:FC	2	はっきり言って我々を\nナメてるみたいですな!	솔직히 말해 우리를\n얕보는 것 같군요!
C01050	SSS0/336:8FC	대사:06	2	だまれ、洞仙!!	닥쳐라、동선!!
C01051	SSS0/336:911	대사:09	2	俺達の隊長が女で悪いか!	우리 대장이 여자라서 불만이냐!
C01052	SSS0/336:92A	대사:FD	2	だってテンテンだろ?	그치만 텐텐이잖아?
C01053	SSS0/336:938	대사:FD	2	クスクス、そんなかわいらしい\n名前の奴とは‥‥戦えないよ俺!	킥킥、그렇게 귀여운\n이름을 가진 녀석과는‥‥못 싸우겠어 난!
C01054	SSS0/336:999	대사:FD	2	お前らも、そうだよなぁ?	너희도 그렇지?
C01055	SSS0/336:9BF	대사:FD	2	俺は忙しいんだ、帰んなちゃい\nテンテンちゃん!	난 바쁘거든、집에 가렴\n텐텐 짱!
C01056	SSS0/336:9E6	대사:FC	2	ケラケラ	깔깔
C01057	SSS0/336:9F4	대사:05	1	よ、{03:02}よくも馬鹿にしてくれたな!	잘、{03:02}잘도 바보 취급을 했겠다!
C01058	SSS0/336:A6B	대사:FD	2	たしかに、今日まで戦った相手の中で\nあんたが最強だったよ!	확실히 오늘까지 싸운 상대 중에\n당신이 최강이었어!
C01059	SSS0/336:AA8	대사:05	5	くそっ!	젠장!
C01060	SSS0/336:ABA	대사:05	2	{05:00}だったな・・\nその名は忘れないぞ!	{05:00}였지‥\n그 이름은 잊지 않겠다!
C01061	SSS0/336:AD8	대사:FD	3	じゃあね、テンテンちゃん	그럼 안녕、텐텐 짱
C01062	SSS0/336:AEB	대사:05	3	覚えてろーーーーぉ!!	두고 보자――――!!
C01063	SSS0/336:B51	대사:FC	5	バイバイ。	바이바이。
C01064	SSS0/336:B89	안내:08	11	  シナリオキャラクター\n \n   仙窟内撃破成功{08} \n撃破ボーナス1000エネルギー	  시나리오 캐릭터\n \n   선굴 내 격파 성공{08} \n격파 보너스 1000에너지
C01065	SSS0/336:C1C	안내:0C	13	そのとき地上では{03:01}・{03:01}・{03:01}・	그때 지상에서는{03:01}‥{03:01}‥{03:01}‥
C01066	SSS0/337:35	대사:00	2	邪悪・・・・?	사악한‥‥?
C01067	SSS0/337:49	대사:00	2	何かしら恨みを持った者の気か?	무언가 원한을 품은 자의 기운인가?
C01068	SSS0/337:77	대사:00	2	そやつと戦ってはいかん!{08}今のお前では、勝つ事は出来んぞ!!	그자와 싸워선 안 된다!{08}지금의 너로는 이길 수 없느니라!!
C01069	SSS0/337:E7	안내:08	1	      {05:00}は{0A} \n 老師の元を離れ、仙窟を作る修行を\n \n   窟子仙と共に開始しました。	      {05:00}은{0A} \n 노사의 곁을 떠나 선굴을 만드는 수행을\n \n   굴자선과 함께 시작했습니다。
C01070	SSS0/337:12A	안내:0C	2	一応、皆伝となりましたが{03:01}‥{03:01}‥{03:01}	일단 비전을 전수받긴 했지만{03:01}‥{03:01}‥{03:01}
C01071	SSS0/337:17B	대사:FD	2	老師の言っていた{0A}龍脈の弱った場所って\nこの辺だよね?	노사님이 말씀하신{0A}용맥이 약해진 곳이\n이 근처였지?
C01072	SSS0/337:1AA	대사:0A	2	僕は向こうだと、思うんですけど・・	저는 저쪽 같은데요‥
C01073	SSS0/337:1D7	대사:FD	2	そっちは逆だよ!	그쪽은 반대야!
C01074	SSS0/337:1E4	대사:0A	2	だって、{05:00}様、さっきから\n同じ所をぐるぐる回ってますよ!	하지만 {05:00}님、아까부터\n같은 곳을 빙빙 돌고 있잖아요!
C01075	SSS0/337:209	대사:FD	2	いいや、こっちで間違いない!	아니、이쪽이 틀림없어!
C01076	SSS0/337:226	대사:0A	2	だから、違いますって!	그러니까 아니라니까요!
C01077	SSS0/337:236	대사:FD	2	俺の長年の勘が、そう言ってるんだ!	내 오랜 감이 그렇게 말하고 있어!
C01078	SSS0/337:250	대사:0A	2	長年って　　{05:00}様　　	오랜 감이라니　　{05:00}님　　
C01079	SSS0/337:266	대사:0A	2	まあ、確かに近いとは\n思いますけど。	뭐、가깝긴 한 것\n같지만요。
C01080	SSS0/337:286	대사:FD	2	とにかく俺は、この辺を捜すよ!	아무튼 난 이 근처를 찾을게!
C01081	SSS0/337:2A7	대사:0A	2	じゃあ、僕は向こうを\n見てきますよ。	그럼 저는 저쪽을\n보고 올게요。
C01082	SSS0/337:307	대사:FD	2	絶対、このあたりだと\n思うんだけどな。	분명히 이 근처인 것\n같은데 말이야。
C01083	SSS0/337:353	대사:FD	2	女の子が、こんな所で昼寝って\n事は、ないよなぁ?	여자애가 이런 곳에서 낮잠을\n자고 있을 리는 없겠지?
C01084	SSS0/337:377	대사:FD	2	もしもーし!!	여보세요―!!
C01085	SSS0/337:390	대사:FD	2	怪我してる。	다쳤잖아。
C01086	SSS0/337:3A3	대사:FD	3	回復功!!	회복공!!
C01087	SSS0/337:3F3	대사:FD	7	だいじょうぶ?	괜찮아?
C01088	SSS0/337:403	대사:26	2	あたし、まだ生きてる?	나、아직 살아 있어?
C01089	SSS0/337:433	대사:FD	2	応急処置をしたから、もう大丈夫さ!	응급 처치를 했으니까 이제 괜찮아!
C01090	SSS0/337:462	대사:26	2	あなたが助けてくれたの?	당신이 구해 준 거야?
C01091	SSS0/337:47A	대사:FD	2	ま{03:01}、まあね。	뭐{03:01}、뭐 그렇지。
C01092	SSS0/337:49C	대사:26	2	ありがとう{09}私、{05:01}っていうの	고마워{09}난 {05:01}라고 해
C01093	SSS0/337:4B0	대사:FD	2	ぼ{03:01}、ぼくは、{05:00}{09}どうしたの、こんな山の中で?	나{03:01}、나는 {05:00}{09}어쩐 일이야、이런 산속에서?
C01094	SSS0/337:4DB	대사:26	2	私、森の向こうの洞天福に\n向かってたの。	나、숲 너머에 있는 동천복으로\n가던 중이었어。
C01095	SSS0/337:4FA	대사:26	2	私が山道を歩いていると突然{0A}妖怪が襲って来たの。	산길을 걷고 있는데 갑자기{0A}요괴가 덮쳐 왔어。
C01096	SSS0/337:527	대사:FD	2	妖怪だって!!	요괴라고!!
C01097	SSS0/337:53B	대사:26	2	この辺は、洞仙や妖怪が出るから\n用心はしてたんだけど　　	이 근처는 동선이나 요괴가 나오니까\n조심은 했는데　　
C01098	SSS0/337:576	대사:26	2	それで私、必死に逃げたの。	그래서 난 필사적으로 도망쳤어。
C01099	SSS0/337:58B	대사:26	2	逃げて{03:01}、逃げて{03:01}、やっと\n逃げおおせたと思ったら\nそこで力つきて　　	도망치고{03:01}、도망쳐서{03:01}、겨우\n벗어났다 싶었는데\n거기서 힘이 다해서　　
C01100	SSS0/337:5C2	대사:26	2	私　　気を失って倒れていたのね。	나　　정신을 잃고 쓰러져 있었구나。
C01101	SSS0/337:5E5	대사:FD	2	それは、大変だったね。	그거 큰일 날 뻔했네。
C01102	SSS0/337:5F6	대사:26	2	すごく恐かった。	너무 무서웠어。
C01103	SSS0/337:62D	대사:26	3	そういえば　　	그러고 보니　　
C01104	SSS0/337:63A	대사:26	2	妖怪達は何処にいったの\nかしら　　	요괴들은 어디로 갔을\n까　　
C01105	SSS0/337:65D	대사:FD	2	ボクが来たときは、妖怪なんて\nいなかったよ。	내가 왔을 땐 요괴 같은 건\n없었어。
C01106	SSS0/337:682	대사:26	2	よかった。	다행이다。
C01107	SSS0/337:692	대사:FD	2	妖怪が出てあぶない山道でしょ{0A}街まで送って行こうか?	요괴가 나오는 위험한 산길이잖아{0A}마을까지 데려다줄까?
C01108	SSS0/337:6C2	대사:26	4	ホントに!	정말!
C01109	SSS0/337:6CB	대사:26	2	ありがとう♡	고마워♡
C01110	SSS0/337:70E	대사:26	2	街に着いたら\nお礼をしなくちゃ♡	마을에 도착하면\n답례해야겠다♡
C01111	SSS0/337:72B	대사:FD	2	やったー!!	앗싸―!!
C01112	SSS0/337:740	대사:26	2	でも、お礼って言っても\nたいした事出来ないけど、	하지만 답례라고 해도\n별건 못 하지만、
C01113	SSS0/337:761	대사:FD	2	何だって、かまわないさ!!	뭐든 상관없어!!
C01114	SSS0/337:77A	대사:26	2	それじゃあね{03:01}‥{03:01}‥{03:01}‥{03:01}\n{05:00}さんの好きな食べ物って?	그럼 말이야{03:01}‥{03:01}‥{03:01}‥{03:01}\n{05:00}씨가 좋아하는 음식은?
C01115	SSS0/337:7AD	대사:FD	2	好きな食べ物か　	좋아하는 음식이라　
C01116	SSS0/337:7BD	대사:26	2	私の得意な料理だと\nいいけどな・・	내가 잘하는 요리면\n좋겠는데‥
C01117	SSS0/337:7DB	대사:FD	2	うーーん	으――음
C01118	SSS0/337:7EA	대사:26	2	どんな料理でも一通りは\n大丈夫よ!	어떤 요리든 웬만한 건\n자신 있어!
C01119	SSS0/337:80F	대사:FD	2	じゃあ、クロトカゲまんじゅう!	그럼、검은도마뱀 만두!
C01120	SSS0/337:858	대사:FD	2	アロエパパイヤのスープ\nなんかも好きだな。	알로에 파파야 수프\n같은 것도 좋아해。
C01121	SSS0/337:875	대사:26	2	食通さんみたいな物が\n好みなのね‥‥。	미식가 같은 걸\n좋아하는구나‥‥。
C01122	SSS0/337:89E	대사:FD	2	そうかなぁ?	그런가?
C01123	SSS0/337:8AF	대사:FD	2	{05:01}が作ってくれる物なら\nなんでも大丈夫だよ!!	{05:01}가 만들어 주는 거라면\n뭐든 괜찮아!!
C01124	SSS0/337:8D7	대사:26	2	よーし、がんばって\n作るぞ{03:01}ってね!	좋아、열심히\n만들어 볼까{03:01}하고!
C01125	SSS0/337:8EF	대사:FD	2	じゃあ、そろそろ行こうか。	그럼 슬슬 갈까。
C01126	SSS0/337:90E	대사:26	2	うん、洞天は多分こっちよ!	응、동천은 아마 이쪽일 거야!
C01127	SSS0/337:936	대사:00	2	おーい!{05:00}様!!!	어이―!{05:00}님!!!
C01128	SSS0/337:950	대사:FD	2	あ、忘れてた・・	아、깜빡했다‥
C01129	SSS0/337:969	대사:26	2	友達がいたの?	친구가 있었어?
C01130	SSS0/337:980	대사:FD	7	うん!	응!
C01131	SSS0/337:99D	대사:26	2	きゃーーーーーーっ!!!	꺄아――――――――!!!
C01132	SSS0/337:9C6	대사:FD	2	あっ、待ってよぉぉ!	앗、기다려어어!
C01133	SSS0/337:9E5	대사:00	2	{05:00}様!!	{05:00}님!!
C01134	SSS0/337:A30	대사:00	2	{05:00}様\n遊んでちゃ!だめですよ!	{05:00}님\n놀고 계시면!안 돼요!
C01135	SSS0/337:A5E	대사:FD	2	人助けなんだってば!	사람을 도운 거라니까!
C01136	SSS0/337:A7C	대사:00	2	何言ってんですか!!	무슨 소리세요!!
C01137	SSS0/337:A96	대사:00	2	老師の言っていた場所は\n向こうの方でしたよ。	노사님이 말씀하신 곳은\n저쪽이었어요。
C01138	SSS0/337:AC1	대사:FD	2	おれは、あっちへ行くから!	난 저쪽으로 갈 거야!
C01139	SSS0/337:AE3	대사:00	2	だめですよ{08}ほらほら出かけましょう。	안 돼요{08}자자、가요。
C01140	SSS0/337:B47	대사:FD	2	やだ!やだ!	싫어!싫어!
C01141	SSS0/338:3E	대사:FD	2	これが、俺が初めて自力で\n見つけた龍穴炉か‥‥‥	이게 내가 처음으로 혼자 힘으로\n찾은 용혈로인가‥‥‥
C01142	SSS0/338:6C	대사:FD	2	奥に扉があるな{09}いったい何なのだろう?{00}	안쪽에 문이 있네{09}대체 뭘까?{00}
C01143	SSS0/338:8D	대사:FD	2	開かない扉が、あったんだっけ!	안 열리는 문이 있었지!
C01144	SSS0/338:A2	대사:FD	2	洞仙究極の術「解封呪」\n今が、使い時だな!!{00}	동선 궁극의 술법 「해봉주」\n지금이 쓸 때로군!!{00}
C01145	SSS0/338:D0	대사:FD	2	そう言えば、大地の加護が\n無いと使えない術だった。	그러고 보니 대지의 가호가\n없으면 못 쓰는 술법이었지。
C01146	SSS0/338:FE	대사:FC	2	しっかりしてくださいよ!{00}	정신 좀 차리세요!{00}
C01147	SSS0/338:115	대사:FD	2	大地に、陽気を注ぎ込んだって\n感じがするぜ!!	대지에 양기를 불어넣었다는\n느낌이 들어!!
C01148	SSS0/338:140	대사:FC	2	{05:00}様、先は長いんだから\nしっかりして下さいね。	{05:00}님、갈 길이 머니까\n정신 차리세요。
C01149	SSS0/338:160	대사:FD	2	わかってるって!{00}	알고 있다니까!{00}
C01150	SSS0/338:17B	안내:05	1	もしもゲーム中に仙窟用語や操作方法を\n \n忘れてしまって困った時にはXボタンで\n \nウインドウ画面を開いて「ヘルプ」の\n \n項目を選びましょう。	만약 게임 중에 선굴 용어나 조작 방법을\n \n잊어버려 곤란할 때는 X버튼으로\n \n창 화면을 열고 「도움말」\n \n항목을 고르세요。
C01151	SSS0/338:1E0	안내:05	1	「用語解説」の中の「仙窟関係各名称」\n \nに用語一貿が出ます。「風水盤」の項目\n \nを選ぶと説明が表示され、関連項目まで\n \n続けて読み進むことができます。	「용어 해설」 중 「선굴 관계 각 명칭」\n \n에 용어 목록이 나옵니다。「풍수반」 항목\n \n을 고르면 설명이 표시되고 관련 항목까지\n \n이어서 읽어 나갈 수 있습니다。
C01152	SSS0/338:275	안내:05	1	「扉の出来る法則」はヘルプの中の\n \n「仙窟に関する疑問」にあります{09} \nムービーで実際に扉がつかない状態と\n \n比べてみることができます。	「문이 생기는 법칙」은 도움말 중\n \n「선굴에 관한 의문」에 있습니다{09} \n무비로 실제로 문이 안 생기는 상태와\n \n비교해 볼 수 있습니다。
C01153	SSS0/338:2F1	안내:07	1	ヘルプの中の「集計タイム関係」で\n \n項目ごとに詳しく説明しています。	도움말의 「집계 타임 관계」에서\n \n항목마다 자세히 설명하고 있습니다。
C01154	SSS0/338:340	안내:05	1	強化の手順はとても複雑です{09} \nヘルプの「集計タイム関係」の中の\n \n「部屋の強化方法」を一度見ておくと\n \nいいでしょう。	강화 순서는 아주 복잡합니다{09} \n도움말의 「집계 타임 관계」 중\n \n「방 강화 방법」을 한번 봐 두면\n \n좋을 것입니다。
C01155	SSS0/338:39D	안내:07	1	画面の数値の意味が分からない場合は\n \n「画面の見方」が便利です。	화면 수치의 의미를 모를 때는\n \n「화면 보는 법」이 편리합니다。
C01156	SSS0/338:3EE	안내:07	1	ヘルプの「用語解説」の中に\n \n「部屋各種」という項目があります。	도움말의 「용어 해설」 중에\n \n「방 각종」이라는 항목이 있습니다。
C01157	SSS0/338:43E	안내:05	1	ヘルプの「仙獣に関する疑問」の\n \n「仙獣の行軍のさせ方」からの\n \n関連項目に行軍関係の詳しい\n \n用語解説があります。	도움말 「선수에 관한 의문」의\n \n「선수 행군시키는 법」에서 이어지는\n \n관련 항목에 행군 관계의 자세한\n \n용어 해설이 있습니다。
C01158	SSS0/338:4B6	안내:07	1	ヘルプの「用語解説」の中に\n \n「仙獣各種」という項目があります。	도움말의 「용어 해설」 중에\n \n「선수 각종」이라는 항목이 있습니다。
C01159	SSS0/338:506	안내:05	1	ヘルプの「その他」の「操作説明」や\n \n「特殊操作説明」の項目でキー操作の\n \n一貿を見ることができます。戦闘中は\n \nヘルプは開けないので注意して下さい。	도움말 「기타」의 「조작 설명」이나\n \n「특수 조작 설명」 항목에서 키 조작\n \n목록을 볼 수 있습니다。전투 중에는\n \n도움말을 열 수 없으니 주의하세요。
C01160	SSS0/340:61	안내:08	13	 シナリオキャラクターが\n \n 仙窟に侵入して来ました\n \n索敵スピードを選択して下さい	 시나리오 캐릭터가\n \n 선굴에 침입해 왔습니다\n \n색적 속도를 선택하세요
C01161	SSS0/340:A5	글	13	索敵スピード標準\n索敵スピード高速{00}	색적 속도 표준\n색적 속도 고속{00}
C01162	SSS0/340:16B	글	19	大変でしたね。{p}徴力ですが僕の力を貸しましょう{p}あなたに大地の加護が\nありますように	힘드셨죠。{p}미력하지만 제 힘을 빌려 드릴게요{p}당신에게 대지의 가호가\n있기를
C01163	SSS0/340:1C7	안내:0C	25	仙窟の仙獣達が元気になりました	선굴의 선수들이 기운을 차렸습니다
C01164	SSS0/340:217	안내:08	15	セーブポイントです。	세이브 포인트입니다。
C01165	SSS0/340:22F	글	15	セーブする\nセーブしない{00}	세이브한다\n세이브하지 않는다{00}
C01166	SSS0/340:282	안내:08	16	HP／MPが回復しました。	HP／MP가 회복되었습니다。
C01167	SSS0/384:1DE	검증필요	10	ヤ てぬ{p}ヤ て{00}	
C01168	SSS0/386:2B5	대사:1B	52	見つけたぜ!!	찾았다!!
C01169	SSS0/387:E3	대사:FC	13	{05:00}さま{08}生産部屋を作りましょう。	{05:00}님{08}생산 방을 만들어요。
C01170	SSS0/387:FD	대사:FC	13	生産部屋を作らないと、仙窟で使う\nエネルギーが足りなくなりますよ。{00}	생산 방을 안 만들면 선굴에서 쓸\n에너지가 부족해져요。{00}
C01171	SSS0/387:133	대사:FC	13	{05:00}さま{08}練丹部屋を作りましょう。	{05:00}님{08}연단 방을 만들어요。
C01172	SSS0/387:14D	대사:FC	13	練丹部屋は仙丹を作る部屋です{09}仙丹は部屋を強化するのに必要な\nものなんです。{00}	연단 방은 선단을 만드는 방이에요{09}선단은 방을 강화하는 데 필요한\n거예요。{00}
C01173	SSS0/387:190	대사:FC	13	{05:00}さま{08}召喚部屋を作りましょう。	{05:00}님{08}소환 방을 만들어요。
C01174	SSS0/387:1AA	대사:FC	13	召喚部屋は仲間の仙獣を\n呼び出す部屋です。{00}	소환 방은 동료 선수를\n불러내는 방이에요。{00}
C01175	SSS0/387:1D7	대사:FC	13	{05:00}さま{08}すぐに味方のグループを作って下さい。	{05:00}님{08}당장 아군 그룹을 만들어 주세요。
C01176	SSS0/387:1F7	대사:FC	13	味方のグループがいないと仙窟は\n機能しないんです。{00}	아군 그룹이 없으면 선굴은\n기능하지 않아요。{00}
C01177	SSS0/387:223	대사:FC	13	{05:00}さま{08}味方のグループを作りましょう。	{05:00}님{08}아군 그룹을 만들어요。
C01178	SSS0/387:23F	대사:FC	13	味方を召喚する時に使う仙丹は部屋に\nたまった物ではなくて{05:00}さま\nが持っている仙丹なんです。	아군을 소환할 때 쓰는 선단은 방에\n쌓인 게 아니라 {05:00}님\n이 가진 선단이에요。
C01179	SSS0/387:27F	대사:FC	13	仙丹が足りない時は練丹部屋で\n引き出して下さい。{00}	선단이 부족할 땐 연단 방에서\n꺼내 주세요。{00}
C01180	SSS0/387:2B2	대사:FC	13	{05:00}さま{08}仙窟を作るポイントは、龍穴炉に\nエネルギーを入れるともらえますよ。{00}	{05:00}님{08}선굴을 만드는 포인트는 용혈로에\n에너지를 넣으면 받을 수 있어요。{00}
C01181	SSS0/387:2E6	대사:FC	13	{05:00}どの、ポイントが切れたら\n迷わず龍穴炉をめざす事です。{00}	{05:00}공、포인트가 떨어지면\n망설이지 말고 용혈로로 가시오。{00}
C01182	SSS0/387:310	대사:FC	13	ねえ、ポイントが無いわよ{09}龍穴炉にエネルギー入れなきゃ!{00}	저기、포인트가 없잖아{09}용혈로에 에너지 넣어야지!{00}
C01183	SSS0/387:33E	대사:FC	13	{05:00}さま{08}仲間が大勢、傷ついています{09}すぐに召喚部屋で蘇らせて下さい。	{05:00}님{08}동료가 많이 다쳤어요{09}당장 소환 방에서 되살려 주세요。
C01184	SSS0/387:370	대사:FC	13	おねがいします。{00}	부탁드려요。{00}
C01185	SSS0/387:39F	대사:FC	13	俺は大地の為に働いてるんだぜ{08}どうして龍穴炉にエネルギーを\n入れないんだ!!	난 대지를 위해 일하고 있다고{08}왜 용혈로에 에너지를\n안 넣는 거야!!
C01186	SSS0/387:3DD	대사:FC	13	私達、大地の為に働いているんでしょ{07}龍穴炉にいきましょう。	우리、대지를 위해 일하는 거잖아{07}용혈로에 가요。
C01187	SSS0/387:412	대사:FC	13	{05:00}、そろそろ龍穴炉に\nエネルギーを入れんと大地の加護が\n無くなるぞ!	{05:00}、슬슬 용혈로에\n에너지를 넣지 않으면 대지의 가호가\n사라지느니라!
C01188	SSS0/387:450	대사:FC	28	がうがう	가우가우
C01189	SSS0/387:465	대사:FC	13	洞仙さま、そろそろ龍穴炉に\n行った方がいいスよ!	동선님、슬슬 용혈로에\n가시는 게 좋겠슈!
C01190	SSS0/387:493	대사:FC	13	{05:00}さま{08}ずーと、龍穴炉にいってませんよ!	{05:00}님{08}한참 동안 용혈로에 안 가셨어요!
C01191	SSS0/387:4BA	대사:FC	13	洞仙!あんた大地の為に働くんじゃ\n無かったのか!	동선!당신 대지를 위해 일하는 거\n아니었어?
C01192	SSS0/387:4E8	대사:FC	13	大地の為に働くとか言ってたわりに\n龍穴炉には行かないんですね。	대지를 위해 일한다더니\n용혈로엔 안 가시네요。
C01193	SSS0/387:51F	대사:FC	13	そろそろ龍穴炉に向かうのが得策と\n私は思います。	슬슬 용혈로로 향하는 게 상책이라고\n저는 생각합니다。
C01194	SSS0/387:54E	대사:FC	13	あなたね、大地の為に働くんでしょ{08}すぐに龍穴炉にいくわよ。	당신 말이야、대지를 위해 일한다며{08}당장 용혈로에 가자。
C01195	SSS0/387:581	대사:FC	13	大地の為に働くんだろ。{00}	대지를 위해 일한다며。{00}
C01196	SSS0/387:5A0	대사:FC	13	{05:00}さま{08}どうして龍穴炉にエネルギーを\n入れないのですか?	{05:00}님{08}왜 용혈로에 에너지를\n안 넣으시는 거죠?
C01197	SSS0/387:5C5	대사:FC	13	ボクたちは大地の為に働いて\nいるんですよね。{00}	저희는 대지를 위해 일하고\n있는 거죠?{00}
C01198	SSS0/387:5EC	대사:FC	13	{05:00}さま{09}ちょっと仙窟がせまいような\n気がします。{00}	{05:00}님{09}선굴이 좀 좁은 것\n같아요。{00}
C01199	SSS0/387:614	대사:FC	13	{05:00}さま{09}この仙窟は少しせまいような気が\nするんですけど　　　{00}	{05:00}님{09}이 선굴은 좀 좁은 것 같은\n데요　　　{00}
C01200	SSS0/387:650	대사:FC	13	生産部屋ぜんぶ無くなっちゃた。{00}	생산 방이 다 없어져 버렸어。{00}
C01201	SSS0/387:66A	대사:FC	13	{05:00}、生産部屋が綜て\n壊されたようじゃ!!{00}	{05:00}、생산 방이 모두\n부서진 모양이니라!!{00}
C01202	SSS0/387:68B	대사:FC	13	{05:00}さま!{08}生産部屋が一つも動いてません、何とか\nしないと仙窟が死んでしまいます。{00}	{05:00}님!{08}생산 방이 하나도 안 움직여요、어떻게\n안 하면 선굴이 죽어 버려요。{00}
C01203	SSS0/387:6C4	대사:FC	13	生産部屋が綜て壊されたようですね。	생산 방이 모두 부서진 모양이네요。
C01204	SSS0/387:6DF	대사:FC	13	洞仙サマの作戦ミスですね。{00}	동선님의 작전 실수네요。{00}
C01205	SSS0/387:6F6	대사:FC	13	どうやら生産部屋が全滅\nしたようですな。	아무래도 생산 방이 전멸\n한 모양이구려。
C01206	SSS0/387:714	대사:FC	13	エネルギーを運び出す事も重要ですが\n生産部屋を破壊されぬ事は\nもっと重要ですぞ。{00}	에너지를 운반하는 것도 중요하지만\n생산 방을 부서지지 않게 하는 게\n더 중요하오。{00}
C01207	SSS0/387:750	대사:FC	13	生産部屋が全滅したようね。	생산 방이 전멸한 모양이네。
C01208	SSS0/387:767	대사:FC	13	エネルギーや仙丹を運ぶ{09}部屋を回復する{09}仙窟を守る。	에너지나 선단을 나른다{09}방을 회복한다{09}선굴을 지킨다。
C01209	SSS0/387:78F	대사:FC	13	私達にはそれぞれ得意な事があるの{09}そこをしっかり理解しなきゃ。{00}	우리에겐 각자 잘하는 게 있어{09}그걸 잘 이해해야지。{00}
C01210	SSS0/387:7CB	대사:FC	13	わーん、仙窟のエネルギーが\n無くなっちゃう。{00}	으앙、선굴의 에너지가\n없어져 버려。{00}
C01211	SSS0/387:7EA	대사:FC	13	生産部屋をだいぶやられたようじゃ{08}何とかせんと、いかんな。{00}	생산 방이 꽤 당한 모양이구나{08}어떻게든 해야겠느니라。{00}
C01212	SSS0/387:812	대사:FC	13	{05:00}さま!{08}生産部屋が、半分くらい\n止まっています。{00}	{05:00}님!{08}생산 방이 절반쯤\n멈췄어요。{00}
C01213	SSS0/387:839	대사:FC	13	生産部屋をやられたようですね。{00}	생산 방이 당한 모양이네요。{00}
C01214	SSS0/387:852	대사:FC	13	{05:00}どの、生産部屋が\nだいぶやられたようですね。	{05:00}공、생산 방이\n꽤 당한 모양이오。
C01215	SSS0/387:872	대사:FC	13	ここは、じっくりと部屋回復専用\n部隊でも作るのはいかがでしょう?{00}	여기선 차분히 방 회복 전용\n부대라도 만드는 게 어떻겠소?{00}
C01216	SSS0/387:8A1	대사:FC	13	だいぶ、生産部屋が壊されてる\nみたいよ!	생산 방이 꽤 부서진\n것 같아!
C01217	SSS0/387:8BE	대사:FC	13	あんたが頼りなんだから\nしっかりなさいよ!{00}	당신만 믿고 있으니까\n정신 좀 차려!{00}
C01218	SSS0/387:8EA	대사:FC	13	練丹部屋ぜんぶ壊れちゃった{09}どうしよう{05:00}?{00}	연단 방이 다 부서졌어{09}어떡해 {05:00}?{00}
C01219	SSS0/387:90B	대사:FC	13	練丹部屋が綜て壊されたようじゃ{09}急いで回復部隊を向かわせるのじゃ!{00}	연단 방이 모두 부서진 모양이니라{09}서둘러 회복 부대를 보내거라!{00}
C01220	SSS0/387:93E	대사:FC	13	{05:00}さま\n練丹部屋が一つも動いてません。何とか\nしないと仙窟が強化できなくなります。{00}	{05:00}님\n연단 방이 하나도 안 움직여요。어떻게\n안 하면 선굴을 강화할 수 없게 돼요。{00}
C01221	SSS0/387:979	대사:FC	13	言わんこっちゃない{09}練丹部屋は、全滅したようですね。	그러게 말했잖아요{09}연단 방은 전멸한 모양이네요。
C01222	SSS0/387:99E	대사:FC	13	どうします洞仙サマ。{00}	어쩌실래요、동선님。{00}
C01223	SSS0/387:9B0	대사:FC	13	どうやら練丹部屋は全滅のようですな{09}策の練り直しが必要ですぞ!!	아무래도 연단 방은 전멸인 모양이구려{09}작전을 다시 짜야겠소!!
C01224	SSS0/387:9DF	대사:FC	13	ポイントは、グループの編成と\nそのルートですぞ。{00}	요점은 그룹 편성과\n그 루트요。{00}
C01225	SSS0/387:A01	대사:FC	13	練丹部屋が、全滅したようね{09}味方の編成とルートを\nしっかり考えなきゃ。{00}	연단 방이 전멸한 모양이네{09}아군 편성과 루트를\n잘 생각해야지。{00}
C01226	SSS0/387:A45	대사:FC	13	えーと、練丹部屋がいっぱい\n壊れてるよ。{00}	음―、연단 방이 잔뜩\n부서졌어。{00}
C01227	SSS0/387:A64	대사:FC	13	練丹部屋の守りが{0A}だいぶ手薄なようじゃ。{00}	연단 방의 수비가{0A}꽤 허술한 모양이구나。{00}
C01228	SSS0/387:A85	대사:FC	13	{05:00}さま!{08}練丹部屋が半分くらい\n止まっています。{00}	{05:00}님!{08}연단 방이 절반쯤\n멈췄어요。{00}
C01229	SSS0/387:AAB	대사:FC	13	練丹部屋がだいぶやられてる\nみたいですね。	연단 방이 꽤 당한\n것 같네요。
C01230	SSS0/387:AC8	대사:FC	13	もう少し考えたら洞仙サマ。{00}	좀 더 생각하시죠、동선님。{00}
C01231	SSS0/387:ADF	대사:FC	13	練丹部屋の守りが薄いようですな{09}私を別のグループに入れて行動させる\nという作戦はどうですかな?{00}	연단 방의 수비가 약한 모양이구려{09}나를 다른 그룹에 넣어 행동시키는\n작전은 어떻소?{00}
C01232	SSS0/387:B22	대사:FC	13	練丹部屋がだいぶやられてる\nみたいね{08}早めに手を考えなさいよ。{00}	연단 방이 꽤 당한\n것 같네{08}빨리 대책을 세워。{00}
C01233	SSS0/387:B59	대사:FC	26	ピィ!ピィ!	피이!피이!
C01234	SSS0/387:B71	대사:FC	13	無事だったかい!!	무사했구나!!
C01235	SSS0/387:B8C	대사:FC	14	よかった!	다행이다!
C01236	SSS0/387:BA1	대사:FC	13	一人で戦うなんてムチャしおる	혼자 싸우다니 무모하기는
C01237	SSS0/387:BC2	대사:FC	13	がう、がう	가우、가우
C01238	SSS0/387:BD7	대사:FC	13	あたしゃ、洞仙様の事\n信じてましたから	저야 동선님을\n믿고 있었는뎁쇼
C01239	SSS0/387:BFF	대사:FC	13	{05:00}様、無事だったんですね!	{05:00}님、무사하셨군요!
C01240	SSS0/387:C20	대사:FC	13	一人でやっちまうなんてさすがだな!	혼자 해치우다니 역시 대단한데!
C01241	SSS0/387:C43	대사:FC	13	今回は生き残れたからよかったけど{0A}一人で戦うのは賢くないよな。	이번엔 살아남았으니 다행이지만{0A}혼자 싸우는 건 현명하지 않아。
C01242	SSS0/387:C7A	대사:FC	13	あたしをおいて戦うなんて\nあんまりです。	저를 두고 싸우시다니\n너무해요。
C01243	SSS0/387:C93	대사:FC	13	はっきり言って心配しました。	솔직히 말해 걱정했어요。
C01244	SSS0/387:CB4	대사:FC	13	一人で倒したのかい!	혼자 쓰러뜨렸어!
C01245	SSS0/387:CC5	대사:FC	13	さすがだね!	역시 대단해!
C01246	SSS0/387:CDB	대사:FC	13	一人で倒すとはさすがだな{00}	혼자 쓰러뜨리다니 역시로군{00}
C01247	SSS0/387:D15	대사:FC	13	何処に行ったのか。	어디 간 걸까。
C01248	SSS0/387:D31	대사:FC	13	たいじょうぶかな～	괜찮을까～
C01249	SSS0/387:D4B	대사:FC	13	戻ってこんの。	안 돌아오는구나。
C01250	SSS0/387:D63	대사:FC	13	グ～ゥ、グ～ゥ	그～르릉、그～르릉
C01251	SSS0/387:D7C	대사:FC	13	きっと戻ってくるでやんす。	분명 돌아올 거구먼유。
C01252	SSS0/387:D9A	대사:FC	13	{05:00}さま、どこに\nいったんだろう?	{05:00}님、어디\n가셨을까?
C01253	SSS0/387:DDB	대사:FC	13	一人で行ったんでしょ?死んじゃって\nるんじゃないのかな。	혼자 갔지?죽어 버린\n거 아닐까。
C01254	SSS0/387:E0B	대사:FC	26	どこいったんだろう!	어디 간 거지!
C01255	SSS0/387:E3F	대사:FC	13	どこにいったんじゃ?{00}	어디 간 게냐?{00}
C01256	SSS0/387:E68	대사:FC	13	さー	글쎄―
C01257	SSS0/387:E75	대사:FC	13	しりませんな	모르겠구려
C01258	SSS0/388:41	대사:FD	2	おまえらも、そう思うだろ?	너희도 그렇게 생각하지?
C01259	SSS0/388:5B	대사:FD	2	これで、いいはずだよな　　	이걸로 됐을 거야　　
C01260	SSS0/388:76	대사:FD	2	口ほどにもないな!	말만 번지르르하군!
C01261	SSS0/388:9C	대사:FD	2	戦いだ!	싸움이다!
C01262	SSS0/388:AD	대사:FD	2	準備は、いいか!	준비는 됐나!
C01263	SSS0/388:D6	대사:FC	2	ピ。{00}	피。{00}
C01264	SSS0/388:DF	대사:FC	2	まったくじゃ。{00}	그렇고말고。{00}
C01265	SSS0/388:EC	대사:FC	2	ガウ。{00}	가우。{00}
C01266	SSS0/388:F5	대사:FC	2	そうでやすね。{00}	그렇구먼유。{00}
C01267	SSS0/388:102	대사:FC	2	無論だ!{00}	물론이다!{00}
C01268	SSS0/388:10E	대사:FC	2	私もそう思う。{00}	나도 그렇게 생각해。{00}
C01269	SSS0/388:12D	대사:FC	2	うむ。{00}	음。{00}
C01270	SSS0/388:136	대사:FC	2	そうよね、私もそう思う。{00}	그렇지、나도 그렇게 생각해。{00}
C01271	SSS0/388:14A	대사:FC	2	まったくです。{00}	그렇고말고요。{00}
C01272	SSS0/388:157	대사:FC	2	ケケケ、めずらしく\nまともなことを、おっしゃいますね。{00}	케케케、웬일로\n옳은 말씀을 하시네요。{00}
C01273	SSS0/388:178	대사:FC	2	そうですね、わたしも\nそのとおりだと思います。{00}	그렇네요、저도\n그 말대로라고 생각해요。{00}
C01274	SSS0/388:196	대사:FC	2	拙者もそう思うぞ。{00}	소인도 그리 생각하오。{00}
C01275	SSS0/388:1B8	대사:FC	2	チッチチ。{00}	찍찍찍。{00}
C01276	SSS0/388:1C3	대사:FC	2	そんなことじゃから\nおまえさんはいつも\n頭が悪いと言われるんじゃ。{00}	그러니까 네놈은 늘\n머리가 나쁘단 소릴\n듣는 게다。{00}
C01277	SSS0/388:1ED	대사:FC	2	むがむがー{00}	우물우물―{00}
C01278	SSS0/388:1F8	대사:FC	2	え、ほんとに{07}じょうだんすよね?{00}	에、정말요{07}농담이죠?{00}
C01279	SSS0/388:20E	대사:FC	2	まてまて、そりゃちょっと\nまずいんじゃねえのか?{00}	잠깐잠깐、그건 좀\n곤란하지 않냐?{00}
C01280	SSS0/388:22C	대사:FC	2	それではだめだ。{00}	그래선 안 된다。{00}
C01281	SSS0/388:24A	대사:FC	2	反対だ。{00}	반대다。{00}
C01282	SSS0/388:256	대사:FC	2	えー、うっそおー{0A}あたししーらない!{00}	에―、거짓말―{0A}난 몰라―!{00}
C01283	SSS0/388:26E	대사:FC	2	洞仙さま、それはまずいと\n思うんですけど。{00}	동선님、그건 곤란할 것\n같은데요。{00}
C01284	SSS0/388:28C	대사:FC	2	いやだなあ、またそんな冗談を{09}ぼくは{05:00}様を\n信用していますとも、ええ。{00}	싫다、또 그런 농담을{09}저는 {05:00}님을\n믿고 있다고요、네。{00}
C01285	SSS0/388:2BB	대사:FC	2	お言葉ですが洞仙様{0A}それはちょっと違いませんか。{00}	외람되지만 동선님{0A}그건 좀 아니지 않습니까。{00}
C01286	SSS0/388:2DF	대사:FC	2	いや、それはいかんぞ。{00}	아니、그건 안 되느니라。{00}
C01287	SSS0/388:300	대사:FC	2	ピッピッピ!{00}	삐삐삐!{00}
C01288	SSS0/388:30F	대사:FC	2	ほほう、いやいや\nなかなかやるのう。{00}	호오、이야\n제법이구나。{00}
C01289	SSS0/388:327	대사:FC	2	がおおおん。{00}	가오오옹。{00}
C01290	SSS0/388:333	대사:FC	2	おっしゃ、それでこそ\n我等の英雄、{05:00}様だ!{00}	좋았어、그래야\n우리의 영웅 {05:00}님이지!{00}
C01291	SSS0/388:354	대사:FC	2	さすが{05:00}\nやってくれるぜ!{00}	역시 {05:00}\n해내는구나!{00}
C01292	SSS0/388:368	대사:FC	2	さすがだな。{00}	역시로군。{00}
C01293	SSS0/388:384	대사:FC	2	見事だ。{00}	훌륭하다。{00}
C01294	SSS0/388:390	대사:FC	2	ばっちりね!{00}	완벽해!{00}
C01295	SSS0/388:39C	대사:FC	2	やりましたね、さすが\n洞仙さまです。{00}	해냈네요、역시\n동선님이에요。{00}
C01296	SSS0/388:3B6	대사:FC	2	すばらしい、偶然ですか?{00}	훌륭해요、우연인가요?{00}
C01297	SSS0/388:3CA	대사:FC	2	お見事です、洞仙様。{00}	훌륭하십니다、동선님。{00}
C01298	SSS0/388:3DF	대사:FC	2	{05:00}殿\n拙者、感服いたした。{00}	{05:00}공\n소인、감복했소。{00}
C01299	SSS0/388:406	대사:FC	13	!、!{00}	!、!{00}
C01300	SSS0/388:40D	대사:FC	13	ええい、まったく\n仕方がないのう!{00}	에잇、정말\n어쩔 수 없구나!{00}
C01301	SSS0/388:424	대사:FC	13	がうぉーん!!{00}	가워어엉!!{00}
C01302	SSS0/388:42F	대사:FC	13	いよっと、待ってました\nおれっちの出番っすね!{00}	옳지、기다리고 있었슈\n내 차례구먼유!{00}
C01303	SSS0/388:44D	대사:FC	13	行くぜ、泣いたって\n知らねえからな!{00}	간다、울어도\n난 모른다!{00}
C01304	SSS0/388:466	대사:FC	13	戦闘開始!{00}	전투 개시!{00}
C01305	SSS0/388:483	대사:FC	13	強い者だけ来い。{00}	강한 자만 와라。{00}
C01306	SSS0/388:492	대사:FC	13	わーん、敵だー!{00}	으앙、적이다―!{00}
C01307	SSS0/388:49F	대사:FC	13	洞仙さまのジャマは\nさせませんよ!{00}	동선님을 방해하게\n두지 않겠어요!{00}
C01308	SSS0/388:4B6	대사:FC	13	いらっしゃいませ{0A}心より歓迎いたしますよ。{00}	어서 오십시오{0A}진심으로 환영합니다。{00}
C01309	SSS0/388:4D2	대사:FC	13	皆さん、気を付けて\n行きますよ!{00}	여러분、조심해서\n갑시다!{00}
C01310	SSS0/388:4EA	대사:FC	13	拙者の斧をとくと\n味わうがよかろう!{00}	소인의 도끼 맛을\n똑똑히 보시오!{00}
C01311	SSS0/388:514	대사:FC	13	!～!!{00}	!～!!{00}
C01312	SSS0/388:51D	대사:FC	13	これだからいやなんじゃ!{00}	이래서 싫다는 게다!{00}
C01313	SSS0/388:52D	대사:FC	13	がおーがおー!{00}	가오―가오―!{00}
C01314	SSS0/388:538	대사:FC	13	おおっと、服は\n汚さないで下さいよ!{00}	어이쿠、옷은\n더럽히지 말아 주세요!{00}
C01315	SSS0/388:551	대사:FC	13	ほい来た、ご苦労さん{09}ゆっくりおねんね\nさせてやるよ!{00}	옳거니 왔구나、수고했어{09}푹 재워\n주마!{00}
C01316	SSS0/388:573	대사:FC	13	精神を集中しろ!{00}	정신을 집중해라!{00}
C01317	SSS0/388:593	대사:FC	13	面白い。{00}	재미있군。{00}
C01318	SSS0/388:59D	대사:FC	13	えーっ、戦うのー?{00}	에―、싸우는 거야―?{00}
C01319	SSS0/388:5AB	대사:FC	13	来い、ぼくたちが相手だ!{00}	덤벼라、우리가 상대다!{00}
C01320	SSS0/388:5BE	대사:FC	13	手加滅はしないほうが\nよろしいでしょうか。{00}	봐 드리지 않는 편이\n좋겠지요。{00}
C01321	SSS0/388:5DA	대사:FC	13	全力で戦わせて\nいただきますよ!{00}	전력으로 싸우도록\n하겠습니다!{00}
C01322	SSS0/388:5F1	대사:FC	13	不心得者めが、覚悟せい!{00}	괘씸한 놈、각오하시오!{00}
C01323	SSS0/388:619	대사:FC	2	ピイヨ。{00}	피이요。{00}
C01324	SSS0/388:624	대사:FC	2	準備できたぞい。{00}	준비됐느니라。{00}
C01325	SSS0/388:634	대사:FC	2	ごう。{00}	고오。{00}
C01326	SSS0/388:63D	대사:FC	2	準備オッケーっす。{00}	준비 오케이유。{00}
C01327	SSS0/388:64E	대사:FC	2	準備完了、さあ\nどうすんだい?{00}	준비 완료、자\n어쩔 거야?{00}
C01328	SSS0/388:667	대사:FC	2	準備は完了{0A}次の指示を。{00}	준비는 완료{0A}다음 지시를。{00}
C01329	SSS0/388:690	대사:FC	2	完了。{00}	완료。{00}
C01330	SSS0/388:69B	대사:FC	2	準備おーけーよ。{00}	준비 오케이야。{00}
C01331	SSS0/388:6AB	대사:FC	2	{05:00}さま{0A}準備できましたよ。{00}	{05:00}님{0A}준비됐어요。{00}
C01332	SSS0/388:6C1	대사:FC	2	そろそろ次の指示を\nお願いしますよ{0A}準備は整いましたので。{00}	슬슬 다음 지시를\n부탁드려요{0A}준비는 다 됐으니까요。{00}
C01333	SSS0/388:6EB	대사:FC	2	洞仙様、準備が整いました。{00}	동선님、준비가 끝났습니다。{00}
C01334	SSS0/388:704	대사:FC	2	準備よし、では\nいかがいたそう。{00}	준비됐소、그럼\n어찌하리까。{00}
C01335	SSS0/390:ED	대사:08	5	始めの場所はここじゃ{09}大地の力がおとろえ始めておる	처음 장소는 여기니라{09}대지의 힘이 쇠하기 시작했구나
C01336	SSS0/390:125	대사:FD	5	なんか、嫌な場所ですね。	왠지 기분 나쁜 곳이네요。
C01337	SSS0/390:13F	대사:08	5	龍脈を活性化させ、この地を\n蘇らせるのじゃ!	용맥을 활성화해 이 땅을\n되살리거라!
C01338	SSS0/390:2DF	대사:FD	5	夜か	밤인가
C01339	SSS0/390:2FD	대사:FD	5	ここもひどい事になってますね。	여기도 심각하네요。
C01340	SSS0/390:314	대사:0E	5	ここには仙窟があったのじゃ	여기엔 선굴이 있었느니라
C01341	SSS0/390:32A	대사:FD	5	それじゃあ、どうしてこんな事に	그럼 어쩌다 이렇게
C01342	SSS0/390:33E	대사:0E	5	仙窟は、今は止まっておる。	선굴은 지금 멈춰 있다。
C01343	SSS0/390:358	대사:FD	5	どうしてですか?	어째서요?
C01344	SSS0/390:367	대사:0E	5	人間達に壊されたんじゃ!	인간들이 부순 게다!
C01345	SSS0/390:37E	대사:FD	5	それでこの土地は{0A}このありさまですか。	그래서 이 땅이{0A}이 꼴이군요。
C01346	SSS0/390:39A	대사:0E	5	人間達は洞仙が、大地を砂漠に\n変えてると思っているのじゃ。	인간들은 동선이 대지를 사막으로\n바꾼다고 생각하느니라。
C01347	SSS0/390:3C9	대사:FD	5	ひどい誤解ですね。	심한 오해네요。
C01348	SSS0/390:3DB	대사:0E	5	まったくじゃ。	그렇고말고。
C01349	SSS0/390:3E6	대사:0E	5	じゃが、{03:03}洞仙の中にも私欲の為に\nその力を使う者もおる	하지만{03:03}동선 중에도 사욕을 위해\n그 힘을 쓰는 자가 있다
C01350	SSS0/390:40F	대사:0E	5	そんな者のためにわしらまで\n誤解されとるんじゃ	그런 자들 때문에 우리까지\n오해받고 있는 게다
C01351	SSS0/390:430	대사:FD	5	老師、もしも俺の仙窟に\n人間達が入って来たら。	노사님、만약 제 선굴에\n인간들이 들어오면。
C01352	SSS0/390:45A	대사:0E	5	その時は仙獣達と協力して\n仙窟を守るのじゃ!	그때는 선수들과 협력해\n선굴을 지키거라!
C01353	SSS0/390:5A1	대사:FD	5	これは、なんですか?	이건 뭔가요?
C01354	SSS0/390:5AF	대사:36	5	これは飛天石と呼ばれる物じゃ	이건 비천석이라 불리는 것이니라
C01355	SSS0/390:5C6	대사:FD	5	へーっ、飛天功みたいにブワーッと\nワープするんですか?	와、비천공처럼 휙―하고\n워프하는 건가요?
C01356	SSS0/390:5EA	대사:36	5	うむ、これは仙窟に入って来る\n為の物なんじゃ。	음、이건 선굴에 들어오기\n위한 것이니라。
C01357	SSS0/390:60B	대사:FD	5	人間達ですか?	인간들이요?
C01358	SSS0/390:68E	대사:01	5	最後に教える事は仙獣の事じゃ。	마지막으로 가르칠 것은 선수에 관해서니라。
C01359	SSS0/390:6A8	대사:01	5	仙獣を呼び出す部屋は何部屋か\n覚えたか?	선수를 불러내는 방은 무슨 방인지\n기억하느냐?
C01360	SSS0/390:6CD	대사:FD	5	召喚部屋ですよね。	소환 방이죠。
C01361	SSS0/390:6E1	대사:01	5	そのとおりじゃ	그 말대로니라
C01362	SSS0/390:6EF	대사:01	1	召喚部屋で始めから呼び出せる\n仙獣は12種類じゃが　　	소환 방에서 처음부터 불러낼 수 있는\n선수는 12종류지만　　
C01363	SSS0/390:71B	대사:01	1	始めは、この3種の仙獣を\n呼ぶのが良かろう。	처음엔 이 3종의 선수를\n부르는 게 좋을 게다。
C01364	SSS0/390:784	대사:01	5	左から窟子仙（くっしせん）	왼쪽부터 굴자선
C01365	SSS0/390:7A1	대사:01	5	幼龍仙（ようりゅうせん）	유룡선
C01366	SSS0/390:7BF	대사:01	5	華翼仙（かよくせん）	화익선
C01367	SSS0/390:7D9	대사:FD	5	仙獣は仙窟で何をするんですか?	선수는 선굴에서 뭘 하나요?
C01368	SSS0/390:7FC	대사:1C	5	ボクはエネルギーの運撒を\n得意としてます。	저는 에너지 운반을\n잘해요。
C01369	SSS0/390:825	대사:1D	6	がう	가우
C01370	SSS0/390:837	대사:1C	5	幼龍仙は仙丹の運撒が得意です。	유룡선은 선단 운반을 잘해요。
C01371	SSS0/390:861	대사:1E	5	ピッピッ!	삐삐!
C01372	SSS0/390:873	대사:1C	5	華翼仙は壊れた部屋をなおす\n事ができるんです。	화익선은 부서진 방을 고칠\n수 있어요。
C01373	SSS0/390:898	대사:1E	5	ピピピ!	삐삐삐!
C01374	SSS0/390:8AE	대사:01	5	仙獣達には、それぞれ得意分野が\nあるんじゃ。	선수들에겐 각자 잘하는 분야가\n있느니라。
C01375	SSS0/390:8D2	대사:FD	5	得意分野ですか?	잘하는 분야요?
C01376	SSS0/390:8FE	대사:01	5	エネルギーを運ぶ仙獣、仙丹を運ぶ仙獣\n足が速い仙獣、足が遅い仙獣	에너지를 나르는 선수、선단을 나르는 선수\n발이 빠른 선수、발이 느린 선수
C01377	SSS0/390:932	대사:01	1	さらには、壊れた部屋を直す事が\nできる仙獣もおる。	게다가 부서진 방을 고칠 수\n있는 선수도 있지。
C01378	SSS0/390:964	대사:01	5	仙獣達をどのように使いこなすか{0A}お前の技量が試される所じゃ。	선수들을 어떻게 부릴지{0A}네 기량이 시험받는 대목이니라。
C01379	SSS0/390:98F	대사:01	5	それでは{05:00}に\n仙窟を作ってもらおうかの。	그럼 {05:00}에게\n선굴을 만들게 해 볼까。
C01380	SSS0/390:9ED	대사:0E	5	この地は死にかけておる{09}急いで龍脈を活性化させねばならん。	이 땅은 죽어 가고 있다{09}서둘러 용맥을 활성화해야 하느니라。
C01381	SSS0/390:A16	대사:0E	5	時間にして10ターン以内に龍脈に\n必要量を入れなければならんのじゃ	시간으로 치면 10턴 안에 용맥에\n필요한 양을 넣어야 하느니라
C01382	SSS0/390:A48	대사:FD	5	龍穴炉にエネルギーを\n入れればいいんですよね。	용혈로에 에너지를\n넣으면 되는 거죠。
C01383	SSS0/390:A6A	대사:0E	5	おぬしには700のエネルギーを\n渡そう。	너에겐 700의 에너지를\n주마。
C01384	SSS0/390:AA1	대사:0E	5	この地を蘇らせるには、1000の\nエネルギーが必要なんじゃ。	이 땅을 되살리려면 1000의\n에너지가 필요하느니라。
C01385	SSS0/390:ACA	대사:0E	10	仙窟を作りエネルギーを集めて\n来るんじゃ!	선굴을 만들어 에너지를 모아\n오거라!
C01386	SSS0/390:AE8	대사:0E	5	エネルギーを作る部屋は\n生産部屋じゃぞ。	에너지를 만드는 방은\n생산 방이니라。
C01387	SSS0/390:B07	대사:0E	1	それから仙窟を作る前にエネルギーを\nぜんぶ龍穴炉に入れるような事は\nしてはいかんぞ!	그리고 선굴을 만들기 전에 에너지를\n전부 용혈로에 넣는 짓은\n해선 안 되느니라!
C01388	SSS0/390:B3E	대사:0E	1	ヘルプを使える様にしておいたから{0A}活用するのじゃぞ。	도움말을 쓸 수 있게 해 두었으니{0A}활용하거라。
C01389	SSS0/390:BA0	대사:0E	5	そんなに振り込んでしまって\n後はどうすつもりじゃ!	그렇게 다 투입해 버리면\n나중엔 어쩔 셈이냐!
C01390	SSS0/390:BC3	대사:0E	5	生産部屋を作らずにエネルギーを\n使ってしまったら\n何も出来なくなってしまうんじゃ。	생산 방을 만들지 않고 에너지를\n써 버리면\n아무것도 못 하게 되느니라。
C01391	SSS0/390:BFC	대사:0E	5	今回はやり直しじゃ{08}次からは、気をつけるんじゃ。	이번엔 다시 하거라{08}다음부턴 조심하거라。
C01392	SSS0/390:C6B	대사:0E	5	この上に壊れた仙窟があるのじゃ	이 위에 부서진 선굴이 있느니라
C01393	SSS0/390:C85	대사:0E	5	壊れた仙窟を修理する事は\n仙獣にしか出来んぞ!	부서진 선굴을 수리하는 건\n선수만 할 수 있느니라!
C01394	SSS0/390:CAD	대사:FD	5	仙獣ですか?	선수요?
C01395	SSS0/390:CBC	대사:0E	5	うむ、壊れた仙窟をなおす能力を\n持っているのは華翼仙じゃ!	음、부서진 선굴을 고치는 능력을\n가진 건 화익선이니라!
C01396	SSS0/390:CE6	대사:FD	5	華翼仙を召喚すれば\n修理できるのですか?	화익선을 소환하면\n수리할 수 있나요?
C01397	SSS0/390:D08	대사:0E	5	華翼仙は、{05:00}のグループに\nいても部屋回復能力は発揮出来んぞ!	화익선은 {05:00}의 그룹에\n있으면 방 회복 능력을 못 쓰느니라!
C01398	SSS0/390:D3C	대사:FD	5	それでは、どうすればいいのですか?	그럼 어떻게 하면 되나요?
C01399	SSS0/390:D54	대사:0E	5	仙獣だけのグループを作る事じゃ。	선수만으로 된 그룹을 만드는 게다。
C01400	SSS0/390:D72	대사:0E	5	ここの龍脈は1000のエネルギーを\nそそげば蘇るぞ!	이곳의 용맥은 1000의 에너지를\n부으면 되살아나느니라!
C01401	SSS0/390:D93	대사:0E	1	知恵をしぼって龍脈を\n蘇らせるのじゃ。	지혜를 짜내 용맥을\n되살리거라。
C01402	SSS0/390:DD2	대사:0E	5	この地を蘇らせるに1000の\nエネルギーが必要なんじゃ。	이 땅을 되살리는 데 1000의\n에너지가 필요하느니라。
C01403	SSS0/390:E14	대사:0E	5	仙窟を作る前にエネルギーをぜんぶ\n龍穴炉に入れるような事はしては\nいかんぞ!{00}	선굴을 만들기 전에 에너지를 전부\n용혈로에 넣는 짓은 해선\n안 되느니라!{00}
C01404	SSS0/390:E5E	글	5	エネルギーの因素が集まった場所に\n生産部屋を作れば簡単にエネルギーを\n手に入れられるんじゃ。{00}	에너지 인소가 모인 곳에\n생산 방을 만들면 쉽게 에너지를\n얻을 수 있느니라。{00}
C01405	SSS0/390:E9C	글	1	生産部屋を作らんで、それぽっちの\nエネルギーしか無いのか?{p}黄色い因素の集まったところに\n生産部屋を作るんじゃ!	생산 방을 안 만들어서 고작 그만큼의\n에너지밖에 없는 게냐?{p}노란 인소가 모인 곳에\n생산 방을 만드는 게다!
C01406	SSS0/390:EEC	글	1	このまま続ける{09}このレクチャーをやり直す。	이대로 계속한다{09}이 강의를 다시 한다。
C01407	SSS0/390:F06	글	1	それが得策じゃな。{p}次からは、気をつけるんじゃ。	그게 상책이니라。{p}다음부턴 조심하거라。
C01408	SSS0/390:F4B	글	5	仙獣の主な能力は部屋修理、仙丹運撒\nエネルギー運撒の3種じゃ{p}それをよく考えてグループを\n作るのじゃ!{00}	선수의 주된 능력은 방 수리、선단 운반\n에너지 운반의 3가지니라{p}그걸 잘 생각해서 그룹을\n만들거라!{00}
C01409	SSS0/391:30	글	2	キャラ選択 NEXT\nアクション\n天転、土功、イザナミ、黒龍\n龍、へび、うま、ひつじ	캐릭터 선택 NEXT\n액션\n텐텐、토공、이자나미、흑룡\n용、뱀、말、양
C01410	SSS0/391:1B2	글	2	キャラ選択 NEXT\nアクション\nさる、とり、いぬ、いのしし\n兵、チビ、デブ、戦士	캐릭터 선택 NEXT\n액션\n원숭이、닭、개、멧돼지\n병사、꼬마、뚱보、전사
C01411	SSS0/391:326	글	2	キャラ選択 NEXT\nアクション\n女戦士、シーフ、クレ、道士\n魔法、忍者、坊主、侍	캐릭터 선택 NEXT\n액션\n여전사、시프、클레、도사\n마법、닌자、중、사무라이
C01412	SSS0/391:4A0	글	2	キャラ選択 NEXT\nアクション\n王、アレク、シャス、ケブ\n林、老師、明紅、雷漢	캐릭터 선택 NEXT\n액션\n왕、아레크、샤스、케브\n린、노사、메이홍、라이칸
C01413	SSS0/391:62E	글	2	もどる\nアクション\n大僧正、捜神、イザナギ、ヒロイン\n大龍、小龍、転天、アレク2	돌아가기\n액션\n대승정、소신、이자나기、히로인\n큰 용、작은 용、텐텐、아레크2
C01414	SSS0/391:7BA	글	2	NEXT\n歩き8方向\n攻撃8方向\nダメージ	NEXT\n걷기 8방향\n공격 8방향\n대미지
C01415	SSS0/391:7E4	글	2	NEXT\n死\nレベルUP\n特殊攻撃	NEXT\n사망\n레벨UP\n특수 공격
C01416	SSS0/391:808	글	2	NEXT\n魔法待ち\n魔法使用上空\n魔法使用地上	NEXT\n마법 대기\n마법 사용 상공\n마법 사용 지상
C01417	SSS0/391:83B	글	2	NEXT\n起き上がり\nジャンプ\n座り	NEXT\n일어나기\n점프\n앉기
C01418	SSS0/391:85E	글	2	もどる\n小攻撃\nきょろきょろ\n攻撃	돌아가기\n소공격\n두리번두리번\n공격
C01419	SSS0/391:10DD	영문	1	PUSH BUTTON	
C01420	SSS0/392:5E	글	2	次へ\n飛天功\n部屋神\n衝撃星タイプ2	다음\n비천공\n방신\n충격성 타입2
C01421	SSS0/392:88	글	2	次へ\n解封呪上\n飛天功帰り\n衝撃波	다음\n해봉주 위\n비천공 귀환\n충격파
C01422	SSS0/392:AE	글	2	戻る\nマップテスト	돌아가기\n맵 테스트
C01423	SSS0/392:C3	영문	2	MBG04	
C01424	SSS0/392:D1	영문	2	MBG07	
C01425	SSS0/392:DF	영문	4	MBG09	
C01426	SSS0/392:FB	영문	2	IBG005	
C01427	SSS0/392:409	검증필요	2	づズズC{03:81}慎』ゴ{00}	
C01428	SSS0/392:448	대사:FD	2	8一6	8―6
C01429	SSS0/392:45A	대사:FD	2	4一8	4―8
C01430	SSS0/392:46C	대사:FD	2	12一6	12―6
C01431	SSS0/392:4C7	글	12	はう	하우
C01432	SSS0/392:539	안내:06	3	{05:00}の活躍で大地は救われた\n \n       しかし\n \n平行世界から抜け出す術を見つける事は\n \n   ついにかなわなかった　　	{05:00}의 활약으로 대지는 구원받았다\n \n       그러나\n \n평행세계에서 빠져나갈 방도는\n \n   끝내 찾지 못했다　　
C01433	SSS0/392:592	안내:06	3	  この世界での{05:00}は{0A} \n  元の世界に戻る事をあきらめ\n \n多くの死にひんした大地を救ったという。	  이 세계에서 {05:00}은{0A} \n  원래 세계로 돌아가길 포기하고\n \n죽어 가던 많은 대지를 구했다고 한다。
C01434	SSS0/392:5DB	안내:0A	4	終劇	끝
C01435	SSS0/394:A7	글	13	この場所は無色界に\nつながっているぜ!{p}腕に自信があるなら行って\n見るがいい{00}	이곳은 무색계로\n이어져 있다고!{p}솜씨에 자신 있으면 가\n보라고{00}
C01436	SSS0/394:D9	글	13	この場所は無色界に\nつながっています。{00}	이곳은 무색계로\n이어져 있어요。{00}
C01437	SSS0/394:F3	글	13	この場所は無色界につながっておる{p}自分の腕に自信があるなら\n行ってみるがよい。{00}	이곳은 무색계로 이어져 있느니라{p}자기 솜씨에 자신이 있다면\n가 보거라。{00}
C01438	SSS0/394:127	글	13	この場所は無色界に\nつながっているわ。{00}	이곳은 무색계로\n이어져 있어。{00}
C01439	SSS0/394:141	글	13	この場所は無色界と人間界と\nを結ぶ場所。{p}ここからなら神仙の修行場に\n行くことが出来ます。{00}	이곳은 무색계와 인간계를\n잇는 곳。{p}여기서라면 신선의 수행장에\n갈 수 있습니다。{00}
C01440	SSS0/394:189	글	13	今は行かない\n無色界に行ってみる	지금은 안 간다\n무색계에 가 본다
C01441	SSS0/394:1A7	검증필요	13	{LV}そほ{07}ズ{00}	
C01442	SSS0/395:256	대사:3E	12	ああっ!	아앗!
C01443	SSS0/396:32	대사:2D	2	ただいまー。	다녀왔습니다―。
C01444	SSS0/396:42	대사:2A	2	あら、お帰りなさい。	어머、어서 오렴。
C01445	SSS0/396:53	대사:2D	2	おとうさん。	아빠。
C01446	SSS0/396:5D	대사:2B	2	ん、なんだい?	응、왜?
C01447	SSS0/396:68	대사:2D	2	さいきんね、花や木が元気ないような\n気がするんだ。	요즘 말이야、꽃이랑 나무가 기운이\n없는 것 같아。
C01448	SSS0/396:8A	대사:2D	2	今日も町に行ったら、枯れてる木が\nたくさんあったんだ。	오늘도 마을에 갔더니 시든 나무가\n잔뜩 있었어。
C01449	SSS0/396:AF	대사:2B	2	別に雨が降ってないわけでは\n無いんだけどなあ。	딱히 비가 안 온 것도\n아닌데 말이야。
C01450	SSS0/396:D1	대사:2C	2	ふむ、それは洞仙の仕業かもしれんのう。	흠、그건 동선의 소행일지도 모르겠구나。
C01451	SSS0/396:EC	대사:2D	2	どうせんって何?	동선이 뭐야?
C01452	SSS0/396:F9	대사:2C	2	地下に勝手に洞窟を作っては龍脈を乱し\n草木を枯らしてしまう仙人じゃ。	지하에 멋대로 동굴을 만들어 용맥을 어지럽혀\n초목을 시들게 하는 선인이란다。
C01453	SSS0/396:12E	대사:2D	2	どうせんって悪い人なの?	동선은 나쁜 사람이야?
C01454	SSS0/396:140	대사:2C	2	　　そうじゃなあ。{03:03}良い洞仙も\nいるとは思うんじゃが　　	　　글쎄다。{03:03}좋은 동선도\n있을 것 같긴 하다만　　
C01455	SSS0/396:169	대사:2C	2	それか、龍が目覚めたのかもしれん。	아니면 용이 깨어났는지도 모르지。
C01456	SSS0/396:181	대사:2D	2	龍って?	용?
C01457	SSS0/396:18A	대사:2C	2	わしが、わしのおじいさんに聞いた話じゃ	내가 우리 할아버지한테 들은 이야기란다
C01458	SSS0/396:1A3	대사:2C	2	突如、空から大きな龍が現れて{0A}町で大暴れしたそうじゃ。	갑자기 하늘에서 커다란 용이 나타나{0A}마을에서 크게 날뛰었다는구나。
C01459	SSS0/396:1CE	대사:2D	2	こわいよ～!	무서워～!
C01460	SSS0/396:1DC	대사:2B	2	さんざん暴れた後、地下に消えたって\nいう、あの昔話だろ?	실컷 날뛴 뒤 땅속으로 사라졌다는\n그 옛날이야기죠?
C01461	SSS0/396:203	대사:2C	2	そうじゃ。そいつが龍脈を乱してる\nのかもしれん。	그렇지。그놈이 용맥을 어지럽히는\n건지도 모른다。
C01462	SSS0/396:222	대사:2A	2	でも、それって何百年も前の\n話なんでしょ?	하지만 그건 몇백 년도 전\n이야기잖아요?
C01463	SSS0/396:240	대사:2A	2	龍ってそんなに生きるもの\nなんですかねえ?	용이 그렇게 오래 사는\n건가요?
C01464	SSS0/396:25B	대사:2C	2	じゃあ、やっぱり洞仙なのかのう{09}洞仙に滅ぼされた町の話は今でも\nたまに聞くし　　	그럼 역시 동선일까{09}동선에게 멸망한 마을 이야기는 지금도\n가끔 들리니　　
C01465	SSS0/396:2A8	대사:09	2	どうせんってどんな人なんだろう?	동선은 어떤 사람일까?
C01466	SSS0/396:2D6	대사:09	2	妖怪だあ!	요괴다!
C01467	SSS0/396:307	대사:0A	2	老師が教えてくれた場所は\nこの辺りだと思うんだけど	노사님이 알려 주신 곳이\n이 근처 같은데
C01468	SSS0/396:32B	대사:0B	2	もう少し、先だと思います。	조금 더 가야 할 것 같아요。
C01469	SSS0/396:33F	대사:0A	3	そっか。	그래。
C01470	SSS0/396:347	대사:0B	2	ところで、{05:00}様。子供が\nボクを見て驚いてましたけど。	그런데 {05:00}님。아이가\n저를 보고 놀라던데요。
C01471	SSS0/396:36C	대사:0A	2	う～ん。{03:03}町に入ったら騒ぎになるかなあ\n姿を消したりなんかできる?	으～음。{03:03}마을에 들어가면 소동이 나려나\n모습을 감추거나 할 수 있어?
C01472	SSS0/396:398	대사:0B	2	ええ、できますよ。	네、할 수 있어요。
C01473	SSS0/396:3B9	대사:0B	2	じゃあ、仙窟に入ったら姿を現します。	그럼 선굴에 들어가면 모습을 드러낼게요。
C01474	SSS0/396:3D4	대사:0A	2	悪いねえ。	미안하네。
C01475	SSS0/398:21	대사:00	1	また僕の負けか　　　　	또 내가 졌나　　　　
C01476	SSS0/398:38	대사:FD	4	前にも俺と戦った事があるような\n口ぶりだな。	전에도 나랑 싸운 적이 있는 것\n같은 말투로군。
C01477	SSS0/398:57	대사:00	1	{05:00}にとっては近い未来{09}　　僕にとっては遠い過去の話だ。	{05:00}에겐 가까운 미래{09}　　나에겐 먼 과거의 이야기야。
C01478	SSS0/398:81	대사:FD	4	近い未来だと?	가까운 미래라고?
C01479	SSS0/398:8F	대사:00	1	{05:01}を巻き込まず、{05:00}との\n決着をつけたかったけど、	{05:01}를 끌어들이지 않고 {05:00}와\n결판을 내고 싶었는데、
C01480	SSS0/398:B1	대사:00	4	再び、出会う事があったら　　　　	다시 만나는 일이 있다면　　　　
C01481	SSS0/398:100	대사:FD	4	　　再び、{03:01}　　出会う?	　　다시{03:01}　　만난다?
C01482	SSS0/398:169	안내:06	12	 龍の秘術によって、異世界へと {03:03}\n \n飛ばされてしまった{05:00}は{03:03}\n \n 異世界の中を、さまよっていた。	 용의 비술로 이세계로{03:03}\n \n날려 간 {05:00}은{03:03}\n \n 이세계 속을 헤매고 있었다。
C01483	SSS0/398:1AE	안내:08	12	いつか、元の世界に帰る事ができる。{03:03}\n \n  それだけを信じながら　　	언젠가 원래 세계로 돌아갈 수 있다。{03:03}\n \n  그것만을 믿으며　　
C01484	SSS0/398:1FB	대사:0C	2	うむ、それでは、風水の\n説明を始めるぞ。	음、그럼 풍수\n설명을 시작하마。
C01485	SSS0/398:218	대사:FD	10	はい。	예。
C01486	SSS0/398:21F	대사:0C	4	部屋を作る時、「属性」という物が\nあるのは、前に教えた通りじゃが、	방을 만들 때 「속성」이라는 것이\n있다는 건 전에 가르친 대로다만、
C01487	SSS0/398:250	대사:0C	4	部屋を通路でつなげた時、お互いに\n「気」を相手の部屋に流すのじゃ。	방을 통로로 이으면 서로\n「기」를 상대 방으로 흘려보내느니라。
C01488	SSS0/398:286	대사:FD	4	それは、何に関係してくるんですか?	그게 뭐랑 관계있나요?
C01489	SSS0/398:29E	대사:0C	4	部屋の強化項目で「仙丹生産力」\nというのがあるのは知っておるな?	방의 강화 항목에 「선단 생산력」\n이라는 게 있는 건 알고 있겠지?
C01490	SSS0/398:2D3	대사:FD	4	練丹部屋にある項目ですよね。	연단 방에 있는 항목이죠。
C01491	SSS0/398:2EE	대사:0C	4	しかし、生産部屋にその仙丹生産力を\nつけられる、となるとどうかな?	그런데 생산 방에 그 선단 생산력을\n붙일 수 있다면 어떻겠느냐?
C01492	SSS0/398:31F	대사:FD	4	エネルギーも仙丹も生産できて{0A}ものすごく便利な部屋になりますね。	에너지도 선단도 생산할 수 있어서{0A}엄청나게 편리한 방이 되겠네요。
C01493	SSS0/398:34E	대사:0C	4	その項目がつくかどうかというのは\nその部屋に流れ込む気の量、種類で\n決まるのじゃ。	그 항목이 붙느냐 마느냐는\n그 방에 흘러드는 기의 양과 종류로\n정해지느니라。
C01494	SSS0/398:386	대사:0C	4	例えば、「仙丹生産力」は{0A}「火の属性が1、金の属性が2」を\n満たしている部屋に出る。	예를 들어 「선단 생산력」은{0A}「불 속성이 1、금 속성이 2」를\n채운 방에 나온다。
C01495	SSS0/398:3CB	대사:FD	4	その1とか2ってのはなんですか?	그 1이니 2니 하는 건 뭔가요?
C01496	SSS0/398:3DF	대사:0C	4	流れ込む気の量じゃ。	흘러드는 기의 양이니라。
C01497	SSS0/398:3F1	대사:0C	4	1というのは、1本の通路をつなげた\n状態を指し、2というのは　　	1은 통로 1개를 이은\n상태를 말하고、2는　　
C01498	SSS0/398:420	대사:FD	4	2本ですね。	2개군요。
C01499	SSS0/398:42E	대사:0C	4	そうじゃ。しかし、1本でも2の量を\n送る事ができる場合がある。	그렇다。하지만 1개로도 2의 양을\n보낼 수 있는 경우가 있다。
C01500	SSS0/398:45A	대사:FD	17	え?	네?
C01501	SSS0/398:463	대사:0C	4	前に扉ができる条件というのを\n教えたじゃろ?	전에 문이 생기는 조건을\n가르쳤지?
C01502	SSS0/398:485	대사:0C	4	扉が部屋側につくと、気の量が2倍に\nなるんじゃ。	문이 방 쪽에 생기면 기의 양이 2배가\n되느니라。
C01503	SSS0/398:4AB	대사:FD	4	じゃあ、扉ができれば1本で2の\n気を流せるんですね?	그럼 문이 생기면 1개로 2의\n기를 흘릴 수 있는 거네요?
C01504	SSS0/398:4D0	대사:0C	8	その通りじゃ。	그 말대로니라。
C01505	SSS0/398:4DF	대사:FD	4	扉って、けっこう重要なんですね。	문이란 게 꽤 중요하네요。
C01506	SSS0/398:4F9	대사:0C	4	うむ、部屋を作る時は、4隅に通路を\nつけないように、少し距離をおいて\n作るようにするのがコツなんじゃ!	음、방을 만들 땐 네 귀퉁이에 통로를\n잇지 않도록 조금 거리를 두고\n만드는 게 요령이니라!
C01507	SSS0/398:53E	대사:0C	4	部屋を多機能にしたい場合、外側から\n通路をつなげるようにするというのも\n忘れてはならんぞ。	방을 다기능으로 만들고 싶다면 바깥에서\n통로를 잇게 하는 것도\n잊어선 안 되느니라。
C01508	SSS0/398:57E	대사:0C	4	自分の部屋から通路をつなげると\n扉はできんからな。	자기 방에서 통로를 이으면\n문은 안 생기니까 말이다。
C01509	SSS0/398:5A5	대사:0C	4	また、相性という問題もある。	또 궁합이라는 문제도 있다。
C01510	SSS0/398:5EE	대사:0C	4	白い線は相性のいい気を表わし{0A}ムラサキの線は悪い気を表わす。	흰 선은 궁합이 좋은 기를 나타내고{0A}보라색 선은 나쁜 기를 나타낸다。
C01511	SSS0/398:61D	대사:0C	4	普通、気は1の量が\n流れるんじゃが、	보통 기는 1의 양이\n흐르지만、
C01512	SSS0/398:638	대사:0C	4	相性の悪い組み合わせは{0A}気がほとんど流れない。	궁합이 나쁜 조합은{0A}기가 거의 흐르지 않는다。
C01513	SSS0/398:65D	대사:FD	4	相性のいい時は?	궁합이 좋을 땐요?
C01514	SSS0/398:66F	대사:0C	4	なんと、2倍になるんじゃ!	무려 2배가 되느니라!
C01515	SSS0/398:68D	대사:FD	4	じゃあ、扉ができたら4の気を\n流す事ができるんですか?	그럼 문이 생기면 4의 기를\n흘릴 수 있는 건가요?
C01516	SSS0/398:6C2	대사:FD	4	相性が悪い時は、扉をつけても\n0なんですか?	궁합이 나쁠 땐 문을 달아도\n0인가요?
C01517	SSS0/398:6E4	대사:0C	4	その場合は1になる。	그 경우엔 1이 된다。
C01518	SSS0/398:6F7	대사:0C	4	では、まとめるぞ!!	그럼 정리하마!!
C01519	SSS0/398:711	안내:04	4	扉が無い時の気の流れ込む量\n \n  相性が悪い時  0\n \n  普通の場合   1\n \n  相性がいい時  2	문이 없을 때 흘러드는 기의 양\n \n  궁합이 나쁠 때  0\n \n  보통의 경우   1\n \n  궁합이 좋을 때  2
C01520	SSS0/398:760	안내:04	4	扉がある時の気の流れ込む量\n \n  相性が悪い時  1\n \n  普通の場合   2\n \n  相性がいい時  4	문이 있을 때 흘러드는 기의 양\n \n  궁합이 나쁠 때  1\n \n  보통의 경우   2\n \n  궁합이 좋을 때  4
C01521	SSS0/398:7BF	대사:FD	4	じゃあ、仙丹生産力をつけるには{0A}土の属性以外の部屋に{0A}火の部屋から1本と、	그럼 선단 생산력을 붙이려면{0A}흙 속성 외의 방에{0A}불의 방에서 1개와、
C01522	SSS0/398:7FB	대사:FD	4	金の部屋から扉ができるように\n1本の通路をつなげれば\nいいわけですね!!	금의 방에서 문이 생기도록\n1개의 통로를 이으면\n되는 거네요!!
C01523	SSS0/398:84B	대사:03	4	おしいのう!{08}当たってはいるが、ちと違う。	아깝구나!{08}맞긴 했는데 조금 다르다。
C01524	SSS0/398:872	대사:03	4	自分の部屋の属性は無条件で1\n足されているのじゃ。	자기 방의 속성은 무조건 1이\n더해지느니라。
C01525	SSS0/398:89C	대사:03	4	一番簡単な作り方はこうじゃ!!	가장 간단한 방법은 이렇다!!
C01526	SSS0/398:8D0	대사:FD	4	ええ?	네에?
C01527	SSS0/398:8DD	대사:04	4	これだと、金の部屋から火の部屋を\n扉ができるように作れば、いきなり\n「仙丹生産力」ができてしまう。	이렇게 하면 금의 방에서 불의 방으로\n문이 생기게 만들면 단번에\n「선단 생산력」이 생겨 버린다。
C01528	SSS0/398:927	대사:FD	4	他につけられるメニューには{0A}どんなのがあるんですか?	그 밖에 붙일 수 있는 메뉴엔{0A}어떤 게 있나요?
C01529	SSS0/398:94C	대사:04	4	うむ、攻撃能力を持てる物とか{0A}耐久力が徐々に回復する物だとか　	음、공격 능력을 갖는 것이라든가{0A}내구력이 서서히 회복되는 것이라든가　
C01530	SSS0/398:981	대사:04	4	究極の奥義として仙窟内全ての部屋の\n生産力を上げる、なんてのもある。	궁극의 비기로 선굴 안 모든 방의\n생산력을 올리는 것도 있지。
C01531	SSS0/398:9B8	대사:FD	4	そ、それはどの属性をいくつ流せば{0A}いいんですか?	그、그건 어느 속성을 몇이나 흘리면{0A}되나요?
C01532	SSS0/398:9D7	대사:04	4	それはの　　	그건 말이다　　
C01533	SSS0/398:9E5	대사:04	4	ヒ・ミ・ツ・じゃ!!	비、밀、이、니라!!
C01534	SSS0/398:A03	대사:FD	4	けち!!	구두쇠!!
C01535	SSS0/398:A11	대사:04	4	奥義をそう簡単に教える訳には\nいかんのう。	비기를 그리 쉽게 가르쳐 줄 순\n없지。
C01536	SSS0/398:A3F	대사:FD	4	あ!でも、大きい部屋を作って全部の\n属性をたくさんつなげれば\nできますよね!!	아!그래도 큰 방을 만들어서 모든\n속성을 잔뜩 이으면\n되겠네요!!
C01537	SSS0/398:A96	대사:0B	4	ふっふっふ　　、甘いのう。	후후후　　、어림없구나。
C01538	SSS0/398:AB9	대사:FD	4	なにがですか?	뭐가요?
C01539	SSS0/398:ACA	대사:0B	4	1つの部屋には6本しか通路を\nつなげる事はできないのじゃ。	방 하나에는 통로를 6개까지만\n이을 수 있느니라。
C01540	SSS0/398:AF7	대사:0B	4	1つの部屋にあまり大量の気が\n集まってしまうと、部屋の機能に\n障害がおきてしまう恐れがある。	방 하나에 너무 많은 기가\n모이면 방의 기능에\n장애가 생길 우려가 있다。
C01541	SSS0/398:B3F	대사:FD	4	う～ん、残念。	으～음、아쉽다。
C01542	SSS0/398:B4D	대사:0B	4	では次に、気が流れる道筋について\n説明しよう。	그럼 다음으로 기가 흐르는 길에\n대해 설명하마。
C01543	SSS0/398:B8D	대사:05	4	基本的に、気は直進しかできないと\n考えるのが簡単な覚え方じゃ。	기본적으로 기는 직진밖에 못 한다고\n생각하는 게 쉽게 외우는 법이니라。
C01544	SSS0/398:BBE	대사:FD	4	基本的というと?	기본적이라는 건?
C01545	SSS0/398:BE8	대사:06	4	この場合も、気は流れる。	이 경우에도 기는 흐른다。
C01546	SSS0/398:BFF	대사:FD	4	L字型は大丈夫という事ですね。	L자형은 괜찮다는 거군요。
C01547	SSS0/398:C18	대사:06	4	うむ、しかし　　	음、하지만　　
C01548	SSS0/398:C41	대사:07	4	この場合は、流れない。	이 경우엔 흐르지 않는다。
C01549	SSS0/398:C53	대사:07	4	T字型は気が分散してしまうのじゃ。	T자형은 기가 분산되어 버리느니라。
C01550	SSS0/398:C88	대사:08	4	しかし、こうすると1本分だけじゃが{0A}流れるんじゃ。	하지만 이렇게 하면 1개분뿐이지만{0A}흐르느니라。
C01551	SSS0/398:CA8	대사:08	4	T字型でも直進はできるという事じゃ。	T자형이라도 직진은 할 수 있다는 게다。
C01552	SSS0/398:CDE	대사:09	4	また、こういう場合もある{09}気は交差しても、お互いに影響を\nうけないというのも覚えとくと\n便利じゃ。	또 이런 경우도 있다{09}기는 교차해도 서로 영향을\n받지 않는다는 것도 알아 두면\n편리하느니라。
C01553	SSS0/398:D21	대사:FD	4	距離って関係あるんですか?	거리는 관계있나요?
C01554	SSS0/398:D51	대사:0A	4	距離は全然関係ない。極端な話{0A}仙窟の隅から中央にむかって\nこんな長い距離でも気は流れる。	거리는 전혀 관계없다。극단적으로{0A}선굴 구석에서 중앙을 향해\n이렇게 긴 거리라도 기는 흐른다。
C01555	SSS0/398:D9A	대사:0A	4	まあ、基本はこんな所じゃ{0A}あとは、実際に自分でやってみて\n覚えるのがいいじゃろう。	뭐、기본은 이 정도니라{0A}나머지는 실제로 직접 해 보며\n익히는 게 좋을 게다。
C01556	SSS0/416:158	검증필요	1	う{p}{p}龍穴炉\nキャラ、トークテスト!	우{p}{p}용혈로\n캐릭터、토크 테스트!
C01557	SSS0/416:22A	검증필요	1	Z{0A}ぉゾた{00}	
C01558	SSS0/416:23B	대사:FD	1	下の扉が開いたぞ!	아래 문이 열렸다!
C01559	SSS0/416:24B	대사:FD	1	なんだろう、この気の流れは?	뭘까、이 기의 흐름은?
C01560	SSS0/416:2A0	안내:08	9	   大地の加護により\n \nHP／MPが、回復しました。	   대지의 가호로\n \nHP／MP가 회복되었습니다。
C01561	SSS0/416:354	검증필요	1	これで、大地も元どおり!	이걸로 대지도 원래대로!
C01562	SSS0/416:3C0	검증필요	1	邪精に侵された大地{09}よくぞ、復活させてくれた!	사정에 침식된 대지{09}잘도 부활시켜 주었구나!
C01563	SSS0/416:3E2	검증필요	1	いやぁ!	아니에요!
C01564	SSS0/416:441	검증필요	1	まったく、見事な手並みです!	정말 훌륭한 솜씨입니다!
C01565	SSS0/416:457	검증필요	1	初めての仕事だったから{0A}あんまり自信ないんだけど。	처음 하는 일이라{0A}별로 자신은 없었는데。
C01566	SSS0/416:4CF	검증필요	1	{p}いやいや、けんそん\nなさるな。	{p}아니아니、겸손해\n하지 마시게。
C01567	SSS0/416:4E3	검증필요	1	そう言ってもらえると\n俺も嬉しいです。	그렇게 말씀해 주시니\n저도 기쁩니다。
C01568	SSS0/416:553	검증필요	1	{p}初めてだったなんて、とても\n信じられないわ!{p}感じる?あなたの努力によって\n大地と共にある多くの命が\n救われたのよ。	{p}처음이었다니 도저히\n믿을 수가 없어!{p}느껴져?당신의 노력으로\n대지와 함께하는 많은 생명이\n구원받았어。
C01569	SSS0/416:59D	검증필요	1	はい、感じます!	네、느껴져요!
C01570	SSS0/416:601	검증필요	1	その感覚を忘れないで、修行に\nはげんで下さい。{p}それでは、さらばです。	그 감각을 잊지 말고 수행에\n힘쓰세요。{p}그럼 안녕히。
C01571	SSS0/416:6D5	검증필요	1	これで、解封呪も使える様に\nなったはず!	이걸로 해봉주도 쓸 수 있게\n됐을 거야!
C01572	SSS0/416:718	대사:FD	1	ここは、何の部屋かな?	여긴 무슨 방이지?
C01573	SSS0/416:733	대사:FC	1	ここは生産部屋じゃ。	여기는 생산 방이니라。
C01574	SSS0/416:74E	대사:FC	1	この部屋の能力は、エネルギー因素の\n生産力を倍増させる事ができるのじゃ。	이 방의 능력은 에너지 인소의\n생산력을 배로 늘리는 것이니라。
C01575	SSS0/416:782	대사:FC	1	エネルギーの因素が4個の場合を\n説明すると。	에너지 인소가 4개인 경우를\n설명하자면。
C01576	SSS0/416:7A3	대사:FC	1	普通の部屋だと60のエネルギーを\n生産するわけじゃが、生産部屋だと\n倍の120を生産するのじゃ。	보통 방이면 60의 에너지를\n생산하지만 생산 방이면\n배인 120을 생산하느니라。
C01577	SSS0/416:7E4	대사:FC	1	さらに、強化して行く事により\n他の部屋の数十倍ものエネルギーを\n生産する事が可能になるのじゃ!	게다가 강화해 가면\n다른 방의 수십 배나 되는 에너지를\n생산할 수 있게 되느니라!
C01578	SSS0/416:826	대사:FC	1	強化は集計タイムに行うのじゃ\nどの部屋にも特徹的な強化がある	강화는 집계 타임에 하느니라\n어느 방에나 특징적인 강화가 있다
C01579	SSS0/416:854	대사:FC	1	それを教えて行くぞ	그걸 가르쳐 주마
C01580	SSS0/416:869	대사:FC	1	生産部屋で強化可能な能力はこれじゃ!	생산 방에서 강화 가능한 능력은 이것이니라!
C01581	SSS0/416:88B	대사:FC	1	仙窟を作ったら、いの一番に\nこれを強化するとその後が\n楽になるぞ!	선굴을 만들면 제일 먼저\n이걸 강화하면 그 후가\n편해지느니라!
C01582	SSS0/416:8B9	대사:FD	1	なるほど	그렇군요
C01583	SSS0/416:8C1	대사:FC	1	生産したエネルギーは自分で\n取り出す事も出来るぞ!	생산한 에너지는 직접\n꺼낼 수도 있느니라!
C01584	SSS0/416:8E7	대사:FD	1	どうやってですか?	어떻게요?
C01585	SSS0/416:8F4	대사:FC	1	部屋の中心を引っ張るんじゃ	방의 중심을 당기는 게다
C01586	SSS0/416:90B	대사:FC	1	部屋の機能は、引っ張ればだいたい\n機能するぞ。	방의 기능은 당기면 대개\n작동하느니라。
C01587	SSS0/416:92E	대사:FC	1	だだし、今は練習じゃから\n取っても使えんぞ!	다만 지금은 연습이니\n꺼내도 못 쓰느니라!
C01588	SSS0/416:961	대사:FC	1	この部屋は、倉庫部屋じゃ。	이 방은 창고 방이니라。
C01589	SSS0/416:981	대사:FC	1	この部屋には集めたアイテムを置いて\nおくことが出来るのじゃ!	이 방에는 모은 아이템을 둘\n수 있느니라!
C01590	SSS0/416:9A9	대사:FC	1	倉庫部屋は、部屋同士でアイテムの\n移し替えが可能じゃ。	창고 방은 방끼리 아이템을\n옮길 수 있느니라。
C01591	SSS0/416:9D4	대사:FC	1	倉庫部屋で強化可能な能力はこれじゃ!	창고 방에서 강화 가능한 능력은 이것이니라!
C01592	SSS0/416:9F8	대사:FC	1	倉庫を使うには部屋の中心を\n引っ張るのじゃ!	창고를 쓰려면 방의 중심을\n당기거라!
C01593	SSS0/416:A39	대사:FC	1	ここは攻撃部屋じゃ。	여기는 공격 방이니라。
C01594	SSS0/416:A4E	대사:FC	1	侵入して来た敵を自動で\n攻撃するぞ!	침입해 온 적을 자동으로\n공격하느니라!
C01595	SSS0/416:A78	대사:FC	1	攻撃部屋で強化可能な能力はこれじゃ!	공격 방에서 강화 가능한 능력은 이것이니라!
C01596	SSS0/416:A9C	대사:FC	1	トラップは、何処にでも仕掛ける\n事ができるんじゃ。	트랩은 어디에든 설치할\n수 있느니라。
C01597	SSS0/416:ABF	대사:FC	1	敵に解除される事もあるが\n当たれば強力じゃ。	적에게 해제당할 때도 있지만\n맞으면 강력하다。
C01598	SSS0/416:AE0	대사:FC	1	強化でつけた「赤糸の策」は\n引っ張る事で、試し撃ちできるぞ!	강화로 붙인 「적사의 책」은\n당기면 시험 사격할 수 있느니라!
C01599	SSS0/416:B22	대사:FC	1	この部屋は練丹部屋じゃ。	이 방은 연단 방이니라。
C01600	SSS0/416:B41	대사:FC	1	この部屋の能力は、仙丹の因素が\n作る仙丹を倍増させる事じゃ。	이 방의 능력은 선단 인소가\n만드는 선단을 배로 늘리는 것이니라。
C01601	SSS0/416:B71	대사:FC	1	例えば因素が同じ2個の場合\n他の部屋は4しか作らないが\n練丹部屋は16も作るのじゃ。	예를 들어 인소가 똑같이 2개일 때\n다른 방은 4밖에 못 만들지만\n연단 방은 16이나 만드느니라。
C01602	SSS0/416:BAF	대사:FC	1	練丹部屋で強化可能な能力はこれじゃ!	연단 방에서 강화 가능한 능력은 이것이니라!
C01603	SSS0/416:BD1	대사:FC	1	部屋の仙丹を取り出したい時は\n部屋の中心を引っ張るんじゃ。	방의 선단을 꺼내고 싶을 땐\n방의 중심을 당기는 게다。
C01604	SSS0/416:C13	대사:FC	1	ここは召喚部屋じゃ。	여기는 소환 방이니라。
C01605	SSS0/416:C2E	대사:FC	1	この部屋はその名のとおり仙獣達を\n召喚する為の部屋じゃ。	이 방은 이름 그대로 선수들을\n소환하기 위한 방이니라。
C01606	SSS0/416:C59	대사:FC	1	仙獣を呼び出す為には仙丹が\n必要じゃ。	선수를 불러내려면 선단이\n필요하니라。
C01607	SSS0/416:C79	대사:FC	1	仙界から召喚した仙獣には実体がない{0A}それを仙丹で作ってやるんじゃ。	선계에서 소환한 선수에겐 실체가 없다{0A}그걸 선단으로 만들어 주는 게다。
C01608	SSS0/416:CA9	대사:FC	1	仙獣は敵に倒されても、仙丹を使って\n復活させることができるぞ!	선수는 적에게 쓰러져도 선단을 써서\n부활시킬 수 있느니라!
C01609	SSS0/416:CD5	대사:FC	1	召喚した仙獣には、名前を付ける事が\n出来るのじゃ。	소환한 선수에겐 이름을 붙일 수\n있느니라。
C01610	SSS0/416:CFC	대사:FC	1	自分でつけた仙獣の名前は{0A}記録される。	직접 붙인 선수의 이름은{0A}기록된다。
C01611	SSS0/416:D1B	대사:FC	1	記録された名前は、その仙獣を\n再び呼んだ時、Zボタンで\n呼び出す事が出来るぞ。	기록된 이름은 그 선수를\n다시 불렀을 때 Z버튼으로\n불러올 수 있느니라。
C01612	SSS0/416:D55	대사:FC	1	召喚部屋で強化可能な能力はこれじゃ!	소환 방에서 강화 가능한 능력은 이것이니라!
C01613	SSS0/416:D77	대사:FC	1	これを強化していろんな仙獣を\n召喚するんじゃ	이걸 강화해서 여러 선수를\n소환하는 게다
C01614	SSS0/416:D97	대사:FC	1	仙獣の中には、仙術を使える者や\n強力な飛び道具を備えた者もおるぞ!	선수 중에는 선술을 쓰는 자나\n강력한 원거리 무기를 갖춘 자도 있느니라!
C01615	SSS0/416:DCC	대사:FC	1	これもすごい機能じゃな	이것도 대단한 기능이니라
C01616	SSS0/416:DDD	대사:FC	1	仙丹を持って部屋の中心を引っ張ると\n仙獣を召喚出来るぞ!	선단을 갖고 방의 중심을 당기면\n선수를 소환할 수 있느니라!
C01617	SSS0/416:E2B	대사:FC	1	ここは掘削部屋じゃ。	여기는 굴착 방이니라。
C01618	SSS0/416:E3D	대사:FC	1	この部屋の能力とは埋蔵された\nアイテムを掘り出すことじゃ。	이 방의 능력은 묻혀 있는\n아이템을 캐내는 것이니라。
C01619	SSS0/416:E6A	대사:FC	1	アイテムが掘り出せると\nこの音がして教えてくれるぞ	아이템을 캐내면\n이 소리로 알려 주느니라
C01620	SSS0/416:E8B	대사:FC	1	掘削部屋で強化可能な能力はこれじゃ!	굴착 방에서 강화 가능한 능력은 이것이니라!
C01621	SSS0/416:EAD	대사:FC	1	これを強化していくと強力な\nアイテムを掘削出来る様に\nなるんじゃ	이걸 강화해 가면 강력한\n아이템을 캐낼 수 있게\n되느니라
C01622	SSS0/416:EDA	대사:FC	1	部屋の中心を引っ張る事で掘削した\nアイテムを仙丹と引き換えで\n取り出す事が出来るんじゃ。	방의 중심을 당기면 캐낸\n아이템을 선단과 맞바꿔\n꺼낼 수 있느니라。
C01623	SSS0/416:F2E	대사:FC	1	ここは索敵部屋じゃ!	여기는 색적 방이니라!
C01624	SSS0/416:F49	대사:FC	1	索敵部屋は仙窟全体を監視する事が\nできるのじゃ。	색적 방은 선굴 전체를 감시할 수\n있느니라。
C01625	SSS0/416:F70	대사:FC	1	仙窟に侵入して来る敵の出現口\n「飛天石出口」や敵の現在位置等が\nわかるようになるんじゃ。	선굴에 침입해 오는 적의 출현구\n「비천석 출구」나 적의 현재 위치 등을\n알 수 있게 되느니라。
C01626	SSS0/416:FB6	대사:FC	1	索敵部屋で強化可能な機能はこれじゃ!	색적 방에서 강화 가능한 기능은 이것이니라!
C01627	SSS0/416:FD8	대사:FC	1	索敵部屋は引っ張った時の機能が\n充実しているぞ!	색적 방은 당겼을 때의 기능이\n충실하느니라!
C01628	SSS0/416:1005	대사:FC	1	これらの機能は強化せんでも\n始めから使えるぞ。	이 기능들은 강화하지 않아도\n처음부터 쓸 수 있느니라。
C01629	SSS0/416:103F	대사:FC	1	この部屋は転送部屋じゃ	이 방은 전송 방이니라
C01630	SSS0/416:105A	대사:FC	1	転送部屋の能力は、他の部屋に\n一瞬にして移動できる事じゃ。	전송 방의 능력은 다른 방으로\n순식간에 이동할 수 있는 것이니라。
C01631	SSS0/416:1089	대사:FC	1	転送部屋で強化可能な機能はこれじゃ!	전송 방에서 강화 가능한 기능은 이것이니라!
C01632	SSS0/416:10AB	대사:FC	1	転送機能を使いたい時は部屋の中心\nを引っ張るんじゃ!	전송 기능을 쓰고 싶을 땐 방의 중심\n을 당기거라!
C01633	SSS0/416:10DA	대사:FC	1	これらが、仙窟に作れる\n綜ての部屋じゃ。	이것들이 선굴에 만들 수 있는\n모든 방이니라。
C01634	SSS0/416:10FC	대사:FC	1	戻るぞ	돌아가자
C01635	SSS0/416:1124	안내:04	1	 「エネルギー生産能力LV1～8」\n \n エネルギーの因素からエネルギーを\n \n   数十倍にして作りだす能力\n \n    強化していけば大量の\n \nエネルギーを生産できるようになります	 「에너지 생산 능력LV1～8」\n \n 에너지 인소에서 에너지를\n \n   수십 배로 만들어 내는 능력\n \n    강화해 가면 대량의\n \n에너지를 생산할 수 있게 됩니다
C01636	SSS0/416:11B5	안내:04	1	   「倉庫容量＋1～＋4」\n \n  異次元にある倉庫との窓口を\n \n     広げる能力です{09} \n強化していくと、出し入れ出来る数が\n \n      増えます。	   「창고 용량＋1～＋4」\n \n  이차원에 있는 창고와의 창구를\n \n     넓히는 능력입니다{09} \n강화해 가면 넣고 꺼낼 수 있는 수가\n \n      늘어납니다。
C01637	SSS0/416:123E	안내:04	1	 「龍穴炉振込LV1～4」\n \n  龍穴炉に、振り込める\n \nエネルギーの最大量が上昇します\n \n 強化すると振り込める量が\n \n   増えていきます。	 「용혈로 투입LV1～4」\n \n  용혈로에 투입할 수 있는\n \n에너지의 최대량이 오릅니다\n \n 강화하면 투입할 수 있는 양이\n \n   늘어납니다。
C01638	SSS0/416:12C1	안내:04	1	  「赤糸の策LV1～4」\n \n  部屋のエネルギーを使い\n \n   侵入してくる敵を\n \n  攻撃する糸の仙術です\n \n強化すると攻撃力が上昇します	  「적사의 책LV1～4」\n \n  방의 에너지를 써서\n \n   침입해 오는 적을\n \n  공격하는 실의 선술입니다\n \n강화하면 공격력이 오릅니다
C01639	SSS0/416:1343	안내:07	1	   「トラップ生産能力」\n \n 攻撃部屋は1ターンに、1個ずつ\n \n   トラップを生産します{09} \n強化する事で、生産するトラップの\n \n 種類と数を変える事が出来ます。	   「트랩 생산 능력」\n \n 공격 방은 1턴에 1개씩\n \n   트랩을 생산합니다{09} \n강화하면 생산하는 트랩의\n \n 종류와 수를 바꿀 수 있습니다。
C01640	SSS0/416:13D4	안내:04	1	 「仙丹生産能力LV1～8」\n \n仙丹の因素から仙丹を数倍にして\n \n    作り出す能力\n \n  強化すると大量の仙丹を\n \n  作れるようになります	 「선단 생산 능력LV1～8」\n \n선단 인소에서 선단을 몇 배로\n \n    만들어 내는 능력\n \n  강화하면 대량의 선단을\n \n  만들 수 있게 됩니다
C01641	SSS0/416:145B	안내:05	1	 「召喚能力LV1～4」\n \n召喚可能な仙獣を増やします\n \n 強化すると仙獣の種類が\n \n  増えていきます	 「소환 능력LV1～4」\n \n소환 가능한 선수를 늘립니다\n \n 강화하면 선수의 종류가\n \n  늘어납니다
C01642	SSS0/416:14C6	안내:04	1	 「召喚レベルLV1～7」\n \n召喚する仙獣の最大レベルを\n \n   決定する能力です\n \n 強化すると高いレベルで\n \n  仙獣を召喚できます	 「소환 레벨LV1～7」\n \n소환할 선수의 최대 레벨을\n \n   정하는 능력입니다\n \n 강화하면 높은 레벨로\n \n  선수를 소환할 수 있습니다
C01643	SSS0/416:1546	안내:05	1	     「掘削能力」\n \n掘削出来るアイテムの強さを決めます\n \n 強化するとより強いアイテムを\n \n   掘り出す事が出来ます	     「굴착 능력」\n \n캐낼 수 있는 아이템의 강도를 정합니다\n \n 강화하면 더 강한 아이템을\n \n   캐낼 수 있습니다
C01644	SSS0/416:15BA	안내:07	1	   「索敵能力LV1～4」\n \n飛天石出口の場所を見破る能力です\n \n 強化すると索敵範囲が広がります	   「색적 능력LV1～4」\n \n비천석 출구의 위치를 간파하는 능력입니다\n \n 강화하면 색적 범위가 넓어집니다
C01645	SSS0/416:1626	안내:07	1	    「グループ視点」\n \n味方グループや敵グループの視点で\n \n   行動を見る事が出来ます。	    「그룹 시점」\n \n아군 그룹이나 적 그룹의 시점으로\n \n   행동을 볼 수 있습니다。
C01646	SSS0/416:1688	안내:07	1	     「部屋視点」\n \n任意の部屋の視点で部屋に入って来る\n \n敵や味方の行動を見る事が出来ます。	     「방 시점」\n \n원하는 방의 시점으로 방에 들어오는\n \n적과 아군의 행동을 볼 수 있습니다。
C01647	SSS0/416:16F3	안내:07	1	    「オート視点」\n \n仙窟の中で何か起きると自動的に\n \n  そこに視点が変わります。	    「오토 시점」\n \n선굴 안에서 무슨 일이 생기면 자동으로\n \n  그곳으로 시점이 바뀝니다。
C01648	SSS0/416:174F	안내:04	1	「転送能力LV1～4」\n \n  仙窟の中を自由に\n \n転送できるようになります{09} \n 強化すると転送範囲が\n \n   広がります。	「전송 능력LV1～4」\n \n  선굴 안을 자유롭게\n \n전송할 수 있게 됩니다{09} \n 강화하면 전송 범위가\n \n   넓어집니다。
C01649	SSS0/416:17BA	안내:04	1	    「異次元倉庫」	    「이차원 창고」
C01650	SSS0/416:17E1	안내:04	1	  「扉が設置される場所」\n \n部屋に通路をつなげた時の部屋側\n \n  「扉が設置できない条件」\n \n 部屋や通路と隣接している場合\n \n     部屋の四隅	  「문이 설치되는 곳」\n \n방에 통로를 이었을 때의 방 쪽\n \n  「문을 설치할 수 없는 조건」\n \n 방이나 통로와 인접한 경우\n \n     방의 네 귀퉁이
C01651	SSS0/416:1871	안내:04	1	   「風水盤の呼び出し方」\n \n  壁に向かってCボタンを押し\n \n Cボタンを押したまま向いている\n \n方向の反対側に方向キーを入力します\n \n これを「引っ張る」と呼びます	   「풍수반 불러내는 법」\n \n  벽을 향해 C버튼을 누르고\n \n C버튼을 누른 채 향하고 있는\n \n방향의 반대쪽으로 방향키를 입력합니다\n \n 이것을 「당기기」라고 부릅니다
C01652	SSS0/432:172	안내:0C	2	1ターン経過	1턴 경과
C01653	SSS0/432:188	대사:FD	1	老師は、生産部屋を作れって\n言ってたよな?{00}	노사님은 생산 방을 만들라고\n하셨지?{00}
C01654	SSS0/432:1AB	안내:0C	2	2ターン経過	2턴 경과
C01655	SSS0/432:1B9	대사:FD	1	Aボタン押しならLボタンを押すと\n時間を早送り出来るんだよな。{00}	A버튼을 누르면서 L버튼을 누르면\n시간을 빨리 감을 수 있었지。{00}
C01656	SSS0/432:1E8	안내:0C	2	3ターン経過	3턴 경과
C01657	SSS0/432:1FE	대사:FD	1	早いとこ生産部屋を\n作らないと　　{00}	얼른 생산 방을\n만들어야 하는데　　{00}
C01658	SSS0/432:21D	안내:0C	2	4ターン経過	4턴 경과
C01659	SSS0/432:22E	안내:0C	2	5ターン経過	5턴 경과
C01660	SSS0/432:244	대사:FD	1	生産部屋を作らないと　　{00}	생산 방을 만들어야 하는데　　{00}
C01661	SSS0/432:25D	안내:0C	2	6ターン経過	6턴 경과
C01662	SSS0/432:26E	안내:0C	2	7ターン経過	7턴 경과
C01663	SSS0/432:27F	안내:0C	2	8ターン経過	8턴 경과
C01664	SSS0/432:2AD	안내:0C	2	最終ターン	마지막 턴
C01665	SSS0/432:2DF	안내:0C	2	時間切れじゃ!!	시간 끝이니라!!
C01666	SSS0/432:316	대사:0E	2	ふむ、時間切れじゃな。	흠、시간이 다 됐구나。
C01667	SSS0/432:32A	대사:0E	2	この龍脈はワシが蘇らせるぞ!	이 용맥은 내가 되살리마!
C01668	SSS0/432:355	대사:0E	2	エネルギーを効率良く集めるには\nエネルギーの因素が集まった場所に\n生産部屋を作ればよかったのじゃ。	에너지를 효율 좋게 모으려면\n에너지 인소가 모인 곳에\n생산 방을 만들면 되었느니라。
C01669	SSS0/432:398	대사:0E	2	次に行くぞ!	다음으로 가자!
C01670	SSS0/432:3CC	대사:FC	3	だいじょうぶか?	괜찮으냐?
C01671	SSS0/432:402	대사:FD	2	ふう死ぬかと思った～。	휴우 죽는 줄 알았네～。
C01672	SSS0/432:414	대사:FC	2	もう少し考えて行動せんか!{00}	좀 더 생각하고 행동하지 못하겠느냐!{00}
C01673	SSS0/432:45E	글	3	待っていたぞ、洞仙!	기다리고 있었다、동선!
C01674	SSS0/432:470	글	3	この部屋の真下に龍穴炉がある。{p}大地を蘇らせる為に、一刻も早く\n龍穴炉に陽気を満たしてくれ!	이 방 바로 밑에 용혈로가 있다。{p}대지를 되살리기 위해 한시라도 빨리\n용혈로를 양기로 채워 다오!
C01675	SSS0/432:4B6	대사:FD	4	わかりました!{p}これをやろう。	알겠습니다!{p}이걸 주마。
C01676	SSS0/432:4D0	글	4	お前の活躍に期待しているぞ。	네 활약을 기대하고 있겠다。
C01677	SSS0/432:4EC	글	6	待っていましたよ。	기다리고 있었어요。
C01678	SSS0/432:4FB	글	3	この部屋の真下に龍穴炉があります。{p}大地を蘇らせる為に、一刻も早く\n龍穴炉に陽気を満たして下さい!	이 방 바로 밑에 용혈로가 있어요。{p}대지를 되살리기 위해 한시라도 빨리\n용혈로를 양기로 채워 주세요!
C01679	SSS0/432:545	대사:FD	8	わかりました!{p}これをお使いなさい。	알겠습니다!{p}이걸 쓰세요。
C01680	SSS0/432:563	글	8	あなたの活躍に期待しています。	당신의 활약을 기대하고 있을게요。
C01681	SSS0/432:57F	글	3	やっと、来たか。	겨우 왔구나。
C01682	SSS0/432:58D	글	3	この部屋の真下に龍穴炉があるんじゃ。{p}大地を蘇らせる為に、一刻も早く\n龍穴炉に陽気を満たすんじゃ!	이 방 바로 밑에 용혈로가 있느니라。{p}대지를 되살리기 위해 한시라도 빨리\n용혈로를 양기로 채우거라!
C01683	SSS0/432:5D6	대사:FD	4	わかりました!{p}これは、みやげじゃ。	알겠습니다!{p}이건 선물이니라。
C01684	SSS0/432:5F3	글	4	おぬしの活躍、期待しとるぞ!	네 활약、기대하고 있으마!
C01685	SSS0/432:60E	글	3	待っていたのよ洞仙。	기다리고 있었어、동선。
C01686	SSS0/432:620	글	3	この部屋の真下には、龍穴炉があるのよ。{p}大地を蘇らせる為に、一刻も早く\n龍穴炉に陽気を満たして。	이 방 바로 밑엔 용혈로가 있어。{p}대지를 되살리기 위해 한시라도 빨리\n용혈로를 양기로 채워 줘。
C01687	SSS0/432:686	글	4	あなたの活躍に期待しているわよ。	당신의 활약을 기대할게。
C01688	SSS0/432:6B2	글	3	この部屋の真下に龍穴炉があります。{p}大地を蘇らせる為に一刻も早く\n龍穴炉に陽気を満たして下さい!	이 방 바로 밑에 용혈로가 있습니다。{p}대지를 되살리기 위해 한시라도 빨리\n용혈로를 양기로 채워 주세요!
C01689	SSS0/432:6FB	대사:FD	4	わかりました!{p}これを授けましょう{09}きっと役に立つはずです。	알겠습니다!{p}이것을 내리겠습니다{09}분명 도움이 될 겁니다。
C01690	SSS0/432:745	대사:FD	6	任せて下さいって!	맡겨 달라니까요!
C01691	SSS0/432:781	글	1	見習いの洞仙だな!!	견습 동선이로군!!
C01692	SSS0/432:796	대사:FD	1	ハイ!{p}俺は火を司る部屋神。{p}ここは階段部屋になるぞ!	네!{p}나는 불을 다스리는 방신。{p}여기는 계단 방이 된다!
C01693	SSS0/432:7C5	글	3	見習いの洞仙ですね!!	견습 동선이군요!!
C01694	SSS0/432:7DB	대사:FD	1	ハイ!{p}ボクは土を司る部屋神です。{p}ここは階段部屋になります!	네!{p}저는 흙을 다스리는 방신이에요。{p}여기는 계단 방이 돼요!
C01695	SSS0/432:80E	글	1	見習いの洞仙の様だな!!	견습 동선인 모양이구나!!
C01696	SSS0/432:826	대사:FD	1	ハイ!{p}わしは金を司る部屋神じゃ!!{p}ここは階段部屋になるぞ!	네!{p}나는 금을 다스리는 방신이니라!!{p}여기는 계단 방이 되느니라!
C01697	SSS0/432:86E	대사:FD	1	ハイ!{p}私は水を司る部屋神よ。{p}ここは階段部屋になるわ!	네!{p}나는 물을 다스리는 방신이야。{p}여기는 계단 방이 될 거야!
C01698	SSS0/432:8B4	대사:FD	1	ハイ!{p}私は木を司る部屋神{p}ここは階段部屋になります!	네!{p}나는 나무를 다스리는 방신{p}여기는 계단 방이 됩니다!
C01699	SSS0/432:8ED	대사:FC	2	仙窟には階段部屋をふくめ9種の\n部屋が作れる{09}それは次で詳しく説明するぞ	선굴에는 계단 방을 포함해 9종의\n방을 만들 수 있다{09}그건 다음에 자세히 설명하마
C01700	SSS0/432:926	대사:FD	2	ここでは説明できないのですか?	여기선 설명할 수 없나요?
C01701	SSS0/432:93B	대사:FC	1	実際の部屋を見ながら説明した\n方が、わかりやすいじゃろ。	실제 방을 보면서 설명하는\n편이 알기 쉽겠지。
C01702	SSS0/432:979	대사:FD	2	老師、先程から気になっていたのですが\nこの大きく書かれた数字はなんですか?	노사님、아까부터 궁금했는데요\n이 크게 쓰인 숫자는 뭔가요?
C01703	SSS0/432:9B7	대사:FC	2	時を刻むタイマーじゃ。	시간을 재는 타이머니라。
C01704	SSS0/432:9CB	대사:FC	2	0になると1ターンが終了した\n事になり集計タイムと呼ばれる\n画面になる。	0이 되면 1턴이 끝난\n것이 되어 집계 타임이라 불리는\n화면이 된다。
C01705	SSS0/432:9FE	대사:FC	2	集計タイムでは、いろいろな事が\n出来るぞ!	집계 타임에는 여러 가지를\n할 수 있느니라!
C01706	SSS0/432:A1F	대사:FC	2	集計タイムは実際にやってみるのが\n一番じゃな。	집계 타임은 직접 해 보는 게\n제일이니라。
C01707	SSS0/432:A5A	대사:FC	2	部屋を作る時じゃが、中に岩がある\n場合は岩をすべて壊さんと部屋神は{0A}現れてくれんぞ!	방을 만들 때 말이다、안에 바위가 있는\n경우엔 바위를 다 부숴야 방신이{0A}나타나 주느니라!
C01708	SSS0/432:A99	대사:FC	2	たまに邪精がそれを邪魔する事が\nあるが、それらもすべて倒さんと\n部屋神は現れんぞ!	가끔 사정이 그걸 방해할 때가\n있는데、그것들도 다 쓰러뜨려야\n방신이 나타나느니라!
C01709	SSS0/432:AE9	대사:F9	2	せいぎが来たりて悪を打つ\nいざ、出撃!	정의가 와서 악을 친다\n자、출격!
C01710	SSS0/432:B17	대사:F9	2	二度めの出撃	두 번째 출격
C01711	SSS0/432:B37	대사:F9	2	三度めの出撃	세 번째 출격
C01712	SSS1/000:E8	글	1	めでたい、めでたい。{00}	경사로다、경사로다。{00}
C01713	SSS1/000:F4	글	1	洞仙が、たまごを奪ったまま\nだったらホントに世界って\n終わったと思うかい?{00}	동선이 알을 빼앗은 채였으면\n정말로 세상이\n끝났을 거라고 생각해?{00}
C01714	SSS1/000:128	글	1	イヤー、めでたい!{p}ヒック!{00}	이야―、경사로다!{p}딸꾹!{00}
C01715	SSS1/000:138	글	1	ウィーッ!{00}	우이―!{00}
C01716	SSS1/000:145	글	1	めでたいのー!!{00}	경사로세―!!{00}
C01717	SSS1/000:14F	글	1	めでたい!!{00}	경사로다!!{00}
C01718	SSS1/000:15D	글	1	あんたも、たまごを見に来たのかい?	당신도 알을 보러 왔어?
C01719	SSS1/000:178	글	1	ええ、たまごを見に来ました{09}たまごってなに?	네、알을 보러 왔어요{09}알이 뭔데요?
C01720	SSS1/000:195	대사:FD	1	ええ、たまごを見に来ました。{p}やっぱり、そうよね。{p}でもね、聞いてよ!{p}坊さんたちはたまごの祭りだなんて\n言ってるけど{0A}そのたまごを見せてくれないのよ!{p}遠くから見に来たのにひどい話だよ。	네、알을 보러 왔어요。{p}역시 그렇지。{p}그런데 말이야、들어 봐!{p}스님들은 알 축제라고\n하면서{0A}그 알을 안 보여 주는 거야!{p}멀리서 보러 왔는데 너무하지 뭐야。
C01721	SSS1/000:206	대사:FD	1	たまごってなに?{p}私もよくは知らないけど、盗まれていた\nたまごが戻って来たらしいの。{p}それで、お祭りをやっているのよ{09}でも、たまごは見せてくれない\nらしいのよ!	알이 뭔데요?{p}나도 잘은 모르지만、도둑맞았던\n알이 돌아왔대。{p}그래서 축제를 하는 거야{09}그런데 알은 안 보여 준\n대!
C01722	SSS1/000:263	글	1	たまごは、見れないからバザーにでも\n行こうかね。{00}	알은 못 보니까 바자에나\n가 볼까。{00}
C01723	SSS1/000:280	글	1	武士の修行は長く、きびしい\nものでござる。{00}	무사의 수행은 길고 혹독한\n것이오。{00}
C01724	SSS1/000:29C	글	1	いま、この子に洞仙の恐ろしさを\n教えているんです。	지금 이 아이에게 동선의 무서움을\n가르치고 있어요。
C01725	SSS1/000:2C1	글	1	あなたも洞仙の話を聞きたいですか?	당신도 동선 이야기를 듣고 싶나요?
C01726	SSS1/000:2DE	글	1	結構です{09}ぜひ聞かせて下さい。	됐어요{09}꼭 들려주세요。
C01727	SSS1/000:2F6	대사:FD	1	結構です。{p}そうですか。{00}	됐어요。{p}그런가요。{00}
C01728	SSS1/000:308	대사:FD	1	ぜひ聞かせて下さい。{p}まず洞仙という奴は\nでかいんです。{p}ここから	꼭 들려주세요。{p}우선 동선이란 놈은\n커요。{p}여기서부터
C01729	SSS1/000:33B	글	1	このくらいの大きさ{p}いや	이 정도 크기{p}아니
C01730	SSS1/000:352	글	1	このくらいの大きさらしいのです!!	이 정도 크기라고 해요!!
C01731	SSS1/000:36B	글	1	そして人の目に見えぬくらいの\nスピードで炎をはくのです。{p}ちょうどこんな感じでしょう!!	그리고 사람 눈에 안 보일 정도의\n속도로 불을 뿜어요。{p}딱 이런 느낌이겠죠!!
C01732	SSS1/000:42F	대사:07	2	ひーっ!	히익!
C01733	SSS1/000:43D	글	1	さらに恐ろしいのは大地の気を\n自在にあやつる力です。	더 무서운 건 대지의 기를\n자유자재로 다루는 힘이에요。
C01734	SSS1/000:467	글	1	洞仙に目をつけられた大地は{0A}その力でことごとく死の大地に\nされてしまいます。	동선에게 찍힌 대지는{0A}그 힘으로 모조리 죽음의 대지가\n되어 버려요。
C01735	SSS1/000:499	글	1	これだけでも、手におえないのですが\n奴は恐ろしい12種の妖獣をしもべと\nしているのです。	이것만으로도 감당이 안 되는데\n놈은 무서운 12종의 요수를\n부하로 거느리고 있어요。
C01736	SSS1/000:4D4	글	1	これがまた、恐いのなんのって!!	이게 또 얼마나 무서운지!!
C01737	SSS1/000:4E9	대사:07	1	お坊さんは、仙窟に行かないの?	스님은 선굴에 안 가?
C01738	SSS1/000:519	글	1	わしの様な未熟者が出かけても\n他の人の足を引っ張るだけだよ!{p}仙窟は恐ろしい場所だよ!	나 같은 미숙한 자가 나서 봤자\n남들 발목만 잡을 뿐이란다!{p}선굴은 무서운 곳이야!
C01739	SSS1/000:567	글	1	洞仙って恐いんだね。{00}	동선은 무섭구나。{00}
C01740	SSS1/000:57A	글	1	祭の準備とかで、しばらく武楼庵に\n入れないんです。{p}私は誰かと話して{0A}時間まで待とうと思ってます。{00}	축제 준비 때문에 한동안 무루암에\n못 들어가요。{p}저는 누구랑 이야기하면서{0A}시간까지 기다릴 생각이에요。{00}
C01741	SSS1/000:5BB	글	1	たまごって、どんな物なのかな?{00}	알은 어떻게 생겼을까?{00}
C01742	SSS1/000:5E3	대사:04	1	おや武楼庵の入口が開いた様ね。	어머 무루암 입구가 열린 모양이네。
C01743	SSS1/001:BC	글	1	この家の娘は、不思議な力を\n持っているんだ。{00}	이 집 딸은 신기한 힘을\n갖고 있어。{00}
C01744	SSS1/001:DB	글	1	たまごは、取り返したけど洞仙を{0A}倒したわけじゃない。{p}ゆだんしてると大変な事になるぞ!{00}	알은 되찾았지만 동선을{0A}쓰러뜨린 건 아니야。{p}방심하면 큰일 난다!{00}
C01745	SSS1/001:116	글	1	たまごは僕が、取り返す予定だったのに{p}君も洞仙を倒しに来たんでしょ?	알은 내가 되찾을 생각이었는데{p}너도 동선을 쓰러뜨리러 왔지?
C01746	SSS1/001:146	대사:FD	1	そういう訳じゃ、ないんだけど	그런 건 아닌데
C01747	SSS1/001:159	대사:FD	1	ところで仙窟にあった、たまごって\nその後どうなったの?{p}今は、武楼庵に、安置してあるらしいよ{09}なんでも、妖怪が封印されてるらしいね。	그런데 선굴에 있던 알은\n그 뒤로 어떻게 됐어?{p}지금은 무루암에 안치돼 있대{09}듣자니 요괴가 봉인돼 있다나 봐。
C01748	SSS1/001:1AC	대사:FD	3	ふーん{00}	흐―응{00}
C01749	SSS1/001:1B1	글	1	そろそろ仙窟に、出かけようかな。{00}	슬슬 선굴에 가 볼까。{00}
C01750	SSS1/001:1CA	글	1	洞仙が来てからこの街も{0A}にぎやかになったのぅ。	동선이 오고 나서 이 마을도{0A}북적이게 됐구먼。
C01751	SSS1/001:1E9	글	1	つかれたわい。{00}	피곤하구먼。{00}
C01752	SSS1/001:1F2	글	1	洞仙がまだ生きているのに{0A}お祭りですって。{p}のんきな人達ね。{00}	동선이 아직 살아 있는데{0A}축제라니。{p}태평한 사람들이네。{00}
C01753	SSS1/001:218	글	1	たまごのお祭りだって!{p}へんなの。{00}	알 축제래!{p}이상해。{00}
C01754	SSS1/001:22C	글	1	いろんな人が来る様になって{0A}おもしろいよ。{p}誰が洞仙を倒すのかな?{00}	여러 사람이 오게 돼서{0A}재미있어。{p}누가 동선을 쓰러뜨릴까?{00}
C01755	SSS1/001:256	글	1	ここを上がると武楼庵だよ{09}たまごを取り返した事をいわって\n祭りが、行われとるぞ!{00}	여기를 올라가면 무루암이야{09}알을 되찾은 걸 축하해서\n축제가 열리고 있다네!{00}
C01756	SSS1/001:566	글	1	すごい、元気じゃ!	굉장하구먼、기운 넘치네!
C01757	SSS1/001:579	글	1	この人数じゃ、いかに洞仙でも\nかなわんじゃろ。	이 인원이면 아무리 동선이라도\n못 당하겠지。
C01758	SSS1/001:598	글	1	わしも負けんぞ!	나도 질 수 없지!
C01759	SSS1/001:5B3	대사:FD	1	すごいぞ!じいさん。{00}	굉장해!할아버지。{00}
C01760	SSS1/001:5E1	대사:FD	1	老師が俺に教えてくれた曲だ。	노사님이 내게 가르쳐 준 곡이다。
C01761	SSS1/001:5F8	대사:FD	1	どうしてこんな所で‥‥‥{00}	어째서 이런 곳에서‥‥‥{00}
C01762	SSS1/002:E4	글	1	ここには悪い仙人が、いるんでしょ?	여기엔 나쁜 선인이 있지?
C01763	SSS1/002:FC	대사:05	1	僕が、ついてるから平気だよ!{00}	내가 있으니까 괜찮아!{00}
C01764	SSS1/002:10F	글	1	僕が、この街を守るんだ。{00}	내가 이 마을을 지킬 거야。{00}
C01765	SSS1/002:120	글	1	異国の者たちは、洞仙の恐ろしさを\n知らんのじゃ!{00}	이국 사람들은 동선의 무서움을\n모르는 게야!{00}
C01766	SSS1/002:141	글	1	我々は、今から仙人のダンジョンに\n向かいます。	우리는 지금부터 선인의 던전으로\n향합니다。
C01767	SSS1/002:163	대사:08	1	私にかかれば、どんな\nモンスターでも一撃よ!	내가 나서면 어떤\n몬스터든 일격이야!
C01768	SSS1/002:182	글	1	この国の剣術は、たいした\nレベルじゃないわね。	이 나라의 검술은 별\n수준이 아니네。
C01769	SSS1/002:1A3	글	1	仙術って、私の使う魔術とは{0A}すいぶん違っているわね。	선술은 내가 쓰는 마술과는{0A}꽤 다르네。
C01770	SSS1/002:1CA	글	1	私達は、モンスターを倒し\n安心して暮らせる世界を作る為に\n戦っているのです。	저희는 몬스터를 쓰러뜨리고\n안심하고 살 수 있는 세상을 만들기 위해\n싸우고 있습니다。
C01771	SSS1/002:207	글	1	仙窟にもどる{09}もどらない。	선굴로 돌아간다{09}돌아가지 않는다。
C01772	SSS1/002:3B0	대사:00	1	準備は出来たか?	준비는 되었느냐?
C01773	SSS1/002:5DD	대사:FD	1	ここが洞天の街か?	여기가 동천 거리인가?
C01774	SSS1/002:5ED	대사:FD	1	たまごちゃんは、どこかな?	알은 어디 있을까?
C01775	SSS1/002:611	대사:07	1	仙人のダンジョンに出撃だー!!	선인의 던전으로 출격이다―!!
C01776	SSS1/002:629	대사:08	1	ごーごー!	고―고―!
C01777	SSS1/002:64D	대사:FD	1	わざわざ、やられに行くの{07}ごくろうな事だね。	일부러 당하러 가는 거야{07}수고가 많네。
C01778	SSS1/002:8EC	안내:0A	1	エラーが発生しています!!	에러가 발생했습니다!!
C01779	SSS1/003:E4	글	1	ここは洞天国軍の詰め所だよ!{00}	여긴 동천국군 초소야!{00}
C01780	SSS1/003:FA	글	1	一般の人は入っていけないよ!{00}	일반인은 들어오면 안 돼!{00}
C01781	SSS1/003:10E	글	1	仙窟の探索に比べれば、警備の仕事は\nずいぶんらくなんだよな。{p}おっと、雷漢将軍にはナイショだぜ!!{00}	선굴 탐색에 비하면 경비 일은\n꽤 편하다니까。{p}아차、라이칸 장군께는 비밀이다!!{00}
C01782	SSS1/003:14E	글	1	洞仙の奴が来てから異国の者たちが\n街にあふれている。{p}洞仙も問題だが奴等も　　　　	동선 놈이 오고 나서 이국인들이\n거리에 넘쳐 난다。{p}동선도 문제지만 저놈들도　　　　
C01783	SSS1/003:195	대사:04	1	何を言う	무슨 소리냐
C01784	SSS1/003:19F	대사:04	1	いま我々は打倒洞仙という目的で\n結ばれているのだ!!	지금 우리는 타도 동선이라는 목적으로\n뭉쳐 있는 것이다!!
C01785	SSS1/003:1C7	글	1	そうかっ!!	그렇군!!
C01786	SSS1/003:1D4	대사:04	2	打倒洞仙!!	타도 동선!!
C01787	SSS1/003:202	글	1	一般の人は入ってはいけないよ!{p}もっとも我が軍に入隊したいと\nいうなら別だがね。{00}	일반인은 들어오면 안 돼!{p}하긴 우리 군에 입대하고 싶다면\n얘기가 다르지만。{00}
C01788	SSS1/003:23D	글	1	私こう見えても仙術の修行を\nしていたのよ!{p}あなたも仙術を使うわね。	나 이래 봬도 선술 수행을\n했었어!{p}당신도 선술을 쓰지。
C01789	SSS1/003:270	글	1	仙術なんて使えないよ{09}ああ。	선술 같은 거 못 써{09}응。
C01790	SSS1/003:286	대사:FD	1	仙術なんて使えないよ。{p}隠してもだめ!{p}私にはわかるのよ。{p}それとも隠す理由でもあるの?	선술 같은 거 못 써。{p}숨겨도 소용없어!{p}난 알 수 있거든。{p}아니면 숨길 이유라도 있어?
C01791	SSS1/003:2C2	글	1	ないない{09}少しだけね。	없어 없어{09}조금만。
C01792	SSS1/003:2D3	대사:FD	1	ないない。	없어 없어。
C01793	SSS1/003:2E0	대사:FD	1	少しだけね。{p}やっぱり!!{p}私、あたらしい仙術を作ったのよ。{p}見てみたいでしょ♡	조금만。{p}역시!!{p}나、새 선술을 만들었어。{p}보고 싶지♡
C01794	SSS1/003:2E8	글	1	やっぱり!!{p}私、あたらしい仙術を作ったのよ。{p}見てみたいでしょ♡	역시!!{p}나、새 선술을 만들었어。{p}보고 싶지♡
C01795	SSS1/003:2EF	글	1	私、あたらしい仙術を作ったのよ。{p}見てみたいでしょ♡	나、새 선술을 만들었어。{p}보고 싶지♡
C01796	SSS1/003:313	글	1	わくわく	두근두근
C01797	SSS1/003:323	글	1	見せて!見せて{08}今いそがしいから{09}かわいそうだから見てあげる。	보여 줘!보여 줘{08}지금 바빠서{09}불쌍하니까 봐 줄게。
C01798	SSS1/003:34B	대사:FD	1	見せて!見せて!	보여 줘!보여 줘!
C01799	SSS1/003:35D	대사:FD	1	今いそがしいから。{p}少しくらい見てくれたった\nいいじゃない。{p}けち!!	지금 바빠서。{p}조금쯤 봐 줘도\n되잖아。{p}구두쇠!!
C01800	SSS1/003:38C	대사:FD	1	かわいそうだから見てあげようか。	불쌍하니까 봐 줄까。
C01801	SSS1/003:3A1	글	1	黙っているということは\n見る気があるのね。	가만히 있다는 건\n볼 생각이 있다는 거네。
C01802	SSS1/003:3C3	대사:FD	7	ああ。	응。
C01803	SSS1/003:3CC	글	1	それじゃ、いくわよ!!{p}来来虫!	그럼 간다!!{p}래래충!
C01804	SSS1/003:461	대사:FD	1	はわぁわぁーっ!!{p}どう、すてきな術でしょ♡	하와와와―!!{p}어때、멋진 술법이지♡
C01805	SSS1/003:47E	글	1	もう一度、見たいのね♡	한 번 더 보고 싶구나♡
C01806	SSS1/003:493	글	1	見せないょーだ!{00}	안 보여 줄 거지롱!{00}
C01807	SSS1/003:49E	글	1	にいちゃんもドロ遊びが好きなの?	형도 흙장난 좋아해?
C01808	SSS1/003:4B5	대사:FD	1	どうしてだい?{p}土のにおいがするんだ。{00}	왜?{p}흙냄새가 나거든。{00}
C01809	SSS1/003:4CB	글	1	いやーっ!洞仙のおかげで{0A}ウチは大はんじょう!!{p}洞仙がくると、武器屋がもうかるって\nことわざは、本当だったんだ。	이야―!동선 덕분에{0A}우리 가게는 대박!!{p}동선이 오면 무기점이 돈 번다는\n속담은 진짜였어。
C01810	SSS1/003:512	대사:FD	1	なるほどね{00}	그렇군{00}
C01811	SSS1/003:53F	대사:FD	1	今の娘　　	방금 그 아가씨　　
C01812	SSS1/003:54C	대사:FD	1	何処かで、逢った覚えが　　	어디선가 만난 기억이　　
C01813	SSS1/004:11C	대사:FD	1	くだものか	과일인가
C01814	SSS1/004:284	글	1	おいしい果物いらんかね?{00}	맛있는 과일 안 살래요?{00}
C01815	SSS1/004:2B8	대사:FD	6	イベントA	이벤트A
C01816	SSS1/004:2C7	대사:FD	1	イベントB	이벤트B
C01817	SSS1/004:2E2	안내:01	1	老師に教えられた場所	노사님이 알려 준 곳
C01818	SSS1/004:2FF	대사:FD	1	老師に教えてもらった場所は　　	노사님이 알려 준 곳은　　
C01819	SSS1/004:31E	대사:FD	1	　　この辺りのはずだが。	　　이 근처일 텐데。
C01820	SSS1/004:348	대사:FD	1	異様な気配だ!	이상한 기운이야!
C01821	SSS1/004:357	대사:FD	1	大地の気が滅っているのか!	대지의 기가 줄어든 건가!
C01822	SSS1/004:36F	대사:FD	1	これは、いそがないと大変な事に\nなるぞ!!	이건 서두르지 않으면 큰일\n나겠어!!
C01823	SSS1/004:423	대사:06	1	お‥おちつくんじゃ!	지‥진정하거라!
C01824	SSS1/004:4C2	대사:FD	13	飛天功!	비천공!
C01825	SSS1/004:4DF	대사:09	1	あやしい奴め!	수상한 녀석!
C01826	SSS1/004:4EB	대사:09	1	もしかして‥‥	혹시‥‥
C01827	SSS1/012:1BA	글	1	私は、平行世界を研究している\n者です。{p}誰かに私の研究の成果を\n話したいんですが　　{p}あなた聞いてくれますか?	저는 평행세계를 연구하는\n사람입니다。{p}누군가에게 제 연구 성과를\n이야기하고 싶은데　　{p}들어 주시겠어요?
C01828	SSS1/012:20B	글	1	ぜひ聞かせて!{08}やだよ!	꼭 들려줘!{08}싫어!
C01829	SSS1/012:21D	대사:FD	1	やだよ!{p}やはり理解されないか。{00}	싫어!{p}역시 이해받지 못하는군。{00}
C01830	SSS1/012:235	글	1	くそっ!{03:01}また洞仙に\nやられちまった!{00}	젠장!{03:01}또 동선한테\n당했어!{00}
C01831	SSS1/012:24D	글	1	東洋には仁義という\n伝説の刀があるらしい。{p}手にしてみたいものです。{00}	동양엔 인의라는\n전설의 칼이 있대。{p}손에 넣어 보고 싶네요。{00}
C01832	SSS1/012:279	글	1	西洋にはグラデウスという\n究極の剣があるらしい。{p}手にしてみたいものじゃ。{00}	서양엔 그라데우스라는\n궁극의 검이 있다지。{p}손에 넣어 보고 싶구먼。{00}
C01833	SSS1/012:2A9	대사:FD	1	よごれたふくが入ってるぞ!	더러운 옷이 들어 있어!
C01834	SSS1/012:2BD	대사:FD	1	きたないつぼだな。	지저분한 항아리네。
C01835	SSS1/012:2D6	대사:04	1	こらっ!!	이놈!!
C01836	SSS1/012:2DF	대사:04	1	人のいえに勝手に入るんじゃない!	남의 집에 멋대로 들어오지 마라!
C01837	SSS1/012:2FC	글	1	おまえ、泥棒だろ!!	너、도둑이지!!
C01838	SSS1/012:30C	대사:FD	1	ちょっと探し物をして\nいるんですよ。	잠깐 찾는 게 있어서\n그래요。
C01839	SSS1/012:324	글	1	　　　　{p}早く出て行け!!{00}	　　　　{p}당장 나가!!{00}
C01840	SSS1/012:340	글	1	この世で一番強いのは雷漢将軍に\n決まってるだろ。	이 세상에서 제일 센 건 라이칸 장군에\n정해져 있지。
C01841	SSS1/012:372	대사:0B	1	でも雷漢って洞仙にやられ\nちゃったんでしょ?{p}洞仙の事だ!キタナイ手を使って\n将軍を落としいれたに、違いない。	그치만 라이칸은 동선한테 당했\n다며?{p}동선 짓이야!더러운 수를 써서\n장군을 함정에 빠뜨린 게 틀림없어。
C01842	SSS1/012:38D	글	1	洞仙の事だ!キタナイ手を使って\n将軍を落としいれたに、違いない。	동선 짓이야!더러운 수를 써서\n장군을 함정에 빠뜨린 게 틀림없어。
C01843	SSS1/012:3BA	대사:0B	1	へーっ!{p}おやじ、酒!!	헤에―!{p}주인장、술!!
C01844	SSS1/012:3D3	대사:10	1	はいよ。{00}	예이。{00}
C01845	SSS1/012:3D9	글	1	何しろ、洞仙にだって勝ったんだぜ!{00}	어쨌든 동선한테도 이겼다고!{00}
C01846	SSS1/012:3F2	대사:10	1	でも、たまごを取って来たのは\n玲蘭だったよね?	하지만 알을 가져온 건\n레이란이었지?
C01847	SSS1/012:413	글	1	それじゃあ、玲蘭が一番強いのかな?{00}	그럼 레이란이 제일 센 건가?{00}
C01848	SSS1/012:42D	대사:10	1	その時、雷漢将軍てば、洞仙に\nやられて部屋でねてたんでしょ?	그때 라이칸 장군은 동선한테\n당해서 방에서 자고 있었다며?
C01849	SSS1/012:45A	글	1	ウィ!!{00}	우이!!{00}
C01850	SSS1/012:460	글	1	そうね、私の知ってる強い奴と言えば{0A}ケブレスってナイトね。{p}自分の体より大きな剣を使うのよ{09}信じられる?{00}	글쎄、내가 아는 센 녀석이라면{0A}케브레스라는 나이트야。{p}자기 몸보다 큰 검을 쓰거든{09}믿어져?{00}
C01851	SSS1/012:4A3	글	1	俺様には、誰が強い弱いなんて\n関係ないぜ!{p}目の前の敵は、どんな手を\n使っても倒す。{p}これが俺様のモットーだぜ!{00}	이 몸한텐 누가 세고 약하고는\n상관없어!{p}눈앞의 적은 무슨 수를\n써서든 쓰러뜨린다。{p}이게 이 몸의 모토지!{00}
C01852	SSS1/012:4F2	글	1	今日も異国の人が多いわね。	오늘도 이국 사람이 많네。
C01853	SSS1/012:515	대사:17	1	ふう、またやられたわ!{p}あら。{p}なぜか仙窟で倒された人は\nここに飛ばされて来るの。	휴우、또 당했어!{p}어머。{p}왠지 선굴에서 쓰러진 사람은\n여기로 날아오더라。
C01854	SSS1/012:550	글	1	今日も異国の人が多いわね。{00}	오늘도 이국 사람이 많네。{00}
C01855	SSS1/012:565	글	1	たまごが取り戻されて俺の\n仕事も無くなった。	알이 돌아와서 내\n일거리도 없어졌어。
C01856	SSS1/012:585	대사:FD	1	洞仙を倒しに行かないの?{p}俺はトレジャーハンター{08}お宝にしか興味は無い。{00}	동선을 쓰러뜨리러 안 가?{p}난 트레저 헌터{08}보물에만 관심 있어。{00}
C01857	SSS1/012:5B4	글	1	ふう。{p}今日は疲れたよ。{00}	휴우。{p}오늘은 피곤해。{00}
C01858	SSS1/012:5C5	글	1	はいよ!{00}	예이!{00}
C01859	SSS1/012:5CB	글	1	強いと言ったら捜神殿の右にならぶ\n者はいないでござるよ。{p}洞仙など、捜神殿にかかれば一刀で\nあの世行きでござろう。{00}	강하다 하면 소신 공을 따를\n자가 없소이다。{p}동선 따위는 소신 공에게 걸리면 일도에\n저승행일 것이오。{00}
C01860	SSS1/012:622	글	1	あなた、魔法　{p}いえ、仙術の使い手でしょ?{p}魔法を使う者は、相手の強さを\n感じる事が出来るの。{p}あなたからは、それが強く\n感じられるの。{p}強いと言えばここに来るとちゅう{0A}蒼幻という子にあったの。{p}その子からは、今まで感じた事の無い\nくらいの大きな力を感じたわ。	당신、마법　{p}아니、선술을 쓰는 사람이지?{p}마법을 쓰는 자는 상대의 강함을\n느낄 수 있어。{p}당신에게선 그게 강하게\n느껴져。{p}강하다고 하니 여기 오는 도중에{0A}소겐이라는 아이를 만났어。{p}그 아이에게선 지금껏 느낀 적 없을\n만큼 큰 힘이 느껴졌어。
C01861	SSS1/012:6CC	글	1	私も仙術、習おうかな。{00}	나도 선술 배워 볼까。{00}
C01862	SSS1/012:6DD	글	1	スコップを持った化け物に\n襲われたの。{p}気がつくと部屋で、倒れていたわ。{p}仙窟って本当に恐ろしい所だわ!!{00}	삽을 든 괴물한테\n습격당했어。{p}정신을 차려 보니 방에 쓰러져 있었어。{p}선굴은 정말 무서운 곳이야!!{00}
C01863	SSS1/012:723	글	1	俺も武楼庵のお祭りに行こうかな。{00}	나도 무루암 축제에 가 볼까。{00}
C01864	SSS1/012:73D	대사:10	2	いらっしゃい!{00}	어서 오세요!{00}
C01865	SSS1/012:755	글	1	何か用か?{00}	무슨 볼일이냐?{00}
C01866	SSS1/012:75E	글	1	用事がないなら帰れ。{00}	볼일 없으면 돌아가。{00}
C01867	SSS1/012:779	글	1	だれだい、あんた?{p}{05:01}なら今はいないよ{00}	누구야、당신?{p}{05:01}라면 지금 없어{00}
C01868	SSS1/012:7AF	대사:25	1	あら、お客さんがきてるの?	어머、손님이 왔어?
C01869	SSS1/012:7DA	대사:25	1	{05:00}、とうとう迎えに\n来てくれたのね!	{05:00}、드디어 데리러\n와 주었구나!
C01870	SSS1/012:7FF	대사:FD	1	君は‥‥‥	넌‥‥‥
C01871	SSS1/012:823	대사:08	1	おや、あんた達知り合い\nだったのかい	어머、너희 아는\n사이였니
C01872	SSS1/012:83F	대사:25	1	迎えに来てくれるのを、ずっと\n待っていたんだから!	데리러 와 주길 계속\n기다렸단 말이야!
C01873	SSS1/012:86E	대사:25	1	でも、逢えて良かった。	그래도 만나서 다행이야。
C01874	SSS1/012:88D	대사:FD	1	この子、ずっと前に\n助けた娘だ!	이 애、한참 전에\n구해 준 아가씨다!
C01875	SSS1/012:8E1	대사:FD	1	ちょ、{03:02}ちょい待った!	잠、{03:02}잠깐만!
C01876	SSS1/012:8F5	대사:25	1	どうしたの{07}やっと逢えたのに!?	왜 그래{07}겨우 만났는데!?
C01877	SSS1/012:919	대사:FD	1	ぼ、{03:02}僕たち、{03:02}いつからそういう関係に\nなっていたんでしょう?	우、{03:02}우리、{03:02}언제부터 그런 사이가\n된 거죠?
C01878	SSS1/012:949	대사:25	1	いつからって?だってずっと一緒に\n暮らしていたじゃない。	언제부터냐니?계속 같이\n살았잖아。
C01879	SSS1/012:970	대사:FD	1	暮らしてたって　　	살았다니　　
C01880	SSS1/012:988	대사:25	1	仙窟作ったり。	선굴 만들고。
C01881	SSS1/012:99F	대사:07	2	仙窟?	선굴?
C01882	SSS1/012:9B0	대사:25	1	イケナイ、これって内緒なんだよね!	앗 참、이건 비밀이었지!
C01883	SSS1/012:9D3	대사:25	1	なんでもないの。	아무것도 아니야。
C01884	SSS1/012:9FA	대사:FD	2	ちょっと待ってよ!	잠깐만 기다려!
C01885	SSS1/012:A08	대사:FD	1	ど{03:02}、どのくらい前か忘れたけど　　	어{03:02}、얼마나 전인지는 잊었지만　　
C01886	SSS1/012:A22	대사:FD	1	君とは、山の中で出会って\nそれっきりだったよね　　	너랑은 산속에서 만나고\n그게 끝이었잖아　　
C01887	SSS1/012:A49	대사:25	3	えっ!	엣!
C01888	SSS1/012:A53	대사:25	1	じゃあ、笛を教えてくれた事とか\n怪我した私をずっと看病してくれた\n事とか　　	그럼 피리를 가르쳐 준 것이나\n다친 나를 계속 간호해 준\n것도　　
C01889	SSS1/012:A8B	대사:25	1	他の事も全部忘れちゃったの?	다른 일도 전부 잊어버린 거야?
C01890	SSS1/012:AAE	대사:FD	1	そんな事、したっけ?	그런 걸 했던가?
C01891	SSS1/012:B23	대사:FD	2	おーい	어이―
C01892	SSS1/012:B36	대사:08	1	あんた達どういう関係だい?	너희 대체 무슨 사이니?
C01893	SSS1/012:B4B	글	1	ムズかしい年ごろなのかね～{00}	어려운 나이인가 보네～{00}
C01894	SSS1/012:B60	글	1	あんたホントに{05:00}って\n名前なのかい?	당신 정말 {05:00}란\n이름이 맞아?
C01895	SSS1/012:B79	대사:07	1	よさねぇかい!{p}いいのよ、この人には	그만두지 못해!{p}괜찮아、이 사람한텐
C01896	SSS1/012:B90	대사:FD	1	ああ、俺の名前は確かに\n{05:00}だよ。	그래、내 이름은 분명히\n{05:00}야。
C01897	SSS1/012:BA9	대사:07	1	　　　　{p}あの子にあたし達が出会ったのは\n一年ほど前の嵐の日だった。{p}妙な音がしたんで窓の外を見ると\nあの子が家の前に倒れていたの。{p}意識も無いのに{05:00}{0A}{05:00}ってずーっと\nあんたの名前を呼び続けてたんだよ。	　　　　{p}우리가 그 애를 만난 건\n1년쯤 전 폭풍우 치던 날이었어。{p}이상한 소리가 나서 창밖을 보니\n그 애가 집 앞에 쓰러져 있었지。{p}의식도 없는데 {05:00}{0A}{05:00} 하고 계속\n당신 이름을 부르고 있었어。
C01898	SSS1/012:C31	대사:FD	1	　　　　{p}あの子がどこから来たかなんて\nあたしゃ気にしてないよ。{p}大切なのは、今なのよ。	　　　　{p}그 애가 어디서 왔는지는\n난 신경 안 써。{p}중요한 건 지금이야。
C01899	SSS1/012:C6C	글	1	あんたがどんな人かは\n聞かないよ!{p}でも、{05:01}を不幸にしたら\nあたしらが承知しないよ。{00}	당신이 어떤 사람인지는\n안 물을게!{p}하지만 {05:01}를 불행하게 만들면\n우리가 가만 안 둬。{00}
C01900	SSS1/012:CAE	대사:08	1	おまえさん、お行儀がわるいね。	너、버릇이 없구나。
C01901	SSS1/012:CC3	대사:08	1	人の家に勝手に上がっちゃだめだよ。{00}	남의 집에 멋대로 들어오면 안 돼。{00}
C01902	SSS1/012:CF5	대사:FD	1	間違いない、これは老師の曲だ{09}でもなぜ{03:01}‥{03:01}‥{03:01}あの娘が{03:01}‥{03:01}‥{03:01}‥{03:01}	틀림없어、이건 노사님의 곡이다{09}하지만 왜{03:01}‥{03:01}‥{03:01}그 아가씨가{03:01}‥{03:01}‥{03:01}‥{03:01}
C01903	SSS1/012:D43	글	1	今の私に出来る事はこれだけ・・	지금의 내가 할 수 있는 건 이것뿐‥
C01904	SSS1/012:D8C	글	3	いらっしゃい	어서 오세요
C01905	SSS1/012:DAD	글	1	やはり武器は刀に限るでござる。	역시 무기는 칼이 최고요。
C01906	SSS1/012:DC9	글	1	どうでござるか?	어떻소?
C01907	SSS1/012:DD6	글	1	私は明日仙窟に挑むのです。{p}おニューの武器で洞仙をしとめて\n見せますよ!!	저는 내일 선굴에 도전합니다。{p}새 무기로 동선을 해치워\n보이겠어요!!
C01908	SSS1/012:E0B	글	1	ここの武器屋は、品ぞろえが\nいいのよね。	여기 무기점은 물건이\n좋단 말이야。
C01909	SSS1/012:E28	글	1	一流の戦士の武器は一流の物で\nなければ、ならんのだよ。{p}わかるかな。	일류 전사의 무기는 일류 물건\n이어야 하는 법이지。{p}알겠나。
C01910	SSS1/012:E58	글	1	なんでこんなに人がいるんだ!!{p}もしかして、この店の親父{09}洞仙とつるんでいるんじゃ?	왜 이렇게 사람이 많아!!{p}혹시 이 가게 주인{09}동선이랑 한패 아냐?
C01911	SSS1/012:E90	글	1	見るな!	보지 마!
C01912	SSS1/012:EA5	대사:1C	1	いらっしゃい!!	어서 오세요!!
C01913	SSS1/012:EB6	글	1	街には人がいっぱいじゃろ?{p}わしは、追い回されるのはいやじゃ。	거리엔 사람이 가득하지?{p}난 쫓겨 다니는 건 싫다。
C01914	SSS1/012:EE6	대사:FD	1	そんな事ないって!{00}	그럴 리 없어요!{00}
C01915	SSS1/012:EF2	글	1	さあ、洞天に行きましょう!	자、동천으로 가요!
C01916	SSS1/012:F0C	안내:0C	1	窟子仙が仲間になりました!	굴자선이 동료가 되었습니다!
C01917	SSS1/012:F42	대사:FD	1	それでは、老師!!	그럼 노사님!!
C01918	SSS1/012:F9C	대사:02	1	待って下さい!	기다려 주세요!
C01919	SSS1/012:FBD	대사:00	1	ほれ!!	옜다!!
C01920	SSS1/012:FF1	대사:00	1	だいじょうぶかのぉ?	괜찮으려나?
C01921	SSS1/013:1E	대사:FD	1	ぜひ聞かせて!!	꼭 들려줘!!
C01922	SSS1/013:2E	글	1	おお、ついに理解者が現れたか。{p}簡単に言うと平行世界と言うのは{0A}隣り合っているが{0A}決して交わる事のない平行線の\n様な多数の世界なのです。{p}そして、その世界は、合わせ鏡の様に\nそっくりだと言われています。	오오、드디어 이해해 줄 사람이 나타났군。{p}간단히 말해 평행세계란{0A}서로 이웃해 있지만{0A}결코 만나지 않는 평행선\n같은 여러 세계입니다。{p}그리고 그 세계들은 마주 놓인 거울처럼\n똑같다고 합니다。
C01923	SSS1/013:B6	대사:FD	1	そんな事じゃなくて{0A}元の世界に戻る方法とかないの?{p}元の世界?{p}も、{03:02}もしかしてあなたは{0A}別の世界から来たんですか?	그런 거 말고{0A}원래 세계로 돌아갈 방법은 없어?{p}원래 세계?{p}호、{03:02}혹시 당신은{0A}다른 세계에서 온 건가요?
C01924	SSS1/013:103	대사:FD	1	そうらしい	그런 것 같아
C01925	SSS1/013:10F	글	1	ホ{03:01}ン{03:01}ト{03:01}ですか?{p}そんな貴重な人にあえるなんて{08}私{03:01}、興奮して来ました!!!	정{03:01}말{03:01}이{03:01}에요?{p}그렇게 귀한 사람을 만나다니{08}저{03:01}、흥분되기 시작했어요!!!
C01926	SSS1/013:146	대사:FD	1	この話をして喜ばれたのは\n初めてだよ。	이 얘기를 듣고 기뻐한 사람은\n처음이야。
C01927	SSS1/013:160	대사:FD	1	戻る方法はないの?{p}さー、私では、わかりません。	돌아갈 방법은 없어?{p}글쎄요、저로서는 모르겠네요。
C01928	SSS1/013:180	대사:FD	1	わからないって　　{p}話は、このくらいです。{p}あなたと話したら、何かこう\nすっきりしました。{p}これで心おきなく{0A}洞仙討伐にいけますよ。	모르겠다니　　{p}이야기는 이 정도예요。{p}당신과 이야기하니 뭔가\n후련해졌어요。{p}이제 마음 놓고{0A}동선 토벌에 갈 수 있겠어요。
C01929	SSS1/013:1D0	대사:FD	1	ハハハ!!!{00}	하하하!!!{00}
C01930	SSS1/019:5A	글	1	参拝にこられた方ですね{07}奥へどうぞ。{00}	참배하러 오신 분이군요{07}안으로 드시지요。{00}
C01931	SSS1/019:72	글	1	またいらしてください。{00}	또 오십시오。{00}
C01932	SSS1/019:87	글	1	たまごをまたもや奪おうとする\n不届き者がいるらしい。{p}もはや、おぬしではあるまいな?	알을 또다시 빼앗으려는\n괘씸한 자가 있다더군。{p}설마 자네는 아니겠지?
C01933	SSS1/019:BD	글	1	そ、そんな違いますよ{09}そうだ、返してもらおう。	그、그럴 리가요{09}그렇다、돌려받으러 왔다。
C01934	SSS1/019:D9	글	1	はっはっは{0A}ジョーダンじゃよ、ジョーダン。{p}そんなどきょうがあるとは思えんよ。	하하하{0A}농담일세、농담。{p}자네에게 그런 배짱이 있을 것 같진 않구먼。
C01935	SSS1/019:109	대사:FD	1	　　むかっ!{00}	　　욱!{00}
C01936	SSS1/019:113	글	1	なにっ!おぬしが!	뭣이!자네가!
C01937	SSS1/019:120	글	1	　　なあんちゃって、{p}こうみえてもわしはシャレのわかる坊主\nとして有名なのじゃ。{p}しかし寺の中には、シャレのわからん\n坊主もいる。{p}うかつな事を言わん方がよかろう。{00}	　　라고 할 줄 알았나、{p}이래 봬도 나는 농담을 아는 중으로\n유명하다네。{p}하지만 절 안엔 농담을 모르는\n중도 있지。{p}함부로 말하지 않는 게 좋을 걸세。{00}
C01938	SSS1/019:181	글	1	なにやら中がさわがしいのう。{00}	어째 안이 소란스럽구먼。{00}
C01939	SSS1/019:192	글	1	うむ、またくるがよい。{00}	음、또 오게나。{00}
C01940	SSS1/020:209	글	1	武楼庵の中はちょっとかわっていて{0A}重要なポイントにはドアがあって\nカギがかかっているんだけど、{p}そのドアというのが、後ろにあるような\nスイッチで開くのだ。{00}	무루암 안은 좀 특이해서{0A}중요한 곳엔 문이 있고\n잠겨 있는데、{p}그 문이란 게 뒤에 있는 것 같은\n스위치로 열리지。{00}
C01941	SSS1/020:263	글	1	なんでこんなにドアとスイッチは{0A}はなれているのだろう{07}めんどくさくてかなわんよ。	왜 이렇게 문이랑 스위치가{0A}떨어져 있는 걸까{07}귀찮아 죽겠네。
C01942	SSS1/020:293	대사:1D	1	たまごをねらってくるものを\n手こずらせるためだ。	알을 노리고 오는 자를\n애먹이기 위해서다。
C01943	SSS1/020:2B3	대사:1E	1	も、もちろん知ってたさ。{00}	무、물론 알고 있었지。{00}
C01944	SSS1/020:2DA	글	1	そ、そこのドアは、この武楼庵の左の方\nのつきあたりにある部屋のスイッチを\nおさないと開かないんです!{p}ほ、ほんとうです!{00}	그、거기 문은 이 무루암 왼쪽\n막다른 곳에 있는 방의 스위치를\n누르지 않으면 안 열려요!{p}저、정말이에요!{00}
C01945	SSS1/020:321	글	1	だれかがドアをあけたようじゃな{0A}まあよい、特別におりることをゆるそう{00}	누군가 문을 연 모양이구나{0A}뭐 좋다、특별히 내려가는 걸 허락하마{00}
C01946	SSS1/020:348	글	1	ひいっ、い、いのちだけは　　{00}	히익、모、목숨만은　　{00}
C01947	SSS1/020:35A	글	1	下のドアは、この階のどこかにある\nスイッチを押さねば開かないように\nなっておる。{00}	아래 문은 이 층 어딘가에 있는\n스위치를 눌러야 열리도록\n되어 있다。{00}
C01948	SSS1/020:38D	글	1	はずかしいから{0A}そっと目をとじて　　	부끄러우니까{0A}살며시 눈을 감아　　
C01949	SSS1/020:3A8	대사:FD	1	ドキドキ　　	두근두근　　
C01950	SSS1/020:3D0	글	1	はいっ!ドアを開けてあげたわよ!{p}ね?いいことでしょ?	짠!문을 열어 줬어!{p}어때?좋은 일이지?
C01951	SSS1/020:3F5	글	1	やったー、ありがとう{08}　　{00}	앗싸、고마워{08}　　{00}
C01952	SSS1/020:406	글	1	えへへ、それほどでもないわよ。	에헤헤、그 정도는 아니야。
C01953	SSS1/020:41A	글	1	　　あら、なにか不満そうね{09}いったい何を考えてたのかしら?{p}やあねえ、男のひとって。	　　어머、뭔가 불만스러운 얼굴이네{09}대체 무슨 생각을 했던 걸까?{p}싫다、남자들이란。
C01954	SSS1/020:450	글	1	ここのドアは開けちゃいけないんだけど\nあなただけは、とくべつなんだって!{00}	여기 문은 열면 안 되는데\n당신만은 특별하대!{00}
C01955	SSS1/020:480	글	1	ねえ、いいことしてあげよっか?	있잖아、좋은 일 해 줄까?
C01956	SSS1/020:497	글	1	うん、してして{08}え、いいよ。	응、해 줘 해 줘{08}아、됐어。
C01957	SSS1/020:4A8	글	1	フフッ、じゃあとなりのへやにきて。	후훗、그럼 옆방으로 와。
C01958	SSS1/020:4C1	글	1	もう、てれやさんなんだから!{00}	정말、부끄럼쟁이라니까!{00}
C01959	SSS1/020:4D1	글	1	と、となりの部屋のカギをあげますから{0A}ゆるしてください!	여、옆방 열쇠를 드릴 테니{0A}용서해 주세요!
C01960	SSS1/020:4F5	안내:01	1	カギを奪い取った!	열쇠를 빼앗았다!
C01961	SSS1/020:507	글	1	も、もう何も持っていません{09}本当です!{00}	이、이젠 아무것도 없어요{09}정말이에요!{00}
C01962	SSS1/020:520	글	1	ここは警備兵のひかえ室だ。{00}	여긴 경비병 대기실이다。{00}
C01963	SSS1/020:533	글	1	どうやってはいってこれたんだ?{00}	어떻게 들어온 거냐?{00}
C01964	SSS1/020:544	글	1	大僧正様は、洞仙をとても\n憎んでいるんだって。{p}まあ憎まれて、当然だけどな。{00}	대승정님은 동선을 아주\n미워하신대。{p}뭐、미움받아도 싸지만。{00}
C01965	SSS1/020:576	글	1	なんでも洞仙とやらが{0A}たまごをとりかえしにくるらしい{p}なんてしつこいやつだろう。	듣자니 동선이란 자가{0A}알을 되찾으러 온다더군{p}정말 끈질긴 놈이야。
C01966	SSS1/020:5A8	글	1	まったくその通りです{08}おれがその洞仙だ	정말 그렇네요{08}내가 바로 그 동선이다
C01967	SSS1/020:5C1	글	1	うむ、しかしやつは我々が倒す{09}安心して中を見てまわられよ。{00}	음、하지만 놈은 우리가 쓰러뜨린다{09}안심하고 안을 둘러보시게。{00}
C01968	SSS1/020:5E7	글	1	はっはっは{09}なかなかおもしろいな、キミは。{00}	하하하{09}꽤 재미있군、자네。{00}
C01969	SSS1/020:60B	글	1	たまごもとりかえしたことだし{0A}また平和な日々がおくれそうですな?	알도 되찾았으니{0A}또 평화로운 나날을 보낼 수 있겠군요?
C01970	SSS1/020:637	글	1	ええ、そうですね{09}はたしてそうかな?	네、그렇겠죠{09}과연 그럴까?
C01971	SSS1/020:64C	글	1	平和が一番いいものです。	평화가 제일이지요。
C01972	SSS1/020:664	글	1	いや、まったくそのとおり{08}はあ、そうですか。{00}	아니、정말 그 말대로요{08}하아、그렇습니까。{00}
C01973	SSS1/020:67C	글	1	なんですと{07}まさか!あなたは　　	뭐라고요{07}설마!당신은　　
C01974	SSS1/020:696	글	1	あ、うそ、うそです{09}たまごをとりかえしにきたぜ!	아、농담、농담이에요{09}알을 되찾으러 왔다!
C01975	SSS1/020:6B1	글	1	あなたは、なかなかみどころがある{09}寺の中を自由に歩かせてあげましょう。	당신은 꽤 쓸 만하군요{09}절 안을 자유롭게 다니게 해 드리지요。
C01976	SSS1/020:6DE	글	1	警備兵、この方を通してあげてください。	경비병、이분을 통과시켜 드리세요。
C01977	SSS1/020:710	글	1	ほっほっほ、よしよし。	호호호、옳지 옳지。
C01978	SSS1/020:720	글	1	平和のよさをわからぬとは　　{00}	평화의 소중함을 모르다니　　{00}
C01979	SSS1/020:734	글	1	おとなをからかうものではないぞ!{00}	어른을 놀리는 게 아니다!{00}
C01980	SSS1/020:746	글	1	ひっ!警備兵{08}こいつをつかまえろ!	힉!경비병{08}이놈을 잡아라!
C01981	SSS1/020:760	대사:1A	1	よっしゃあ!	좋았어!
C01982	SSS1/020:76A	대사:1B	2	かくごしろ!	각오해라!
C01983	SSS1/020:775	글	1	そなたは他の部屋に\nしらせてくるのじゃ!	너는 다른 방에\n알리고 오거라!
C01984	SSS1/020:7B1	글	1	少しイタイ目にあいなされ!	좀 따끔한 맛을 보시게!
C01985	SSS1/020:7CF	안내:01	1	ドラの音がなりひびいた!	징 소리가 울려 퍼졌다!
C01986	SSS1/020:7F0	글	1	ここだけの話だけど、	여기서만 하는 얘긴데、
C01987	SSS1/020:802	글	1	あのおしょうさんをおだてると{0A}ちょっといいことがあるよ。	저 스님을 띄워 주면{0A}좀 좋은 일이 있어。
C01988	SSS1/020:825	대사:1C	1	なんか、いったかの?{p}はっ!い、いえ、あそこにおられる\nおしょうさまはエライお方だと\n説明しておりました!	뭐라고 했느냐?{p}헉!아、아뇨、저기 계신\n스님은 훌륭한 분이라고\n설명하고 있었습니다!
C01989	SSS1/020:861	대사:1C	1	ほっほっほ、よしよし。{p}ふーっあぶないあぶない。{00}	호호호、옳지 옳지。{p}휴―위험했다 위험했어。{00}
C01990	SSS1/020:87B	글	1	ほらね!{00}	거봐!{00}
C01991	SSS1/020:881	글	1	若いのに信心の心がありなさるか{0A}ほっほっほっ、いいことじゃ。{00}	젊은데 신심이 있구먼{0A}호호호、좋은 일이야。{00}
C01992	SSS1/020:8A5	글	1	たまごを盗んだやつっていうのは{0A}一体なにをしようとしたんだろう?{p}まったくバチあたりな!	알을 훔친 놈은{0A}대체 뭘 하려고 했던 걸까?{p}정말 벌 받을 놈!
C01993	SSS1/020:8E1	글	1	あのねー、うんとねー、{p}きょうは、おばあちゃんと\nいっしょにきたのー。	있잖아―、음―、{p}오늘은 할머니랑\n같이 왔어―。
C01994	SSS1/020:908	대사:15	1	ほら、ちゃんと手をつないでないと\n迷子になっちゃうでしょ。{00}	자、손을 꼭 잡고 있지 않으면\n길을 잃어버린단다。{00}
C01995	SSS1/020:92A	글	1	この子に一度ここのお寺を見せたくて{0A}はるばる歩いてきたんです。{p}あたしもトシなのかしらねえ{0A}ちょっと、こしが　　イテテ　　	이 아이에게 이 절을 한번 보여 주고 싶어서{0A}먼 길을 걸어왔어요。{p}나도 나이를 먹었나 봐{0A}허리가 좀　　아이고　　
C01996	SSS1/020:975	대사:14	1	おばあちゃん、おなかすいた一。{p}も、もうちょっと休ませておくれ　　{00}	할머니、배고파―。{p}조、조금만 더 쉬게 해 주렴　　{00}
C01997	SSS1/020:99C	글	1	大僧正様が、儀式を行っているので{0A}地下へはおりられません。{00}	대승정님이 의식을 치르고 계셔서{0A}지하로는 내려갈 수 없습니다。{00}
C01998	SSS1/020:9C4	글	1	一般の方は、この奥から大仏を\nごらんになってください。{00}	일반인께서는 이 안쪽에서 대불을\n보시기 바랍니다。{00}
C01999	SSS1/020:9E7	글	1	たまごをとりかえしたっていうから{0A}見に来たんだけど、{p}すぐ封印しちゃうんだって{08}少しぐらい見せてくれたって\nいいじゃないねえ?{00}	알을 되찾았다길래{0A}보러 왔는데、{p}곧바로 봉인한대{08}조금쯤 보여 줘도\n되잖아、그치?{00}
C02000	SSS1/020:A2E	글	1	どこからか地下におりれるはずなんだが\nどこなんだろう?{00}	어딘가에서 지하로 내려갈 수 있을 텐데\n어디일까?{00}
C02001	SSS1/020:A6A	안내:01	2	スイッチを入れた!	스위치를 켰다!
C02002	SSS1/020:A8A	안내:01	2	スイッチを元にもどした!	스위치를 원래대로 돌렸다!
C02003	SSS1/020:AA0	글	1	ここから先は、入れません。{00}	여기서부터는 들어갈 수 없습니다。{00}
C02004	SSS1/020:AB1	글	1	どうぞ、お通りください。{00}	자、지나가십시오。{00}
C02005	SSS1/020:AC0	글	1	なあに、礼にはおよばんよ。{00}	뭘、고마워할 것 없네。{00}
C02006	SSS1/020:B02	대사:16	1	あいつだ{08}みんな、にげろお!	저 녀석이다{08}다들 도망쳐어!
C02007	SSS1/020:B14	대사:15	1	た、たすけてえええ!	사、살려 줘어어어!
C02008	SSS1/020:B27	대사:14	1	あーん、おばあちゃんまってー!	으앙、할머니 기다려―!
C02009	SSS1/020:B3F	대사:18	1	いやーん、もおサイテー!	싫어―、정말 최악이야!
C02010	SSS1/020:B54	대사:12	1	ひええ、おたすけーっ!	히이익、살려 줘―!
C02011	SSS1/020:B68	대사:19	1	こらしめてくれるわ!	혼내 주마!
C02012	SSS1/020:B7E	대사:13	1	ぼ、ぼくは　　	나、나는　　
C02013	SSS1/020:B97	대사:13	1	にげる!	도망칠래!
C02014	SSS1/020:BA4	대사:17	2	いくぞ!	간다!
C02015	SSS1/020:BD5	대사:21	1	キャーーーーーーッ{08}たすけてーーーーっ!	꺄아아아아아악{08}살려 줘――――!
C02016	SSS1/020:BFA	대사:21	1	いやっ!こないでっ!{00}	싫어!오지 마!{00}
C02017	SSS1/020:C22	대사:1E	1	お前だな、洞仙とやらは!	네놈이로구나、동선이란 놈이!
C02018	SSS1/020:C38	대사:1E	1	ここのスイッチを押されてしまったら{0A}地下へのドアが開いてしまうのだ!	여기 스위치를 눌러 버리면{0A}지하로 가는 문이 열려 버린다!
C02019	SSS1/020:C66	대사:1E	1	そんなことは、させないぞ!	그렇게는 못 하게 하겠다!
C02020	SSS1/020:C7A	대사:1D	1	バカ!説明してどうする!	바보!설명해서 어쩌자는 거야!
C02021	SSS1/020:C90	대사:1E	1	あっ!ス、スマン!	앗!미、미안!
C02022	SSS1/020:CAC	대사:1E	1	あっ!おまえ、い、今わらったなあ{08}ゆるさんぞ!	앗!너、바、방금 웃었지{08}용서 못 한다!
C02023	SSS1/020:CD6	대사:1D	1	スイッチには近づけさせんぞ!	스위치엔 못 다가가게 하겠다!
C02024	SSS1/020:CF1	대사:1E	1	よくも友を!	감히 내 친구를!
C02025	SSS1/020:D36	대사:2D	1	とどめをさしてくれる!	숨통을 끊어 주마!
C02026	SSS1/020:D6E	대사:1F	1	話は聞いております{09}どうぞお通りください。	이야기는 들었습니다{09}자、지나가십시오。
C02027	SSS1/020:DBF	대사:1B	1	かんねんしろ!	체념해라!
C02028	SSS1/020:DD5	대사:1A	1	せいばいしてくれる!	처단해 주마!
C02029	SSS1/020:E05	대사:28	1	くせものめ!	수상한 놈!
C02030	SSS1/020:E16	대사:29	1	かかってこい!	덤벼라!
C02031	SSS1/020:E37	대사:2B	1	一人でも負けぬぞ!	혼자서도 지지 않는다!
C02032	SSS1/020:EA4	안내:01	2	地上一武楼庵一	지상―무루암―
C02033	SSS1/020:EC4	대사:04	1	見つかったか?	찾았나?
C02034	SSS1/020:ED3	대사:05	1	あそこには無かった。	저기엔 없었어。
C02035	SSS1/020:EEA	대사:05	1	そっちはどうだった?	그쪽은 어땠어?
C02036	SSS1/020:EFA	대사:06	1	だめだ!見つからない\n大変な事になるぞ	안 돼!못 찾겠어\n큰일 나겠는데
C02037	SSS1/020:F15	대사:05	1	とにかく大僧正様に、報告しなければ!	아무튼 대승정님께 보고해야 해!
C02038	SSS1/020:F3E	대사:05	1	ここはもういいですよ{0A}他を、捜しましょう。	여긴 이제 됐어요{0A}다른 곳을 찾아요。
C02039	SSS1/021:28F	글	1	この階には気性のあらい者が\nたくさんおる。{p}気をつけて進みなされ。{00}	이 층에는 성질 사나운 자가\n많다네。{p}조심해서 가시게。{00}
C02040	SSS1/021:2B8	글	1	そなたからは血のにおいがする。{p}てきを倒すだけではこの武楼庵を\nまわりきることはできんぞ。{00}	자네에게선 피 냄새가 나는구먼。{p}적을 쓰러뜨리기만 해서는 이 무루암을\n다 돌 수 없을 걸세。{00}
C02041	SSS1/021:2EC	글	1	うしろにあるスイッチをおしてしまうと\nある部屋へとつながってるドアが\n開いてしまうのだ。{00}	뒤에 있는 스위치를 눌러 버리면\n어떤 방으로 이어지는 문이\n열려 버린다。{00}
C02042	SSS1/021:31E	글	1	いま、となりの部屋の奥では\n大僧正様がたまごを封印されている{00}	지금 옆방 안쪽에서는\n대승정님이 알을 봉인하고 계신다{00}
C02043	SSS1/021:347	글	1	そのある部屋には、となりのドアを\n開けてしまうスイッチがあるのだ。{00}	그 어떤 방에는 옆방 문을\n여는 스위치가 있다。{00}
C02044	SSS1/021:36E	글	1	われわれは大僧正様を洞仙とやらから\n守るために警備している。{00}	우리는 대승정님을 동선이란 자로부터\n지키기 위해 경비하고 있다。{00}
C02045	SSS1/021:397	글	1	このお寺ってフクザツだよねえ。{00}	이 절은 복잡하지。{00}
C02046	SSS1/021:3A9	글	1	お祭りにいきたいなあ　　{00}	축제에 가고 싶다　　{00}
C02047	SSS1/021:3BA	글	1	こ、これはある人から聞いたんだけど、{00}	이、이건 어떤 사람한테 들은 얘긴데、{00}
C02048	SSS1/021:3D0	글	1	なんでも洞仙ってやつは{0A}ものすごい大男なんだって。{00}	듣자니 동선이란 놈은{0A}엄청나게 큰 사내래。{00}
C02049	SSS1/021:3EF	글	1	たとえばさ、人生で選択するときに、{p}うーん、なやむなあ。{00}	예를 들어 인생에서 선택할 때、{p}으음、고민되네。{00}
C02050	SSS1/021:411	글	1	封印がおわればひと安心だ{09}洞仙といえども手出しはできまい。{00}	봉인이 끝나면 한시름 놓겠다{09}동선이라 해도 손을 쓸 수 없겠지。{00}
C02051	SSS1/021:438	글	1	この奥では大僧正様がたまごを\n封印なさっておる。{p}入ってはならんぞ!{00}	이 안쪽에서는 대승정님이 알을\n봉인하고 계신다。{p}들어가선 안 된다!{00}
C02052	SSS1/021:464	글	1	何でこんな所まで入ってこれたのだ?	어떻게 이런 곳까지 들어올 수 있었지?
C02053	SSS1/021:47C	글	1	あ!1階の福弁おしょうだな{07}まったくあの人にもこまったものだ。{00}	아!1층의 후쿠벤 스님이로군{07}정말 그분도 곤란하다니까。{00}
C02054	SSS1/021:4A1	글	1	あー、おれもこんなところで\n警備じゃなくて祭りにいきたいよ。	아―、나도 이런 데서 경비 말고\n축제에 가고 싶다。
C02055	SSS1/021:4C9	대사:08	1	なにっ!{p}い、いえ、なんでもないです。{00}	뭣이!{p}아、아뇨、아무것도 아닙니다。{00}
C02056	SSS1/021:4DE	글	1	さすがに洞仙といえども、ここまでは\nこれまい。{00}	아무리 동선이라도 여기까지는\n못 오겠지。{00}
C02057	SSS1/021:50E	대사:04	1	見かけぬ、道士よ{09}そなたに聞きたい事がある。	처음 보는 도사여{09}그대에게 묻고 싶은 게 있다。
C02058	SSS1/021:533	대사:FD	1	なんだい。	뭔데。
C02059	SSS1/021:53C	대사:04	1	なぜそんなに血の香りを\nまとっているだ!	어째서 그렇게 피 냄새를\n두르고 있는 게냐!
C02060	SSS1/021:559	대사:FD	1	あんたは?	당신은?
C02061	SSS1/021:562	대사:04	1	ワシは、龍雷漢じゃ。	나는 류 라이칸이다。
C02062	SSS1/021:576	대사:FD	1	ここに俺の仙窟から\n奪われた物があると聞いた。	여기에 내 선굴에서\n빼앗긴 물건이 있다고 들었다。
C02063	SSS1/021:597	대사:04	1	やはり、洞仙か!	역시 동선이었군!
C02064	SSS1/021:5A8	대사:FD	1	そのとおりだ!道を開けろ雷漢\n開けないなら・・	그렇다!길을 비켜라 라이칸\n안 비키면‥
C02065	SSS1/021:5CA	대사:04	1	開けないと言ったらどうする?	안 비킨다면 어쩔 테냐?
C02066	SSS1/021:5DE	대사:FD	1	開けさせるまで!!	비키게 만들 때까지!!
C02067	SSS1/021:5EC	대사:23	2	我々を倒さない限り、大僧正様の\n所にはたどり着けないからな!	우리를 쓰러뜨리지 않는 한 대승정님\n계신 곳엔 못 간다!
C02068	SSS1/021:61F	대사:22	2	余計な事を言うな!	쓸데없는 말 하지 마!
C02069	SSS1/021:633	대사:23	2	す{03:01}、すまん	미{03:01}、미안
C02070	SSS1/021:63E	대사:04	2	気を抜くな!	방심하지 마라!
C02071	SSS1/021:663	대사:FD	1	雷漢!!	라이칸!!
C02072	SSS1/021:673	대사:04	1	どうしたのだ、道士よ。	무슨 일이냐、도사여。
C02073	SSS1/021:68D	대사:FD	1	どうしたも、こうしたもあるか!	무슨 일이고 뭐고가 있냐!
C02074	SSS1/021:6A0	대사:FD	1	俺の仙窟から持っていった\nたまごを返しやがれ!	내 선굴에서 가져간\n알을 돌려줘!
C02075	SSS1/021:6C9	대사:04	1	たまご?	알?
C02076	SSS1/021:6D1	대사:04	1	貴様、洞仙か!	네놈、동선이냐!
C02077	SSS1/021:6E0	대사:04	1	しかし、持っていく事は貴様も\n承知の上だったろう?	하지만 가져가는 건 네놈도\n알고 있던 일 아니냐?
C02078	SSS1/021:704	대사:FD	1	うるさい!{08}返せったら返せ!!	시끄러워!{08}돌려 달라면 돌려줘!!
C02079	SSS1/021:719	대사:04	1	返せと言われて返す訳には{0A}いかんのじゃ!	돌려 달란다고 돌려줄 수는{0A}없느니라!
C02080	SSS1/021:735	대사:FD	1	なら、勝負だ!	그럼 승부다!
C02081	SSS1/021:742	대사:04	2	よかろう!	좋다!
C02082	SSS1/021:7C7	대사:04	1	ダメだといっておるのに　　	안 된다고 했건만　　
C02083	SSS1/021:7DD	대사:04	1	そうか、お前が洞仙だな!	그렇군、네가 동선이로구나!
C02084	SSS1/021:7F2	대사:FD	1	ドキッ!	뜨끔!
C02085	SSS1/021:7FD	대사:04	1	みなのもの、かかれ{08}あいつが洞仙だ!	모두、덤벼라{08}저놈이 동선이다!
C02086	SSS1/021:81E	대사:06	5	おう!	오오!
C02087	SSS1/021:831	대사:03	3	あ!	앗!
C02088	SSS1/021:876	대사:03	3	きたぞ!	왔다!
C02089	SSS1/021:8B3	대사:0C	1	侵入者め!!	침입자 놈!!
C02090	SSS1/021:8D3	대사:0E	1	侵入者だ!かかれ!	침입자다!덤벼라!
C02091	SSS1/021:8F9	대사:10	1	ヘイヘイヘーーイ{08}いっくぜい!	헤이헤이헤―이{08}간다아!
C02092	SSS1/021:914	대사:0E	1	まけないぞ!	지지 않을 테다!
C02093	SSS1/021:926	대사:0F	1	なめるなよ!	얕보지 마라!
C02094	SSS1/021:956	대사:08	1	むっ!あやしいやつめ!	음!수상한 놈!
C02095	SSS1/021:965	대사:09	1	たったひとりでくるとは{0A}おれたちもなめられたもんだぜ!	혼자서 오다니{0A}우리도 얕보였구먼!
C02096	SSS1/021:984	대사:0A	1	くらえ、おれたちの\nバトルフォーメーション!	받아라、우리의\n배틀 포메이션!
C02097	SSS1/021:99F	대사:0B	1	とう!	얍!
C02098	SSS1/021:9C2	대사:08	1	アターック!	어택―!
C02099	SSS1/021:A4B	대사:02	1	侵入者め!	침입자 놈!
C02100	SSS1/028:170	영문	1	01\n02\n03\n04	
C02101	SSS1/028:180	글	1	洞天の街の曲	동천 거리의 곡
C02102	SSS1/028:191	글	1	カオスシード1	카오스 시드1
C02103	SSS1/028:1A0	글	1	勇者の進撃	용사의 진격
C02104	SSS1/028:1B0	글	1	戦いの曲	전투의 곡
C02105	SSS1/028:1C5	영문	1	05\n06\n07\n08	
C02106	SSS1/028:1D5	글	1	雷漢将軍のテーマ	라이칸 장군의 테마
C02107	SSS1/028:1E8	글	1	捜神のテーマ	소신의 테마
C02108	SSS1/028:1F7	글	1	老師の曲	노사의 곡
C02109	SSS1/028:205	글	1	酒場	주점
C02110	SSS1/028:218	영문	1	09\n0A\n0B\n0C	
C02111	SSS1/028:228	글	1	集計タイム	집계 타임
C02112	SSS1/028:236	글	1	武楼庵の曲	무루암의 곡
C02113	SSS1/028:246	글	1	洞窟	동굴
C02114	SSS1/028:251	글	1	しずかな	고요한
C02115	SSS1/028:264	영문	1	0D\n0E\n0F\n10	
C02116	SSS1/028:27F	글	1	明紅のテーマ	메이홍의 테마
C02117	SSS1/028:28E	글	1	イザナギのテーマ	이자나기의 테마
C02118	SSS1/028:29D	글	1	玲蘭のテーマ	레이란의 테마
C02119	SSS1/028:2B4	영문	1	11\n12\n13\n14	
C02120	SSS1/028:2C4	글	1	ケブレスのテーマ	케브레스의 테마
C02121	SSS1/028:2D4	글	1	妖獣1	요수1
C02122	SSS1/028:2E0	글	1	妖獣2	요수2
C02123	SSS1/028:2EC	글	1	笛	피리
C02124	SSS1/028:2FD	영문	1	15\n16\n17\n18	
C02125	SSS1/028:30D	글	1	ヒロイン悲しい	히로인 슬픔
C02126	SSS1/028:31C	글	1	妖獣3	요수3
C02127	SSS1/028:328	글	1	妖獣4	요수4
C02128	SSS1/028:334	글	2	龍穴炉	용혈로
C02129	SSS1/028:349	영문	1	19\n1A\n1B\n1C	
C02130	SSS1/028:359	글	1	地底湖	지저호
C02131	SSS1/028:366	글	1	仙獣の世界	선수의 세계
C02132	SSS1/028:376	글	1	ダンジョン	던전
C02133	SSS1/028:383	글	1	戦いの曲2	전투의 곡2
C02134	SSS1/028:399	영문	1	1D\n1E\n1F\n20	
C02135	SSS1/028:3A9	글	1	戦いの曲3	전투의 곡3
C02136	SSS1/028:3B7	글	1	うらぎり	배신
C02137	SSS1/028:3C2	글	1	ヒロインのテーマ	히로인의 테마
C02138	SSS1/028:3D1	글	1	メインテーマ	메인 테마
C02139	SSS1/028:3E6	글	1	21\n22\n23\nつぎ	21\n22\n23\n다음
C02140	SSS1/028:3F6	글	1	オープニング	오프닝
C02141	SSS1/028:404	글	1	練習面	연습 스테이지
C02142	SSS1/028:411	글	1	メインテーマ2	메인 테마2
C02143	SSS1/028:427	영문	1	24\n25\n26\n27	
C02144	SSS1/028:437	글	4	仙窟	선굴
C02145	SSS1/028:442	글	1	決断	결단
C02146	SSS1/028:44D	글	1	あせり	초조
C02147	SSS1/028:457	글	1	仲間1	동료1
C02148	SSS1/028:46B	글	1	28\n29\n2A\nつぎ	28\n29\n2A\n다음
C02149	SSS1/028:47B	글	1	仲間2	동료2
C02150	SSS1/028:487	글	1	メインテーマ3	메인 테마3
C02151	SSS1/028:495	글	1	強力な仙窟	강력한 선굴
C02152	SSS1/028:4AD	영문	1	3B\n3C\n3D\n3E	
C02153	SSS1/028:4BD	글	1	最後の仙窟	최후의 선굴
C02154	SSS1/028:4CD	글	1	アレックスの曲	알렉스의 곡
C02155	SSS1/028:4DC	글	1	おそれ	두려움
C02156	SSS1/028:4E6	글	1	エンディング1	엔딩1
C02157	SSS1/028:4FD	글	1	2F\n30\n31\nつぎ	2F\n30\n31\n다음
C02158	SSS1/028:50D	글	1	エンディング2	엔딩2
C02159	SSS1/028:51C	글	1	真のエンディング	진 엔딩
C02160	SSS1/028:52D	글	1	ラストバトル	라스트 배틀
C02161	SSS1/028:543	영문	1	32\n33\n34\n35	
C02162	SSS1/028:553	글	1	スタッフロール	스태프 롤
C02163	SSS1/028:561	글	1	シャスタの曲	샤스타의 곡
C02164	SSS1/028:56F	글	1	洞天軍	동천군
C02165	SSS1/028:57C	글	1	異次元	이차원
C02166	SSS1/050:80	안내:06	1	 龍の秘術によって、平行世界へと{03:03}\n \n飛ばされてしまった{05:00}は{03:03}\n \n  あてもなく、さまよっていた。	 용의 비술로 평행세계로{03:03}\n \n날려 간 {05:00}은{03:03}\n \n  정처 없이 헤매고 있었다。
C02167	SSS1/050:C2	안내:08	1	元の世界に戻り、老師を助ける、{03:03}\n \n  それだけを決意して　　	원래 세계로 돌아가 노사를 구한다、{03:03}\n \n  그것만을 결심하고　　
C02168	SSS1/050:120	안내:08	1	      {05:00}は{0A} \n  老師に重要な用件があると言われ{0A} \n     老師の家をたずねます。	      {05:00}은{0A} \n  노사에게 중요한 용건이 있다는 말을 듣고{0A} \n     노사의 집을 찾아갑니다。
C02169	SSS1/050:15E	안내:0C	1	果たして、大切な用件とは{03:01}‥{03:01}‥{03:01}‥{03:01}	과연 중요한 용건이란{03:01}‥{03:01}‥{03:01}‥{03:01}
C02170	SSS1/050:1EB	대사:FD	1	老師～!!	노사님～!!
C02171	SSS1/050:2A7	글	1	NEXT\n龍穴炉たまごイベント\n天転侵入\n天転龍穴炉	NEXT\n용혈로 알 이벤트\n텐텐 침입\n텐텐 용혈로
C02172	SSS1/050:2DB	글	1	NEXT\n玲蘭侵入\n玲蘭龍穴炉\n雷漢侵入	NEXT\n레이란 침입\n레이란 용혈로\n라이칸 침입
C02173	SSS1/050:309	글	1	NEXT\n雷漢龍穴炉\n雷漢デモ（たまご奪われてる。）\nたまご守ってクリア マスター前にチェック	NEXT\n라이칸 용혈로\n라이칸 데모(알 빼앗김。)\n알 지키고 클리어 마스터 전에 체크
C02174	SSS1/050:350	글	1	NEXT\nたまご壊してクリア マスター前にチェック\n街へ\nヒロインイベント 龍穴炉でのみ使用	NEXT\n알 부수고 클리어 마스터 전에 체크\n거리로\n히로인 이벤트 용혈로에서만 사용
C02175	SSS1/050:394	글	1	NEXT\n大僧正\n大僧正倒した後\nEXIT	NEXT\n대승정\n대승정 쓰러뜨린 후\nEXIT
C02176	SSS1/060:5C	대사:FC	1	ここも、荒れ地ですね	여기도 황무지네요
C02177	SSS1/060:6F	대사:FD	1	ああ、この地の龍脈はそうとう\n弱ってる様だな。	그래、이 땅의 용맥은 상당히\n약해진 모양이야。
C02178	SSS1/060:A5	대사:FC	1	こんな土地がずっと続いていますね。	이런 땅이 계속 이어지네요。
C02179	SSS1/060:BD	대사:FD	1	ああ、街の方はあまり変わって\nないみたいだけどね。	그래、마을 쪽은 별로 안\n변한 것 같지만。
C02180	SSS1/060:100	대사:FD	1	ん、鳥かな?	응、새인가?
C02181	SSS1/060:10E	대사:FC	1	{05:00}様、早く仙窟を\n作りましょう	{05:00}님、어서 선굴을\n만들어요
C02182	SSS1/060:12C	대사:FD	3	よし!!	좋아!!
C02183	SSS1/060:13C	대사:FD	3	削岩功!	삭암공!
C02184	SSS1/060:1FB	대사:FD	1	よし、準備はいいか?	좋아、준비됐어?
C02185	SSS1/060:20B	대사:FC	1	龍脈を守る為にがんばりましょう。	용맥을 지키기 위해 힘내요。
C02186	SSS1/060:241	검증필요	1	{LV}けづズ{00}	
C02187	SSS1/072:9C	대사:00	1	だれですか‥‥‥	누구시오‥‥‥
C02188	SSS1/072:AE	대사:FD	1	たまごを返してもらおう!	알을 돌려받으러 왔다!
C02189	SSS1/072:D5	대사:00	1	洞仙　　ですな?	동선　　이로군요?
C02190	SSS1/072:E5	대사:00	1	これを奪おうという\nつもりですか。	이걸 빼앗을\n생각입니까。
C02191	SSS1/072:FB	대사:00	1	これは、もともとここに\n封印してあった物。	이건 원래 여기에\n봉인되어 있던 것。
C02192	SSS1/072:11A	대사:FD	1	取って来るって、約束しち\nまったんだ。	가져오겠다고 약속해\n버렸거든。
C02193	SSS1/072:135	대사:00	1	それでは、強盗と同じでしょう?	그럼 강도와 다를 바 없지 않소?
C02194	SSS1/072:158	대사:FD	1	そっちだって、俺ン所で\n同じ事してるだろ。	그쪽도 내 선굴에서\n똑같은 짓을 했잖아。
C02195	SSS1/072:178	대사:FD	1	それに、たまごと引き換えに\n教えてもらう事もあるしな。	게다가 알과 맞바꿔\n알아낼 것도 있거든。
C02196	SSS1/072:19B	대사:00	1	待ちなさい、{03:02}それではワシがそれを\n教えれば、引いてもらえるのですかな?	기다리시오、{03:02}그럼 내가 그걸\n가르쳐 주면 물러나 주겠소?
C02197	SSS1/072:1D0	대사:FD	1	交換条件か　　あんた、洞仙嫌い\nだったんじゃなかったのか?	교환 조건인가　　당신、동선을 싫어하는\n거 아니었어?
C02198	SSS1/072:1FA	대사:00	1	背に腹は、変えられませんからな。	급하면 어쩔 수 없으니까요。
C02199	SSS1/072:218	대사:FD	1	結構本気で言ってる様だな　　	꽤 진심으로 하는 말 같은데　　
C02200	SSS1/072:232	대사:FD	1	どうしよう	어쩌지
C02201	SSS1/072:241	글	1	天封呪の事を話してみる{09}かまわずたまごを奪う。	천봉주 이야기를 해 본다{09}상관없이 알을 빼앗는다。
C02202	SSS1/072:266	대사:FD	1	天封呪の謎を教えて\nもらうって事さ。	천봉주의 비밀을 알려\n달라는 거야。
C02203	SSS1/072:28D	대사:00	1	なんと!天封呪　　	이럴 수가!천봉주　　
C02204	SSS1/072:29F	대사:FD	1	あんた、天封呪を知っているのか!!	당신、천봉주를 아는 거야!!
C02205	SSS1/072:2BA	대사:00	1	その呪文は、神代より伝えらる\n禁呪のひとつ!	그 주문은 신대로부터 전해지는\n금주 중 하나!
C02206	SSS1/072:2DE	대사:FD	1	で、その術を解く方法は?	그래서 그 술법을 푸는 방법은?
C02207	SSS1/072:2F4	대사:00	1	知らない。	모르오。
C02208	SSS1/072:301	대사:00	1	知っていても、その呪文の事は\nそなたに教えるつもりはない。	알더라도 그 주문에 대해서는\n그대에게 가르칠 생각이 없소。
C02209	SSS1/072:32A	대사:FD	1	背に腹は変えられないんじゃ\nなかったのか?	급하면 어쩔 수 없다며\n아니었어?
C02210	SSS1/072:346	대사:00	1	それが、腹の部分じゃ!	그게 바로 급소란 말이오!
C02211	SSS1/072:358	대사:FD	1	決裂だな!	결렬이군!
C02212	SSS1/072:363	대사:FD	2	たまごは、もらっていくぜ!	알은 받아 간다!
C02213	SSS1/072:374	대사:00	1	どうしてもですか?	기어이 말이오?
C02214	SSS1/072:381	대사:FD	1	どうしてもだ!	기어이다!
C02215	SSS1/072:38F	대사:00	2	貴様などに、渡してたまるか{08}冥府に送ってやるわ!	네놈 따위에게 넘겨줄까 보냐{08}명부로 보내 주마!
C02216	SSS1/072:3B1	대사:FD	2	ケッ、出来るもんなら\nやってみろ!	흥、할 수 있으면\n해 봐!
C02217	SSS1/072:3CD	대사:FD	1	あんたは信用できない。	당신은 믿을 수 없어。
C02218	SSS1/072:3E7	대사:00	1	話し合う気は、毛頭無い\nという訳ですな。	대화할 생각은 털끝만큼도 없다\n이 말이군요。
C02219	SSS1/072:4B0	대사:00	1	やっともどりましたか　　\nこれで、ひと安心!	드디어 돌아왔군요　　\n이제 한시름 놓았소!
C02220	SSS1/072:4D0	대사:00	1	あぶなく、禁呪の巻き物を使う\n所でした‥‥‥	하마터면 금주의 두루마리를 쓸\n뻔했소‥‥‥
C02221	SSS1/072:501	대사:00	1	寺を壊されてはたまらんからな{09}場所は、選ばせてもらうぞ。	절이 부서지면 곤란하니{09}장소는 내가 고르겠다。
C02222	SSS1/072:526	대사:00	1	時空転	시공전
C02223	SSS1/072:696	대사:00	1	ここがそなたの墓場じゃ!	여기가 그대의 무덤이다!
C02224	SSS1/072:6A8	대사:00	1	そなたをほふるに\nふさわしい者達を招こう。	그대를 처치하기에\n걸맞은 자들을 부르지。
C02225	SSS1/072:7AF	대사:FD	1	仙獣!!	선수!!
C02226	SSS1/072:7BC	대사:00	1	しょせん、この者たちは\n呼び出した者のいいなりじゃ!!	어차피 이자들은\n불러낸 자가 시키는 대로다!!
C02227	SSS1/072:7DF	검증필요	1	ぱゼい{0A}O{00}	
C02228	SSS1/072:7FA	대사:00	1	さすがは洞仙と言っておこう	과연 동선이라 해 두지
C02229	SSS1/072:8CE	대사:00	1	しかし、そなたの仲間は役にたたん	하지만 그대의 동료는 쓸모없다
C02230	SSS1/072:8F3	대사:FD	1	何てことしやがる!!	무슨 짓을 하는 거야!!
C02231	SSS1/072:902	대사:00	1	使い魔は、このくらいの\nレベルでなくてはな!!	사역마라면 이 정도\n레벨은 되어야지!!
C02232	SSS1/072:920	대사:00	1	白猿よ、こやつと遊んで\nやるのじゃ!!	백원이여、이놈과 놀아\n주거라!!
C02233	SSS1/072:AD8	대사:00	1	まさか、我が使い魔がやられるとはな。	설마 내 사역마가 당하다니。
C02234	SSS1/072:AF1	대사:00	1	これで決着だ洞仙よ!	이것으로 결판이다 동선이여!
C02235	SSS1/072:B05	대사:FD	1	望む所だ!!	바라던 바다!!
C02236	SSS1/072:B28	대사:FD	1	フン、俺の勝ちの様だな!	흥、내가 이긴 것 같군!
C02237	SSS1/072:B5D	대사:00	1	空間が安定していない様じゃの・・	공간이 안정되지 않은 모양이구먼‥
C02238	SSS1/072:B78	대사:00	1	この場所が、なくなるのは\n時間の問題じゃ。	이곳이 사라지는 건\n시간문제다。
C02239	SSS1/072:BF7	대사:FD	1	おい、どうする?	어이、어쩔 거야?
C02240	SSS1/072:C33	대사:00	1	ここでワシと死ぬのだ!	여기서 나와 함께 죽는 것이다!
C02241	SSS1/075:EE	대사:00	2	もう終わりか?	벌써 끝이냐?
C02242	SSS1/075:106	대사:00	2	これでお前との因果の糸も\n断ち切れる。	이것으로 너와의 인과의 실도\n끊어진다。
C02243	SSS1/075:123	대사:FD	3	うう	으으
C02244	SSS1/075:129	대사:00	2	二度と戻ってこれない異次元世界の\nかなたに飛ばしてやる!	두 번 다시 돌아올 수 없는 이차원 세계\n저편으로 날려 주마!
C02245	SSS1/075:152	대사:00	2	ばらばらにしてな!!	산산조각 내서!!
C02246	SSS1/075:25B	안내:08	3	 龍の秘術にあらがう術もなく\n \n    {05:00}は\n \n異世界に、封じられてしまった	 용의 비술에 맞설 방도도 없이\n \n    {05:00}은\n \n이세계에 봉인되고 말았다
C02247	SSS1/075:2BB	안내:04	3	ここは、もといた\n \n  世界から\n \nほんの少しだけ\n \n 異なる異世界	여기는 원래 있던\n \n  세계에서\n \n아주 조금만\n \n 다른 이세계
C02248	SSS1/075:30B	안내:04	3	    この異世界は\n \n  平行世界と呼ばれる所\n \nもといた世界からほんの少しだけ\n \n     違う場所	    이 이세계는\n \n  평행세계라 불리는 곳\n \n원래 있던 세계에서 아주 조금만\n \n     다른 곳
C02249	SSS1/075:380	안내:08	3	     {05:00}は\n \nすこしずつ異なったいくつもの平行世界に\n \n  ばらばらにされ放り出された	     {05:00}은\n \n조금씩 다른 여러 평행세계로\n \n  산산이 흩어져 내던져졌다
C02250	SSS1/075:3D4	안내:08	3	    いくつもの世界に\n \n同時に、存在する事になってしまった\n \n     {05:00}	    여러 세계에\n \n동시에 존재하게 되어 버린\n \n     {05:00}
C02251	SSS1/078:4C	대사:FD	1	とお!!{00}	얍!!{00}
C02252	SSS1/078:64	대사:FD	1	大僧正を残して行くのも\n気まずいなぁ・・	대승정을 두고 가는 것도\n좀 그런데‥
C02253	SSS1/078:91	글	1	洞仙よ、ここでワシと共に\n果てるがいい!	동선이여、여기서 나와 함께\n끝나거라!
C02254	SSS1/078:B0	대사:FD	1	残念だけど、このくらいの\n異空間だったら飛天功で帰れるぜ!{p}ワシはここで果てるのじゃ!	안됐지만 이 정도\n이공간이면 비천공으로 돌아갈 수 있어!{p}나는 여기서 끝나겠다!
C02255	SSS1/078:E9	대사:FD	1	くだらねー!	시시하긴―!
C02256	SSS1/078:F3	대사:FD	1	洞仙は無益な殺生は\nしないんだぜ!{p}ワシに情けをかけるのか?	동선은 무익한 살생은\n안 한다고!{p}나에게 동정을 베푸는 게냐?
C02257	SSS1/078:11C	대사:FD	1	ほら帰るぞ!!	자、돌아가자!!
C02258	SSS1/078:203	대사:FD	1	ふう、戻ってこれた様だな!	휴우、돌아온 것 같군!
C02259	SSS1/078:221	대사:FD	1	たまごは、かえしてもらうぜ!	알은 돌려받겠어!
C02260	SSS1/078:259	대사:00	1	このままでは、すまさんぞ!!	이대로 끝나지 않을 게다!!
C02261	SSS1/078:2FC	대사:FD	1	やっと戻ってこれたよ。	겨우 돌아왔다。
C02262	SSS1/078:30C	대사:FD	1	龍脈は蘇る。たまごは無事{08}完璧だな!	용맥은 되살아난다。알은 무사{08}완벽하군!
C02263	SSS1/078:32E	대사:FD	1	ところで、神無は{0A}どうしたんだろう?	그런데 칸나는{0A}어떻게 된 거지?
C02264	SSS1/078:35E	대사:FD	1	おーい、たまご取り戻してきたよ!	어이―、알 되찾아 왔어!
C02265	SSS1/078:380	대사:FD	1	頼んだくせに肝心な時に\nいなくなるのかよ。	부탁해 놓고 중요할 때\n없어지는 거야。
C02266	SSS1/078:3C5	대사:00	1	封印球をこれ以上放置するのは\nあまりに危険です。	봉인구를 더 이상 방치하는 건\n너무 위험합니다。
C02267	SSS1/078:3F3	대사:01	1	しかし、雷漢将軍さえ倒れた今{0A}我々は余りに無力です。	하지만 라이칸 장군마저 쓰러진 지금{0A}우리는 너무 무력합니다。
C02268	SSS1/078:41C	대사:00	1	禁呪を使います。	금주를 쓰겠습니다。
C02269	SSS1/078:43C	대사:03	1	禁呪?	금주?
C02270	SSS1/078:445	대사:01	1	災いを別次元の\nしかも過去に送るという{0A}例のあれですか?	재앙을 다른 차원\n그것도 과거로 보낸다는{0A}그것 말씀입니까?
C02271	SSS1/078:46D	대사:01	1	ですが、今の御体では　　	하지만 지금 옥체로는　　
C02272	SSS1/078:482	대사:00	1	わが身がどうなろうが\n関係ありせん!	이 몸이 어찌 되든\n상관없습니다!
C02273	SSS1/078:49B	대사:00	1	行動を起こさねば多くの\n悲劇が生まれるのです。	행동하지 않으면 많은\n비극이 생겨납니다。
C02274	SSS1/078:4BD	대사:01	1	僧正殿!!	승정님!!
C02275	SSS1/078:4E0	대사:05	1	大僧正様、ついにそれを\n使用するのですか!!	대승정님、끝내 그걸\n쓰시는 겁니까!!
C02276	SSS1/078:507	대사:01	1	この世界を守るためだ、仕方がない。	이 세계를 지키기 위해서다、어쩔 수 없다。
C02277	SSS1/078:523	대사:03	1	天の理を我々が破るのは　　　	하늘의 이치를 우리가 깨는 건　　　
C02278	SSS1/078:53F	대사:01	1	静かに	조용히
C02279	SSS1/078:57B	대사:00	1	地の陰気よ	땅의 음기여
C02280	SSS1/078:5E8	대사:00	1	時天封	시천봉
C02281	SSS1/078:665	대사:FD	1	動いてるぞ!!	움직이고 있어!!
C02282	SSS1/078:67F	대사:FD	1	何が起きてるんだ!!	무슨 일이 일어나는 거야!!
C02283	SSS1/078:801	대사:FD	1	消えた　　	사라졌다　　
C02284	SSS1/078:82D	안내:09	1	たまごは、何処ともわからぬ世界に{03:08}\n \n    封じられてしまった{03:08}	알은 어딘지 모를 세계에{03:08}\n \n    봉인되고 말았다{03:08}
C02285	SSS1/078:8D2	안내:09	1	  無事たまごを取り戻した俺は\n \n仙獣達が待つ仙窟に引き返す事にした。	  무사히 알을 되찾은 나는\n \n선수들이 기다리는 선굴로 돌아가기로 했다。
C02286	SSS1/079:16F	글	1	大地の加護\n街に行く\n行かない	대지의 가호\n거리로 간다\n안 간다
C02287	SSS1/079:18E	글	1	街に行く\n行かない	거리로 간다\n안 간다
C02288	SSS1/079:2B1	안내:06	2	 たまごはデリケートな物です\n \nこれ以上攻撃を加えるとたまごは\n \n   失われてしまいます。	 알은 섬세한 것입니다\n \n더 공격을 가하면 알은\n \n   사라지고 맙니다。
C02289	SSS1/079:366	안내:08	5	   たまごは\n \n失われてしまいました。	   알이\n \n사라지고 말았습니다。
C02290	SSS1/079:384	안내:08	5	老師と約束した龍脈の活性化を\n \n 目標にして進めて下さい。	노사와 약속한 용맥의 활성화를\n \n 목표로 진행해 주세요。
C02291	SSS1/079:3D7	대사:FD	2	どんな奴が生まれるんだろう?{00}	어떤 녀석이 태어날까?{00}
C02292	SSS1/079:3EB	대사:FD	2	こころなしか、大きくなって\nきたような気がするぞ!{00}	왠지 커진 것\n같은 기분이 드는데!{00}
C02293	SSS1/079:40A	대사:FD	2	中で何か動いている\nような気がするぞ!{00}	안에서 뭔가 움직이는\n것 같은데!{00}
C02294	SSS1/079:449	글	2	■{04:49}{p}{00}	■{04:49}{p}{00}
C02295	SSS1/079:4A7	대사:FD	2	龍穴炉を見つけたぜ!	용혈로를 찾았다!
C02296	SSS1/079:4BC	대사:FC	2	あれは何でしょう。	저건 뭘까요。
C02297	SSS1/079:4CA	대사:FD	2	ん、何だろう	응、뭐지
C02298	SSS1/079:4E1	대사:FD	2	仙獣のたまご?	선수의 알?
C02299	SSS1/086:9E	글	1	NEXT\n1 主人公怒り老師の家から飛び出す\n2 老師の家の前、主人公飛天功で逃げ出す。2\n3 雷漢	NEXT\n1 주인공 분노 노사 집에서 뛰쳐나감\n2 노사 집 앞、주인공 비천공으로 도망。2\n3 라이칸
C02300	SSS1/086:F4	글	1	NEXT\n4 天転兵士を振り切り逃げ出す{09}5 洞天祭りの人々2\n6 玲蘭	NEXT\n4 텐텐 병사를 따돌리고 도망{09}5 동천 축제 사람들2\n6 레이란
C02301	SSS1/086:134	글	1	NEXT\n7 最初のぼろい大地 走り込んでくる天転\n8 蘇る 蘇る大地 驚く天転\n9 大僧正一僧正倒れる2	NEXT\n7 처음의 낡은 대지 뛰어드는 텐텐\n8 되살아나는 대지 놀라는 텐텐\n9 대승정―승정 쓰러짐2
C02302	SSS1/086:18C	글	1	NEXT\n10 仙獣の国に巨大な仙獣、異次元空間のたまご\n11 仙獣達たまごを囲んで喜ぶ\n通し	NEXT\n10 선수의 나라에 거대한 선수、이차원 공간의 알\n11 선수들 알을 둘러싸고 기뻐함\n전체
C02303	SSS1/087:4D	글	1	NEXT\n1 龍穴炉にエネルギーを入れる\n2 仙獣集まってくる{09}3 龍穴炉にエナジー	NEXT\n1 용혈로에 에너지를 넣는다\n2 선수 모여듦{09}3 용혈로에 에너지
C02304	SSS1/087:8E	글	1	NEXT\n4洞天祭りの人々2\n5雷漢\n6天転兵士を振り切り逃げ出す。	NEXT\n4동천 축제 사람들2\n5라이칸\n6텐텐 병사를 따돌리고 도망。
C02305	SSS1/087:CC	글	1	NEXT\n7玲蘭\n8最初のぼろい大地 走り込んでくる天転\n9蘇る 蘇る大地 驚く天転	NEXT\n7레이란\n8처음의 낡은 대지 뛰어드는 텐텐\n9되살아나는 대지 놀라는 텐텐
C02306	SSS1/087:114	글	1	NEXT\n10 龍穴炉 主人公飛天功で去る{09}11大僧正一僧正倒れる2\n12 老師の家	NEXT\n10 용혈로 주인공 비천공으로 떠남{09}11대승정―승정 쓰러짐2\n12 노사의 집
C02307	SSS1/088:50	글	1	NEXT\n1 驚く主人公／龍穴炉復活\n2 大地復活\n3 歩いて去る主人公	NEXT\n1 놀라는 주인공／용혈로 부활\n2 대지 부활\n3 걸어서 떠나는 주인공
C02308	SSS1/088:93	글	1	NEXT\n4 雷漢刀を振ってる雷漢\n5 天転兵士を振り切り逃げ出す\n6 玲蘭	NEXT\n4 라이칸 칼을 휘두르는 라이칸\n5 텐텐 병사를 따돌리고 도망\n6 레이란
C02309	SSS1/088:D6	글	1	NEXT\n7 最初のぼろい大地走り込んでくる天転\n8 蘇る蘇る大地驚く天転\n9 大僧正2スクロール、囲まれた大僧正	NEXT\n7 처음의 낡은 대지 뛰어드는 텐텐\n8 되살아나는 대지 놀라는 텐텐\n9 대승정2 스크롤、포위된 대승정
C02310	SSS1/088:132	글	1	NEXT\n10ヒロイン部屋で待ちわびるヒロイン\n11家の前をうろつく主人公\n12光り	NEXT\n10히로인 방에서 애타게 기다리는 히로인\n11집 앞을 서성이는 주인공\n12빛
C02311	SSS1/088:170	글	1	NEXT\n13飛ばされたたまごファイナルに\n通し	NEXT\n13날려 간 알 파이널로\n전체
C02312	SSS1/321:B9	대사:FD	1	とにかく龍穴炉を捜すか。	아무튼 용혈로를 찾아볼까。
C02313	SSS1/321:D8	대사:FC	3	そうしましょう!	그래요!
C02314	SSS1/321:102	안내:0A	1	地上「武楼庵」	지상 「무루암」
C02315	SSS1/321:121	대사:0F	1	雷漢どのじきじきに仙窟に\n向かわれるのですか?	라이칸 공께서 친히 선굴로\n가시는 겁니까?
C02316	SSS1/321:149	대사:10	1	洞仙とは、どれほどの奴か\n興味がわいたんです。	동선이란 자가 어느 정도인지\n흥미가 생겼습니다。
C02317	SSS1/321:16B	대사:0F	1	なるほど雷漢どのらしい。	과연 라이칸 공답구려。
C02318	SSS1/321:184	대사:0F	1	洞仙も問題じゃが、例の封印球を\n取り戻す事もお忘れなきよう。	동선도 문제지만 그 봉인구를\n되찾는 것도 잊지 마시오。
C02319	SSS1/321:1B2	대사:10	1	むろん、取り戻してみせます。	물론 되찾아 보이겠습니다。
C02320	SSS1/321:1C6	대사:0E	1	ご武運を雷漢どの	무운을 비오、라이칸 공
C02321	SSS1/321:1D8	대사:11	1	将軍出撃準備、完了です!!	장군 출격 준비 완료입니다!!
C02322	SSS1/321:205	안내:05	1	こうして洞天きっての剣の使い手\n \n     雷漢将軍は\n \n{05:00}の仙窟に向かいました。	이리하여 동천 제일의 검객\n \n     라이칸 장군은\n \n{05:00}의 선굴로 향했습니다。
C02323	SSS1/321:271	대사:0F	1	みなの努力のかいあって\n封印球も無事に戻りました。	모두가 애쓴 보람이 있어\n봉인구도 무사히 돌아왔소。
C02324	SSS1/321:29E	대사:10	1	この様な事が、二度と起こらぬよう\n武楼庵の守りも少し考えねば\nなりませんな。	이런 일이 두 번 다시 일어나지 않도록\n무루암의 수비도 좀 생각해야\n겠습니다。
C02325	SSS1/321:2D5	대사:0F	2	まったくです。	그렇고말고요。
C02326	SSS1/321:2E7	대사:0F	1	それにしてもあの賞金稼ぎ\nなかなかやりますな。	그나저나 그 현상금 사냥꾼\n꽤 하더군요。
C02327	SSS1/321:308	대사:10	1	部下に欲しいくらいですな。	부하로 삼고 싶을 정도입니다。
C02328	SSS1/321:31C	대사:0E	1	雷漢どの、いくら腕がたっても\nしょせん裏の人間ですよ。	라이칸 공、아무리 솜씨가 좋아도\n결국 뒷세계 사람입니다。
C02329	SSS1/321:341	대사:10	1	ハハハ、これはうかつであった。	하하하、이거 실언이었군。
C02330	SSS1/321:357	대사:0F	1	そう、かたい事いうでない。	그리 딱딱하게 말하지 마시오。
C02331	SSS1/321:36E	대사:0E	2	す、すみません!	죄、죄송합니다!
C02332	SSS1/321:37A	대사:11	1	洞仙討伐は、いかが\nいたしましょう。	동선 토벌은 어찌\n할까요。
C02333	SSS1/321:39A	대사:10	1	もちろん続行じゃ!	물론 계속한다!
C02334	SSS1/321:3A9	대사:11	4	はいっ!	넷!
C02335	SSS1/321:3F4	대사:F9	1	ここが仙窟か!!	여기가 선굴인가!!
C02336	SSS1/321:418	대사:F9	1	恐ろしい剣気が発せられている。	무서운 검기가 뿜어져 나오는군。
C02337	SSS1/321:44A	대사:F9	1	封印球を取り戻すまで　　	봉인구를 되찾을 때까지　　
C02338	SSS1/321:54E	대사:03	2	貴様が洞仙か!	네놈이 동선이냐!
C02339	SSS1/321:560	대사:FD	1	俺は、この地を守る洞仙\n{05:00}!	나는 이 땅을 지키는 동선\n{05:00}!
C02340	SSS1/321:578	대사:03	1	我が名は龍雷漢!	내 이름은 류 라이칸!
C02341	SSS1/321:58C	대사:03	1	この地を守る洞仙だと、片腹いたいわ!	이 땅을 지키는 동선이라니、가소롭구나!
C02342	SSS1/321:5B1	대사:FD	1	何だと!人の苦労も\n知りもしないくせに!	뭐라고!남의 고생도\n모르는 주제에!
C02343	SSS1/321:5CE	대사:03	1	貴様らが地下で何をやっているのかは{0A}今日は問わずにおこう。	네놈들이 지하에서 무슨 짓을 하는지는{0A}오늘은 묻지 않겠다。
C02344	SSS1/321:612	대사:FD	1	じゃあ何しに来た　　まさかお前も\nたまごを渡せって言うのか?	그럼 뭐 하러 왔어　　설마 너도\n알을 내놓으라는 거야?
C02345	SSS1/321:645	대사:03	1	さっしがいいな{09}そのとおりだ。	눈치가 빠르군{09}그렇다。
C02346	SSS1/321:65E	대사:03	1	黙って渡せば今日の所は命はとらん{09}もっとも明日は知らんがな。	순순히 넘기면 오늘은 목숨은 안 빼앗겠다{09}내일은 모르겠지만。
C02347	SSS1/321:693	대사:FD	1	そんな言い方されて\n渡せるかって言うんだ!	그런 식으로 말하는데\n넘길 수 있겠냐고!
C02348	SSS1/321:6B0	대사:03	1	盗人猛々しいとは、まさにこの事じゃな。	적반하장이란 바로 이런 것이로군。
C02349	SSS1/321:6CC	대사:03	1	武桜庵から盗み出した封印球、黙って\n返せば命は取らん、と言っておるのに。	무루암에서 훔쳐 간 봉인구、순순히\n돌려주면 목숨은 살려 준다고 하는데도。
C02350	SSS1/321:704	대사:FD	1	俺が盗みなんか、する訳ないだろ!	내가 도둑질 같은 걸 할 리가 없잖아!
C02351	SSS1/321:71B	대사:03	1	そこにあるのは間違いなく武桜庵から\n盗まれた物だ!	거기 있는 건 틀림없이 무루암에서\n도둑맞은 물건이다!
C02352	SSS1/321:746	대사:FD	1	どうしてこれがその封印球だって\n決め付けられるんだ。	어떻게 이게 그 봉인구라고\n단정할 수 있지。
C02353	SSS1/321:770	대사:FD	1	ただの、仙獣のたまごかも知れないだろ!	그냥 선수의 알일지도 모르잖아!
C02354	SSS1/321:78A	대사:03	1	持ち帰り、調べてみれば解る事。	가져가서 조사해 보면 알 일。
C02355	SSS1/321:7F5	대사:FD	1	これは俺が責任を持って預かったもの\n貴様らに渡しはしない。	이건 내가 책임지고 맡은 물건\n네놈들에겐 안 넘긴다。
C02356	SSS1/321:81E	대사:03	1	責任を持って預かっただと　　	책임지고 맡았다고　　
C02357	SSS1/321:83B	대사:03	1	もし、その封印球の中から、この世を\n滅ぼす妖獣が復活したら貴様\n責任を取れるのか!	만약 그 봉인구 안에서 이 세상을\n멸망시킬 요수가 부활하면 네놈\n책임질 수 있느냐!
C02358	SSS1/321:882	대사:FD	1	責任を取れるかって言われても{0A}俺は、仙獣のたまごだって言われて\n預かっただけなんだよな。	책임질 수 있냐고 해도{0A}난 선수의 알이라는 말을 듣고\n맡았을 뿐이란 말이지。
C02359	SSS1/321:8BB	대사:FD	1	雷漢が言ってる事も、本当の事かも\n知れない!?	라이칸이 하는 말도 사실일지\n몰라!?
C02360	SSS1/321:8DE	대사:FD	1	でも、ここでたまごを渡してしまうと\n天封呪の事を聞けなくなってしまう。	하지만 여기서 알을 넘겨 버리면\n천봉주에 대해 못 듣게 된다。
C02361	SSS1/321:90B	대사:FD	1	どうしよう。	어쩌지。
C02362	SSS1/321:91B	글	1	たまごをわたさない{08}たまごをわたす。	알을 넘기지 않는다{08}알을 넘긴다。
C02363	SSS1/321:938	대사:FD	1	お前らの言ってる事なんか\n信用できるか!	너희 말 따위\n믿을 수 있겠냐!
C02364	SSS1/321:955	대사:FD	1	それに、このたまごからは\n邪気は感じない。	게다가 이 알에선\n사기가 느껴지지 않아。
C02365	SSS1/321:971	대사:03	1	どうしても渡さない\nつもりか　　	기어이 넘기지 않을\n셈이냐　　
C02366	SSS1/321:988	대사:FD	1	渡さない。	안 넘겨。
C02367	SSS1/321:992	대사:03	1	このまま置いておけば、恐ろしい\n妖獣が、復活するやもしれんのだぞ。	이대로 두면 무서운\n요수가 부활할지도 모른단 말이다。
C02368	SSS1/321:9BD	대사:FD	1	そんな話、信用できないな。	그런 얘기、못 믿겠는데。
C02369	SSS1/321:9D1	대사:03	1	妖獣の復活をたくらむか!!	요수의 부활을 꾀하느냐!!
C02370	SSS1/321:9E6	대사:FD	1	そんなこと、考えてないぜ!	그런 생각 안 했어!
C02371	SSS1/321:9F8	대사:03	1	仕方が無い、最初の予定通り\n実力で返してもらうとしようか。	어쩔 수 없군、처음 예정대로\n실력으로 돌려받도록 하지。
C02372	SSS1/321:A24	대사:FD	1	そう簡単に行くかな!	그렇게 쉽게 될까!
C02373	SSS1/321:A61	대사:03	1	どうだ、とれまい。	어떠냐、못 가져가겠지。
C02374	SSS1/321:A6E	대사:03	1	素直に渡すがいい。	순순히 넘기거라。
C02375	SSS1/321:A7E	대사:FD	1	もともと無理に預けられた物だ。	원래 억지로 떠맡은 물건이야。
C02376	SSS1/321:A95	대사:FD	1	持ち主が返せと言うなら\n返してやるよ。	주인이 돌려 달라면\n돌려주지。
C02377	SSS1/321:AC1	대사:FC	1	ヒドイですよ、洞仙様!	너무해요、동선님!
C02378	SSS1/321:AD7	대사:FD	1	雷漢が言ってる事が、正しいかも\n知れないだろ?	라이칸 말이 맞을지도\n모르잖아?
C02379	SSS1/321:AF8	대사:FC	1	ですが　　	그래도　　
C02380	SSS1/321:B06	대사:FD	1	俺は、あの神無とか言う奴は、信用\n出来ないって言っただろ。	난 그 칸나라는 녀석은 못\n믿겠다고 했잖아。
C02381	SSS1/321:B5C	대사:03	1	罠か?	함정인가?
C02382	SSS1/321:B6B	대사:FD	1	いらないのか?	필요 없어?
C02383	SSS1/321:B86	대사:FD	1	二度と仕事の邪魔をしに来るなよ。	두 번 다시 일 방해하러 오지 마。
C02384	SSS1/321:BA1	대사:03	1	ああ、ワシは洞仙を誤解していた様だ。	아아、내가 동선을 오해했던 모양이군。
C02385	SSS1/321:BCE	대사:03	4	さらばじゃ	잘 있거라
C02386	SSS1/321:BE0	대사:14	1	今日の所は勘弁してやる。	오늘은 이쯤에서 봐주마。
C02387	SSS1/321:C04	대사:1A	1	次は、無いと思えよ!	다음은 없을 줄 알아!
C02388	SSS1/321:C22	대사:17	1	腰抜けが!	겁쟁이 같으니!
C02389	SSS1/321:C37	대사:FD	3	何だと!	뭐라고!
C02390	SSS1/321:C49	대사:FC	1	今更怒っても、もう遅いですよ!	이제 와서 화내 봤자 늦었어요!
C02391	SSS1/321:C64	대사:FD	1	本当に渡して、よかったの\nだろうか　　	정말 넘겨도 괜찮았던\n걸까　　
C02392	SSS1/321:D10	대사:FD	1	俺の勝ちだ!	내가 이겼다!
C02393	SSS1/321:D4C	대사:03	1	フン、この程度で勝ったと思うな!	흥、이 정도로 이겼다고 생각 마라!
C02394	SSS1/321:D98	대사:FD	1	強がり言ってるよ!	허세 부리기는!
C02395	SSS1/321:DB6	대사:FC	1	でも、ものすごく強かったですね。	그래도 엄청나게 강했죠。
C02396	SSS1/321:DCE	대사:FD	1	ま、俺の勝ちだったけどね。	뭐、내가 이겼지만。
C02397	SSS1/321:DF5	대사:03	1	たまごを奪って行くゆえ\n貴様の命はとらん。	알을 빼앗아 가니\n네놈 목숨은 안 빼앗겠다。
C02398	SSS1/321:E13	대사:03	1	しかし、次は容赦しないからな。	하지만 다음엔 용서 없다。
C02399	SSS1/321:E3C	대사:03	1	さらばだ洞仙よ!	잘 있거라 동선이여!
C02400	SSS1/321:E73	대사:FD	2	くそーっ!!	젠장―!!
C02401	SSS1/321:F07	대사:0F	1	間に合いましたな!	늦지 않았구려!
C02402	SSS1/321:F21	대사:10	1	我々も戦いますぞ!	우리도 싸우겠소!
C02403	SSS1/321:F3C	대사:11	1	洞仙め!覚悟しろ!	동선 놈!각오해라!
C02404	SSS1/321:F67	대사:03	1	我々の力を甘く見るなよ!{00}	우리 힘을 얕보지 마라!{00}
C02405	SSS1/321:FA2	대사:FD	1	奴はいったいなんだったんだ!	녀석은 대체 뭐였지!
C02406	SSS1/321:FB5	대사:FD	1	まっいいか。	뭐 됐나。
C02407	SSS1/321:FDA	대사:FD	4	老師、戻りましたよ。	노사님、돌아왔어요。
C02408	SSS1/321:1009	안내:07	2	主人公は、老師に頼まれた龍脈を\n \n 蘇らせるという大きな仕事を\n \n   みごと果たした。	주인공은 노사가 부탁한 용맥을\n \n 되살리는 큰일을\n \n   훌륭하게 해냈다。
C02409	SSS1/321:1048	안내:0A	4	しかし　　	그러나　　
C02410	SSS1/321:105E	대사:FD	1	えらー発生{00}	에러 발생{00}
C02411	SSS1/322:39	안내:01	2	三界老師の家	삼계노사의 집
C02412	SSS1/322:51	대사:FD	1	おひさしぶりです、老師。	오랜만이에요、노사님。
C02413	SSS1/322:85	대사:00	1	おお、{05:00}ではないか!	오오、{05:00} 아니냐!
C02414	SSS1/322:97	대사:FD	1	今日は大切な、お話が\nあるとか?	오늘은 중요한 이야기가\n있으시다면서요?
C02415	SSS1/322:B3	대사:FD	1	もしかして、元の世界に戻る\n方法が見つかったんですか?	혹시 원래 세계로 돌아갈\n방법을 찾으신 건가요?
C02416	SSS1/322:DB	대사:00	1	ふむふむ	흠흠
C02417	SSS1/322:F9	대사:00	1	{05:00}を呼んだ理由は\nなんじゃったかの?	{05:00}를 부른 이유가\n뭐였더라?
C02418	SSS1/322:11B	대사:01	1	うむむ‥‥	으음‥‥
C02419	SSS1/322:139	대사:01	1	洞天福の龍脈の話ですじゃ!!	동천복의 용맥 이야기입니다요!!
C02420	SSS1/322:154	대사:00	1	おお、そうじゃった!!	오오、그랬지!!
C02421	SSS1/322:16E	대사:00	1	うむ‥‥‥‥?	음‥‥‥‥?
C02422	SSS1/322:1C7	대사:FD	1	ろうし～ぃ!!	노사니임～!!
C02423	SSS1/322:200	대사:FD	1	洞天福の話でしょ!	동천복 이야기잖아요!
C02424	SSS1/322:228	대사:00	1	それじゃ!!	그거다!!
C02425	SSS1/322:235	대사:00	1	洞天福の龍脈に異変が\n起きたのじゃ!	동천복의 용맥에 이변이\n일어났느니라!
C02426	SSS1/322:256	대사:FD	1	洞天福ですか。	동천복이요。
C02427	SSS1/322:264	대사:00	1	いかにも。	그렇다。
C02428	SSS1/322:26D	대사:00	1	洞天福には、この辺りの要となる\n大きな龍脈が走っとるのじゃ!!	동천복에는 이 일대의 요충인\n큰 용맥이 흐르고 있느니라!!
C02429	SSS1/322:29E	대사:FD	1	その龍脈に異変が起きているんですか。	그 용맥에 이변이 일어났나요。
C02430	SSS1/322:2B9	대사:00	1	うむ。それでおぬしにな。	음。그래서 너에게 말이다。
C02431	SSS1/322:2DA	대사:00	1	行ってくれるか	가 주겠느냐
C02432	SSS1/322:2E6	대사:FD	1	ほかならぬ老師のたのみ。	다른 분도 아닌 노사님의 부탁인걸요。
C02433	SSS1/322:2FB	대사:FD	1	それに、洞天福は俺と老師が\n出会った場所でしたよね。	게다가 동천복은 저와 노사님이\n만난 곳이었죠。
C02434	SSS1/322:323	대사:00	1	そうじゃったか?	그랬던가?
C02435	SSS1/322:332	대사:FD	1	と、{03:01}とにかく、すぐに\n向かいますよ。	아、{03:01}아무튼 당장\n가 볼게요。
C02436	SSS1/322:366	대사:02	1	{05:00}さま、こんにちは!	{05:00}님、안녕하세요!
C02437	SSS1/322:383	대사:02	1	老師さま、お呼びですか?	노사님、부르셨어요?
C02438	SSS1/322:399	대사:00	1	おお良い時に来たな。	오오 마침 잘 왔구나。
C02439	SSS1/322:3AD	대사:00	1	おまえは、{05:00}と\n洞天福にいってくれんか?	너는 {05:00}와 함께\n동천복에 가 주지 않겠느냐?
C02440	SSS1/322:3C9	대사:02	1	はい、老師様。	네、노사님。
C02441	SSS1/322:3DF	대사:02	1	仙窟を作りに行くんですか?	선굴을 만들러 가는 거예요?
C02442	SSS1/322:3F4	대사:FD	3	そうだよ。	그래。
C02443	SSS1/322:3FD	대사:02	1	それでは、よろしく\nお願いします。	그럼 잘\n부탁드려요。
C02444	SSS1/322:41B	대사:00	1	よろしくたのむぞ。	잘 부탁하마。
C02445	SSS1/322:45B	대사:FD	1	なんなんだろう。	뭘까。
C02446	SSS1/322:469	대사:FD	1	たまごみたいだけど?	알 같은데?
C02447	SSS1/322:477	대사:FD	1	でも、どうしてこんな所に置いて\nあるんだろう。	그런데 왜 이런 곳에 놓여\n있는 거지。
C02448	SSS1/322:4A3	대사:FD	1	割ってみようか?	깨 볼까?
C02449	SSS1/322:4B3	대사:FC	1	{05:00}様、止めて下さいよぉ!	{05:00}님、그만두세요오!
C02450	SSS1/322:4C7	대사:FD	1	冗談だって!	농담이야!
C02451	SSS1/322:4D5	대사:FC	1	{05:00}様が言うと冗談に\n聞こえないからなぁ‥‥	{05:00}님이 말하면 농담으로\n안 들린다니까요‥‥
C02452	SSS1/322:553	대사:FD	1	何か聞こえたぞ!!	뭔가 들렸어!!
C02453	SSS1/322:575	안내:06	1	洞仙様!	동선님!
C02454	SSS1/322:5F0	안내:06	1	あなたが、洞仙様ですね。	당신이 동선님이시군요。
C02455	SSS1/322:609	안내:06	1	 私の名は、神無（カンナ）\n \nそのたまごを守護する者です。	 제 이름은 칸나\n \n그 알을 수호하는 자입니다。
C02456	SSS1/322:63B	대사:FD	1	このたまごは、なんなんだ?	이 알은 대체 뭐야?
C02457	SSS1/322:657	안내:06	1	我々の王が、生まれ変わった\n \n    お姿です。	저희 왕께서 다시 태어나신\n \n    모습입니다。
C02458	SSS1/322:67F	대사:FD	1	王が、生まれ変わった?	왕이 다시 태어났다?
C02459	SSS1/322:6A3	대사:FD	1	たまごに　　?	알로　　?
C02460	SSS1/322:6B3	대사:FD	1	でも、どーしてそんなに大切な物が{0A}ここに置いてあるんだい?	그런데 왜 그렇게 중요한 게{0A}여기 놓여 있는 거야?
C02461	SSS1/322:6DC	안내:06	1	 王の復活に、どうしても\n \n大地の陽気が、必要なのです。	 왕의 부활에 꼭\n \n대지의 양기가 필요하기 때문입니다。
C02462	SSS1/322:70B	대사:FD	1	大地の陽気が必要{03:02}?{03:02}!	대지의 양기가 필요{03:02}?{03:02}!
C02463	SSS1/322:735	대사:FD	1	そうか、ここの大地がこんな\nへっぽこな事に、なったのは	그렇군、여기 대지가 이렇게\n엉망이 된 건
C02464	SSS1/322:75E	대사:FD	1	お前らのせいだな!	너희 탓이구나!
C02465	SSS1/322:770	안내:06	1	違います。	아닙니다。
C02466	SSS1/322:780	안내:06	1	必要な陽気は、ほんの少しなんです{09} \n       しかし\n \n今や、それだけの陽気もありません。	필요한 양기는 아주 조금입니다{09} \n       하지만\n \n이제는 그만큼의 양기도 없습니다。
C02467	SSS1/322:7C4	대사:FD	1	信用できないな。	못 믿겠는데。
C02468	SSS1/322:7D2	대사:FD	1	龍脈の陽気が無くなったのも\nこいつらが奪ったのかも?	용맥의 양기가 없어진 것도\n이놈들이 빼앗았는지도?
C02469	SSS1/322:7F6	대사:FD	7	どうしよう?	어쩌지?
C02470	SSS1/322:806	글	1	とりあえず、信用する{09}これだけじゃ信用できない!	일단 믿는다{09}이것만으론 못 믿어!
C02471	SSS1/322:82A	대사:FD	1	とりあえず、たまごが陽気を\n奪ったんじゃ無いって話は信じよう。	일단 알이 양기를 빼앗은 게\n아니라는 얘기는 믿지。
C02472	SSS1/322:859	대사:FD	1	言葉だけじゃ信用できないね。	말만으론 못 믿겠어。
C02473	SSS1/322:872	대사:FD	1	じゃあ、龍脈の陽気が無くなった\nのは誰の仕業なんだ?	그럼 용맥의 양기가 없어진\n건 누구 짓이야?
C02474	SSS1/322:89C	안내:06	1	時の潮が、満ちるとき大地は衰える{09} \n     大地の陽気は{0A} \n  自然に衰弱したと思います。	때의 조수가 찰 때 대지는 쇠합니다{09} \n     대지의 양기는{0A} \n  자연히 쇠약해졌다고 생각합니다。
C02475	SSS1/322:8E4	대사:FD	1	自然に衰えたって言うのか?	자연히 쇠했다는 거야?
C02476	SSS1/322:8FD	안내:06	1	 貴方も洞仙なら、ご存知でしょう{09} \n    川の流れと同じように{0A} \n龍脈も自然と枯れる事があることを　	 당신도 동선이라면 아시겠지요{09} \n    강의 흐름과 마찬가지로{0A} \n용맥도 자연히 마를 때가 있다는 것을　
C02477	SSS1/322:94C	안내:06	1	信じて下さい‥‥	믿어 주세요‥‥
C02478	SSS1/322:961	대사:FD	1	信じろって言われてもなぁ。	믿으라고 해도 말이지。
C02479	SSS1/322:97E	대사:FD	1	‥‥‥それで、このたまご\nどーするんだ?	‥‥‥그래서 이 알\n어쩔 건데?
C02480	SSS1/322:99D	안내:06	1	 復活に必要な陽気が溜まるまで\n \nここに置かせて、欲しいのですが‥‥	 부활에 필요한 양기가 쌓일 때까지\n \n여기 두게 해 주셨으면 하는데요‥‥
C02481	SSS1/322:9DD	대사:FD	1	なにーっ!	뭐라고―!
C02482	SSS1/322:9ED	대사:FD	1	こんな所に、あったら邪魔だろ{09}やっかい事は、ごめんだぜ!!	이런 데 있으면 방해되잖아{09}골치 아픈 일은 사양이야!!
C02483	SSS1/322:A2E	안내:06	1	あなたからは、異世界の\n \n 波動が感じられます。	당신에게서는 이세계의\n \n 파동이 느껴집니다。
C02484	SSS1/322:A6F	글	1	異世界の波動か。まえに老師も\nそんな事、言ってたな。	이세계의 파동이라。전에 노사님도\n그런 말을 하셨지。
C02485	SSS1/322:A9C	안내:06	1	理由を、お話願えますか{07} \n御助言を差し上げる事が\n \n出来るかもしれません。	사정을 말씀해 주시겠어요{07} \n조언을 드릴 수 있을지도\n \n모릅니다。
C02486	SSS1/322:AD8	대사:FD	1	俺は、天封呪とかいう呪文で\nこの世界に、飛ばされて来たんだ!	난 천봉주라는 주문 때문에\n이 세계로 날려 왔어!
C02487	SSS1/322:B1D	안내:06	1	天封呪ですか?	천봉주 말인가요?
C02488	SSS1/322:B30	대사:FD	1	天封呪を、知ってるのか?	천봉주를 알아?
C02489	SSS1/322:B48	안내:06	1	それでは、必要な陽気が溜まるまで\n \nたまごを守っていただいたなら　　	그럼 필요한 양기가 쌓일 때까지\n \n알을 지켜 주신다면　　
C02490	SSS1/322:B79	안내:06	1	その礼として、天封呪の事を\n \n お教えすると言う事で{0A} \n引き受けてもらえませんか?	그 답례로 천봉주에 대해\n \n 알려 드리는 것으로{0A} \n맡아 주시지 않겠어요?
C02491	SSS1/322:BB7	대사:FD	1	天封呪{03:01}‥{03:01}‥{03:01}‥{03:01}	천봉주{03:01}‥{03:01}‥{03:01}‥{03:01}
C02492	SSS1/322:BE1	안내:15	1	  赤い文字の選択は、結末に影響します{09}  慎重に答えて下さい。	  빨간 글자의 선택은 결말에 영향을 줍니다{09}  신중하게 대답하세요。
C02493	SSS1/322:C14	대사:FD	1	こんな訳の分からんやつと\n約束して大丈夫なのか?	이런 정체 모를 녀석과\n약속해도 괜찮을까?
C02494	SSS1/322:C37	대사:FD	1	でも、本当に天封呪の事を知っている\n様な言い方だったぞ　　	하지만 정말 천봉주에 대해 아는\n듯한 말투였어　　
C02495	SSS1/322:C6A	글	1	だめだ、信用できない{09}わかった、信じよう。	안 돼、못 믿겠어{09}알았어、믿을게。
C02496	SSS1/322:C8A	대사:FD	1	わかった、あんたを信じよう。	알았어、당신을 믿지。
C02497	SSS1/322:C9D	대사:FD	1	その代わり天封呪の事{0A}よろしく頼むぜ!	그 대신 천봉주에 대해{0A}잘 부탁해!
C02498	SSS1/322:CBE	안내:06	1	それでは、我らが王の事\n \nよろしく、お願いします。	그럼 저희 왕을\n \n잘 부탁드립니다。
C02499	SSS1/322:D18	대사:FD	1	だめだ、信用できない。	안 돼、못 믿겠어。
C02500	SSS1/322:D29	대사:FD	1	大地の陽気を、奪っているのは\nこのたまごかも、知れないんだぜ!!	대지의 양기를 빼앗는 건\n이 알일지도 모른다고!!
C02501	SSS1/322:D57	안내:06	1	それは、誤解です。	그건 오해입니다。
C02502	SSS1/322:D68	안내:06	1	それに、天封呪の謎は知りたく\n \n   ないんですか?	게다가 천봉주의 비밀은 알고\n \n   싶지 않으신가요?
C02503	SSS1/322:D8D	대사:FD	1	その事も、信じられないな!	그것도 못 믿겠어!
C02504	SSS1/322:DC6	대사:FC	1	{05:00}様{0A}信じてみましょう。	{05:00}님{0A}믿어 봐요。
C02505	SSS1/322:DDC	대사:FD	2	なにーっ!!	뭐라고―!!
C02506	SSS1/322:DE9	대사:FC	1	ボクが責任を持って\nたまごを守ります。	제가 책임지고\n알을 지킬게요。
C02507	SSS1/322:E0D	대사:FD	1	か、{03:01}勝手なこと、言うな!!	제、{03:01}멋대로 말하지 마!!
C02508	SSS1/322:E29	안내:06	2	お願いします。	부탁드립니다。
C02509	SSS1/322:E37	대사:FC	1	わかったよ!!	알았어요!!
C02510	SSS1/322:E46	안내:06	1	洞仙様も、よろしくお願いします。	동선님도 잘 부탁드립니다。
C02511	SSS1/322:E80	대사:FD	1	俺は、しらんぞ!	난 몰라!
C02512	SSS1/322:E94	대사:FC	1	{05:00}様のいじわる。	{05:00}님 심술쟁이。
C02513	SSS1/322:EAC	대사:FD	1	仕方ない奴だな　　	어쩔 수 없는 녀석이네　　
C02514	SSS1/322:F10	대사:FD	1	これで大地も元どおり。	이걸로 대지도 원래대로。
C02515	SSS1/322:F39	대사:FD	1	たまごもそろそろかな!!	알도 슬슬 때가 됐나!!
C02516	SSS1/322:F4C	대사:FD	1	一件落着だな。	사건 해결이군。
C02517	SSS1/322:F75	대사:FC	1	洞仙様何か忘れていません?	동선님 뭔가 잊지 않으셨어요?
C02518	SSS1/322:1010	안내:08	1	洞仙様	동선님
C02519	SSS1/322:102F	대사:FD	1	おう、ちょうどいい時に\nお出ましだな!!	오、마침 좋을 때\n나타났군!!
C02520	SSS1/322:1052	안내:06	1	たまごを守護する者、神無です。	알을 수호하는 자、칸나입니다。
C02521	SSS1/322:1078	대사:FD	1	たまご、たまごねぇ・・・	알、알이라‥‥
C02522	SSS1/322:108F	안내:06	1	 我らが王をいったい\n \nどうされたのですか!!	 저희 왕을 대체\n \n어떻게 하신 겁니까!!
C02523	SSS1/322:10C8	대사:FD	1	まずいな	곤란한데
C02524	SSS1/322:10D5	대사:FD	1	あ{03:02}あ、あれね	아{03:02}아、그거
C02525	SSS1/322:10E1	대사:FD	1	たまごね。	알 말이지。
C02526	SSS1/322:10EE	안내:06	1	どうなされたのです?	어떻게 되신 겁니까?
C02527	SSS1/322:1101	대사:FD	1	壊れちゃった!!	깨져 버렸어!!
C02528	SSS1/322:116D	대사:FD	1	そんなに興奮しても壊れた物は\nもどらんぜ!!	그렇게 흥분해도 깨진 건\n안 돌아온다고!!
C02529	SSS1/322:1194	대사:FD	2	じつは　{03:01}　{03:01}　{03:01}　	실은　{03:01}　{03:01}　{03:01}　
C02530	SSS1/322:11AB	대사:FD	1	雷漢とかいう奴が来て\nどうしても、必要だからとか言って\n持って行っちゃったんだ!!	라이칸이란 녀석이 와서\n꼭 필요하다면서\n가져가 버렸어!!
C02531	SSS1/322:11E1	대사:FD	1	俺も必死に守ったんだけど\n奴も強くてさ!!	나도 필사적으로 지켰는데\n그 녀석도 강해서 말이야!!
C02532	SSS1/322:1220	대사:FD	1	リンとかいう奴に\n奪われたんだ。	린이란 녀석에게\n빼앗겼어。
C02533	SSS1/322:123F	대사:FD	1	何言ってるんだい!!	무슨 소리야!!
C02534	SSS1/322:1254	대사:FD	1	ここにあるじゃないか。	여기 있잖아。
C02535	SSS1/322:126C	안내:06	1	　　　　　　　　{03:09}\n \nそれは、まがい物です。	　　　　　　　　{03:09}\n \n그건 가짜입니다。
C02536	SSS1/322:1299	대사:FD	3	はあ?	뭐?
C02537	SSS1/322:12B4	대사:FD	1	色といい	색이며
C02538	SSS1/322:12C0	대사:FD	1	つやといい	윤기며
C02539	SSS1/322:12E3	대사:FD	1	どこが、ニセモノなんだ!!	어디가 가짜라는 거야!!
C02540	SSS1/322:12FD	영문	3	!!	
C02541	SSS1/322:1308	대사:FD	1	なんだこれ?	이게 뭐야?
C02542	SSS1/322:1370	안내:0A	1	よくできてたのに　　\n見破られちゃったようね{09}   まぬけな洞仙さんへ玲蘭より	잘 만들었는데　　\n들켜 버렸나 보네{09}   얼간이 동선 씨에게 레이란이
C02543	SSS1/322:1447	대사:FD	1	だまされた!!	속았다!!
C02544	SSS1/322:1452	대사:FD	1	くそーっ!あいつ、いつのまに	젠장―!그 녀석、언제 바꿔치기를
C02545	SSS1/322:1468	안내:08	1	どうするのですか?	어떻게 하실 건가요?
C02546	SSS1/322:1477	대사:FD	1	もちろん取り返す!!	물론 되찾아 와야지!!
C02547	SSS1/322:1497	영문	1	!!!!!!!!!!!!!!!!!	
C02548	SSS1/322:14F2	대사:FD	1	やっぱり、怒ってるよ。	역시 화났네。
C02549	SSS1/322:1502	대사:FD	1	これじゃあ、とても天封呪の事\n教えてくれそうにないな。	이래선 도저히 천봉주에 대해\n알려 줄 것 같지 않은데。
C02550	SSS1/322:1536	글	1	勝手な事ばかり言うな{08}取り戻してくるよ。	멋대로 말하지 마{08}되찾아 올게。
C02551	SSS1/322:155A	대사:FD	1	勝手な事ばかり言うな!	멋대로 말하지 마!
C02552	SSS1/322:1571	안내:03	1	な{03:03}ん{03:02}だ{03:02}と{03:01}!{03:01}!!!!	뭐{03:03}라{03:02}고{03:02}요{03:01}!{03:01}!!!!
C02553	SSS1/322:158A	대사:FD	1	元々あんたが、俺に\n押し付けたんだろ!!	원래 당신이 나한테\n떠넘긴 거잖아!!
C02554	SSS1/322:161B	대사:FD	1	本性をあらわしたな!!	본색을 드러냈구나!!
C02555	SSS1/322:1630	안내:08	1	ぬぐぐ!!!!!!!!!{08} \n  絶対にゆるさん!!	으그그!!!!!!!!!{08} \n  절대 용서 못 한다!!
C02556	SSS1/322:1652	대사:FD	1	そう簡単にやられてたまるか!	그렇게 쉽게 당할까 보냐!
C02557	SSS1/322:1682	안내:08	1	  我が主人をよくも!{08} \n貴様の様な奴にふさわしい墓場に\n \n    案内してやる	  감히 우리 주인을!{08} \n네놈 같은 놈에게 걸맞은 무덤으로\n \n    안내해 주마
C02558	SSS1/322:1778	대사:FD	1	そんなに興奮するなよ	그렇게 흥분하지 마
C02559	SSS1/322:178D	대사:FD	1	こうなったのも、多少は俺の責任だ{09}取り戻して来るよ!	이렇게 된 건 어느 정도 내 책임이야{09}되찾아 올게!
C02560	SSS1/322:17C3	대사:FC	1	洞仙様、多少って　　	동선님、어느 정도라니　　
C02561	SSS1/322:17E3	안내:06	1	取り返してくれるのですね。	되찾아 주시는 거군요。
C02562	SSS1/322:17F8	대사:FD	1	まかしとけ。	맡겨 둬。
C02563	SSS1/322:1802	대사:FD	1	奴は洞天の街から来てる{09}街に行けば、手がかりはあるはずだ。	녀석은 동천 거리에서 왔어{09}거리에 가면 단서가 있을 거야。
C02564	SSS1/322:1831	안내:06	1	それでは、街まで送りましょう。	그럼 거리까지 보내 드리지요。
C02565	SSS1/322:1854	대사:FD	1	奪い返して来たら\n天封呪の謎を教えるって{0A}例の約束を果たしてくれよ!	되찾아 오면\n천봉주의 비밀을 알려 준다는{0A}그 약속 지켜 줘!
C02566	SSS1/322:1893	대사:FC	1	洞仙様しっかり覚えて\nいるじゃん。	동선님 잘 기억하고\n계시네。
C02567	SSS1/322:18BA	안내:06	1	仙窟に戻る時は飛天石に、ふれて\n \n  Cボタンを押して下さい。	선굴로 돌아갈 때는 비천석을 만지고\n \n  C버튼을 누르세요。
C02568	SSS1/322:190D	대사:FD	1	龍脈がよみがえった	용맥이 되살아났다
C02569	SSS1/322:19D6	대사:1A	1	これが今ばんの夕食ですか?	이게 오늘 저녁 식사인가요?
C02570	SSS1/322:19ED	대사:00	1	{05:00}ではないか?	{05:00} 아니냐?
C02571	SSS1/322:19F9	대사:00	3	突然どうした、ひさしぶりじゃのぉ。	갑자기 웬일이냐、오랜만이로구나。
C02572	SSS1/322:1A29	안내:07	1	しかし、老師はみごとに\n \nすべてを忘れていた!!	그러나 노사는 보기 좋게\n \n모든 걸 잊고 있었다!!
C02573	SSS1/323:3C	글	1	ん、聞きたい事があるのか?	응、묻고 싶은 게 있느냐?
C02574	SSS1/323:5A	글	1	なぜ、俺に頼むのですか{07}洞天の街のようす{09}老師との出会い	왜 저에게 부탁하시나요{07}동천 거리의 상황{09}노사님과의 만남
C02575	SSS1/323:87	대사:FD	1	なぜ、俺に頼むのですか?	왜 저에게 부탁하시나요?
C02576	SSS1/323:9A	글	1	洞天に行くのは嫌か?	동천에 가는 건 싫으냐?
C02577	SSS1/323:B1	대사:FD	1	あえて俺に頼むというのは\n何か考えがあってですか?	굳이 저에게 부탁하신다는 건\n뭔가 생각이 있으셔서인가요?
C02578	SSS1/323:D5	글	1	ふむ{p}洞天の土地とお主は、因果の糸で\n結ばれているような気がするのじゃ。	흠{p}동천 땅과 너는 인과의 실로\n이어져 있는 것 같은 느낌이 드느니라。
C02579	SSS1/323:113	대사:FD	1	因果の糸ですか。{p}あの土地には、お主がここにやって\n来た事に関係する何かがある様な\n気がするのじゃ。	인과의 실이요。{p}그 땅에는 네가 여기 오게\n된 것과 관계된 뭔가가 있을 것\n같은 느낌이 드느니라。
C02580	SSS1/323:159	대사:FD	1	それはどんな事ですか。	그게 어떤 건데요。
C02581	SSS1/323:16A	글	1	それは、わしにもわからん。	그건 나도 모르겠구나。
C02582	SSS1/323:17C	글	1	場所かもしれん、人や物かもしれん。	장소일지도、사람이나 물건일지도 모르지。
C02583	SSS1/323:198	대사:FD	1	とにかく俺に関係のありそうな物が\nある土地と言うわけですね?{p}そういうことじゃ。	아무튼 저와 관계있을 법한 것이\n있는 땅이라는 거죠?{p}그렇다。
C02584	SSS1/323:1CE	대사:FD	1	急に難しい話をしますね。	갑자기 어려운 이야기를 하시네요。
C02585	SSS1/323:1E2	글	1	な～に、亀の甲より年の功じゃ	뭘、연륜이란 게 그런 게다
C02586	SSS1/323:1FE	대사:FD	1	さっきまでボケてたのにぃ	아까까지 정신없으셨으면서
C02587	SSS1/323:219	글	1	なんじゃと!!!!	뭐라고!!!!
C02588	SSS1/323:231	대사:FD	1	洞天の街のようすはどうです。	동천 거리의 상황은 어떤가요。
C02589	SSS1/323:247	글	1	うむ、今は平穏じゃ。	음、지금은 평온하다。
C02590	SSS1/323:259	글	1	しかし、龍脈の力が弱まれば{0A}そのままというわけには行くまい。	하지만 용맥의 힘이 약해지면{0A}그대로일 수는 없겠지。
C02591	SSS1/323:288	대사:FD	1	ここにくると老師と初めて会った\n事をおもいだします。	여기 오면 노사님을 처음 만난\n때가 생각나요。
C02592	SSS1/323:2AC	글	1	もう三年も前の話じゃのう。{p}あの時は驚いたわい	벌써 3년 전 이야기로구나。{p}그때는 놀랐느니라
C02593	SSS1/323:2CE	글	1	血相変えてワシの所にくるんで\nわしゃ逃げそうになったわい。	안색이 바뀌어서 내게 달려오니\n나는 도망칠 뻔했느니라。
C02594	SSS1/323:2F7	대사:FD	1	俺も老師に逃げられるとこまるんで\n必死だったんですけどね。{p}はははは	저도 노사님이 도망치시면 곤란해서\n필사적이었죠。{p}하하하하
C02595	SSS1/323:326	글	1	しかしな、{05:00}も\nここに来てずいぶんと経ったじゃろ	그런데 {05:00}、너도\n여기 온 지 꽤 됐구나
C02596	SSS1/323:348	대사:FD	1	ええ{p}元の世界に帰るなんて言わずここで\nわしらと暮らさんか?	네{p}원래 세계로 돌아간다는 말 말고 여기서\n우리와 함께 살지 않겠느냐?
C02597	SSS1/323:37C	대사:FD	1	石にされた老師を、元に戻さなきゃ\nならないんです。{p}ふむふむ{p}おぬしの元いた世界にも\nわしが、いたんじゃったな。	돌이 된 노사님을 원래대로 돌려야\n해요。{p}흠흠{p}네가 있던 세계에도\n내가 있었다 했지。
C02598	SSS1/323:3C3	대사:FD	11	ええ	네
C02599	SSS1/323:3CD	글	1	それなら、この世界にも\nお前がいるんじゃないのか?	그렇다면 이 세계에도\n네가 있는 게 아니냐?
C02600	SSS1/323:3FA	대사:FD	1	そんな事、考えた事も\n無かったな　　	그런 건 생각해 본 적도\n없었네　　
C02601	SSS1/323:43E	안내:0A	1	洞天の酒場	동천의 주점
C02602	SSS1/323:44F	대사:11	1	天転が仙窟に乗りこんだって話\n聞いたかい。	텐텐이 선굴에 쳐들어갔다는 얘기\n들었어?
C02603	SSS1/323:476	대사:12	1	ほんとでござるか?	정말이오?
C02604	SSS1/323:483	대사:11	1	これで洞仙も終わりだろうな。	이걸로 동선도 끝이겠군。
C02605	SSS1/323:498	대사:12	1	洞仙は拙者が倒す\n予定でござったのにぃ。	동선은 소인이 쓰러뜨릴\n예정이었건만。
C02606	SSS1/323:4B7	대사:11	1	はははは	하하하하
C02607	SSS1/323:4D0	대사:12	1	どうなさった。	무슨 일이오。
C02608	SSS1/323:4DB	대사:13	1	ハァハァ	헉헉
C02609	SSS1/323:4E3	대사:13	1	天転がやられたらしいぞ!	텐텐이 당했대!
C02610	SSS1/323:4FE	대사:11	1	ホントか?あいつを倒す奴が\nいるなんて信じられん。	정말이야?그 녀석을 쓰러뜨리는 놈이\n있다니 믿을 수 없어。
C02611	SSS1/323:52A	대사:13	1	そんで、奴が奪ったなんとか球の\n賞金が上がったらしいぞ!	그래서 놈이 빼앗은 무슨 구슬의\n현상금이 올랐대!
C02612	SSS1/323:552	대사:11	1	で、いくらになった?	그래서 얼마가 됐는데?
C02613	SSS1/323:56F	대사:14	1	賞金ですって?	현상금이라고요?
C02614	SSS1/323:57E	대사:13	1	たしか、金50万とか\nいってたぜ!	분명 금 50만이라고\n했어!
C02615	SSS1/323:59D	대사:14	1	50万!!	50만!!
C02616	SSS1/323:5D0	대사:13	1	おい、オレの話聞いてたのか!	야、내 얘기 듣고 있었냐!
C02617	SSS1/323:5E4	대사:12	1	ハァ、{03:02}きれいな人で\nござった。	하아、{03:02}아름다운 분이었\n소。
C02618	SSS1/323:5FD	대사:13	1	いまの女、もしかして玲蘭じゃ?	방금 그 여자、혹시 레이란 아냐?
C02619	SSS1/323:61D	대사:12	1	レイランさんと言うのでござるか。	레이란 씨라고 하는구려。
C02620	SSS1/323:632	대사:11	1	もしかしてあの賞金稼ぎの玲蘭?	혹시 그 현상금 사냥꾼 레이란?
C02621	SSS1/323:64A	대사:13	1	こりゃ、洞仙も災難だわ　　	이거 동선도 큰일 났군　　
C02622	SSS1/323:668	안내:07	1	  賞金のウワサを聞きつけて\n \n    賞金稼ぎの玲蘭は\n \n{05:00}の仙窟に向かいました。	  현상금 소문을 듣고\n \n    현상금 사냥꾼 레이란은\n \n{05:00}의 선굴로 향했습니다。
C02623	SSS1/323:6F5	대사:F9	1	ここが仙窟ね。	여기가 선굴이구나。
C02624	SSS1/323:710	대사:F9	1	洞仙は、どうやらここにいるみたいね。	동선은 아무래도 여기 있는 모양이네。
C02625	SSS1/323:73E	대사:F9	1	この程度じゃ50万は、あきらめないわよ	이 정도로는 50만을 포기 안 해
C02626	SSS1/323:7BC	대사:FD	3	進入者か!	침입자인가!
C02627	SSS1/323:80F	대사:04	1	あら、けっこういい男じゃない?	어머、꽤 괜찮은 남자잖아?
C02628	SSS1/323:823	대사:FD	1	俺の名は{05:00}、ここまで\n来るとは、なかなかの腕だな。	내 이름은 {05:00}、여기까지\n오다니 꽤 실력이 있군。
C02629	SSS1/323:86F	대사:04	1	ありがと♡\n私の名は玲蘭	고마워♡\n내 이름은 레이란
C02630	SSS1/323:887	대사:04	1	しかし、洞仙が若い男とは\n意外だったわ。	그런데 동선이 젊은 남자라니\n의외네。
C02631	SSS1/323:8A8	대사:FD	1	洞仙はじじいばかりと\n思ってたんだろ。	동선은 영감들뿐인 줄\n알았지?
C02632	SSS1/323:8F2	대사:04	4	まあね。	뭐、그렇지。
C02633	SSS1/323:8FA	대사:04	1	あなたみたいな人が、洞窟なんかで\nうもれてるの、もったいないわよ♡	당신 같은 사람이 동굴 같은 데\n묻혀 있다니 아까워♡
C02634	SSS1/323:92B	대사:FD	1	うもれてるとは\nごたいそうなヒニクだな。	묻혀 있다니\n대단한 비아냥이군。
C02635	SSS1/323:948	대사:04	1	あら、お世辞よ。	어머、칭찬이야。
C02636	SSS1/323:962	대사:FD	1	で、こんな所にまで\n押し入ってきた用件は何だ?	그래서 이런 데까지\n쳐들어온 용건은 뭐지?
C02637	SSS1/323:996	대사:04	1	何だと思う。	뭘 것 같아。
C02638	SSS1/323:9A5	대사:FD	1	俺を倒しに来たんだろ。	날 쓰러뜨리러 온 거겠지。
C02639	SSS1/323:9C8	대사:04	1	つれないこと、言うのね。	매정한 소리를 하네。
C02640	SSS1/323:9DC	대사:FD	1	ちがうのかい?	아니야?
C02641	SSS1/323:A3C	대사:04	2	フフフ	후후후
C02642	SSS1/323:A46	대사:FD	1	俺にかけられた賞金以外に\n何が目的なんだ?	내게 걸린 현상금 말고\n뭐가 목적이야?
C02643	SSS1/323:A7E	대사:04	1	そこに置いてある\nたまごちゃんよ。	거기 놓인\n알이야。
C02644	SSS1/323:AA6	대사:FD	1	このたまごが目当て{07}なんか、勘違いしてないか?	이 알이 목적이라고{07}뭔가 착각하는 거 아냐?
C02645	SSS1/323:ACB	대사:04	1	あなた、このたまごが\nどんな物だか知ってるの?	당신、이 알이\n어떤 건지 알아?
C02646	SSS1/323:AE8	대사:FD	1	ただの仙獣のたまごだろ。	그냥 선수의 알이잖아。
C02647	SSS1/323:AFA	대사:04	1	じぇんじぇん、違うわよ!	천만에、전혀 아니야!
C02648	SSS1/323:B17	대사:FD	1	じゃあ、なんなんだよ?	그럼 뭔데?
C02649	SSS1/323:B29	대사:04	1	いいわ、この玲蘭さんが特別に\n教えてあげる。	좋아、이 레이란 님이 특별히\n알려 줄게。
C02650	SSS1/323:B4B	대사:FD	1	別に教えてくれなくても\nいいんだけど　　	딱히 안 알려 줘도\n되는데　　
C02651	SSS1/323:B8C	대사:04	1	武桜庵の奥深くに、封印球っていう\nたまごの形をした仙宝があったのよ。	무루암 깊은 곳에 봉인구라는\n알 모양의 선보가 있었어。
C02652	SSS1/323:BBF	대사:04	1	封印球には、遠い昔に大暴れした\n妖獣が封じ込められていたらしいの。	봉인구에는 아주 먼 옛날 크게 날뛴\n요수가 봉인되어 있었대。
C02653	SSS1/323:BF4	대사:04	1	でもね。	그런데 말이야。
C02654	SSS1/323:C01	대사:04	1	最近、その球が盗まれたらしいの\nそれで武楼庵は大騒ぎ!	최근에 그 구슬을 도둑맞았대\n그래서 무루암은 난리야!
C02655	SSS1/323:C2E	대사:FD	1	このたまごが仙宝?なんかの\n間違いなんじゃないの?	이 알이 선보?뭔가\n잘못 안 거 아냐?
C02656	SSS1/323:C54	대사:04	1	それは、調べてみないと\n分からないわ。	그건 조사해 봐야\n알지。
C02657	SSS1/323:C6F	대사:FD	1	俺は、調べていいなんて\n言ってないぜ!	난 조사해도 된다고\n안 했어!
C02658	SSS1/323:C8B	검증필요	1	ァズ{04:25}ズ紙	
C02659	SSS1/323:C97	대사:FD	1	こら、それ以上近づくんじゃない。	이봐、더 이상 다가오지 마。
C02660	SSS1/323:CB1	대사:04	1	本当に封印球か、どうか\n調べるだけよ!	정말 봉인구인지 아닌지\n조사만 할 거야!
C02661	SSS1/323:CDC	대사:FD	1	ちょっと待てよ!それで\n調べて本物だったら?	잠깐 기다려!그래서\n조사해 보고 진짜면?
C02662	SSS1/323:D01	대사:04	1	その時は　　　	그때는　　　
C02663	SSS1/323:D13	대사:04	1	その時よ!	그때 가서!
C02664	SSS1/323:D26	대사:FD	1	なんて自分勝手な奴だ!!	정말 제멋대로인 녀석이네!!
C02665	SSS1/323:D40	대사:FD	1	言っとくけどな、それが\n封印球とかいう代物だったと\nしても渡さないぜ!	말해 두는데 그게\n봉인구인지 뭔지 하는 물건이라\n해도 안 넘길 거야!
C02666	SSS1/323:D89	대사:04	1	これが50万	이게 50만
C02667	SSS1/323:D96	대사:04	1	ん　　　　	응　　　　
C02668	SSS1/323:DBC	대사:04	1	これ封印球じゃないわ\nただの仙獣のたまごよ。	이거 봉인구가 아니야\n그냥 선수의 알이야。
C02669	SSS1/323:DDE	대사:FD	3	へっ!?	엥!?
C02670	SSS1/323:DEB	대사:04	1	どうやら寺の奴等の勝手な\n思い込みだった様ね。	아무래도 절 녀석들의 멋대로인\n착각이었나 보네。
C02671	SSS1/323:E0E	대사:04	1	骨折りぞんだったわ\nあたし帰る。	헛수고했네\n난 갈래。
C02672	SSS1/323:E32	대사:04	1	仙獣達には悪い事しちゃったわね。	선수들한텐 미안한 짓 했네。
C02673	SSS1/323:E57	대사:04	1	ごめんね♡	미안해♡
C02674	SSS1/323:E74	대사:FD	1	なんか、異常に怪しいな　　	어쩐지 엄청 수상한데　　
C02675	SSS1/323:E8D	대사:FD	1	だけど、ここに封印球が無いって\n事が分かれば、少しは進入者も\n滅るかも　　	그래도 여기 봉인구가 없다는\n게 알려지면 침입자도 좀\n줄어들지도　　
C02676	SSS1/323:EC9	글	1	素直に帰してやる{09}怪しい!	순순히 돌려보낸다{09}수상해!
C02677	SSS1/323:EE2	대사:FD	1	こめんねじゃねーだろ!	미안해로 끝날 일이냐!
C02678	SSS1/323:EF4	대사:04	1	そうよね。賞金の噂につられて\nひどいことしちゃったわ。	그렇지。현상금 소문에 혹해서\n심한 짓을 했어。
C02679	SSS1/323:F16	대사:FD	1	黙って帰れ　　	조용히 돌아가　　
C02680	SSS1/323:F25	대사:04	1	バカな私を、許して\nくれるの　　	바보 같은 나를 용서해\n주는 거야　　
C02681	SSS1/323:F41	대사:FD	1	洞仙は、無益な戦いは\nしないからな。	동선은 무익한 싸움은\n안 하거든。
C02682	SSS1/323:F5C	대사:FD	1	地上の奴等に間違いだったって{0A}ちゃんと伝えろよ。	지상 녀석들에게 착각이었다고{0A}제대로 전해。
C02683	SSS1/323:F7F	대사:04	1	私、今まであなた達洞仙の事\n誤解していたかも知れない。	나、지금까지 당신들 동선을\n오해했는지도 몰라。
C02684	SSS1/323:FAA	대사:FD	1	わかればいいよ	알면 됐어
C02685	SSS1/323:FB5	대사:04	1	今度は、もう少ししゃれた場所\nであいましょうね♡	다음엔 좀 더 멋진 곳에서\n만나자♡
C02686	SSS1/323:FDA	대사:FD	1	はいはい	네네
C02687	SSS1/323:FE2	대사:04	1	じゃあね～♡	그럼 안녕～♡
C02688	SSS1/323:100E	대사:FD	1	これだけの事して「ごめんね♡」の\n一言で、黙って帰すと思ってるのか!	이런 짓을 해 놓고 「미안해♡」\n한마디로 순순히 보내 줄 줄 알았냐!
C02689	SSS1/323:1040	대사:04	1	なによ!女の子が、謝ってるのにぃ!	뭐야!여자애가 사과하는데!
C02690	SSS1/323:10A4	대사:04	1	あちゃーっ	아차―
C02691	SSS1/323:10B2	대사:FD	2	たまご。	알。
C02692	SSS1/323:10F6	대사:FD	1	だましたな!!	속였구나!!
C02693	SSS1/323:1104	대사:04	1	あらあら、怒らしちゃったわね。	어머어머、화나게 했네。
C02694	SSS1/323:111D	대사:04	1	こうなったらあなたを倒して\nもらって行くわよ!	이렇게 된 이상 당신을 쓰러뜨리고\n받아 갈 거야!
C02695	SSS1/323:1178	대사:FD	1	ぜんぜん修行が足りないね\nおじょうさん!	수행이 한참 부족하네\n아가씨!
C02696	SSS1/323:11E9	대사:04	1	お、{03:01}覚えてらっしゃい!	두、{03:01}두고 봐!
C02697	SSS1/323:1391	검증필요	1	\n{04:00}づ\nググ{0A}{05:00}な{00}	
C02698	SSS1/323:13CB	검증필요	1	\n{04:00}づ{09}ググ{0A}{05:00}な{00}	
C02699	SSS1/323:1405	검증필요	1	\n{04:00}づ{0A}ググ{0A}{05:00}な{00}	
C02700	SSS1/323:143F	검증필요	1	\n{04:00}づ{07}ググ{0A}{05:00}な{00}	
C02701	SSS1/323:1479	검증필요	1	\n{04:00}づ{08}ググ{0A}{05:00}な{00}	
C02702	SSS1/323:1590	글	1	{LV}▶ZCぶ{p}{00}	
C02703	SSS1/323:15BD	안내:08	1	{05:00}の活躍により{03:06}\n \n龍脈は蘇り洞天の大地は{03:06}\n \n 活力を取り戻した。{03:06}	{05:00}의 활약으로{03:06}\n \n용맥은 되살아나고 동천의 대지는{03:06}\n \n 활력을 되찾았다。{03:06}
C02704	SSS1/323:165C	대사:FD	1	ん!!	응!!
C02705	SSS1/323:171F	안내:06	1	  最後までよくぞ我が\n \n主人様を守り通して下された。	  마지막까지 잘도 저희\n \n주인님을 지켜 주셨습니다。
C02706	SSS1/323:1753	대사:FD	1	洞仙は約束を破らないって。	동선은 약속을 안 깬다니까。
C02707	SSS1/323:176D	안내:06	1	  天封呪の謎を解く方法を\n \nお教えすると言う約束でしたな。	  천봉주의 비밀을 푸는 방법을\n \n알려 드린다는 약속이었지요。
C02708	SSS1/323:179F	대사:FD	1	なるべくわかりやすく頼むよ。	되도록 알기 쉽게 부탁해。
C02709	SSS1/323:17B6	안내:06	1	 天封呪とは、かけたられた物を\n \n平行世界に、飛ばしてしまう術です。	 천봉주란 걸린 자를\n \n평행세계로 날려 버리는 술법입니다。
C02710	SSS1/323:17EC	대사:FD	1	それは知ってるよ。	그건 알아。
C02711	SSS1/323:17FE	안내:06	1	  術をかけられたあなたの存在は\n \n元の世界から無くなってしまった訳です。	  술법에 걸린 당신의 존재는\n \n원래 세계에서 사라져 버린 셈입니다。
C02712	SSS1/323:1835	대사:FD	1	元の世界の俺がいなくなった?	원래 세계의 내가 없어졌다?
C02713	SSS1/323:1851	대사:FD	1	じゃあ、ここにいる俺は?	그럼 여기 있는 나는?
C02714	SSS1/323:1866	안내:06	1	あなたは、元の世界の影のかけら	당신은 원래 세계의 그림자 조각
C02715	SSS1/323:1881	안내:06	1	あなたのかけらは、この世界だけでなく\n \n  無数の平行世界に存在します。	당신의 조각은 이 세계뿐만 아니라\n \n  무수한 평행세계에 존재합니다。
C02716	SSS1/323:18B9	대사:FD	1	俺の他にも俺がいるのか?	나 말고도 내가 있다고?
C02717	SSS1/323:18D0	안내:06	1	   あなたほどの力を持った者なら\n \n他の平行世界でも、元の世界に戻る手段を\n \n    探している事でしょう。	   당신만 한 힘을 지닌 자라면\n \n다른 평행세계에서도 원래 세계로 돌아갈 수단을\n \n    찾고 있겠지요。
C02718	SSS1/323:1924	대사:FD	1	・・・・・	‥‥‥
C02719	SSS1/323:1938	대사:FD	1	それで平行世界から抜け出す方法は?	그래서 평행세계에서 빠져나갈 방법은?
C02720	SSS1/323:1959	안내:06	1	時封呪です。	시봉주입니다。
C02721	SSS1/323:1968	대사:FD	1	時封呪?	시봉주?
C02722	SSS1/323:1986	안내:06	1	 天封呪の呪いを解くことは\n \n時封呪にしか、できないのです。	 천봉주의 저주를 푸는 건\n \n시봉주만이 할 수 있습니다。
C02723	SSS1/323:19B6	대사:FD	1	で、あんた時封呪って\n使えるのかい?	그래서、당신은 시봉주를\n쓸 수 있어?
C02724	SSS1/323:19D4	안내:06	2	いいえ	아니요
C02725	SSS1/323:19DF	안내:06	1	天封呪や時封呪は、ずっと昔に\n \n  失われた禁呪なのです。	천봉주나 시봉주는 아주 옛날에\n \n  잃어버린 금주입니다。
C02726	SSS1/323:1A0F	대사:FD	1	失われた禁呪か　　	잃어버린 금주라　　
C02727	SSS1/323:1A26	대사:FD	1	とにかく時封呪を使える奴を\n捜せばいいのか!	아무튼 시봉주를 쓸 수 있는 녀석을\n찾으면 되는 거지!
C02728	SSS1/323:1A4A	안내:06	2	そのとおりです。	그렇습니다。
C02729	SSS1/323:1A5C	안내:06	1	しかし、時封呪の使い手を\n \n 捜すのは困難でしょう。	하지만 시봉주를 쓰는 자를\n \n 찾기는 어려울 것입니다。
C02730	SSS1/323:1A89	안내:06	1	  天封呪を使う者には\n \n心当たりが、あるのですが‥‥	  천봉주를 쓰는 자라면\n \n짚이는 데가 있습니다만‥‥
C02731	SSS1/323:1AB7	대사:FD	1	天封呪は、もう\nかんべんしてくれ!	천봉주는 이제\n봐줘!
C02732	SSS1/323:1AD6	안내:06	1	そうですか‥‥‥	그런가요‥‥‥
C02733	SSS1/323:1AE7	대사:FD	1	とにかく、時封呪を使える奴を\n探せばいいんだな!	아무튼 시봉주를 쓸 수 있는 녀석을\n찾으면 되는 거군!
C02734	SSS1/323:1B4D	대사:FD	1	待っていてくれ・・老師{0A}必ず助けに戻って見せる。	기다려 주세요‥노사님{0A}반드시 구하러 돌아가 보일게요。
C02735	SSS1/323:1C07	안내:06	1	 我々は、これで元の世界に戻ります{09} \n私の言葉を信じ、王を助けていただいた\n \n   御恩、決して忘れません。	 저희는 이제 원래 세계로 돌아갑니다{09} \n제 말을 믿고 왕을 도와주신\n \n   은혜、결코 잊지 않겠습니다。
C02736	SSS1/323:1C98	안내:03	1	俺はこの世界で天封呪の謎を解く\n \n  手がかりを手に入れた{09} \n     「時封呪」\n \n俺は、その新たな呪文を求めての\n \n     旅を決意した{09} 	나는 이 세계에서 천봉주의 비밀을 풀\n \n  단서를 손에 넣었다{09} \n     「시봉주」\n \n나는 그 새로운 주문을 찾아\n \n     여행을 떠나기로 했다{09} 
C02737	SSS1/323:1D06	안내:08	1	   この世界を抜け出し\n \n元の世界に帰れる日は近いだろう。	   이 세계를 빠져나가\n \n원래 세계로 돌아갈 날도 머지않았으리라。
C02738	SSS1/323:1D71	안내:06	1	     そして\n \n重要な手がかりをつかんだ事と\n \n龍脈を蘇えらせた事の報告に\n \n 老師の家を再び訪ねた　　	     그리고\n \n중요한 단서를 잡은 것과\n \n용맥을 되살린 것을 보고하러\n \n 노사의 집을 다시 찾았다　　
C02739	SSS1/323:1DDA	대사:FD	3	老師、ただいま戻りました。	노사님、다녀왔습니다。
C02740	SSS1/323:1DF9	대사:00	5	おお、{05:00}ではないか?	오오、{05:00} 아니냐?
C02741	SSS1/323:1E08	대사:1A	3	どうなさったんですか?	무슨 일이세요?
C02742	SSS1/323:1E17	대사:FD	1	洞天福の龍脈、蘇らせて来ましたよ。	동천복의 용맥、되살리고 왔어요。
C02743	SSS1/323:1E4B	대사:00	5	洞天福の龍脈?{03:01}?{03:01}?{03:01}?{03:01}	동천복의 용맥?{03:01}?{03:01}?{03:01}?{03:01}
C02744	SSS1/323:1E66	대사:FD	1	老師の頼みで　　	노사님의 부탁으로　　
C02745	SSS1/323:1E77	대사:FD	5	先日、突然呼ばれて　{03:01}　{03:01}　{03:01}　	요전에 갑자기 부르셔서　{03:01}　{03:01}　{03:01}　
C02746	SSS1/323:1E9E	대사:FD	3	ねえ!	그치!
C02747	SSS1/323:1EAB	대사:01	3	確かに!	확실히!
C02748	SSS1/323:1EB6	대사:00	5	思いだせん!!!!!!!!	기억이 안 나는구나!!!!!!!!
C02749	SSS1/323:1ECD	대사:FD	5	あのう{03:01}　{03:01}　	저기요{03:01}　{03:01}　
C02750	SSS1/323:1EE4	대사:00	3	おおおっ!!	오오오옷!!
C02751	SSS1/323:1F03	안내:0C	5	しかし　　{03:09}	그러나　　{03:09}
C02752	SSS1/323:1F14	안내:0A	5	しかし、老師はみごとに{03:06}\n \nすべてを忘れていた!!{03:09}	그러나 노사는 보기 좋게{03:06}\n \n모든 걸 잊고 있었다!!{03:09}
C02753	SSS1/323:1FB2	안내:06	1	 洞天の龍脈を蘇らせる事に成功した{03:06}\n \n  俺はそれを老師に報告する為に{03:06}\n \n出会った幼龍を連れ老師の家に向かった。{03:06}	 동천의 용맥을 되살리는 데 성공한{03:06}\n \n  나는 그걸 노사에게 보고하려고{03:06}\n \n만난 유룡을 데리고 노사의 집으로 향했다。{03:06}
C02754	SSS1/332:4D	대사:FD	1	けっこう手強い相手だったな。	꽤 만만치 않은 상대였어。
C02755	SSS1/332:6F	대사:FD	1	って、あいつを倒したら手がかりも\nパアだったんだ　　	그런데 녀석을 쓰러뜨리니 단서도\n날아가 버렸네　　
C02756	SSS1/332:92	대사:FD	1	ま、老師に頼まれた仕事は終わったし\nそれでよしとするか!	뭐、노사님이 부탁한 일은 끝났으니\n그걸로 됐다고 할까!
C02757	SSS1/332:12A	대사:FD	1	いつまでもいると、やばそうだな。	계속 있다간 위험할 것 같군。
C02758	SSS1/332:2BD	대사:FD	1	やっと、戻れた!	겨우 돌아왔다!
C02759	SSS1/332:2F9	글	1	我が大地、よくぞ復活させてくれた!	우리 대지、잘도 부활시켜 주었구나!
C02760	SSS1/332:313	대사:FD	1	遅くなって、すみません。	늦어서 죄송합니다。
C02761	SSS1/332:34D	글	1	いやいや、見事なお手並み。{p}あなたの力によって、無数の命が\n救われたのです。	아니아니、훌륭한 솜씨입니다。{p}당신의 힘으로 무수한 생명이\n구원받았습니다。
C02762	SSS1/332:3A9	글	1	救われた綜ての命に変わって\n礼を言おう。	구원받은 모든 생명을 대신해\n고맙다고 하겠소。
C02763	SSS1/332:3F0	글	1	ありがとう、{05:00}。	고맙습니다、{05:00}。
C02764	SSS1/332:428	글	1	これからも、こころざし高く\n修行にはげんで下さい。	앞으로도 뜻을 높이 하고\n수행에 힘쓰세요。
C02765	SSS1/332:449	대사:FD	1	もちろんです。{p}それでは、さらばです。	물론입니다。{p}그럼 안녕히。
C02766	SSS1/332:4D9	대사:FD	2	ふう、やっとこさ戻ってこれたぜ!	휴우、간신히 돌아왔다!
C02767	SSS1/332:4F1	대사:FC	1	もう、洞仙さまったら	정말、동선님도 참
C02768	SSS1/332:501	대사:FD	1	結局、天封呪の事は、聞けず\nじまいだったよ。	결국 천봉주에 대해서는 못\n듣고 말았어。
C02769	SSS1/332:52B	대사:FC	1	当たり前ですよ!	당연하죠!
C02770	SSS1/332:539	대사:FC	1	大切なたまごを無くして\nしまったんだから。	소중한 알을 잃어버렸으니\n까요。
C02771	SSS1/332:555	대사:FD	1	まあ、大地も蘇ったし、よしとするか。	뭐、대지도 되살아났으니 됐다고 할까。
C02772	SSS1/332:56E	대사:FC	1	僕は、納得できませんけど\nまあ確かに、大地は蘇りました。	저는 납득 못 하겠지만\n뭐 확실히 대지는 되살아났죠。
C02773	SSS1/332:5B5	대사:FC	1	さすが、殺しても死なない洞仙サマ	역시 죽여도 안 죽는 동선님
C02774	SSS1/332:5D6	대사:FD	1	相変わらず、いやみくさい奴だな!	여전히 밉살스러운 녀석이네!
C02775	SSS1/332:5ED	대사:FC	1	シャシャ!	샤샤!
C02776	SSS1/332:5F6	대사:FD	1	結局、天封呪の事は聞けず\nじまいだったよ。	결국 천봉주에 대해서는 못\n듣고 말았어。
C02777	SSS1/332:616	대사:FC	1	当然でしょう、たまごは無くすわ{09}悪びれないわ、最悪ですからね。	당연하죠、알은 잃어버리지{09}뻔뻔하지、최악이니까요。
C02778	SSS1/332:646	대사:FD	1	おめーに言われたかないね。	너한테 그런 소리 듣고 싶지 않아。
C02779	SSS1/332:658	대사:FD	1	まあ、大地も蘇ったし\nよしとするか。	뭐、대지도 되살아났으니\n됐다고 할까。
C02780	SSS1/332:671	대사:FC	1	洞仙としての最低限の役目を\n果たしただけでしょう。	동선으로서 최소한의 역할을\n다했을 뿐이잖아요。
C02781	SSS1/332:696	대사:FD	1	なんで、俺こいつといっしょに\nいるんだろう　　	내가 왜 이 녀석이랑 같이\n있는 거지　　
C02782	SSS1/332:6B4	대사:FC	1	さだめでしょうね。	운명이겠죠。
C02783	SSS1/332:6E0	안내:06	1	 龍脈を蘇らせる事に成功した\n \n  {05:00}だったが{0A} \n結局、元の世界に戻る手がかりを\n \n  得る事は、出来なかった。	 용맥을 되살리는 데 성공한\n \n  {05:00}이었지만{0A} \n결국 원래 세계로 돌아갈 단서는\n \n  얻지 못했다。
C02784	SSS1/332:731	안내:08	1	  この世界に飛ばされてきた{0A} \n{05:00}は、この後も天封呪の謎を\n \n  解く事は、出来なかった。	  이 세계로 날려 온{0A} \n{05:00}은 그 후로도 천봉주의 비밀을\n \n  풀지 못했다。
C02785	SSS1/332:770	안내:0A	1	  しかし、滅びにひんした\n \n数多の大地を蘇らせたという{03:01}　{03:01}　{03:01}	  하지만 멸망 직전의\n \n수많은 대지를 되살렸다고 한다{03:01}　{03:01}　{03:01}
C02786	SSS1/334:B7	안내:08	22	エネルギーをえた!!	에너지를 얻었다!!
C02787	SSS1/334:CA	안내:08	22	部屋ポイントをえた!!	방 포인트를 얻었다!!
C02788	SSS1/334:E0	안내:08	22	通路ポイントをえた!!	통로 포인트를 얻었다!!
C02789	SSS1/336:79	대사:0F	1	して、封印球の行方は\nわかりましたかな?	그래、봉인구의 행방은\n알아냈소?
C02790	SSS1/336:96	대사:10	1	どうやら封印球は、仙窟に\n在るらしい、との事です。	아무래도 봉인구는 선굴에\n있는 모양이라 합니다。
C02791	SSS1/336:BC	대사:0F	1	なるほど、今回の騒ぎの裏には\n洞仙がいたという訳ですね。	과연、이번 소동의 뒤에는\n동선이 있었다는 거군요。
C02792	SSS1/336:E5	대사:10	1	恐らく{03:01}‥{03:01}‥{03:01}‥{03:01}	아마도{03:01}‥{03:01}‥{03:01}‥{03:01}
C02793	SSS1/336:FB	대사:0F	1	雷漢どのに、連絡をとりなさい。	라이칸 공에게 연락하시오。
C02794	SSS1/336:155	대사:06	1	それでは洞仙討伐に、向かいます。	그럼 동선 토벌에 나서겠습니다。
C02795	SSS1/336:171	대사:05	1	うむ、期待しているぞ!	음、기대하고 있겠다!
C02796	SSS1/336:182	대사:06	1	必ずや、奴を討ち取って\nごらんにいれます。	반드시 놈을 쳐서\n보여 드리겠습니다。
C02797	SSS1/336:1A8	대사:05	1	いや、今回の作戦は　　	아니、이번 작전은　　
C02798	SSS1/336:1BD	대사:05	1	封印球の奪回が目的。	봉인구 탈환이 목적。
C02799	SSS1/336:1D9	대사:03	1	すでにいません!	벌써 없습니다!
C02800	SSS1/336:1EE	대사:05	1	まったく、人の話を、最後まで\n聞かんか!	정말、남의 말을 끝까지\n듣지 않는구나!
C02801	SSS1/336:20E	대사:05	1	まあ、いつもの事か　　	뭐、늘 있는 일인가　　
C02802	SSS1/336:255	대사:5D	1	隊長!どうでした?	대장님!어떻게 됐어요?
C02803	SSS1/336:264	대사:01	1	仙窟に出撃だ。	선굴로 출격이다。
C02804	SSS1/336:276	대사:5E	1	やったぜ!	앗싸!
C02805	SSS1/336:2A9	대사:5D	1	これで、また暴れられますね!	이걸로 또 날뛸 수 있겠네요!
C02806	SSS1/336:2BF	대사:01	1	おう、派手に行こうぜ!!	오오、화끈하게 가자!!
C02807	SSS1/336:328	대사:F9	2	行くぜ妖怪ども!!	간다 요괴들아!!
C02808	SSS1/336:372	대사:F9	1	この程度で　　	이 정도로　　
C02809	SSS1/336:468	대사:FD	1	進入者か!今度はいつもの\n雑魚じゃないらしいな。	침입자인가!이번엔 늘 오던\n잡몹이 아닌 모양이군。
C02810	SSS1/336:493	대사:05	1	オレが来たからには{0A}今日が、お前の命日だ!	내가 온 이상{0A}오늘이 네 제삿날이다!
C02811	SSS1/336:4BE	대사:FD	1	お前はたしか・・・\n天転じゃないか!	넌 분명‥‥\n텐텐 아냐!
C02812	SSS1/336:4E6	대사:05	1	オレの名前を知っているのか?	내 이름을 알고 있나?
C02813	SSS1/336:505	대사:06	1	天転隊長の名も上がった物ですな。	텐텐 대장님 이름도 꽤 알려졌네요。
C02814	SSS1/336:527	대사:05	2	まあな!	뭐 그렇지!
C02815	SSS1/336:592	대사:05	1	オレの名前を知ってるって事は\nオレと戦えば、どうなるか\n知っているはずだな!	내 이름을 안다는 건\n나와 싸우면 어떻게 될지\n알고 있겠군!
C02816	SSS1/336:5C5	대사:05	1	命までは、とらないから\n降参しろ!	목숨까지는 안 빼앗을 테니\n항복해라!
C02817	SSS1/336:5E9	대사:FC	1	あんな事、言ってますよ!	저런 말 하는데요!
C02818	SSS1/336:5FE	대사:FD	1	ふっ	훗
C02819	SSS1/336:60E	대사:FD	1	戦ったらどうなるなるって?	싸우면 어떻게 된다고?
C02820	SSS1/336:620	대사:FD	1	泣きべそかいて逃げ出したの{0A}忘れたのかい?	울상이 돼서 도망친 걸{0A}잊었어?
C02821	SSS1/336:640	대사:05	1	泣きべそ?{03:02}オレが・・	울상?{03:02}내가‥
C02822	SSS1/336:662	대사:08	1	隊長が泣きべそ?	대장님이 울상?
C02823	SSS1/336:67B	대사:09	1	も、もしかして別れた\n男だったりして?	호、혹시 헤어진\n남자라든가?
C02824	SSS1/336:69E	대사:06	1	いや、隊長に限ってそんな{03:01}・{03:01}・{03:02}\nふしだらな。	아니、우리 대장님이 그런{03:01}‥{03:01}‥{03:02}\n문란한 짓을。
C02825	SSS1/336:6EB	대사:05	1	やかましい!	시끄러워!
C02826	SSS1/336:6F8	대사:FD	1	何度やっても、俺の勝ちに\n決まってるだろ。	몇 번을 해도 내가 이기게\n돼 있잖아。
C02827	SSS1/336:722	대사:FC	1	すごい自信ですね。	대단한 자신감이네요。
C02828	SSS1/336:74D	대사:05	1	知った風な口をきくな!	아는 척하지 마라!
C02829	SSS1/336:7B5	대사:05	1	オレは、お前なんか知らないし\nましてや、負けた覚えなんかない!!	난 너 같은 거 모르고\n하물며 진 기억도 없다!!
C02830	SSS1/336:7E0	대사:FD	1	あんたに無くても俺には{0A}あるからなぁ。	당신은 없어도 나한텐{0A}있거든。
C02831	SSS1/336:7FE	대사:05	1	ふざけやがって!	까불고 있어!
C02832	SSS1/336:83F	대사:FD	1	やっぱり俺の勝ちだな!	역시 내가 이겼군!
C02833	SSS1/336:883	대사:05	1	くそっ!洞仙め、この借りは\n倍にして返してやる!	젠장!동선 놈、이 빚은\n배로 갚아 주마!
C02834	SSS1/336:8AE	대사:05	1	てったいだ!	철수다!
C02835	SSS1/336:949	대사:FD	1	天転が俺の事を知らなかったのも\n平行世界って事か{03:01}‥{03:01}‥{03:01}‥{03:01}	텐텐이 나를 몰랐던 것도\n평행세계라서인가{03:01}‥{03:01}‥{03:01}‥{03:01}
C02836	SSS1/337:23	대사:09	1	やっぱり、来てくれたんだ。	역시 와 주었구나。
C02837	SSS1/337:54	대사:FD	1	どうして、俺の事洞仙だって\n知ってるんだ!	어떻게 내가 동선이란 걸\n아는 거야!
C02838	SSS1/337:7C	대사:09	1	どうして知ってるんだって　　	어떻게 아냐니　　
C02839	SSS1/337:94	대사:09	1	ホントに私のこと覚えていないの{07}私たち、一緒に暮らしてたのよ。	정말 나를 기억 못 해{07}우리、같이 살았잖아。
C02840	SSS1/337:BD	대사:FD	1	覚えてない。	기억 안 나。
C02841	SSS1/337:CB	대사:FD	1	たぶん、君の知ってる俺って\n俺じゃない俺なんだ　　	아마 네가 아는 나는\n내가 아닌 나일 거야　　
C02842	SSS1/337:FD	대사:09	1	どういうこと?	무슨 소리야?
C02843	SSS1/337:10B	대사:FD	1	君と一緒に暮らしていた俺って\nおそらく　　	너랑 같이 살았던 나는\n아마도　　
C02844	SSS1/337:12B	대사:FD	1	この世界の俺。つまり、俺とは\n似てるけど別人だと思う。	이 세계의 나。즉 나와\n닮았지만 다른 사람일 거야。
C02845	SSS1/337:155	대사:09	1	何言ってるのか、わからないわ。	무슨 말인지 모르겠어。
C02846	SSS1/337:16F	대사:FD	1	俺は、この世界の人間じゃ\n無いんだ。	난 이 세계 사람이\n아니야。
C02847	SSS1/337:18E	대사:FD	1	そう、ある事件がきっかけで、この\n異世界に飛ばされて来たんだ　　	그래、어떤 사건을 계기로 이\n이세계로 날려 왔어　　
C02848	SSS1/337:1BB	대사:09	1	異世界!?	이세계!?
C02849	SSS1/337:1C7	대사:09	1	じゃあ、私と一緒に暮らしていた\n洞仙のあなたって　　	그럼 나랑 같이 살았던\n동선인 당신은　　
C02850	SSS1/337:1F0	대사:FD	1	この世界の俺じゃないのかな。	이 세계의 나 아닐까。
C02851	SSS1/337:20C	대사:FD	1	俺のもといた世界と、この世界は\n不思議な程そっくりなんだ。	내가 원래 있던 세계와 이 세계는\n신기할 만큼 똑같아。
C02852	SSS1/337:239	대사:FD	1	俺のそっくりさんがいても\n不思議じゃない。	나랑 똑같은 사람이 있어도\n이상하지 않아。
C02853	SSS1/337:262	대사:09	1	私、{05:00}と一緒に仙窟を\n作っていたんだけど　　	나、{05:00}와 같이 선굴을\n만들고 있었는데　　
C02854	SSS1/337:285	대사:09	1	何かが起きて　　私だけ放り出され\nちゃったの。	무슨 일이 생겨서　　나만 내던져져\n버렸어。
C02855	SSS1/337:2B2	대사:FD	1	放り出されたって、何処に?	내던져졌다니、어디로?
C02856	SSS1/337:2C7	대사:09	1	この家の前よ。	이 집 앞이야。
C02857	SSS1/337:2D4	대사:FD	7	どうして?	어째서?
C02858	SSS1/337:2E0	대사:09	1	それが、どうしても思い出せないの。	그게 아무리 해도 기억이 안 나。
C02859	SSS1/337:2F7	대사:09	1	それで、この家のおばさんが親切に\n面倒みてくれて。	그래서 이 집 아주머니가 친절하게\n돌봐 주셨어。
C02860	SSS1/337:31C	대사:09	1	とにかく、{05:00}が捜しに来て\nくれるのを待とうって。	아무튼 {05:00}가 찾으러 와\n줄 때까지 기다리자고。
C02861	SSS1/337:33C	대사:FD	1	でも、探しに来たのは別世界から\n飛ばされてきた俺だった　　	하지만 찾으러 온 건 다른 세계에서\n날려 온 나였지　　
C02862	SSS1/337:369	대사:09	1	それでも構わない。	그래도 상관없어。
C02863	SSS1/337:37A	대사:09	1	だって迎えに、来てくれたん\nだもん。	그치만 데리러 와 줬\n잖아。
C02864	SSS1/337:395	대사:FD	1	迎えに来た訳じゃないよ。	데리러 온 게 아니야。
C02865	SSS1/337:3AB	대사:FD	1	用事があって、武桜庵に行く\n途中なんだ。	볼일이 있어서 무루암에 가는\n길이야。
C02866	SSS1/337:3CE	대사:09	1	大僧正様に会いに行くの!?	대승정님을 만나러 가는 거야!?
C02867	SSS1/337:3EE	대사:FD	1	多分、戦う事になると思う。	아마 싸우게 될 거야。
C02868	SSS1/337:40A	대사:09	1	どうして、戦うの?	왜 싸워?
C02869	SSS1/337:418	대사:09	1	話したら分かり合えるかも\nしれないのに　　	이야기하면 서로 이해할 수\n있을지도 모르는데　　
C02870	SSS1/337:43E	대사:FD	1	俺だって戦いたくて\n戦ってる訳じゃない。	나도 싸우고 싶어서\n싸우는 게 아니야。
C02871	SSS1/337:45D	대사:FD	1	仕方がないのさ!	어쩔 수 없어!
C02872	SSS1/337:46D	대사:09	1	私の知ってる{05:00}と\n同じ様な事、言うのね。	내가 아는 {05:00}와\n똑같은 말을 하네。
C02873	SSS1/337:498	대사:09	1	もう、戦うのは止めましょう。	이제 싸우는 건 그만두자。
C02874	SSS1/337:4AC	대사:FD	1	それは出来ないよ!	그건 못 해!
C02875	SSS1/337:4C3	대사:09	1	お願いよ。	부탁이야。
C02876	SSS1/337:4D4	대사:FD	1	悪いけど君に、そんな事\n頼まれる覚えはないよ。	미안하지만 너한테 그런 부탁을\n받을 이유는 없어。
C02877	SSS1/337:4F7	대사:09	1	いいわ、私はここで待ってる{09}もし、私のことが必要になったら	알았어、난 여기서 기다릴게{09}혹시 내가 필요해지면
C02878	SSS1/337:51D	대사:09	1	私に逢いに来て。	나를 만나러 와 줘。
C02879	SSS1/337:53C	대사:FD	3	わかったよ。	알았어。
C02880	SSS1/340:2B5	글	1	NEXT\n前回入れてる4万以上\n前回入れてる3万以上\n前回入れてる2万以上	NEXT\n지난번 넣은 양 4만 이상\n지난번 넣은 양 3만 이상\n지난번 넣은 양 2만 이상
C02881	SSS1/340:2F9	글	1	NEXT\n前回入れてる1万以上\n前回入れてる5000以上\n前回エネルギーを入れていない	NEXT\n지난번 넣은 양 1만 이상\n지난번 넣은 양 5000 이상\n지난번 에너지를 안 넣음
C02882	SSS1/340:33D	글	1	NEXT\n4ターン以上入れていない\n6ターン以上入れていない	NEXT\n4턴 이상 안 넣음\n6턴 이상 안 넣음
C02883	SSS1/384:32	대사:FD	4	バグだぞ{00}	버그다{00}
C02884	SSS1/390:69F	대사:01	4	召喚部屋で始めから呼び出せる\n仙獣は3種類じゃ	소환 방에서 처음부터 불러낼 수 있는\n선수는 3종류니라
C02885	SSS1/390:8A0	대사:01	4	さらには壊れた部屋を直す事が\nできる仙獣もおる。	게다가 부서진 방을 고칠 수\n있는 선수도 있지。
C02886	SSS1/390:A49	대사:0E	4	それから仙窟を作る前にエネルギーを\nぜんぶ龍穴炉に入れるような事は\nしてはいかんぞ!{00}	그리고 선굴을 만들기 전에 에너지를\n전부 용혈로에 넣는 짓은\n해선 안 되느니라!{00}
C02887	SSS1/390:C69	대사:0E	4	知恵をしぼって龍脈を\n蘇らせるのじゃ。{00}	지혜를 짜내 용맥을\n되살리거라。{00}
C02888	SSS1/396:53	대사:11	1	ここは、いったい\n何処なんだ?	여긴 대체\n어디지?
C02889	SSS1/396:89	대사:04	1	なんだい、あんた?	뭐야、당신?
C02890	SSS1/396:98	대사:11	1	ここって、どこですか?	여기가 어디죠?
C02891	SSS1/396:B0	대사:04	1	ここって?{03:04}\n洞天福国に、決まってるだろ。	여기라니?{03:04}\n동천복국이지 어디야。
C02892	SSS1/396:D6	대사:10	1	おかしな事言う人だな。	이상한 소리 하는 사람이네。
C02893	SSS1/396:EA	대사:11	1	俺の知ってる洞天とは、ちょっと\n違うみたいなんだ。	내가 아는 동천이랑은 좀\n다른 것 같아。
C02894	SSS1/396:10F	대사:11	1	ほら、あんなところに知らない\nお寺が建ってるし。	봐、저런 데 모르는\n절이 서 있고。
C02895	SSS1/396:152	대사:04	1	寺?{03:04}ああ武楼庵の事かい?	절?{03:04}아아 무루암 말이야?
C02896	SSS1/396:169	대사:11	1	武桜庵?あそこには図書館が\nあったはずだよ。	무루암?저기엔 도서관이\n있었을 텐데。
C02897	SSS1/396:189	대사:10	1	武桜庵なら何百年も昔から、ずっと\nあそこに建ってるよ。	무루암이라면 몇백 년 전부터 쭉\n저기 서 있었어。
C02898	SSS1/396:1B0	대사:10	1	あんたの気のせいだろ?	당신 착각이겠지?
C02899	SSS1/396:1CA	대사:11	1	そんなハズないよ!	그럴 리가 없어!
C02900	SSS1/396:224	안내:06	1	　　ここは、いったいどこなんだろう。{03:08}\n \n  もう、何日も知らない土地を{03:06}\n \n    さまよい歩いている。{03:08}	　　여긴 대체 어디일까。{03:08}\n \n  벌써 며칠째 모르는 땅을{03:06}\n \n    헤매고 있다。{03:08}
C02901	SSS1/396:26D	안내:06	1	洞天福国には間違いないようだけど{03:08}\n \n    　　何かが違う。{03:08}\n \n 見たことが無い土地ばっかりだ。{03:08}	동천복국인 건 틀림없는 것 같은데{03:08}\n \n    　　뭔가 다르다。{03:08}\n \n 처음 보는 땅뿐이다。{03:08}
C02902	SSS1/396:2B9	안내:08	1	 あの龍に術をかけられる直前、{03:06}\n \n平行世界がどうとか言ってたな　　{03:09}	 그 용에게 술법이 걸리기 직전、{03:06}\n \n평행세계가 어쩌고 했었지　　{03:09}
C02903	SSS1/396:2F0	안내:08	1	 すると、本当に俺は異世界に {03:06}\n \n飛ばされてしまったんだろうか?{03:09}{03:03}	 그렇다면 정말로 나는 이세계로{03:06}\n \n날려 와 버린 걸까?{03:09}{03:03}
C02904	SSS1/396:34E	대사:4B	1	ふう、これであの龍脈も正常に\nなる事じゃろうて。	휴우、이걸로 저 용맥도 정상이\n되겠지。
C02905	SSS1/396:36F	대사:4B	1	まったく、掘るだけ掘って、手に\n負えなくなったら逃げ出すなんて\nひどい洞仙もいたものじゃ!!	정말、팔 만큼 파 놓고 감당\n못 하게 되니 도망치다니\n못된 동선도 다 있구먼!!
C02906	SSS1/396:3B5	대사:4B	1	何か、異様な気を感じるぞ!	뭔가 이상한 기운이 느껴지는구나!
C02907	SSS1/396:3EE	대사:4C	1	ここは、いったい何処なんだろう?	여긴 대체 어디일까?
C02908	SSS1/396:404	대사:4C	1	洞天の街も、洞天の街じゃ\nないみたいだし。	동천 거리도 동천 거리가\n아닌 것 같고。
C02909	SSS1/396:423	대사:4C	1	やはり、平行世界とかいう所\nなのかなぁ‥‥	역시 평행세계라는 곳\n인가‥‥
C02910	SSS1/396:44C	대사:4D	1	こやつが、怪しい波動の主か・・	이놈이 수상한 파동의 주인인가‥
C02911	SSS1/396:476	대사:4C	1	ろ、ろうし!!	노、노사님!!
C02912	SSS1/396:4E4	대사:4C	1	老師!会えてよかった!!	노사님!만나서 다행이에요!!
C02913	SSS1/396:51E	대사:4C	1	さすが老師!{08}あの龍をやっつけて、迎えに\n来てくれたんですよね。	역시 노사님!{08}그 용을 해치우고 데리러\n와 주신 거죠。
C02914	SSS1/396:547	대사:4D	1	ハァ、人違いじゃないのか?	하아、사람을 잘못 본 게 아니냐?
C02915	SSS1/396:582	대사:4C	1	またあ、物忘れが相変わらず\nひどいんだから。	또 그러신다、깜빡하시는 건 여전히\n심하시다니까。
C02916	SSS1/396:5AA	대사:4D	1	バカモン!!{03:03}わしは確かによく物を\n忘れるが、人の顔くらいちゃんと\n覚えておるわい!!	이 바보 같은 놈!!{03:03}내가 확실히 잘\n잊어버리긴 하지만 사람 얼굴 정도는\n제대로 기억하느니라!!
C02917	SSS1/396:5E1	대사:4D	1	だいたい、見知らぬワシに、龍とか\n迎えに来るとか、おぬし気は確かか?	애초에 처음 보는 나에게 용이니\n데리러 오느니、너 제정신이냐?
C02918	SSS1/396:61C	대사:4C	1	だって老師・・洞仙の\n三界老師でしょ?	그치만 노사님‥동선인\n삼계노사님이잖아요?
C02919	SSS1/396:648	대사:4D	1	ワシの事を洞仙と見抜くか!!	나를 동선이라 간파하다니!!
C02920	SSS1/396:663	대사:4D	1	おぬし何者じゃ?	너는 누구냐?
C02921	SSS1/396:671	대사:4C	1	何者って‥‥ひどいな{09}こんなかわいい弟子の顔を\n忘れるなんて・・	누구냐니‥‥너무하시네{09}이렇게 귀여운 제자 얼굴을\n잊으시다니‥
C02922	SSS1/396:69F	대사:4D	1	ワシは、ここ10年{0A}弟子は取っておらんぞ!	나는 요 10년간{0A}제자를 들이지 않았느니라!
C02923	SSS1/396:6EF	대사:4C	1	・{03:01}・{03:01}・{03:01}・{03:01}	‥{03:01}‥{03:01}‥{03:01}‥{03:01}
C02924	SSS1/396:726	대사:4C	1	これが龍の言っていた\n報いか・・・	이게 용이 말한\n응보인가‥‥
C02925	SSS1/396:77D	대사:4D	1	そういえば、こやつ、どうして\nわしの名を知っていたんじゃ?	그러고 보니 이놈、어떻게\n내 이름을 알고 있었지?
C02926	SSS1/396:7A7	대사:4D	1	待つがよい、若いの。	기다리거라、젊은이。
C02927	SSS1/396:7B9	대사:4D	1	何か事情がありそうじゃな{09}わしに話してみんか?	뭔가 사정이 있는 모양이구나{09}내게 이야기해 보지 않겠느냐?
C02928	SSS1/396:7DD	대사:4C	1	話を聞いて、くれるんですか?	이야기를 들어 주시는 건가요?
C02929	SSS1/396:7F8	대사:4C	1	どうして急に?	왜 갑자기?
C02930	SSS1/396:804	대사:4D	1	おぬしのまわりから、奇妙な波動を\n感じるんじゃ。それに、わしを洞仙\nと言い当てたじゃろ。	네 주위에서 기묘한 파동이\n느껴지느니라。게다가 나를 동선\n이라고 알아맞혔지。
C02931	SSS1/396:83F	대사:4C	2	実は　　	실은　　
C02932	SSS1/396:886	대사:4D	1	龍に術をかけられたか　　　\n不思議な事もあるもんじゃのう。	용에게 술법이 걸렸다라　　　\n신기한 일도 다 있구나。
C02933	SSS1/396:8B0	대사:4D	1	よほどの事がないかぎり、龍は人間に\n対して敵意を持たぬはずじゃが　　　	웬만한 일이 아니고서야 용은 인간에게\n적의를 품지 않을 텐데　　　
C02934	SSS1/396:8E2	대사:4D	1	何か悪さをしたんじゃないのか\nおぬし?	뭔가 못된 짓을 한 거 아니냐\n너?
C02935	SSS1/396:8FE	대사:4C	1	何もしてませんよ!!	아무것도 안 했어요!!
C02936	SSS1/396:90D	대사:4D	1	おぬしの名前を呼んだのじゃろう?	네 이름을 불렀다고 했지?
C02937	SSS1/396:92D	대사:4C	1	それは、そうですけど{09}心当たりが全然無いんです。	그건 그렇지만{09}짚이는 데가 전혀 없어요。
C02938	SSS1/396:94E	대사:4D	1	異世界に飛ばす術など、聞いた\n事がないわ!	이세계로 날려 보내는 술법 따위는\n들어 본 적이 없구나!
C02939	SSS1/396:96E	대사:4C	1	じゃあ、どうやって、元の世界に\n戻ったらいいんでしょう?	그럼 어떻게 원래 세계로\n돌아가면 될까요?
C02940	SSS1/396:992	대사:4D	1	元の世界に戻る方法か　　{03:03}\nそれはわしにも分からんのう。	원래 세계로 돌아가는 방법이라　　{03:03}\n그건 나도 모르겠구나。
C02941	SSS1/396:9BC	대사:4C	1	　　そうですか。	　　그런가요。
C02942	SSS1/396:9CC	대사:4D	1	おぬし、何処か行くあては\nあるのか?	너、어디 갈 곳은\n있느냐?
C02943	SSS1/396:9EE	대사:4D	1	どうじゃ、わしのところに来るか?	어떠냐、내게 오겠느냐?
C02944	SSS1/396:A09	대사:4D	1	ここで会ったのも何かの縁{09}帰る方法はゆっくり探せば\nいいじゃろうて。	여기서 만난 것도 무슨 인연{09}돌아갈 방법은 천천히 찾으면\n될 게다。
C02945	SSS1/396:A36	대사:4C	1	はい!お世話になります。	네!신세 지겠습니다。
C02946	SSS1/396:A56	안내:06	1	   老師が調べたところによると\n \n  龍が使った術の名前は「天封呪」\n \n平行世界に相手を飛ばしてしまう術らしい。	   노사가 조사한 바에 따르면\n \n  용이 쓴 술법의 이름은 「천봉주」\n \n상대를 평행세계로 날려 버리는 술법이라 한다。
C02947	SSS1/396:AAC	안내:05	1	    術の名前は分かったが{0A} \n平行世界という異世界に、飛ばされた者が\n \n    元の世界に戻る方法は\n \n   皆目、見当もつかなかった。	    술법의 이름은 알았지만{0A} \n평행세계라는 이세계로 날려 간 자가\n \n    원래 세계로 돌아갈 방법은\n \n   전혀 짐작도 가지 않았다。
C02948	SSS1/396:B11	안내:06	1	結局、洞仙の修行を行いながら{03:08}\n \n 元の世界に帰る手がかりを{03:08}\n \n  捜す事になったが　　{03:09}{03:03}	결국 동선 수행을 하면서{03:08}\n \n 원래 세계로 돌아갈 단서를{03:08}\n \n  찾게 되었지만　　{03:09}{03:03}
C02949	SSS1/396:B5C	안내:08	1	手がかりはつかめず、またたく間に{03:08}\n \n  数年の時が流れてしまった。{03:09}{03:03}	단서는 잡히지 않고 눈 깜짝할 새에{03:08}\n \n  몇 년의 세월이 흘러 버렸다。{03:09}{03:03}
C02950	SSS1/397:48	대사:0F	2	雷漢どの、よくぞ封印球を取り返して\nくれました。	라이칸 공、잘도 봉인구를 되찾아\n주었소。
C02951	SSS1/397:6B	대사:0F	2	これで平和な日々がおくれそうです{09}なにかお礼がしたいのですが　　	이걸로 평화로운 나날을 보낼 수 있겠소{09}뭔가 답례를 하고 싶은데　　
C02952	SSS1/397:96	대사:10	2	平和を乱す者を打ち滅ぼすのは\nわれら武人の勤め。	평화를 어지럽히는 자를 쳐부수는 것은\n우리 무인의 책무。
C02953	SSS1/397:BB	대사:10	2	なんら、賞賛される事もありますまい。	칭찬받을 일도 아닙니다。
C02954	SSS1/397:D6	대사:0F	2	同じあやまちは二度と繰り返さぬよう\n封印球は、厳重に保管いたします。	같은 실수를 두 번 다시 되풀이하지 않도록\n봉인구는 엄중히 보관하겠소。
C02955	SSS1/397:10A	대사:10	2	よろしくお願いします。	잘 부탁드립니다。
C02956	SSS1/397:11F	대사:07	2	さすがは雷漢どのじゃ。	과연 라이칸 공이로다。
C02957	SSS1/397:132	대사:0E	2	うむ、これで洞天国も世界も\n救われたんじゃ	음、이걸로 동천국도 세상도\n구원받았느니라
C02958	SSS1/397:151	대사:0F	2	まさしく、武人の鏡とも\nいえるお方です。	그야말로 무인의 귀감이라\n할 만한 분입니다。
C02959	SSS1/397:184	안내:07	2	この後も雷漢は、なみいる外敵を{03:08}\n \n  ことごとく打ち滅ぼし、{03:08}\n \n後に大将軍の称号を与えられた。{03:08}	그 후로도 라이칸은 쟁쟁한 외적을{03:08}\n \n  모조리 쳐부수고、{03:08}\n \n훗날 대장군의 칭호를 받았다。{03:08}
C02960	SSS1/397:1CF	안내:07	2	  その鬼神のごとき剣術と  {03:08}\n \n民を思いやる事を忘れない、彼の{03:08}\n \n 熱き生きざまは、伝説となり{03:08}	  그 귀신 같은 검술과  {03:08}\n \n백성을 아끼는 마음을 잊지 않는 그의{03:08}\n \n 뜨거운 삶은 전설이 되어{03:08}
C02961	SSS1/397:21C	안내:07	2	 長く洞天福国の人々に  {03:08}\n \n語りつがれていったという。{03:08}	 오래도록 동천복국 사람들에게  {03:08}\n \n전해 내려왔다고 한다。{03:08}
C02962	SSS1/397:276	대사:05	2	あなた方が探しているたまごって\nこれの事かしら?	당신들이 찾는 알이라는 게\n이건가요?
C02963	SSS1/397:297	대사:02	2	おお!まさしくそれです!!	오오!바로 그겁니다!!
C02964	SSS1/397:2AA	대사:03	2	よくぞ、取り戻してくれました{08}これでこの国も平和になる事でしょう	잘도 되찾아 주셨군요{08}이걸로 이 나라도 평화로워지겠지요
C02965	SSS1/397:2D4	대사:04	2	一刻も早く元の場所に安置しなければ。	한시라도 빨리 원래 자리에 안치해야 합니다。
C02966	SSS1/397:2F2	대사:05	2	あら?私はあなた方にお渡しするなんて\n一言も言ってないわよ?	어머?난 당신들에게 드린다고는\n한마디도 안 했는데요?
C02967	SSS1/397:31A	대사:02	5	は?	예?
C02968	SSS1/397:322	대사:05	2	これは私が苦労して取って来た物{09}それをタダでいただこうなんて\n虫が良すぎるんじゃなくって?	이건 내가 고생해서 가져온 물건{09}그걸 공짜로 받으려 하다니\n너무 뻔뻔하지 않아요?
C02969	SSS1/397:35C	대사:03	2	ええ、これを取って来た者には\n金50万をお渡しする事に\nなっております。	예、이걸 가져온 자에게는\n금 50만을 드리기로\n되어 있습니다。
C02970	SSS1/397:38B	대사:05	2	金50万じゃあ、渡せないわね{09}せめて金100万はもらわないと\nワリがあわないわ。	금 50만으로는 못 드려요{09}적어도 금 100만은 받아야\n수지가 맞죠。
C02971	SSS1/397:3CB	대사:04	2	ひゃ、100万?	배、100만?
C02972	SSS1/397:3D8	대사:05	2	嫌ならいいわよ。	싫으면 됐어요。
C02973	SSS1/397:3E8	대사:02	3	どうしましょう?	어떻게 할까요?
C02974	SSS1/397:3F4	대사:03	2	う～ん。	으～음。
C02975	SSS1/397:401	대사:05	2	じゃ、私は帰らせていただきます。	그럼 난 돌아가겠어요。
C02976	SSS1/397:421	대사:04	2	わかりました{08}少々お待ち下さい。	알겠습니다{08}잠시 기다려 주십시오。
C02977	SSS1/397:43C	대사:05	2	そうこなくっちゃ!!	그래야지!!
C02978	SSS1/397:46A	대사:03	2	では、金100万をお渡しします。	그럼 금 100만을 드리겠습니다。
C02979	SSS1/397:481	대사:05	2	ふふっ、いただくわ。	후훗、받을게요。
C02980	SSS1/397:48F	대사:04	2	たまごをおあずかりいたします。	알은 저희가 맡겠습니다。
C02981	SSS1/397:4A4	대사:05	2	はい、確かにお渡しいたしましたわ。	네、확실히 넘겨 드렸어요。
C02982	SSS1/397:4BD	대사:05	2	では、ごきげんよう。	그럼 안녕히。
C02983	SSS1/397:568	대사:0A	2	ふふふ、あれで金100万とはねえ。	후후후、저걸로 금 100만이라니。
C02984	SSS1/397:5C0	대사:24	2	まったく、あの洞仙もバカよね{09}自分で持っていけば金50万が\nもらえたのに。	정말 그 동선도 바보야{09}직접 가져갔으면 금 50만을\n받을 수 있었는데。
C02985	SSS1/397:5F5	대사:24	2	ま、穴ばっかり掘っている洞仙には\nお金なんて必要ないか。	뭐、구멍만 파는 동선한테는\n돈 같은 거 필요 없겠지。
C02986	SSS1/397:61E	대사:24	2	さあって、このお金何に使おっかなあ。	자―、이 돈 어디에 쓸까나。
C02987	SSS1/397:655	대사:FD	2	あの女はどこへ行ったんだ{07}とりあえずこの街を探してみるか。	그 여자는 어디 간 거지{07}일단 이 거리를 찾아볼까。
C02988	SSS1/397:695	안내:08	2	  結局、玲蘭もたまごも{03:06}\n \n 見つける事は、出来なかった。{03:06}\n \n元の世界に戻る手がかりも　{03:01}　{03:01}　{03:01}　{03:06}	  결국 레이란도 알도{03:06}\n \n 찾을 수 없었다。{03:06}\n \n원래 세계로 돌아갈 단서도　{03:01}　{03:01}　{03:01}　{03:06}
C02989	SSS1/397:70B	대사:FD	2	コホン。	에헴。
C02990	SSS1/397:7A9	대사:FD	2	ひさしぶりって{07}この間、会ったばかりですよ。	오랜만이라니{07}얼마 전에 만났잖아요。
C02991	SSS1/397:7C7	대사:00	2	そうじゃったかのぉ	그랬던가
C02992	SSS1/397:7D4	대사:00	2	元の世界に帰る方法は\n見つかったのか?	원래 세계로 돌아갈 방법은\n찾았느냐?
C02993	SSS1/397:7F4	대사:FD	2	元の世界に戻る方法は見つかり\nませんでした!	원래 세계로 돌아갈 방법은 못\n찾았어요!
C02994	SSS1/397:817	대사:FD	2	ですが、洞天福の龍脈は蘇らせて\n来ましたよ。	하지만 동천복의 용맥은 되살리고\n왔어요。
C02995	SSS1/397:85E	대사:FD	2	いやだなあ、老師の頼みで、{03:02}ほら	싫다、노사님의 부탁으로、{03:02}거 왜
C02996	SSS1/397:8CF	대사:00	2	この龍はなんじゃ?	이 용은 뭐냐?
C02997	SSS1/397:92D	대사:FD	2	ろ{03:01}う{03:01}し{03:01}ぃ{03:01}～{03:01}～{03:01}～	노{03:01}사{03:01}니{03:01}임{03:01}～{03:01}～{03:01}～
C02998	SSS1/397:9A9	대사:FD	2	洞天福の龍脈、みごと蘇らせて\n来ましたよ。	동천복의 용맥、보란 듯이 되살리고\n왔어요。
C02999	SSS1/397:9F3	대사:FD	2	老師の頼みで、{03:02}ほら	노사님의 부탁으로、{03:02}거 왜
C03000	SSS1/397:AD5	대사:FD	2	わーん。{03:09}	으앙。{03:09}
C03001	SSS1/397:BF7	대사:19	2	なあに、大事な話って?	뭔데、중요한 얘기라니?
C03002	SSS1/397:C09	대사:1A	2	あ、あの　　	저、저기　　
C03003	SSS1/397:C17	대사:1A	2	ボクとつきあってくれ!!	나랑 사귀어 줘!!
C03004	SSS1/397:C2B	대사:19	2	えっ?え～っ!?	엣?에―엣!?
C03005	SSS1/397:C38	대사:1A	2	ダメ?	안 돼?
C03006	SSS1/397:C42	대사:19	2	ううん、そんな事ないわ。	아니、그렇지 않아。
C03007	SSS1/397:C56	대사:1A	2	やった～っ!!	앗싸―!!
C03008	SSS1/397:C62	대사:1A	2	ボ、ボク、君の事、何があっても\n守ってあげるからね!!	나、나、무슨 일이 있어도\n너를 지켜 줄게!!
C03009	SSS1/397:C87	대사:19	2	ホント?うれしい!!	정말?기뻐!!
C03010	SSS1/397:C9E	대사:1A	2	わっ、地震だ!	왓、지진이다!
C03011	SSS1/397:CAE	대사:19	2	お、大きいわね!!	크、크네!!
C03012	SSS1/397:CC1	대사:1A	2	助けてくれ～!!	살려 줘～!!
C03013	SSS1/397:CDD	대사:19	2	もう!知らないっ!!	정말!몰라!!
C03014	SSS1/397:D76	대사:16	2	じ、地震だあ!!	지、지진이다!!
C03015	SSS1/397:D8A	대사:17	2	あなた!早く逃げましょうよ!!	여보!어서 도망가요!!
C03016	SSS1/397:D9F	대사:16	2	落ち着いて安全な所に\n逃げるんだ!!	침착하게 안전한 곳으로\n도망치는 거야!!
C03017	SSS1/397:DC1	대사:16	2	そのための方法は1つしかない!	그러기 위한 방법은 하나밖에 없다!
C03018	SSS1/397:DDC	대사:16	2	ここから、上に逃げるか{0A}下に逃げるかだ!	여기서 위로 도망치거나{0A}아래로 도망치거나다!
C03019	SSS1/397:DF8	대사:18	2	おとうさん、1つしかないって　　	아빠、하나밖에 없다며　　
C03020	SSS1/397:E14	대사:16	2	落ち着け!{08}一度しか言わないからよく聞け!	진정해!{08}한 번만 말할 테니 잘 들어!
C03021	SSS1/397:E33	대사:16	2	ここから、下に逃げる{08}飛天石の所まで行けば安全だ!	여기서 아래로 도망친다{08}비천석까지 가면 안전하다!
C03022	SSS1/397:E5F	대사:16	2	もう一度言うぞ!!	한 번 더 말한다!!
C03023	SSS1/397:E75	대사:17	2	あなた、一度しか言わないって　　	여보、한 번만 말한다며　　
C03024	SSS1/397:E8E	대사:16	2	いいから、落ち着くんだっ!	됐으니까 진정하라고!
C03025	SSS1/397:EA7	대사:16	2	行くぞ!!	가자!!
C03026	SSS1/397:EE9	대사:11	2	わわわ!!	으아아!!
C03027	SSS1/397:EF2	대사:0E	2	おかあさ～ん!!	엄마～!!
C03028	SSS1/397:F10	대사:15	2	わわ、本当にゆれてる{08}飲みすぎじゃなかった!!	으아、정말 흔들리네{08}과음한 게 아니었어!!
C03029	SSS1/397:F3B	대사:0A	2	今日は店じまいだよ!!	오늘은 장사 끝이야!!
C03030	SSS1/397:F75	대사:0B	2	ええと、火は　　	어디 보자、불은　　
C03031	SSS1/397:F87	대사:0B	2	よし、大丈夫じゃ!!	좋아、괜찮다!!
C03032	SSS1/397:FD5	대사:09	2	これで　　	이걸로　　
C03033	SSS1/397:FE0	대사:09	2	これで、禁断の力を手に入れる事が\nできる。	이걸로 금단의 힘을 손에 넣을 수\n있다。
C03034	SSS1/397:FFF	대사:0A	3	あなた　　	여보　　
C03035	SSS1/397:100D	대사:09	2	なんだ、イザナミ?	왜 그러오、이자나미?
C03036	SSS1/397:101A	대사:0A	2	なにか嫌な予感がします{09}やっぱりやめた方が　　	왠지 불길한 예감이 들어요{09}역시 그만두는 게　　
C03037	SSS1/397:1042	대사:09	2	私はなんとしてでもこの力を\n手に入れねばならんのだ。	나는 무슨 일이 있어도 이 힘을\n손에 넣어야 하오。
C03038	SSS1/397:1066	대사:09	4	大いなる力を司る崇高なる神よ!	위대한 힘을 다스리는 숭고한 신이여!
C03039	SSS1/397:107F	대사:09	4	血の盟約に基づき{0A}その義務を果たしたまえ!!	피의 맹약에 따라{0A}그 의무를 다하소서!!
C03040	SSS1/397:10FD	안내:04	4	我は六道を統べる者なり{09} \n  汝の名を示せ。	나는 육도를 다스리는 자로다{09} \n  그대의 이름을 대라。
C03041	SSS1/397:1122	대사:09	2	り、六道を統べる者だと?	유、육도를 다스리는 자라고?
C03042	SSS1/397:113A	안내:04	2	汝の名を示せ!!	그대의 이름을 대라!!
C03043	SSS1/397:114B	대사:09	2	ち、違う!私は冥府の神を\n召喚しようとしたんだ!!	아、아니다!나는 명부의 신을\n소환하려 했다!!
C03044	SSS1/397:116F	대사:0A	2	あなた!どうしたんですか!	여보!왜 그래요!
C03045	SSS1/397:1180	대사:09	2	魔道の王を召喚してしまった。	마도의 왕을 소환해 버렸소。
C03046	SSS1/397:119B	안내:04	2	名を示さぬなら、あらゆる魔が\n \n汝と、その女を襲うであろう。	이름을 대지 않으면 온갖 마가\n \n그대와 그 여자를 덮치리라。
C03047	SSS1/397:11CE	대사:09	2	　　我が名は、イザナギ。	　　내 이름은 이자나기。
C03048	SSS1/397:11E6	안내:06	2	　　くっくっく。	　　크크크。
C03049	SSS1/397:11F6	대사:09	2	何がおかしい!	뭐가 우습냐!
C03050	SSS1/397:1206	안내:04	2	我に名を示した事により、汝の\n \n魂は我が六道の物となった。	내게 이름을 댐으로써 그대의\n \n혼은 나의 육도의 것이 되었노라。
C03051	SSS1/397:1234	대사:09	2	なに!だましたのか!!	뭐!속인 거냐!!
C03052	SSS1/397:1247	안내:04	2	3日後、汝の魂は生の刻を終えて\n \n 我が六道世界のしもべとなる。	사흘 뒤、그대의 혼은 삶의 시간을 마치고\n \n 나의 육도 세계의 종이 되리라。
C03053	SSS1/397:127A	대사:0A	2	そんな!	그럴 수가!
C03054	SSS1/397:1286	안내:04	2	我が刻印を与えよう。	나의 각인을 주마。
C03055	SSS1/397:12D8	대사:09	2	ぐわっ!!	크악!!
C03056	SSS1/397:12F1	안내:08	2	  その日の夜から私は高熱に  \n \nうなされ、意識を失ってしまった。	  그날 밤부터 나는 고열에  \n \n시달리다 의식을 잃고 말았다。
C03057	SSS1/397:1320	안내:09	2	そして3日後の夜。	그리고 사흘 뒤의 밤。
C03058	SSS1/397:1330	안내:08	2	私は、予言通り死をむかえたようで\n \n 魂だけがあの部屋に召喚された。	나는 예언대로 죽음을 맞이한 듯\n \n 혼만 그 방으로 소환되었다。
C03059	SSS1/397:13CF	안내:06	2	くっくっく　　　	크크크　　　
C03060	SSS1/397:13E0	안내:04	2	では、我が六道世界へと\n \nご招待いたしましょうか。	그럼 나의 육도 세계로\n \n초대해 드릴까。
C03061	SSS1/397:1407	대사:0A	2	イザナミ　{03:01}　{03:01}すまん。	이자나미　{03:01}　{03:01}미안하오。
C03062	SSS1/397:142D	대사:0A	2	イザナミ!!	이자나미!!
C03063	SSS1/397:143C	대사:0A	2	なぜ、ここに!!	어째서 여기에!!
C03064	SSS1/397:144A	안내:04	2	汝は、もはやこの世の者ではない{09} \n  汝の姿は見えておらんし{0A} \n声を聞く事も、できぬであろう。	그대는 이미 이 세상 사람이 아니다{09} \n  그대의 모습은 보이지 않고{0A} \n목소리도 들리지 않으리라。
C03065	SSS1/397:148D	대사:0A	3	なんだと!!	뭐라고!!
C03066	SSS1/397:14A1	대사:0A	2	くっ、体が動かない!!	큭、몸이 안 움직인다!!
C03067	SSS1/397:156B	대사:00	2	とぼけないで{08}私の事は知っているはずです!	시치미 떼지 마세요{08}나를 알고 있을 텐데요!
C03068	SSS1/397:158B	안내:04	2	　　して、なんの用だ。	　　그래、무슨 볼일이냐。
C03069	SSS1/397:159F	대사:00	1	あの人を帰して!!	그이를 돌려보내 줘요!!
C03070	SSS1/397:15B2	안내:04	2	名を示した事により\n \n契約は完了している。	이름을 댐으로써\n \n계약은 완료되었다。
C03071	SSS1/397:15D5	대사:00	2	私が代わりに、六道世界に行きます{08}それならいいでしょう!	제가 대신 육도 세계로 가겠어요{08}그러면 되겠죠!
C03072	SSS1/397:1600	안내:04	2	未来永劫、終わる事のない苦痛を\n \n味わう事になるが、よいのか?	영겁의 미래까지 끝나지 않는 고통을\n \n맛보게 될 텐데、괜찮으냐?
C03073	SSS1/397:1630	대사:00	2	かまいません{08}あの人が助かるならば!	상관없어요{08}그이가 살 수 있다면!
C03074	SSS1/397:1648	대사:0A	2	イザナミ{08}やめるんだ!!	이자나미{08}그만두시오!!
C03075	SSS1/397:165C	안내:04	2	よし、前の契約は無かった事に\n \nしてやろう。その代わり　　	좋다、이전 계약은 없던 일로\n \n해 주마。그 대신　　
C03076	SSS1/397:1688	대사:00	2	わかっています。	알고 있어요。
C03077	SSS1/397:1698	안내:04	2	汝の名を示すがよい。	그대의 이름을 대거라。
C03078	SSS1/397:16AB	대사:0A	2	イザナミ!	이자나미!
C03079	SSS1/397:16B4	대사:00	2	我が名は、イザナミ!!	내 이름은 이자나미!!
C03080	SSS1/397:1708	안내:08	2	気が付くと、私は自分の家にいた。	정신을 차려 보니 나는 내 집에 있었다。
C03081	SSS1/397:1722	안내:08	2	イザナミは帰ってこなかった{09} \n次の日も、その次の日も　　	이자나미는 돌아오지 않았다{09} \n다음 날도、그다음 날도　　
C03082	SSS1/398:47	대사:15	2	まったく、あの洞仙って人\nやんなっちゃうわ!!	정말、그 동선이란 사람\n짜증 나!!
C03083	SSS1/398:69	대사:15	2	ああ、あのたまごを寺院の坊さんに\n売りつければ、金50万　　	아아、그 알을 사원 스님들한테\n팔아넘기면 금 50만　　
C03084	SSS1/398:93	대사:15	2	いや、金100万くらいまで高く\n売りつけたかも知れないのに　　	아니、금 100만쯤까지 비싸게\n팔 수 있었을지도 모르는데　　
C03085	SSS1/398:BD	대사:15	2	あんな暗い所で穴ばっかり掘って\n何が楽しいのかしら!!	그런 어두운 데서 구멍만 파면서\n뭐가 즐거운 걸까!!
C03086	SSS1/398:EB	대사:0C	2	よぉ～、ねえちゃん{09}いっしょにのまなあい?	어이～、아가씨{09}같이 한잔 안 할래～?
C03087	SSS1/398:10A	대사:15	2	うるさいわね!!	시끄러워!!
C03088	SSS1/398:150	대사:0F	2	　　そうですか。封印球は\n取り戻せませんでしたか。	　　그렇습니까。봉인구는\n되찾지 못했군요。
C03089	SSS1/398:178	대사:10	2	申し訳ありません。	면목 없습니다。
C03090	SSS1/398:189	대사:0F	2	いや、気になさらないで下さい{09}あなたに無理なら、国中の誰に\n頼んでも結果は同じだったでしょう。	아니、신경 쓰지 마십시오{09}당신이 못 했다면 나라 안 누구에게\n부탁해도 결과는 같았을 겁니다。
C03091	SSS1/398:1C9	대사:0F	2	それだけ相手が強すぎたという事です{09}バケモノを何匹も連れていたんじゃ\nしょうがないでしょう。	그만큼 상대가 너무 강했다는 거지요{09}괴물을 몇 마리나 데리고 있었으니\n어쩔 수 없겠지요。
C03092	SSS1/398:207	대사:10	2	拙者にもう少し力があれば　　	소인에게 조금만 더 힘이 있었다면　　
C03093	SSS1/398:23B	대사:0C	2	おのれ!洞仙め!!	이놈!동선 놈!!
C03094	SSS1/398:251	대사:0C	2	次はかならずしとめてくれるわ!	다음엔 반드시 해치워 주마!
C03095	SSS1/398:27F	대사:00	3	また俺の負けか　　　　	또 내가 졌나　　　　
C03096	SSS1/398:2B5	대사:00	3	お前にとっては近い未来{09}　　俺にとっては遠い過去の話だ。	너에겐 가까운 미래{09}　　나에겐 먼 과거의 이야기다。
C03097	SSS1/398:2EE	대사:00	3	{05:01}を巻き込まず、お前との\n決着をつけたかったがな。	{05:01}를 끌어들이지 않고 너와\n결판을 내고 싶었는데。
C03098	SSS1/398:3C9	대사:1B	2	大僧正様!ご無事でしたか!!	대승정님!무사하셨군요!!
C03099	SSS1/398:3E3	대사:1C	2	どうしました?みなさん。	무슨 일입니까?여러분。
C03100	SSS1/398:3F5	대사:12	2	先程、あの洞仙が封印球を持って\nここを出たと報告を受けたのですが。	방금 그 동선이 봉인구를 갖고\n여길 나갔다는 보고를 받았는데요。
C03101	SSS1/398:428	대사:1C	2	ええ、あの若者にあげちゃいました。	예、그 젊은이에게 줘 버렸습니다。
C03102	SSS1/398:469	대사:17	2	あげた?	줬다고요?
C03103	SSS1/398:475	대사:1A	2	なぜです!理由を教えてください!	어째서입니까!이유를 말씀해 주십시오!
C03104	SSS1/398:490	대사:1C	2	わたしは、あの若者を信用した{09}それだけです。	나는 그 젊은이를 믿었습니다{09}그뿐입니다。
C03105	SSS1/398:4AE	대사:18	2	封印球から妖怪が出てきてしまったら\nどうなさるおつもりですか?	봉인구에서 요괴가 나와 버리면\n어쩌실 생각입니까?
C03106	SSS1/398:4D7	대사:1C	2	万物はすべて悪しき者として{0A}この世に生をうけるわけでは\nありません。	만물이 모두 악한 것으로{0A}이 세상에 태어나는 건\n아닙니다。
C03107	SSS1/398:505	대사:1C	2	たとえ、妖怪であったとしても\nあの若者なら間違った育て方は\nしないと思うのです。	설령 요괴라 하더라도\n그 젊은이라면 잘못 기르지는\n않을 거라 생각합니다。
C03108	SSS1/398:53C	대사:1C	2	それとも、わたしの事も\n信用できませんか?	아니면 나도\n못 믿겠습니까?
C03109	SSS1/398:558	대사:1A	2	いっいえ、そんな事は　　　	아、아뇨、그런 건　　　
C03110	SSS1/398:582	대사:0C	2	では、風水の説明を始めるぞ。	그럼 풍수 설명을 시작하마。
C03111	SSS1/398:1074	대사:FD	1	来やがったな!!	왔구나!!
C03112	SSS1/398:1085	대사:1E	2	あら、おじいさんはいないの?	어머、할아버지는 없어?
C03113	SSS1/398:1097	대사:FD	1	お前達は一体何者だ!	너희는 대체 누구냐!
C03114	SSS1/398:10AB	대사:1E	1	なっ、何よ。この子、失礼ね。	뭐、뭐야。이 애、무례하네。
C03115	SSS1/398:10C1	대사:1D	1	これは失礼した。自己紹介を先に\nするとしよう。俺の名はアレックス。	이거 실례했군。자기소개부터\n하지。내 이름은 알렉스。
C03116	SSS1/398:10EF	대사:1E	1	シャスタよ。	샤스타야。
C03117	SSS1/398:10F9	대사:1F	2	ケブレスだ。	케브레스다。
C03118	SSS1/398:1104	대사:FD	2	名前はいいから、いったい何で\n八面鏡をねらっているのか\n教えてもらおう。	이름은 됐으니까 대체 왜\n팔면경을 노리는지\n말해 보시지。
C03119	SSS1/398:1133	대사:1D	1	何者だというから自己紹介したのに{0A}そう言う君は、名前も言えないのか?	누구냐고 하길래 자기소개를 했는데{0A}그러는 너는 이름도 못 대나?
C03120	SSS1/398:1164	대사:FD	2	俺は、{05:00}だ!!	나는 {05:00}다!!
C03121	SSS1/398:1171	대사:1D	1	我々は、ある妖怪を倒す為に八面鏡を\nさがしているんだ。	우리는 어떤 요괴를 쓰러뜨리기 위해 팔면경을\n찾고 있다。
C03122	SSS1/398:1199	대사:FD	1	妖怪を倒す為に?	요괴를 쓰러뜨리기 위해?
C03123	SSS1/398:11A9	대사:1E	1	そう、それがあると楽に\n倒せるらしいのよ。	그래、그게 있으면 쉽게\n쓰러뜨릴 수 있대。
C03124	SSS1/398:11C4	대사:FD	1	ふふん、うまい事言ってこれを\n盗もうったってそうはいかんぞ!	흥、그럴듯한 말로 이걸\n훔치려 해도 안 될걸!
C03125	SSS1/398:11E9	대사:1F	2	力ずくでも取り返す、と言ったら?	힘으로라도 되찾겠다고 한다면?
C03126	SSS1/398:1201	대사:FD	1	やってみるか?	해 볼래?
C03127	SSS1/398:120C	대사:1E	2	あのねえ、私達けっこう強いのよ{07}素直に渡した方がいいと思うけど。	있잖아、우리 꽤 강하거든{07}순순히 넘기는 게 좋을 텐데。
C03128	SSS1/398:123B	대사:FD	1	バカにするなあ!!	바보 취급하지 마!!
C03129	SSS1/398:1249	대사:1D	2	やむをえんな。	어쩔 수 없군。
C03130	SSS1/398:128B	대사:1D	2	まさか、これほど腕の立つやつ\nだったとは　　	설마 이렇게 솜씨 좋은 녀석\n이었을 줄이야　　
C03131	SSS1/398:12A9	대사:1F	2	どうやら、貴様を\nみくびっていたようだ。	아무래도 네놈을\n얕본 모양이군。
C03132	SSS1/398:12C5	대사:FD	1	　　あのさあ。	　　저기 말이야。
C03133	SSS1/398:12D2	대사:1D	4	なんだ?	뭐지?
C03134	SSS1/398:12DA	대사:FD	1	八面鏡あげようか?	팔면경 줄까?
C03135	SSS1/398:131B	대사:FD	16	うん。	응。
C03136	SSS1/398:1322	대사:1E	2	いいの?	괜찮아?
C03137	SSS1/398:1344	대사:1D	4	これぞ、まさしく八面鏡!	이것이야말로 바로 팔면경!
C03138	SSS1/398:135D	대사:1E	2	でも、どうして?	그런데 왜?
C03139	SSS1/398:1369	대사:FD	2	必要なんだろう?	필요한 거잖아?
C03140	SSS1/398:1377	대사:FD	2	どうせ、老師が持ってたって\n忘れちゃうし。	어차피 노사님이 갖고 계셔도\n잊어버리실 거고。
C03141	SSS1/398:139F	대사:1D	2	どう思う?	어떻게 생각해?
C03142	SSS1/398:13A9	대사:1E	2	助かるわあ。	살았다～。
C03143	SSS1/398:13B4	대사:1D	2	そうじゃなくて　　	그게 아니라　　
C03144	SSS1/398:13C3	대사:1F	1	罠だとは思えん。	함정 같지는 않군。
C03145	SSS1/398:13D4	대사:1D	2	そうだよな、じゃ\nもらって行こうか。	그렇지、그럼\n받아 갈까。
C03146	SSS1/398:13F0	대사:1D	1	じゃ、じゃあ、もらって行こうかな。	그、그럼 받아 갈까。
C03147	SSS1/398:1406	대사:FD	2	いいよ。	그래。
C03148	SSS1/398:1416	대사:1D	2	よいしょっと。	영차。
C03149	SSS1/398:142A	대사:1E	2	洞仙って欲の深い人ばっかりかと\n思ってたけどそうでもないのね。	동선은 욕심 많은 사람들뿐인 줄\n알았는데 그렇지도 않네。
C03150	SSS1/398:1453	대사:FD	1	うん、まあね。	응、뭐 그렇지。
C03151	SSS1/398:145E	대사:1F	1	　　　　{03:02}俺達が\nまちがってたようだ。	　　　　{03:02}우리가\n잘못 생각했던 모양이군。
C03152	SSS1/398:147C	대사:1E	1	洞仙さん、ありがとう!!	동선 씨、고마워!!
C03153	SSS1/398:1497	대사:1D	2	よし、妖怪退治に行くぞ!	좋아、요괴 퇴치하러 가자!
C03154	SSS1/398:14AC	대사:1F	1	さっさとかたづけてくるか!	얼른 해치우고 올까!
C03155	SSS1/398:14F3	대사:1D	2	まあ、当然の結果だな。	뭐、당연한 결과지。
C03156	SSS1/398:153F	대사:1E	2	これで、妖怪達を倒せるわね!	이걸로 요괴들을 쓰러뜨릴 수 있겠네!
C03157	SSS1/398:1555	대사:1F	2	普通に戦っても負ける相手ではないが\nこれで我々の勝利は決まったような\nものだ。	평범하게 싸워도 질 상대는 아니지만\n이걸로 우리의 승리는 정해진\n거나 다름없다。
C03158	SSS1/398:158B	대사:1E	2	では、はりきって行きましょう!	그럼 힘내서 가자!
C03159	SSS1/417:78	검증필요	1	通常\nデバッグ\n龍穴炉テスト\nエンディングテスト	일반\n디버그\n용혈로 테스트\n엔딩 테스트
C03160	SSS1/417:A3	검증필요	1	エンド1 大僧正\nエンド2 戦う\nエンド3 たまご返す	엔드1 대승정\n엔드2 싸운다\n엔드3 알 돌려준다
C03161	SSS1/433:50	글	1	よく来てくれたな、洞仙よ!{p}この部屋の下に龍穴炉があるぞ{08}だが、なにか他の物の気配もする。	잘 와 주었다、동선이여!{p}이 방 밑에 용혈로가 있다{08}하지만 뭔가 다른 것의 기척도 난다。
C03162	SSS1/433:91	대사:FD	1	わかりました。{p}それでは、これをやろう	알겠습니다。{p}그럼 이걸 주마
C03163	SSS1/433:AF	글	1	必ず助けになるはずだ。	반드시 도움이 될 게다。
C03164	SSS1/433:C5	글	1	よく来てくれましたね洞仙。{p}この部屋の下には龍脈の中心\n龍穴炉があります。{p}龍穴炉に何か気配の様な物を感じます。	잘 와 주셨어요、동선。{p}이 방 밑에는 용맥의 중심\n용혈로가 있어요。{p}용혈로에서 뭔가 기척 같은 게 느껴져요。
C03165	SSS1/433:11A	대사:FD	2	わかりました。{p}これを使って下さい。	알겠습니다。{p}이걸 쓰세요。
C03166	SSS1/433:140	글	1	よく来てくれた、洞仙!{p}この下は、龍穴炉じゃ。{p}じゃが、別の物の反応も感じそ!	잘 와 주었다、동선!{p}이 밑은 용혈로니라。{p}하지만 다른 것의 반응도 느껴지는구나!
C03167	SSS1/433:17A	대사:FD	1	わかりました。{p}これを持って行くがいい!	알겠습니다。{p}이걸 가져가거라!
C03168	SSS1/433:1A2	글	1	よく来てくれましたね洞仙。{p}この部屋の下は龍穴炉よ。{p}でも、なにか他の物の気配もするわ。	잘 와 주었네、동선。{p}이 방 밑은 용혈로야。{p}그런데 뭔가 다른 것의 기척도 나。
C03169	SSS1/433:1E2	대사:FD	1	わかりました。{p}これを使いなさい。	알겠습니다。{p}이걸 써。
C03170	SSS1/433:206	글	1	よく来てくれました洞仙{09}この下は龍穴炉です。{p}それと、なにか別の物の気配もしますね。	잘 와 주셨습니다、동선{09}이 밑은 용혈로입니다。{p}그리고 뭔가 다른 것의 기척도 나네요。
C03171	SSS1/433:242	대사:FD	1	わかりました。{p}では、これを持っていってください。	알겠습니다。{p}그럼 이걸 가져가세요。
C03172	SSS2/160:4D	글	1	洞仙って人が、悪さをしようと\n地下に穴を掘ってるんですって。{p}まぁ、蒼幻様に退治されるのが\nオチでしょうけどね。{00}	동선이라는 사람이 나쁜 짓을 하려고\n땅 밑에 구멍을 파고 있대。{p}뭐、소겐 님께 퇴치당하는 게\n뻔하겠지만。{00}
C03173	SSS2/160:94	글	1	蒼幻様のりりしいお姿を見る\nたびに心がトキメクわぁ♡{00}	소겐 님의 늠름한 모습을 볼\n때마다 가슴이 두근거려♡{00}
C03174	SSS2/160:B7	글	1	王蒼幻も、最近は指導者としての\nカンロクが身についてきたようじゃ。{00}	왕 소겐도 요즘엔 지도자로서의\n관록이 붙은 것 같구먼。{00}
C03175	SSS2/160:E7	글	1	この先は、蒼幻様の神殿であ～る。{00}	이 앞은 소겐 님의 신전이로다～。{00}
C03176	SSS2/160:100	글	1	何か中が騒がしいようだが　　\nお前、知ってるか?{00}	안이 왠지 소란스러운데　　\n너、아냐?{00}
C03177	SSS2/160:125	글	1	蒼幻様は、今この神殿におられる。{p}お会いになられるのなら{0A}礼を逸する事のないように。{00}	소겐 님은 지금 이 신전에 계신다。{p}만나 뵐 거라면{0A}예의를 잃지 않도록。{00}
C03178	SSS2/160:15B	글	1	中の連中は何を騒いで\nおるのだ。まったく。{00}	안의 녀석들은 뭘 떠들고\n있는 거야。정말。{00}
C03179	SSS2/160:207	안내:09	1	{05:00}が異世界に\n \n飛ばされる数年前　　	{05:00}이 이세계로\n \n날려 가기 몇 년 전　　
C03180	SSS2/161:2F	검증필요	1	{03:D5}{p}{04:D6}{p}{05:D7}{p}\nッ{p}{07}ャ{p}{08}ュ{p}{09}ョ{p}{0A}ヶ{p}ゾ{00}	
C03181	SSS2/161:67	검증필요	2	ジズう{03:01}{03:FE}う{p}	
C03182	SSS2/161:AB	글	1	さっき『サムライ』って人が\n強い人を探して歩いてたよ。	아까 『사무라이』라는 사람이\n강한 사람을 찾아다니고 있었어。
C03183	SSS2/161:D0	글	1	サムライさんなら\nバザーを見ていたよ。{00}	사무라이 씨라면\n바자를 구경하고 있었어。{00}
C03184	SSS2/161:E7	글	1	お兄ちゃん、土の\nにおいがするね。{p}あたしも、よくドロ遊びするから\nその臭い大好きよ。{00}	오빠、흙\n냄새가 나네。{p}나도 흙장난 자주 해서\n그 냄새 아주 좋아해。{00}
C03185	SSS2/161:11D	대사:02	1	蒼幻様、最近きげんがいいんだ{09}何か、いい事でもあったのかな?	소겐 님、요즘 기분이 좋으셔{09}뭔가 좋은 일이라도 있었나?
C03186	SSS2/161:146	대사:FD	1	その話を詳しく\n聞かせてくれないか?{p}俺も詳しくは知らないんだが\nなんでも老人と真剣勝負をして\n勝ったらしいんだよ。	그 얘기 자세히\n들려줄 수 있어?{p}나도 자세히는 모르지만\n듣자니 노인과 진검 승부를 해서\n이겼다나 봐。
C03187	SSS2/161:191	대사:FD	1	老人との真剣勝負に勝った{09}それで、その老人は!?{p}そりゃ、真剣勝負なんだから\nやっぱ死んだんじゃねぇか?{00}	노인과의 진검 승부에서 이겼다{09}그래서 그 노인은!?{p}그야 진검 승부였으니\n역시 죽지 않았겠어?{00}
C03188	SSS2/161:219	대사:06	1	この先の仙窟にいる、洞仙なる\nふていのやからが、なにやら\n画策しているらしい。	이 앞 선굴에 있는 동선이라는\n괘씸한 놈이 뭔가를\n꾸미고 있는 모양이다。
C03189	SSS2/161:24B	대사:06	1	我々の任務は、その討伐であ～る{09}わかっておろうが、失敗はゆるされ\nない。心してかかれ!	우리의 임무는 그 토벌이로다～{09}알겠지만 실패는 용납되지\n않는다。명심하고 덤벼라!
C03190	SSS2/161:284	대사:07	1	洞仙などに、我々が負ける\nはずはありません!	동선 따위에게 우리가 질\n리 없습니다!
C03191	SSS2/161:2A3	대사:08	3	そのとおりです!	그렇습니다!
C03192	SSS2/161:2AF	대사:09	1	我らが、洞天福国軍の力を\n見せ付けてやりましょう!	우리 동천복국군의 힘을\n보여 줍시다!
C03193	SSS2/161:2D5	대사:0A	3	洞天福国ばんざい!!	동천복국 만세!!
C03194	SSS2/161:2EC	대사:06	2	うむ。それでは行くぞ{08}我に、続けー!!	음。그럼 가자{08}나를 따르라―!!
C03195	SSS2/161:362	대사:06	1	前回は、不覚にもおくれをとったが\n今回は、万全の体制を整えてお～る!	지난번엔 불찰로 뒤처졌지만\n이번엔 만반의 태세를 갖추었도다～!
C03196	SSS2/161:394	대사:07	1	今度こそ、間違いありません!	이번에야말로 틀림없습니다!
C03197	SSS2/161:3B6	대사:09	1	洞仙の命は、わずかにのびたに\nすぎなかった事を、思い知らせて\nやりましょう!	동선의 목숨은 조금 늘어났을\n뿐이었음을 깨닫게 해\n줍시다!
C03198	SSS2/161:473	대사:06	1	　　もはや何も言わぬ{09}これが最後の機会だ!	　　더는 아무 말 않겠다{09}이것이 마지막 기회다!
C03199	SSS2/161:494	대사:06	1	今度失敗すると、我々は\n街に戻る事もできんぞ{08}心してかかれ!	이번에 실패하면 우리는\n거리로 돌아갈 수도 없다{08}명심하고 덤벼라!
C03200	SSS2/161:4C0	대사:07	1	正義は我々にあるのです!{08}正しき者は最後に勝つと決まって\nいます!	정의는 우리에게 있습니다!{08}올바른 자는 마지막에 이기게 되어\n있습니다!
C03201	SSS2/161:4FB	대사:09	1	思い上がった洞仙に{0A}正義のてっついを下してやりましょう!	오만한 동선에게{0A}정의의 철퇴를 내립시다!
C03202	SSS2/161:539	대사:06	1	よ～し!	좋―아!
C03203	SSS2/161:542	대사:06	1	正義は我にあり{08}行くぞ～～!!!	정의는 나에게 있다{08}가자――!!!
C03204	SSS2/162:76	대사:FD	1	ちょっと聞きたい事があるん\nだけど　　	좀 묻고 싶은 게 있는\n데　　
C03205	SSS2/162:97	글	1	王蒼幻の居場所\n最近あった出来事\nやっぱりやめる	왕 소겐이 있는 곳\n최근 있었던 일\n역시 그만둔다
C03206	SSS2/162:BF	대사:00	5	さぁ　　	글쎄　　
C03207	SSS2/162:C9	대사:00	1	あたしは知らないけど、神殿に\nいる人なら知ってるんじゃない?	난 모르지만 신전에\n있는 사람이라면 알지 않을까?
C03208	SSS2/162:F0	대사:FD	1	神殿?	신전?
C03209	SSS2/162:F9	대사:00	1	この道をまっすぐ北に\n進めばあるわよ。	이 길을 쭉 북쪽으로\n가면 있어。
C03210	SSS2/162:113	대사:00	1	大きな建物だから\nすぐ解ると思うわ。{00}	큰 건물이라\n금방 알 거야。{00}
C03211	SSS2/162:12E	대사:FD	1	最近、この街で何か変わった事は{0A}なかった?	요즘 이 거리에서 뭔가 별다른 일은{0A}없었어?
C03212	SSS2/162:14D	대사:00	1	なーんにもないわ。	아―무것도 없어。
C03213	SSS2/162:15A	대사:00	1	朝から晩までいつもと同じ。	아침부터 밤까지 늘 똑같아。
C03214	SSS2/162:16E	대사:00	1	強いて言えば、あなたが\n来た事ぐらいね。{00}	굳이 말하자면 당신이\n온 것 정도려나。{00}
C03215	SSS2/162:191	대사:FD	1	まだ、王蒼幻に会ってもいない{09}仙窟に入る前に、この街で\n情報を仕入れたほうがいいな。{00}	아직 왕 소겐을 만나지도 않았어{09}선굴에 들어가기 전에 이 거리에서\n정보를 모으는 게 좋겠어。{00}
C03216	SSS2/162:1CE	대사:FD	1	この街ですべき事は{0A}全部やっただろうか?	이 거리에서 할 일은{0A}다 했을까?
C03217	SSS2/162:1F0	글	1	すべてやった{08}やり残しがある	다 했다{08}남은 일이 있다
C03218	SSS2/162:204	대사:FD	1	もう、この街に用はない。	이제 이 거리엔 볼일 없어。
C03219	SSS2/162:218	대사:FD	3	よし、仙窟へ戻るぞ{08}老師のかたきうちだ!	좋아、선굴로 돌아간다{08}노사님의 원수를 갚는다!
C03220	SSS2/162:240	대사:FD	1	ひょっとしたら、まだ聞きのが\nした事があるかもしれない。	어쩌면 아직 못 들은\n얘기가 있을지도 몰라。
C03221	SSS2/162:264	대사:FD	1	仙窟へ戻るのは{0A}もう少し後にしよう。{00}	선굴로 돌아가는 건{0A}조금 나중에 하자。{00}
C03222	SSS2/162:2B6	검증필요	1	もしかしたら、龍穴炉の奥のドアが\n開いたのかもしれない!	어쩌면 용혈로 안쪽 문이\n열렸을지도 몰라!
C03223	SSS2/162:305	대사:01	2	このあたりに、悪い「せんどう」って\n人がいるんだって、知ってる?	이 근처에 나쁜 「선동」이라는\n사람이 있대、알아?
C03224	SSS2/162:32E	대사:FD	2	せんどう?	선동?
C03225	SSS2/162:33A	대사:02	2	ちがうよ、「せんどう」じゃなくて\n「どうせん」って言うのよ。	아니야、「선동」이 아니라\n「동선」이라고 해。
C03226	SSS2/162:364	대사:01	2	えー、ウチのお母さん、せんどうって\n言ってたよ。	에―、우리 엄마는 선동이라고\n했는데。
C03227	SSS2/162:385	대사:03	2	ちがうよ。せんどうって言うのは{0A}お船をこぐ人の事だよ。	아니야。선동은{0A}사람들을 부추기는 거야。
C03228	SSS2/162:3AB	대사:01	2	えー? それじゃ、どうせんって\n何する人なの?	에―?그럼 동선은\n뭐 하는 사람이야?
C03229	SSS2/162:3C8	대사:03	2	銅の線を作る人の事だよ。	구리 선을 만드는 사람이야。
C03230	SSS2/162:3E0	대사:02	2	へー、物知りなんだねぇ!	와―、똑똑하다!
C03231	SSS2/162:3F2	대사:01	2	でも、銅の線なんて何に使うの?	근데 구리 선은 어디에 써?
C03232	SSS2/162:409	대사:03	2	　　さぁ。{00}	　　글쎄。{00}
C03233	SSS2/162:412	글	1	ねぇ、ねぇ、お兄ちゃんと\nお姉ちゃんって恋人同士なの?	있잖아、있잖아、오빠랑\n언니는 연인 사이야?
C03234	SSS2/162:43B	글	1	そうだよ\nち、ちがうよ	맞아\n아、아니야
C03235	SSS2/162:44B	대사:FD	1	俺はそのつもりだけど　　?	난 그럴 생각인데　　?
C03236	SSS2/162:469	대사:FC	1	え、あの、その　　。{00}	에、저기、그게　　。{00}
C03237	SSS2/162:479	대사:FD	1	ち、ちがうよ!	아、아니야!
C03238	SSS2/162:48E	대사:FC	1	え、ええ　　そうよ。	에、응　　맞아。
C03239	SSS2/162:49E	대사:02	1	なぁんだ。{00}	뭐야―。{00}
C03240	SSS2/162:4A5	글	2	どうして悪い人はいなくならないの\nかなぁ?{00}	왜 나쁜 사람은 없어지지\n않을까?{00}
C03241	SSS2/163:95	글	1	ほぅ。若いのに、なかなか\nスルドイ目つきじゃ　　{p}じゃが、少し殺気を消す事も\n覚えた方が、えぇじゃろ。{00}	호오。젊은데 꽤\n날카로운 눈빛이구먼　　{p}하지만 살기를 좀 감추는 법도\n익히는 게 좋을 게야。{00}
C03242	SSS2/163:D6	글	1	ねぇ、お兄ちゃん。{p}穴を掘って暮らしてる\n人がいるって本当なの?{00}	있잖아、오빠。{p}구멍을 파고 사는\n사람이 있다는 게 정말이야?{00}
C03243	SSS2/163:FF	글	1	女は詰め所に入れて\nくれないんですって!{p}失礼しちゃうわ!{00}	여자는 초소에 안 들여\n보내 준대!{p}무례하기는!{00}
C03244	SSS2/163:124	글	1	ここは、洞天福国の詰め所です。{00}	여긴 동천복국 초소입니다。{00}
C03245	SSS2/164:37	검증필요	2	ジズう{03:01}{03:FE}う	
C03246	SSS2/164:63	글	1	拙者の名は、捜神{09}強い男と戦う為に\n旅をしている。	소인의 이름은 소신{09}강한 사내와 싸우기 위해\n여행하고 있소。
C03247	SSS2/164:8E	글	1	なら、俺が相手になろうか{07}王蒼幻は強いらしいですよ	그럼 내가 상대해 줄까{07}왕 소겐이 강하다던데요
C03248	SSS2/164:B1	글	1	ふっ、面白い!	훗、재미있군!
C03249	SSS2/164:BE	대사:FD	1	でも、ここじゃ無理だ{09}後で、俺の仙窟に来なよ。	하지만 여기선 무리야{09}나중에 내 선굴로 와。
C03250	SSS2/164:E0	대사:FD	1	そこで、勝負って\nことでどう?{p}なんと、お主　　洞仙か!?{p}せっかくの招待だ{09}断るわけにもいかんしな。{p}是非、行かせてもらうぞ。	거기서 승부하는 걸로\n어때?{p}이럴 수가、그대　　동선이오!?{p}모처럼의 초대이니{09}거절할 수도 없지。{p}꼭 가겠소。
C03251	SSS2/164:137	대사:FD	1	王蒼幻てのは{0A}かなり強いんだろ?{p}ほう、蒼幻の力を\n知っているのか。{p}確かに、あいつは強い!{p}だが、やつは理由の無い\n戦いはしない男だ　　{p}拙者も何度も手合わせを願ったが\nすべて断られてしまった。	왕 소겐이란 자는{0A}꽤 강하다며?{p}호오、소겐의 힘을\n알고 있소?{p}확실히 그자는 강하오!{p}하지만 그자는 이유 없는\n싸움은 안 하는 사내요　　{p}소인도 몇 번이나 대련을 청했으나\n모두 거절당했소。
C03252	SSS2/164:1B9	대사:FD	1	どこかに、強い奴は\nおらぬものかの。{00}	어디 강한 자는\n없으려나。{00}
C03253	SSS2/164:1CF	글	1	あたしゃ、このバザーが\n楽しみでねぇ!{p}ついついムダ使いをして\nしまうんですよ。{00}	난 이 바자가\n낙이라서 말이야!{p}나도 모르게 헛돈을\n써 버린다니까요。{00}
C03254	SSS2/164:1FD	글	1	ねぇ、お兄さん♡\nちょっと、どぉ?{00}	저기、오빠♡\n잠깐、어때?{00}
C03255	SSS2/172:156	대사:FD	1	もう少し、部屋の中を探せば{0A}師匠の行方の手がかりが見つ\nかるかもしれないな　　	방 안을 좀 더 찾아보면{0A}스승님 행방의 단서를\n찾을 수 있을지도 몰라　　
C03256	SSS2/172:19E	글	1	よー兄ちゃん!{p}酒は人生の友だぜ{08}まぁ一杯やんな!{00}	어이 형씨!{p}술은 인생의 벗이라고{08}자 한잔해!{00}
C03257	SSS2/172:1C5	대사:02	1	いらっしゃいませ♡	어서 오세요♡
C03258	SSS2/172:1D3	대사:02	1	ゆっくりしてって\nくださいね。{00}	천천히 쉬다\n가세요。{00}
C03259	SSS2/172:1E4	글	1	昼間っから、お酒なんて\n飲んでていいのかしらね～。{p}でも、おいしいからいっか。{00}	대낮부터 술을\n마셔도 되려나～。{p}그래도 맛있으니까 뭐 어때。{00}
C03260	SSS2/172:212	글	1	最近の若い者は、昼間から働きもせずに\n酒を飲んでいる{09}じつにけしからん! 昼から酔えるのは\nわしら老人だけの特権じゃ!{00}	요즘 젊은것들은 대낮부터 일도 안 하고\n술을 마시는구먼{09}정말 괘씸해!대낮부터 취할 수 있는 건\n우리 노인들만의 특권이야!{00}
C03261	SSS2/172:25E	글	1	酒は、百業の長。わたしゃ、これで\n百歳まで生きるわよ。{00}	술은 백약의 으뜸。난 이걸로\n백 살까지 살 거야。{00}
C03262	SSS2/172:282	글	1	ウチのおじいちゃんてね\n将棋がすっご～い強いんだって。{p}ボクも今度おしえて\nもらうんだ。{00}	우리 할아버지는 말이야\n장기가 엄～청 세대。{p}나도 다음에 가르쳐\n달라고 할 거야。{00}
C03263	SSS2/172:2B7	글	1	ずっと昔に追い出した、洞仙が\nまた戻ってきたらしい。{p}また、蒼幻様に追い出してもら\nわないと夜もねられないよ。{00}	아주 옛날에 쫓아낸 동선이\n또 돌아왔대。{p}또 소겐 님께 쫓아내 달라고\n안 하면 밤에 잠도 못 자겠어。{00}
C03264	SSS2/172:304	글	1	遅かったではないか。{p}では、ほれ、ワシの\n反対側にすわるがいい。	늦었지 않느냐。{p}자、내\n맞은편에 앉거라。
C03265	SSS2/172:310	글	1	では、ほれ、ワシの\n反対側にすわるがいい。	자、내\n맞은편에 앉거라。
C03266	SSS2/172:32F	글	2	では、さっそく勝負じゃ!	그럼 당장 승부다!
C03267	SSS2/172:34D	안내:05	1	ほほぅ、そう来るか　　\n若いのになかなかやるのぉ	호오、그렇게 나오느냐　　\n젊은데 제법이구나
C03268	SSS2/172:36D	안내:11	1	いやいや、それ程でも。	아니아니、별말씀을。
C03269	SSS2/172:37D	안내:05	1	だが、こうしたらどうじゃ?	하지만 이렇게 하면 어떠냐?
C03270	SSS2/172:38E	안내:11	1	あっ、それは　　	앗、그건　　
C03271	SSS2/172:39C	안내:05	1	ほれほれ、王か角の\nどっちかよこさぬか。	자자、왕이나 각 중\n하나를 내놓거라。
C03272	SSS2/172:3B6	안내:11	1	ぐ　　	으윽　　
C03273	SSS2/172:3BF	안내:11	1	じゃ　　	그、그럼　　
C03274	SSS2/172:3C9	안내:11	1	じゃぁ、角をどうぞ　　	그럼 각을 드릴게요　　
C03275	SSS2/172:3DB	안내:05	1	ほっほっほっ、では早速この角を　　	호호호、그럼 당장 이 각을　　
C03276	SSS2/172:3F5	안내:05	1	こうじゃ!	이렇게!
C03277	SSS2/172:3FE	안내:11	1	そ、そこは!!	거、거기는!!
C03278	SSS2/172:409	안내:05	1	ほれほれ、どうするんじゃ?	자자、어쩔 테냐?
C03279	SSS2/172:41A	안내:11	1	ぐっ　　　　	크윽　　　　
C03280	SSS2/172:428	안내:11	1	つ　　	외　　
C03281	SSS2/172:431	안내:11	1	つみました。	외통수입니다。
C03282	SSS2/172:446	글	1	まだまだじゃのぉ　　	아직 멀었구나　　
C03283	SSS2/172:456	대사:FD	1	はい、参りました。{p}スジは悪くないんじゃが　　\n王蒼幻ほどでは無いかの。	네、졌습니다。{p}수는 나쁘지 않다만　　\n왕 소겐만큼은 아니구나。
C03284	SSS2/172:48B	대사:FD	1	王蒼幻ですか!?{p}いかにも。{p}ワシは、こう見えても\nあやつの将棋の師匠でな。{p}まぁ、道楽半分で教えていたのじゃが\n奴の飲み込み早さはすごかったぞ。{p}なにせ、あっと言う間にワシも\n勝てなくなってしまった。{p}まさに天才じゃな。{p}ついこの間も、真剣勝負に\n挑んでくると言っておったが{p}それにも、みごと\n勝利したそうじゃ。	왕 소겐이요!?{p}그렇다。{p}나는 이래 봬도\n그 녀석의 장기 스승이란다。{p}뭐、반쯤 취미로 가르쳤다만\n그 녀석 이해 빠른 건 대단했지。{p}어쨌든 눈 깜짝할 사이에 나도\n못 이기게 되어 버렸으니。{p}그야말로 천재지。{p}바로 얼마 전에도 진검 승부에\n도전하러 간다고 하더니{p}그것도 보기 좋게\n이겼다더구나。
C03285	SSS2/172:54C	글	1	ワシと将棋で勝負する\n気になったのか?	나와 장기로 승부할\n생각이 들었느냐?
C03286	SSS2/172:56C	글	1	はい{08}いいえ	예{08}아니요
C03287	SSS2/172:575	글	1	そうか、そうか!{p}やっと勝負する\n気になったか!	그래、그래!{p}드디어 승부할\n마음이 들었구나!
C03288	SSS2/172:596	글	1	なら、さっさと帰ってくれ。{p}ワシは、新しいツメ将棋を\n考えるのに、いそがしいんじゃ。{00}	그럼 얼른 돌아가 다오。{p}나는 새 박보 장기를\n궁리하느라 바쁘단다。{00}
C03289	SSS2/172:5C7	글	1	蒼幻め、この前も誰かと将棋で\n真剣勝負をして勝ったそうじゃ。	소겐 녀석、요전에도 누군가와 장기로\n진검 승부를 해서 이겼다더구나。
C03290	SSS2/172:5F4	대사:FD	1	誰と勝負をしたんですか?{p}さぁ、そこまでは\n知らんがのぉ　　{00}	누구와 승부했나요?{p}글쎄、거기까지는\n모르겠구나　　{00}
C03291	SSS2/172:61A	글	1	若くして家庭なんて持つもんじゃ\nねぇぞ。特に、結婚すると女は変わる{09}これは、実体験からくる教訓だがね。{00}	젊어서 가정 같은 거 꾸리는 게\n아냐。특히 결혼하면 여자는 변해{09}이건 실제 경험에서 나온 교훈이지。{00}
C03292	SSS2/172:65D	글	1	まったく、ウチの亭主のかせぎの悪さと\nきたら、救いようがないよ。親子3人{0A}食うにも困るくらいだからね。	정말、우리 남편 벌이가 시원찮은 건\n구제할 길이 없다니까。세 식구{0A}먹고살기도 힘들 정도야。
C03293	SSS2/172:6A2	글	1	ウチのかぁちゃん、最近きげん悪いから\n話かけないほうがいいよ。{00}	우리 엄마、요즘 기분 안 좋으니까\n말 안 거는 게 좋아。{00}
C03294	SSS2/172:6C7	글	1	ごめんね、お兄ちゃん。ウチの\nかぁちゃん、最近ぐちっぽいんだ。{00}	미안해、형。우리\n엄마、요즘 푸념이 많아。{00}
C03295	SSS2/172:6F0	대사:0B	1	捜神が持ってる「刀」\nって武器はいいねぇ!	소신이 갖고 있는 「칼」\n이라는 무기는 좋더라!
C03296	SSS2/172:711	대사:0B	1	なんでも、東の島国の武器らしいが\n切れ味も、使い勝手も、最高だよ!{00}	듣자니 동쪽 섬나라 무기라는데\n날도、쓰임새도 최고야!{00}
C03297	SSS2/172:740	글	1	あんた捜神って奴に会ったかい?{p}強い奴を探してるとか言うんで{0A}俺も手合わせしてみたんだけど、{p}これが、本当に強くってなぁ　　\nすっかり自信なくしちまったよ。{00}	당신 소신이란 사람 만났어?{p}강한 자를 찾는다길래{0A}나도 한번 겨뤄 봤는데、{p}이게 정말 세더라고　　\n완전히 자신감을 잃었어。{00}
C03298	SSS2/172:7A9	글	1	今は、気分がこうようしています{09}きっと、よい演奏が出来そうですわ。{00}	지금은 기분이 고양되어 있어요{09}분명 좋은 연주를 할 수 있을 거예요。{00}
C03299	SSS2/172:7D3	글	1	今日は、気分がすぐれません。{p}演奏のほうは期待\nしないで下さいね。{00}	오늘은 기분이 안 좋아요。{p}연주는 기대\n하지 말아 주세요。{00}
C03300	SSS2/172:7FF	글	1	さて、そろそろ戻って\n一勝負といくかの。{p}どうじゃ、おまえさん?{p}将棋が出来るんならワシと\n一きょく指さんかね?	자、슬슬 돌아가서\n한판 둘까。{p}어떠냐、자네?{p}장기를 둘 줄 알면 나와\n한 판 두지 않겠나?
C03301	SSS2/172:849	글	1	お願いします{08}いえ、結構です	부탁드립니다{08}아뇨、됐어요
C03302	SSS2/172:85D	글	1	そうか、では家で\n待っておるぞい。{p}家は、ここから南西の\n方角にあるからな。	그래、그럼 집에서\n기다리마。{p}집은 여기서 남서쪽\n방향에 있단다。
C03303	SSS2/172:892	글	1	そうか、残念じゃな\n気が向いたら来るがいい。{p}家は、ここから南西の\n方角にあるからな。	그래、아쉽구나\n마음이 내키면 오거라。{p}집은 여기서 남서쪽\n방향에 있단다。
C03304	SSS2/179:98	글	1	見たところ、この街の人では無いよう\nですが、ここにどんな御用ですか?	보아하니 이 거리 사람은 아닌 것\n같은데、여기 무슨 볼일로 오셨나요?
C03305	SSS2/179:CA	글	1	王蒼幻に会いに来た\n王蒼幻を殺しに来た\n通りかかっただけ	왕 소겐을 만나러 왔다\n왕 소겐을 죽이러 왔다\n지나가던 길이다
C03306	SSS2/179:F4	글	1	蒼幻様なら奥に\nいらっしゃいますわ。{00}	소겐 님이라면 안에\n계세요。{00}
C03307	SSS2/179:10E	대사:FD	1	王蒼幻に会い来たんですが\nどこにいられます?{p}まっすぐ奥に進むと\n神間がございます。{p}蒼幻様はそこにおられますわ。	왕 소겐을 만나러 왔는데\n어디 계시죠?{p}쭉 안으로 들어가시면\n신전이 있습니다。{p}소겐 님은 거기 계세요。
C03308	SSS2/179:15A	대사:FD	1	王蒼幻の奴を殺しに来た{08}覚悟してもらおう!{p}うふふふっ、ご冗談を。{p}暗殺者がわざわざ名乗る\nはずもございませんわ。	왕 소겐 놈을 죽이러 왔다{08}각오해라!{p}우후후후、농담도。{p}암살자가 일부러 밝힐\n리가 없지요。
C03309	SSS2/179:1AA	글	1	やっぱ、冗談だって解ります{07}いや、冗談なんかじゃないぜ。	역시 농담인 거 아시는구나{07}아니、농담 따위가 아니야。
C03310	SSS2/179:1CE	글	1	ほほほほ、面白いお方{09}さぁ、中へお入り下さい。	호호호호、재미있는 분이네{09}자、안으로 드세요。
C03311	SSS2/179:1F3	글	1	　　冗談ではございませんの?	　　농담이 아니신가요?
C03312	SSS2/179:209	대사:FD	1	ああ。覚悟しな!	그래。각오해!
C03313	SSS2/179:226	글	1	警備兵!侵入者です!	경비병!침입자예요!
C03314	SSS2/179:280	대사:04	1	ここは、さがって下さい{09}後は我々がひきうけます。	여긴 물러나 주십시오{09}나머지는 저희가 맡겠습니다。
C03315	SSS2/179:2AD	대사:01	1	蒼幻様の命を狙うとは!	소겐 님의 목숨을 노리다니!
C03316	SSS2/179:2C4	대사:02	1	この身の程知らずが!	이 분수도 모르는 놈이!
C03317	SSS2/179:2D8	대사:03	1	我等が成敗してくれる!	우리가 처단해 주마!
C03318	SSS2/179:2EB	대사:FD	1	ふん、おもしろい!	흥、재미있군!
C03319	SSS2/179:320	대사:FD	1	蒼幻を倒す前の準備運動に\nちょうどいいぜ!	소겐을 쓰러뜨리기 전 준비 운동으로\n딱 좋겠어!
C03320	SSS2/179:346	글	1	あら、そうでしたの。{00}	어머、그러셨군요。{00}
C03321	SSS2/179:352	글	1	さぁどうぞ。蒼幻様は奥に\nいらっしゃいますわ。{00}	자、드세요。소겐 님은 안에\n계세요。{00}
C03322	SSS2/179:36F	글	1	い、命だけは　　助けて下さい。{00}	모、목숨만은　　살려 주세요。{00}
C03323	SSS2/179:392	대사:FD	1	いえ、ちょっと通り\nがかっただけなんですが。{p}いけませんでしたか?{p}いいえ。{p}どうぞ、お入りください{09}歓迎いたしますわ。	아뇨、그냥 지나가던\n길인데요。{p}안 되나요?{p}아니요。{p}어서 들어오세요{09}환영합니다。
C03324	SSS2/179:3EF	안내:07	1	{05:00}は兵士に敗れた{09} \n老師の敵はとれず、志半ばにして倒れた\n \n彼の無念を知る者はいない　　。	{05:00}은 병사에게 패했다{09} \n노사의 원수를 갚지 못하고 뜻을 이루지 못한 채 쓰러졌다\n \n그의 원통함을 아는 이는 없다　　。
C03325	SSS2/182:E5	글	1	蒼幻様には、いつも剣の\nけいこをしてもらっています。{p}おかげで、私のウデも\nメキメキ上達していますよ。{00}	소겐 님은 늘 검술을\n가르쳐 주세요。{p}덕분에 제 솜씨도\n쑥쑥 늘고 있어요。{00}
C03326	SSS2/182:126	글	1	少しでも、蒼幻様に近づけ\nるよう毎日訓練しています。{00}	조금이라도 소겐 님께 다가갈\n수 있도록 매일 훈련하고 있어요。{00}
C03327	SSS2/182:14B	글	1	どうすれば、蒼幻様のように\n強くなれるのでしょうか?{00}	어떻게 하면 소겐 님처럼\n강해질 수 있을까요?{00}
C03328	SSS2/182:17E	대사:00	1	お前が侵入者だな!	네가 침입자로구나!
C03329	SSS2/182:196	대사:01	1	おおおお、お前が\n侵入者かっ!?	너너너、네가\n침입자냐!?
C03330	SSS2/182:1AE	대사:01	1	よよ、よし!	조、좋아!
C03331	SSS2/182:1B8	대사:01	1	俺が、あああ相手だ。	내、내、내가 상대다。
C03332	SSS2/182:1E7	글	1	最近、蒼幻様を狙う不貞のやからが\nこの街に入ったらしいんだが　　{p}この俺がいる限りそんな奴は\nこの神殿に入れはせん!{00}	요즘 소겐 님을 노리는 괘씸한 놈이\n이 거리에 들어왔다는데　　{p}내가 있는 한 그런 놈은\n이 신전에 못 들어온다!{00}
C03333	SSS2/182:235	글	1	蒼幻様を狙う不貞のやからは\nまだ見つかっておらぬのだ。{p}ゆだんできんな。{00}	소겐 님을 노리는 괘씸한 놈은\n아직 못 찾았다。{p}방심할 수 없군。{00}
C03334	SSS2/182:262	글	1	蒼幻様は、現在めいそうの\n最中です　　お静かに。{00}	소겐 님은 지금 명상\n중이십니다　　조용히。{00}
C03335	SSS2/182:286	글	1	もし、蒼幻様とお会いするなら\nお静かにお願いいたします。{00}	만약 소겐 님을 만나신다면\n조용히 부탁드립니다。{00}
C03336	SSS2/182:2C8	대사:02	1	くそっ、俺がいながらキサマの\nような奴の侵入をゆるすとは　　	젠장、내가 있는데도 네놈\n같은 놈의 침입을 허락하다니　　
C03337	SSS2/182:2F0	대사:02	1	この失態は、キサマを倒す\n事でつぐなうとしよう!	이 실태는 네놈을 쓰러뜨리는\n것으로 갚겠다!
C03338	SSS2/182:317	대사:05	1	ここは、死んでも通し\nはしませんぞ!!	여긴 죽어도 지나가게\n두지 않겠소!!
C03339	SSS2/182:337	대사:06	1	命に代えても、蒼幻様は\nお守りする!	목숨을 걸고서라도 소겐 님은\n지킨다!
C03340	SSS2/182:363	대사:09	1	ここなら、存分に戦えます{09}では、まいりますよ!	여기라면 마음껏 싸울 수 있습니다{09}그럼 갑니다!
C03341	SSS2/182:3A6	대사:FD	1	勝てないよ、本当は。{00}	사실은 못 이겨。{00}
C03342	SSS2/182:3BD	글	1	蒼幻様は、文武両立を見事に\n実施されている御方です。{00}	소겐 님은 문무를 훌륭하게\n겸비하신 분입니다。{00}
C03343	SSS2/182:3E6	글	1	蒼幻様は、若くみえますが{0A}実は、結構なお歳なのですよ。{00}	소겐 님은 젊어 보이지만{0A}실은 꽤 연세가 있으세요。{00}
C03344	SSS2/182:40B	글	1	王蒼幻様といえば、有能な指導者\nとしての顔の方が有名ですがね、{p}実は、将棋の腕の方も\n大したものなんですよ。{p}私は、未だかつて蒼幻様が将棋で\n負けた話を聞いた事がありませんよ。{00}	왕 소겐 님이라 하면 유능한 지도자\n로서의 얼굴이 더 유명하지만、{p}실은 장기 실력도\n대단하답니다。{p}저는 지금껏 소겐 님이 장기에서\n졌다는 얘기를 들어 본 적이 없어요。{00}
C03345	SSS2/182:499	대사:03	1	蒼幻様を狙う者を通す訳には\nいきませんな。お覚悟!!	소겐 님을 노리는 자를 지나가게 할\n수는 없지요。각오하시오!!
C03346	SSS2/182:4C7	대사:04	1	お若いの。	젊은이。
C03347	SSS2/182:4D1	대사:04	1	蒼幻様のお命を狙うような\nやからを通す事は出来ませぬ!	소겐 님의 목숨을 노리는\n자를 지나가게 할 수는 없소이다!
C03348	SSS2/182:515	글	1	ここの唯一の不満はメシが\nまずい事ぐらいですね。{p}街の酒場の方が、まだマシですよ。{00}	여기서 유일한 불만은 밥이\n맛없다는 것 정도예요。{p}거리의 주점이 그나마 나아요。{00}
C03349	SSS2/182:549	글	1	蒼幻様のめいそうは長いですからね。{p}酒場にでも行って時間をつぶすと\nいいですよ。{00}	소겐 님의 명상은 길거든요。{p}주점에라도 가서 시간을 때우면\n좋을 거예요。{00}
C03350	SSS2/182:57C	글	1	めいそうが終わった後って{0A}おなかがすかないんですかね?{00}	명상이 끝난 뒤엔{0A}배가 안 고프실까요?{00}
C03351	SSS2/182:5A3	글	1	酒場にいる明紅って女には、ちょっかい\n出さない方がいいですよ。なにせ{0A}とんでもなく乱暴な女ですから。{00}	주점에 있는 메이홍이란 여자한텐\n집적대지 않는 게 좋아요。워낙{0A}엄청나게 난폭한 여자라서요。{00}
C03352	SSS2/182:5E1	글	1	バザーを一通り見てまわってくる\nくらい時間をつぶせば、蒼幻様の\nめいそうも終わるでしょう。{00}	바자를 한 바퀴 둘러보고 올\n정도로 시간을 때우면 소겐 님의\n명상도 끝날 거예요。{00}
C03353	SSS2/182:61A	글	1	蒼幻様は、めいそうの後{0A}何をさとられるのでしょうね　　。{00}	소겐 님은 명상 후에{0A}무엇을 깨달으시는 걸까요　　。{00}
C03354	SSS2/182:655	대사:07	1	食後のはらごなしに\nキサマを倒すとするか!	식후 소화 운동으로\n네놈을 쓰러뜨려 볼까!
C03355	SSS2/182:678	대사:08	1	死んだらおいしい物も\n食べれなくなるのに　　	죽으면 맛있는 것도\n못 먹게 되는데　　
C03356	SSS2/182:6E0	안내:0F	1	  {05:00}は王蒼幻に敗れた{09} 仙窟ではなく、蒼幻の神殿で戦った事は{0A}  無謀であったと言わざるをえない。	  {05:00}은 왕 소겐에게 패했다{09} 선굴이 아니라 소겐의 신전에서 싸운 것은{0A}  무모했다고 할 수밖에 없다。
C03357	SSS2/188:34	검증필요	1	{p}は{03:02}コ{03:03}リ{03:04}べ{03:05}砂\nN{04:FF}{00}	
C03358	SSS2/188:9B	글	2	我々は、蒼幻様の指導のもと訓練を\nつんでいるからな{09}強くなって当然と言えるだろう。{00}	우리는 소겐 님의 지도 아래 훈련을\n쌓고 있으니{09}강해지는 게 당연하지。{00}
C03359	SSS2/188:D3	글	2	蒼幻様は本当に凄いのです{09}あの方一人で、1000人の兵を\n相手にできるでしょう。{00}	소겐 님은 정말 대단하세요{09}그분 혼자서 1000명의 병사를\n상대할 수 있을 거예요。{00}
C03360	SSS2/188:10A	글	2	我が隊は不敗を誇っているのだ{09}どんな強い敵にもおくした事は\n一度もない!{00}	우리 부대는 불패를 자랑한다{09}어떤 강한 적에게도 겁먹은 적이\n한 번도 없다!{00}
C03361	SSS2/188:143	대사:03	1	我々は、誇りある洞天福国の\n兵士である{09}お前は入隊希望の者か?	우리는 긍지 높은 동천복국의\n병사다{09}너는 입대 희망자냐?
C03362	SSS2/188:179	글	1	そうです{08}ちがいます　　	그렇습니다{08}아닙니다　　
C03363	SSS2/188:18C	대사:03	1	うーむ。その気持ちはわかるが{0A}お前の体格では強い兵にはなれぬな。	으음。그 마음은 알겠지만{0A}네 체격으로는 강한 병사가 될 수 없다。
C03364	SSS2/188:1B7	대사:03	1	我が隊は、強兵しか必要としていない{09}悪いが、不合格だ。	우리 부대는 강병만 필요로 한다{09}미안하지만 불합격이다。
C03365	SSS2/188:1E3	대사:03	1	ふん。まぁ、そうだろう。	흥。뭐、그렇겠지。
C03366	SSS2/188:1F3	대사:03	1	お前では、とうてい強い兵には\nなれそうにないからな。	너로는 도저히 강한 병사가\n될 것 같지 않으니까。
C03367	SSS2/188:217	대사:03	1	見学だけなら、自由にしても\nよいぞ。{00}	견학만이라면 자유롭게 해도\n좋다。{00}
C03368	SSS2/188:233	글	1	洞仙とやらが、どれほど強かろうと\n我々には、秘密兵器があるのだ{08}どんな物か知りたいか?	동선이란 놈이 아무리 강하든\n우리에겐 비밀 병기가 있다{08}어떤 건지 알고 싶나?
C03369	SSS2/188:271	글	1	もちろん知りたい{08}べつに知りたくもない	물론 알고 싶다{08}별로 알고 싶지 않다
C03370	SSS2/188:289	글	1	よろしい!{p}これはお前だけに\n教える秘密だぞ。{p}よいか。我々は聖獣の\n召喚に成功したのだ!	좋다!{p}이건 너에게만\n가르쳐 주는 비밀이다。{p}잘 들어。우리는 성수\n소환에 성공했다!
C03371	SSS2/188:2C6	대사:FD	1	聖獣?{p}そうだ。それも鳳凰の\n召喚に成功したのだ!{p}これで、どんな敵も一撃で\n葬りさる事が出来るのだ!{p}わはははっ!	성수?{p}그렇다。그것도 봉황\n소환에 성공했지!{p}이걸로 어떤 적도 일격에\n해치울 수 있다!{p}와하하핫!
C03372	SSS2/188:314	글	1	なんだ。せっかく教えてやっても\n良いと言っているのに　　　　{p}つまらん奴だな。{00}	뭐야。모처럼 가르쳐 줘도\n된다고 했는데　　　　{p}재미없는 녀석이군。{00}
C03373	SSS2/188:345	글	1	早く鳳凰を実戦で使って\nみたいものだ!わはははっ!{00}	어서 봉황을 실전에서 써\n보고 싶군!와하하핫!{00}
C03374	SSS2/188:38F	안내:08	1	光龍伝 序章\n「最初に活気ありき」{00}	광룡전 서장\n「처음에 활기가 있었나니」{00}
C03375	SSS2/188:3B6	안내:08	2	あなたにも作れる\n夕食100選{00}	당신도 만들 수 있는\n저녁 식사 100선{00}
C03376	SSS2/188:3D4	안내:08	1	光龍伝 第1章\n「次に玉あり」{00}	광룡전 제1장\n「다음에 구슬이 있었나니」{00}
C03377	SSS2/188:3F7	안내:08	2	魔の必殺拳への招待\n「これであなたは救われる」{00}	마의 필살권으로의 초대\n「이것으로 당신은 구원받는다」{00}
C03378	SSS2/188:422	안내:08	2	光龍伝 最終章\n「過不足なく繰り返すべし」{00}	광룡전 최종장\n「과부족 없이 되풀이할지어다」{00}
C03379	SSS2/188:44F	안내:08	2	雷淹将軍語録\n「わが人生に悔いなし!」{00}	라이칸 장군 어록\n「내 인생에 후회는 없다!」{00}
C03380	SSS2/203:74	글	2	■{p}{6B}{p}{B}{14}{Y}Y	
C03381	SSS2/203:CC	대사:FD	6	　　封印されてる{09}おそらく、エネルギー不足だな。	　　봉인되어 있어{09}아마 에너지 부족이겠지。
C03382	SSS2/205:16	검증필요	1	Mす{03:47}ナ{03:64}O{03:65}く{03:66}け{03:67}こ{03:68}さ{03:69}し{03:FF}{00}	
C03383	SSS2/205:359	대사:FD	1	やった、朱雀鏡だ!	해냈다、주작경이다!
C03384	SSS2/213:55	대사:FD	1	これは、死者の国{07}違うな、ここは確かに現実の世界{09}　　だが、なぜこんな物がここに。	이건 죽은 자의 나라{07}아니야、여긴 분명 현실 세계{09}　　그런데 왜 이런 게 여기에。
C03385	SSS2/213:9B	대사:FC	1	　　なんか、すごい場所ね。	　　뭔가 굉장한 곳이네。
C03386	SSS2/213:B4	대사:FC	11	がう!	가우!
C03387	SSS2/213:E7	안내:01	1	よいか、そ　　決し　　てては{0A}いけない。	알겠느냐、그　　결코　　서는{0A}안 된다。
C03388	SSS2/213:10A	대사:FC	1	い、今の誰なの?	바、방금 누구야?
C03389	SSS2/213:122	대사:FC	1	じ、地震!?	지、지진!?
C03390	SSS2/213:1C8	대사:FD	1	ち、違う{08}こ、これは、空間がゆがんでる!	아、아니야{08}이、이건 공간이 일그러지고 있어!
C03391	SSS2/213:1FC	영문	16	{05:00}!!	
C03392	SSS2/213:244	영문	14	{05:00}	
C03393	SSS2/213:256	대사:FC	2	無事だったのね!	무사했구나!
C03394	SSS2/213:264	대사:FD	2	ああ。なんとかね。	그래。어떻게든。
C03395	SSS2/213:271	대사:FC	2	よかった　　本当によかった。	다행이다　　정말 다행이야。
C03396	SSS2/213:287	대사:FD	12	　　　　。	　　　　。
C03397	SSS2/213:294	대사:FC	2	あなただけ消えてしまった時{0A}私、どうしようかと　　。	당신만 사라져 버렸을 때{0A}나、어떡해야 할지　　。
C03398	SSS2/213:2B7	대사:FD	1	　　何かが起き始めている。	　　뭔가가 일어나기 시작했어。
C03399	SSS2/213:2CD	대사:FC	12	えっ?	엣?
C03400	SSS2/213:2D4	대사:FD	1	この空間のねじれといい、何かが\n起き始めている事は事実だ。	이 공간의 뒤틀림도 그렇고、뭔가가\n일어나기 시작한 건 사실이야。
C03401	SSS2/213:2FD	대사:FC	2	どういう事?	무슨 말이야?
C03402	SSS2/213:308	대사:FD	1	俺にもわからない{09}ただ、もしかしたら、この神殿の\n奥にその答があるかもしれない。	나도 몰라{09}다만 어쩌면 이 신전\n안쪽에 그 답이 있을지도 몰라。
C03403	SSS2/213:346	대사:FD	2	行ってみよう。	가 보자。
C03404	SSS2/218:75	검증필요	1	ぼユ{p}ゾお{0A}ぴフ	
C03405	SSS2/218:20B	대사:FD	1	やった、玄武鏡だ!	해냈다、현무경이다!
C03406	SSS2/218:2D5	대사:FD	1	あれが、魔鏡の\n入った宝箱か!?	저게 마경이\n든 보물상자인가!?
C03407	SSS2/219:79	검증필요	1	9{07}た{07}ゾえ{03:0C}\n	
C03408	SSS2/223:13F	영문	1	{58} {B}{14}{Y}{00}	
C03409	SSS2/223:17B	대사:FD	1	やった、蒼龍鏡だ!	해냈다、창룡경이다!
C03410	SSS2/224:1F0	대사:FD	1	やった、白虎鏡だ!	해냈다、백호경이다!
C03411	SSS2/232:D0	대사:FD	1	お前が、王か?{p}ええ。私が王蒼幻ですが　　\nあなたは?	네가 왕인가?{p}네。제가 왕 소겐입니다만　　\n당신은?
C03412	SSS2/232:F7	대사:FD	1	俺の名は、{05:00}{09}お前に殺された老師の弟子だ{08}お前に聞きたい事がある。{p}なんでしょうか?	내 이름은 {05:00}{09}네게 죽은 노사님의 제자다{08}네게 묻고 싶은 게 있다。{p}무엇이지요?
C03413	SSS2/232:131	대사:FD	1	なぜ老師と戦ったんだ?{p}これは、異な事を。弟子である\nあなたがその理由を知らぬとは。	왜 노사님과 싸웠지?{p}이상한 말씀을。제자인\n당신이 그 이유를 모르다니。
C03414	SSS2/232:169	대사:FD	1	答えになってないぞ!{p}あなたの老師から勝負を挑まれたの\nですよ{09}真剣勝負でしたので、こちらも手加滅は\nしませんでしたが　　。	대답이 안 되잖아!{p}당신의 노사께서 승부를 걸어오신\n겁니다{09}진검 승부였기에 저도 봐드리지는\n않았습니다만　　。
C03415	SSS2/232:1BA	대사:FD	1	　　わかった{09}老師の敵は俺がとる{08}お前に、真の勇気があるなら\n俺の仙窟に来い!{p}いつでも、お相手いたしますよ。	　　알았다{09}노사님의 원수는 내가 갚는다{08}네게 진정한 용기가 있다면\n내 선굴로 와라!{p}언제든 상대해 드리지요。
C03416	SSS2/232:206	글	1	この騒動は、あなたが\n原因のようですね?	이 소동은 당신이\n원인인 것 같군요?
C03417	SSS2/232:222	대사:FD	1	その通りだ、王蒼幻!	그렇다、왕 소겐!
C03418	SSS2/232:234	대사:FD	1	老師の敵!覚悟しろ!{p}ここで戦っても、あなたに\n勝ち目はありませんよ。	노사님의 원수!각오해라!{p}여기서 싸워도 당신에겐\n승산이 없습니다。
C03419	SSS2/232:263	대사:FD	1	なんだと!?{p}ここは、私の神殿。{p}この場所ならば、私は最大の\n力を発揮する事が出来ます。	뭐라고!?{p}여기는 제 신전。{p}이곳이라면 저는 최대의\n힘을 발휘할 수 있습니다。
C03420	SSS2/232:2A1	대사:FD	1	　　　　{p}勝負の見えている戦いは{0A}私の趣味ではありません。{p}それでも、戦いますか?	　　　　{p}결과가 뻔한 싸움은{0A}제 취향이 아닙니다。{p}그래도 싸우시겠습니까?
C03421	SSS2/232:2DE	글	1	あたりまえだ!{08}俺の仙窟で勝負だ!	당연하지!{08}내 선굴에서 승부다!
C03422	SSS2/232:2F9	대사:FD	1	老師の敵だ、王蒼幻!	노사님의 원수다、왕 소겐!
C03423	SSS2/232:30D	대사:FD	1	行くぞ!{p}　　しかたありませんね{09}ですが、ここではせますぎます。{p}となりの部屋で戦いましょう。	간다!{p}　　어쩔 수 없군요{09}하지만 여기는 너무 좁습니다。{p}옆방에서 싸우지요。
C03424	SSS2/232:365	대사:FD	1	な　　	뭐　　
C03425	SSS2/232:36E	대사:FD	1	ならば俺の仙窟に来い{08}そこで勝負だ!{p}よいでしょう。{p}それならば、少しは楽しめる\nかもしれませんね　　	그럼 내 선굴로 와라{08}거기서 승부다!{p}좋습니다。{p}그렇다면 조금은 즐길 수\n있을지도 모르겠군요　　
C03426	SSS2/232:3B0	글	1	真剣勝負に情けをかけるほど\n私は、甘くはないですよ。{p}その覚悟はできて\nいるのでしょうね?	진검 승부에 자비를 베풀 만큼\n저는 무르지 않습니다。{p}그 각오는 되어\n있겠지요?
C03427	SSS2/232:3EA	대사:FD	1	むろんだ!	물론이다!
C03428	SSS2/232:42C	글	2	今すぐ、仙窟へ行く\nその前に街を見てまわる	당장 선굴로 간다\n그 전에 거리를 둘러본다
C03429	SSS2/239:123	대사:FD	4	ここだな　　	여기로군　　
C03430	SSS2/239:17C	안내:07	1	蒼龍鏡が設置されました	창룡경이 설치되었습니다
C03431	SSS2/239:1AA	안내:08	1	蒼龍鏡はすでに設置してあります	창룡경은 이미 설치되어 있습니다
C03432	SSS2/239:238	안내:07	1	朱雀鏡が設置されました	주작경이 설치되었습니다
C03433	SSS2/239:266	안내:08	1	朱雀鏡はすでに設置してあります	주작경은 이미 설치되어 있습니다
C03434	SSS2/239:2F4	안내:07	1	白虎鏡が設置されました	백호경이 설치되었습니다
C03435	SSS2/239:322	안내:08	1	白虎鏡はすでに設置してあります	백호경은 이미 설치되어 있습니다
C03436	SSS2/239:3B0	안내:07	1	玄武鏡が設置されました	현무경이 설치되었습니다
C03437	SSS2/239:3DE	안내:08	1	玄武鏡はすでに設置してあります	현무경은 이미 설치되어 있습니다
C03438	SSS2/239:412	검증필요	1	龍穴炉に振込む\nエンディング	용혈로에 투입\n엔딩
C03439	SSS2/239:50C	안내:0B	3	大地の加護を受けた。	대지의 가호를 받았다。
C03440	SSS2/239:525	안내:0A	7	大地の加護は1ターンに1度しか\n \n    受けられません。	대지의 가호는 1턴에 1번만\n \n    받을 수 있습니다。
C03441	SSS2/239:A0A	대사:FD	1	エネルギーはたまったけど{0A}まだ魔鏡を全部配置してないな。	에너지는 모였는데{0A}아직 마경을 다 배치하지 않았어。
C03442	SSS2/239:A30	대사:FD	1	さて、どうしよう?	자、어떻게 할까?
C03443	SSS2/239:A41	글	1	魔鏡集めを続ける\n王蒼幻と闘う準備をする	마경 모으기를 계속한다\n왕 소겐과 싸울 준비를 한다
C03444	SSS2/239:A64	대사:FD	1	トラップは完成して\nないけど、もう待てない!	트랩은 완성되지\n않았지만 더는 못 기다려!
C03445	SSS2/239:A82	대사:FD	1	王蒼幻と闘う準備をしよう!	왕 소겐과 싸울 준비를 하자!
C03446	SSS2/239:AAF	대사:FD	1	やはり、魔鏡を四つ配置する\nまでは蒼幻と戦えないな。	역시 마경을 네 개 배치할\n때까지는 소겐과 못 싸워。
C03447	SSS2/239:D93	대사:FD	1	エラー1	에러1
C03448	SSS2/239:D9B	대사:FD	2	このメッセージは、ほんらい\nでないはずです。	이 메시지는 원래\n나오면 안 됩니다。
C03449	SSS2/239:DB5	대사:FD	2	みたひとは。みやさかまで\nいっぽうください。{00}	보신 분은 미야사카에게\n연락 주세요。{00}
C03450	SSS2/239:E1E	대사:FD	1	エラー2	에러2
C03451	SSS2/239:E6A	검증필요	3	\nう{07}{04:F8}グ{03:08}う{07}{04:F8}グ	
C03452	SSS2/239:EA0	검증필요	3	\nう{07}{05:F8}グ{03:08}う{07}{05:F8}グ	
C03453	SSS2/239:ED6	검증필요	3	\nう{07}\nググ{03:08}う{07}\nググ	
C03454	SSS2/239:F0C	검증필요	3	\nう{07}{07}ググ{03:08}う{07}{07}ググ	
C03455	SSS2/246:57	검증필요	1	次へ\n王蒼幻\n捜神\n召喚し	다음\n왕 소겐\n소신\n소환
C03456	SSS2/246:79	검증필요	1	次へ\nじじぃ\nイザナギ\n牛鬼仙	다음\n영감\n이자나기\n우귀선
C03457	SSS2/246:99	검증필요	1	戻る\nヒロイン\n老師\nしゅーげき	돌아가기\n히로인\n노사\n습격
C03458	SSS2/247:CFC	영문	6	{X}{0A}{Y}{5A}{00}	
C03459	SSS2/334:9B	글	8	そりゃ!!	이얍!!
C03460	SSS2/334:CC	글	8	このエネルギーは、おまえが好きに\n使うがいい!{00}	이 에너지는 네가 마음대로\n쓰거라!{00}
C03461	SSS2/334:E7	글	8	大地のために!!	대지를 위해!!
C03462	SSS2/334:123	글	8	これが僕にできる精一杯です。{00}	이게 제가 할 수 있는 최선이에요。{00}
C03463	SSS2/334:137	글	8	ふおっふおっふぉ	호호호
C03464	SSS2/334:169	글	8	これを受け取るのじゃ!{00}	이걸 받거라!{00}
C03465	SSS2/334:178	글	8	今の私の力ではこの位の事\nしかできないわ	지금 내 힘으론 이 정도밖에\n못 해
C03466	SSS2/334:1BB	글	8	{05:00}、この地を守ってね。{00}	{05:00}、이 땅을 지켜 줘。{00}
C03467	SSS2/334:1CB	글	8	私に出来る事はこのくらいです。	제가 할 수 있는 건 이 정도예요。
C03468	SSS2/334:236	글	8	大地を守って下さい。{00}	대지를 지켜 주세요。{00}
C03469	SSS2/334:34F	안내:07	4	龍穴炉の中心で、Aボタンを押すと\n \n エネルギーをそそぎこむための\n \n  ウィンドウが開きます。	용혈로 중심에서 A버튼을 누르면\n \n 에너지를 붓기 위한\n \n  창이 열립니다。
C03470	SSS2/334:F3A	안내:0A	7	龍脈の活性化にともない\n \n岩盤に変化が生じました!	용맥의 활성화와 함께\n \n암반에 변화가 생겼습니다!
C03471	SSS2/352:42	대사:FD	1	見ていろよ!王蒼幻!{00}	두고 봐라!왕 소겐!{00}
C03472	SSS2/353:2B	글	1	あんた見ない顔ね?{p}まぁ、これも何かの縁{09}一杯どう?おごるわよ。	당신 처음 보는 얼굴이네?{p}뭐、이것도 인연이니{09}한잔 어때?내가 살게。
C03473	SSS2/353:59	글	1	まぁ、いいけど{09}あんまし、飲みたくない。	뭐、좋아{09}별로 마시고 싶지 않아。
C03474	SSS2/353:73	대사:FD	1	お受けしましょう。では乾杯!{p}あら、いける口じゃない{09}気に入ったわ!{p}私は明紅。{p}あんた、イイ飲みっぷりねぇ{09}まだ、いけるでしょう?	받겠습니다。그럼 건배!{p}어머、술 좀 하네{09}마음에 들었어!{p}난 메이홍。{p}당신、잘 마시네{09}아직 더 마실 수 있지?
C03475	SSS2/353:A5	글	1	あんた、イイ飲みっぷりねぇ{09}まだ、いけるでしょう?	당신、잘 마시네{09}아직 더 마실 수 있지?
C03476	SSS2/353:C7	글	1	もちろん{08}もうカンベンしてくれ	물론{08}이제 봐줘
C03477	SSS2/353:E3	대사:FD	1	それじゃ、もう一杯。	그럼 한 잔 더。
C03478	SSS2/353:FA	대사:FD	1	ひ、ひゃぁ!{p}どうしたの?	히、히야아!{p}왜 그래?
C03479	SSS2/353:10B	대사:FD	1	ひゃらはらぁー!	히라하라아―!
C03480	SSS2/353:11F	글	1	あはははっ!{p}ほら、そんな所で寝てると\nみんなのメイワクよ!	아하하핫!{p}봐、그런 데서 자면\n다들 민폐야!
C03481	SSS2/353:154	대사:FD	1	あ、あれ　　俺は?{p}酔いつぶれたのよ。{p}酒量をわきまえなきゃ\n大人とは言えないわね。{p}わかった?	어、어라　　나는?{p}곯아떨어졌어。{p}주량을 알아야\n어른이라고 할 수 있지。{p}알았어?
C03482	SSS2/353:199	대사:FD	1	いや、もうこれくらいで\nカンベンしてくれ!	아니、이제 이쯤에서\n봐줘!
C03483	SSS2/353:1B3	대사:FD	1	実は、他に用もあるし　　{p}なんだ、そうなの?{p}まぁ、今日は許してあげるわ。今度\n会った時は、死ぬまで付き合ってね。	실은 다른 볼일도 있어서　　{p}뭐야、그래?{p}뭐、오늘은 봐줄게。다음에\n만나면 죽을 때까지 어울려 줘。
C03484	SSS2/353:1FF	대사:FD	1	はぁ。	하아。
C03485	SSS2/353:20C	대사:FD	1	悪いが、見知らぬ人の\n酒は飲めない　　{p}しらける人ね!{p}あんたなんか\nこっちから願い下げよ。	미안하지만 모르는 사람의\n술은 못 마셔　　{p}분위기 깨는 사람이네!{p}당신 같은 건\n나도 사양이야。
C03486	SSS2/353:24D	글	1	その用事ってのが終わったら\nまた顔見せてよ。{p}また、一緒に飲みましょ。	그 볼일이 끝나면\n또 얼굴 보여 줘。{p}또 같이 마시자。
C03487	SSS2/353:285	글	1	飲まないんだったら\nさっさと帰りなさいよ!	안 마실 거면\n얼른 돌아가!
C03488	SSS2/353:2A2	글	1	もうちょっと大人になってから\n来たほうがいいわよ、ぼうや。	좀 더 어른이 되고 나서\n오는 게 좋겠어、꼬마야。
C03489	SSS2/354:3B	대사:FD	1	これで、全ての\n準備は整った　　	이걸로 모든\n준비가 갖춰졌다　　
C03490	SSS2/354:63	대사:FD	2	よし!	좋아!
C03491	SSS2/354:7E	대사:FD	1	王蒼幻、いつでもこい!	왕 소겐、언제든 와라!
C03492	SSS2/354:90	대사:FD	2	でも{03:01}　{03:01}　{03:01}　	하지만{03:01}　{03:01}　{03:01}　
C03493	SSS2/354:B6	대사:FD	1	龍脈の力をトラップに使う\nなんて許されるんだろうか。	용맥의 힘을 트랩에 쓰다니\n용납될 수 있는 걸까。
C03494	SSS2/354:133	대사:FD	1	まともにぶつかっても\n蒼幻には勝てっこない!	정면으로 부딪쳐서는\n소겐을 이길 수 없어!
C03495	SSS2/354:153	대사:FD	1	これしか方法はないんだ!	이 방법밖에 없어!
C03496	SSS2/354:19E	대사:00	1	あの若者が私を呼んで\nいるのを感じる　　	그 젊은이가 나를 부르는\n것이 느껴지는군요　　
C03497	SSS2/354:1BF	대사:00	1	行かぬ訳にはいきませんね。	안 갈 수는 없겠군요。
C03498	SSS2/354:1D4	대사:00	1	たとえ、どんな結果が\n待っていようとも　　	설령 어떤 결과가\n기다리고 있더라도　　
C03499	SSS2/354:2C7	대사:F9	1	老師のお弟子さんとはいえ\n手は抜きませんよ。	노사님의 제자라 해도\n봐주지는 않겠습니다。
C03500	SSS2/354:2FC	대사:F9	1	ここですか。	여기입니까。
C03501	SSS2/354:360	대사:02	1	ついに、この時が\n来てしまいましたね。	드디어 이때가\n와 버렸군요。
C03502	SSS2/354:37C	대사:FD	8	あぁ　　	그래　　
C03503	SSS2/354:386	대사:02	1	今なら、まだ間に合いますよ　　	지금이라면 아직 늦지 않았습니다　　
C03504	SSS2/354:3C6	대사:FD	1	どういう意味だ。	무슨 뜻이지。
C03505	SSS2/354:3E8	대사:02	1	帰る気はないか、と\n聞いているのです。	돌아갈 생각은 없느냐고\n묻는 겁니다。
C03506	SSS2/354:40A	대사:FD	1	何を、今更!	이제 와서 무슨!
C03507	SSS2/354:417	대사:02	1	生命は無駄にする\n物ではありません。	생명은 헛되이 할\n것이 아닙니다。
C03508	SSS2/354:446	대사:02	1	今のあなたが私に\n勝つ事は不可能です。	지금의 당신이 저를\n이기는 건 불가능합니다。
C03509	SSS2/354:467	대사:FD	1	へっ、そいつは　　	흥、그런 말은　　
C03510	SSS2/354:4BF	대사:FD	1	これを見てから\n言ってもらおうか!	이걸 보고 나서\n하시지!
C03511	SSS2/354:4E1	대사:FD	1	やったか?	해치웠나?
C03512	SSS2/354:514	대사:FD	1	あれを、食らって\nまだ生きてる　　	그걸 맞고도\n아직 살아 있다니　　
C03513	SSS2/354:555	대사:FD	1	化け物か?	괴물인가?
C03514	SSS2/354:563	대사:02	1	ふふ、やられましたよ　　	후후、당했군요　　
C03515	SSS2/354:57A	대사:02	1	魔鏡の力で龍穴炉のエネルギーを\nトラップとして使うとは　　	마경의 힘으로 용혈로의 에너지를\n트랩으로 쓰다니　　
C03516	SSS2/354:5A5	대사:02	1	考えましたね。	잘 생각했군요。
C03517	SSS2/354:5DC	대사:FD	1	あきらめろ、蒼幻。	포기해、소겐。
C03518	SSS2/354:5EB	대사:FD	1	もう、おまえに\n勝ち目はない!	이제 네게\n승산은 없어!
C03519	SSS2/354:62B	대사:02	1	甘く見てもらっては\nこまります　　	얕보시면\n곤란합니다　　
C03520	SSS2/354:64C	대사:02	1	これで、やっとつり合いが\n取れたと言う所でしょう。	이걸로 겨우 균형이\n맞았다고 할까요。
C03521	SSS2/354:66D	대사:FD	1	いつまで、その強がりを\n言っていられるかな?	언제까지 그 허세를\n부릴 수 있을까?
C03522	SSS2/354:689	대사:02	1	　　試してみますか?	　　시험해 보시겠습니까?
C03523	SSS2/354:6A2	대사:FD	1	おもしれぇ!	재미있군!
C03524	SSS2/354:6AC	대사:FD	1	老師のかたき　　	노사님의 원수　　
C03525	SSS2/354:6C1	대사:FD	1	今ここで、とらせてもらう!	지금 여기서 갚겠다!
C03526	SSS2/354:6E6	대사:02	1	なんの準備もしていないとは{09}　　私もなめられたものですね。	아무 준비도 하지 않았다니{09}　　저도 얕보였군요。
C03527	SSS2/354:70C	대사:FD	1	うるさい!勝負だ、蒼幻!	시끄러워!승부다、소겐!
C03528	SSS2/354:72D	대사:02	1	わざわざ龍穴炉で勝負を\nするなんて、大げさですね。	굳이 용혈로에서 승부를\n하다니 거창하군요。
C03529	SSS2/354:750	대사:02	1	ところで、机は何処ですか?	그런데 탁자는 어디 있죠?
C03530	SSS2/354:76C	대사:FD	1	机だと?	탁자라고?
C03531	SSS2/354:79D	대사:FD	1	何の事だ?	무슨 소리야?
C03532	SSS2/354:7B4	대사:02	1	あなたは老師の敵を\n打つのでしょう?	당신은 노사님의 원수를\n갚으려는 거죠?
C03533	SSS2/354:7D1	대사:FD	3	もちろんだ!	물론이다!
C03534	SSS2/354:7DB	대사:02	1	でも、ここには盤も駒も\nないではありませんか?	하지만 여기엔 판도 말도\n없지 않습니까?
C03535	SSS2/354:7FE	대사:FD	1	ちょ、ちょっと待て。	자、잠깐만。
C03536	SSS2/354:80D	대사:FD	1	盤と駒?	판과 말?
C03537	SSS2/354:817	대사:FD	1	何の話をしてるんだ?	무슨 얘길 하는 거야?
C03538	SSS2/354:82A	대사:02	1	だから将棋の事ですよ。	그러니까 장기 말입니다。
C03539	SSS2/354:841	대사:FD	1	しょ、将棋!?	자、장기!?
C03540	SSS2/354:851	대사:02	1	ええ。あなたの老師と先日\n将棋の真剣勝負をして\n私が勝ったのですが　　	네。당신의 노사님과 얼마 전\n장기로 진검 승부를 해서\n제가 이겼습니다만　　
C03541	SSS2/354:88B	대사:FD	1	将棋の勝負だって!	장기 승부라고!
C03542	SSS2/354:89F	대사:FD	1	それじゃ、老師は　　?	그럼 노사님은　　?
C03543	SSS2/354:8B2	대사:02	1	私に負けた後、腕をみがく旅に\n出ると言ってましたが　　	저에게 진 뒤 실력을 닦는 여행을\n떠나겠다고 하셨는데　　
C03544	SSS2/354:8DA	대사:02	1	知りませんでしたか?	모르셨습니까?
C03545	SSS2/354:90A	대사:FD	1	ろ、老師ー!	노、노사님―!
C03546	SSS2/354:916	대사:FD	1	そうなら、そうと言ってから\n旅に出てくださいよぉ　　	그런 거면 그렇다고 말하고\n여행을 떠나시라고요　　
C03547	SSS2/354:944	대사:02	1	どうかしましたか?	무슨 일이십니까?
C03548	SSS2/354:96E	대사:FD	1	っと　　え～と　　	그、그게　　음―　　
C03549	SSS2/354:991	글	1	今日は急用が　　\nわりぃ、勘違いしてた{09}問答無用!俺と力で勝負だ!	오늘은 급한 일이　　\n미안、착각했어{09}말할 것 없다!나와 힘으로 승부다!
C03550	SSS2/354:9CA	대사:FD	1	きょ、今日は急用が\n出来たんでですね　　	오、오늘은 급한 일이\n생겨서 말이죠　　
C03551	SSS2/354:9EA	대사:FD	1	あのー　　その話は\nまた、今度ってことで。	저기―　　그 얘기는\n다음에 하는 걸로。
C03552	SSS2/354:A08	대사:02	1	急用ではしかたありませんね。	급한 일이라면 어쩔 수 없지요。
C03553	SSS2/354:A1C	대사:02	1	では、次の機会を\n楽しみにしてますよ。	그럼 다음 기회를\n기대하겠습니다。
C03554	SSS2/354:A42	대사:FD	1	悪かった。	미안했어。
C03555	SSS2/354:A4C	대사:FD	1	家に老師がいなかったんで	집에 노사님이 안 계셔서
C03556	SSS2/354:A5F	대사:FD	1	あんたに殺されたと\nばかり思ってたんだわ。	당신한테 살해당한\n줄로만 알았어。
C03557	SSS2/354:A7A	대사:02	1	私は理由もなしに人を\n殺したりはしませんよ。	저는 이유 없이 사람을\n죽이지 않습니다。
C03558	SSS2/354:A99	대사:02	1	それに、誤解はとけたようですから\nいいではありませんか。	게다가 오해는 풀린 것 같으니\n된 것 아니겠습니까。
C03559	SSS2/354:AC4	대사:FD	1	　　すみません。	　　죄송합니다。
C03560	SSS2/354:AD2	대사:02	1	間違いは誰にでもありますよ{09}それでは、私はこれで。	실수는 누구에게나 있지요{09}그럼 저는 이만。
C03561	SSS2/354:B14	대사:FD	1	はぁ{03:01}　{03:01}　{03:01}	하아{03:01}　{03:01}　{03:01}
C03562	SSS2/354:B24	대사:FD	1	帰って来たら、絶対\n文句言ってやる!	돌아오시면 꼭\n따지고 말겠어!
C03563	SSS2/354:B4B	대사:FD	1	俺は、お前と将棋の\n勝負なんかしたくない!	난 너랑 장기\n승부 같은 거 하기 싫어!
C03564	SSS2/354:B6A	대사:FD	1	力で勝負だ!	힘으로 승부다!
C03565	SSS2/354:B7A	대사:02	1	私は理由もなしに\n戦いはしません。	저는 이유 없이\n싸우지 않습니다。
C03566	SSS2/354:B9C	대사:FD	1	そ、そっちになくても\n俺にはあるんだ!	그、그쪽엔 없어도\n나한텐 있다고!
C03567	SSS2/354:BB4	대사:02	1	あなたの老師は、こんな戦いを\nゆるした人だったのですか!	당신의 노사님은 이런 싸움을\n허락하시는 분이었습니까!
C03568	SSS2/354:BE1	대사:FD	3	そ、それは　　	그、그건　　
C03569	SSS2/354:BEE	대사:02	1	わかったようですね{09}それでは、これで　　	이해하신 것 같군요{09}그럼 이만　　
C03570	SSS2/354:C1F	대사:FD	1	　　終わった。	　　끝났다。
C03571	SSS2/354:C2D	대사:02	1	　　や　	　　제　
C03572	SSS2/354:C38	대사:02	1	やりますね　　	제법이군요　　
C03573	SSS2/354:C99	대사:02	1	私の　　	저의　　
C03574	SSS2/354:CB0	대사:02	1	負{03:01}　{03:01}　{03:01}け{03:01}　{03:01}　	패{03:01}　{03:01}　{03:01}배{03:01}　{03:01}　
C03575	SSS2/354:E17	대사:FD	1	老師{03:01}　{03:01}　{03:01}かたきは取りました。	노사님{03:01}　{03:01}　{03:01}원수는 갚았습니다。
C03576	SSS2/354:E3E	대사:FD	1	でも　　俺のした事は\n正しかったんでしょうか?	하지만　　제가 한 일은\n옳았던 걸까요?
C03577	SSS2/354:E63	대사:FD	1	蒼幻を倒しても、老師は戻らない。	소겐을 쓰러뜨려도 노사님은 돌아오지 않아。
C03578	SSS2/354:E90	대사:FD	1	私は、まだまだ修行が\n足りないですね　　	저는 아직 수행이\n부족하군요　　
C03579	SSS2/354:EC6	안내:06	1	苦難の末、ついに{05:00}は\n \n老師の敵を取った{09} \nしかし、晴れやかな気持ちにはなれない\n \n{05:00}であった。	고난 끝에 마침내 {05:00}은\n \n노사의 원수를 갚았다{09} \n하지만 후련한 기분이 들지 않는\n \n{05:00}이었다。
C03580	SSS2/354:F4F	안내:0F	1	{05:00}は王蒼幻に敗れた{09}老師の敵はとれず、志半ばにして倒れた\n彼の無念を知る者はいない　　。	{05:00}은 왕 소겐에게 패했다{09}노사의 원수를 갚지 못하고 뜻을 이루지 못한 채 쓰러졌다\n그의 원통함을 아는 이는 없다　　。
C03581	SSS2/354:FBA	안내:06	1	どうやら老師は生きているようだ{09} \n王蒼幻を倒す準備は、すべて徒労に\n \n終わったが、{05:00}の\n \n気持ちは晴れやかであった。	아무래도 노사는 살아 있는 모양이다{09} \n왕 소겐을 쓰러뜨릴 준비는 모두 헛수고로\n \n끝났지만 {05:00}의\n \n마음은 후련했다。
C03582	SSS2/357:66	대사:03	1	黄泉の国へと通ずる{0A}伝説の鏡があるというのは\nこの地なのだろうか　　	황천으로 통하는{0A}전설의 거울이 있다는 곳이\n이 땅일까　　
C03583	SSS2/357:96	대사:03	1	イザナミ、待っていろ。	이자나미、기다리시오。
C03584	SSS2/357:A6	대사:03	1	今、助け出して\nやるからな　　	지금 구해\n주겠소　　
C03585	SSS2/357:12B	대사:F9	2	ここが仙窟か　　	여기가 선굴인가　　
C03586	SSS2/357:13B	대사:F9	2	さて、私の求める物は\nここにあるのだろうか?	자、내가 찾는 것이\n여기 있을까?
C03587	SSS2/357:16D	대사:F9	3	ここは　　	여기는　　
C03588	SSS2/357:178	대사:F9	2	何か異様な気を感じる。	뭔가 이상한 기운이 느껴진다。
C03589	SSS2/357:1A6	대사:F9	1	くっ　　やりますね。	큭　　제법이군요。
C03590	SSS2/357:1CC	검증필요	1	『ズ乗ゴ欲ズ{04:7F}{00}	
C03591	SSS2/357:222	대사:11	1	こちらに黄泉の国と\nつながる伝説の鏡が\nあると聞いたのですが。	여기에 황천과\n이어진 전설의 거울이\n있다고 들었습니다만。
C03592	SSS2/357:258	대사:FD	2	はぁ?	하아?
C03593	SSS2/357:25F	대사:FD	1	そんなん無いと思うけど。	그런 건 없을 텐데。
C03594	SSS2/357:271	대사:11	1	ごじょうだんを　　	농담도　　
C03595	SSS2/357:280	대사:11	1	その後ろに隠している\n宝箱はなんですか?	그 뒤에 숨긴\n보물상자는 뭡니까?
C03596	SSS2/357:2CE	대사:FD	1	これ?	이거?
C03597	SSS2/357:2D5	대사:FD	1	確かに鏡だけど、あなたが\n探してる物とは違うと思うよ。	거울이긴 한데、당신이\n찾는 건 아닐걸。
C03598	SSS2/357:2FA	대사:11	1	おとなしく渡して頂きましょう。	순순히 넘겨 주시지요。
C03599	SSS2/357:31E	대사:FD	1	おとなしく聞いてりゃ\nずぅずぅしいぞ!おまえ!	가만히 들어 주니까\n뻔뻔하구나!너!
C03600	SSS2/357:33A	대사:11	1	イザナギです　　	이자나기입니다　　
C03601	SSS2/357:348	대사:11	1	話し合いが通じないのでしたら\nいたしかたありませんね　　	대화가 통하지 않는다면\n어쩔 수 없군요　　
C03602	SSS2/357:374	대사:FD	1	今、何か話し合ってたか!?俺達?	방금 우리 무슨 대화라도 했어!?
C03603	SSS2/357:38E	대사:11	3	問答無用!	말할 것 없다!
C03604	SSS2/357:415	대사:FD	2	くっ、これは!	큭、이건!
C03605	SSS2/357:420	대사:11	1	サシで勝負です。	일대일 승부입니다。
C03606	SSS2/357:434	대사:FD	1	えぇい!もう好きにしろ!	에잇!마음대로 해!
C03607	SSS2/357:523	대사:05	1	イザナミを助けだす為です{09}悪く思わないでください!	이자나미를 구하기 위해서입니다{09}나쁘게 생각하지 마십시오!
C03608	SSS2/357:54E	대사:FD	1	この解らずや!	이 벽창호!
C03609	SSS2/357:55F	대사:FD	1	勘違いで殺されて\nたまるかって!	착각으로 죽을 수는\n없다고!
C03610	SSS2/357:592	대사:FD	2	勝負あったな。	승부가 났군。
C03611	SSS2/357:5B6	대사:FD	1	もう、気がすんだだろ?	이제 속이 풀렸지?
C03612	SSS2/357:5D0	대사:05	1	私の負け　　	저의 패배　　
C03613	SSS2/357:5F1	대사:05	1	　　ですね。	　　로군요。
C03614	SSS2/357:600	대사:FD	1	解れば、よろしい。	알면 됐어。
C03615	SSS2/357:6BE	대사:FD	1	さ、帰った帰った。	자、돌아가 돌아가。
C03616	SSS2/357:6EC	대사:FD	17	どうしたの?	왜 그래?
C03617	SSS2/357:703	대사:12	1	どうか　　	부디　　
C03618	SSS2/357:721	대사:12	1	どうか、あの『天舞鏡』{08}ゆずっては頂けませんか!?	부디 그 『천무경』을{08}양보해 주시지 않겠습니까!?
C03619	SSS2/357:74E	대사:FD	1	は　　?	뭐　　?
C03620	SSS2/357:767	대사:12	1	ですから、あの『天舞鏡』を　　	그러니까 그 『천무경』을　　
C03621	SSS2/357:782	대사:FD	1	あれ　　	저건　　
C03622	SSS2/357:795	대사:FD	1	天舞鏡じゃないよ。	천무경이 아니야。
C03623	SSS2/357:7CF	대사:FD	1	あそこにあるのは、玄武鏡。	저기 있는 건 현무경。
C03624	SSS2/357:7EC	대사:12	1	玄武?	현무?
C03625	SSS2/357:81D	대사:12	1	　　天舞じゃなくて?	　　천무가 아니라?
C03626	SSS2/357:85A	대사:FD	1	そう、玄武鏡。	그래、현무경。
C03627	SSS2/357:894	대사:12	2	イザナミ　　	이자나미　　
C03628	SSS2/357:8B8	대사:12	1	イザナミよほぉぉぉい。	이자나미여어어어。
C03629	SSS2/357:9F5	안내:0F	1	{05:00}はイザナギに敗れた{09}老師の敵はとれず、志半ばにして倒れた\n彼の無念を知る者はいない　　。	{05:00}은 이자나기에게 패했다{09}노사의 원수를 갚지 못하고 뜻을 이루지 못한 채 쓰러졌다\n그의 원통함을 아는 이는 없다　　。
C03630	SSS2/358:92	글	1	なっ!?	뭣!?
C03631	SSS2/358:123	검증필요	1	ぢ\nグギ\n0く{00}	
C03632	SSS2/358:176	대사:02	1	こ　　	이　　
C03633	SSS2/358:19D	대사:02	2	これは　　	이건　　
C03634	SSS2/358:1AF	대사:02	1	魔鏡!?	마경!?
C03635	SSS2/358:1E1	대사:FD	2	そうだ!	그렇다!
C03636	SSS2/358:1FB	대사:FD	1	くらえ!王蒼幻!	받아라!왕 소겐!
C03637	SSS2/358:20A	대사:FD	1	四つの魔鏡と龍脈の力{08}その身体でとくと味わえ!	네 개의 마경과 용맥의 힘{08}그 몸으로 똑똑히 맛봐라!
C03638	SSS2/358:2C0	안내:04	1	青 龍             	청 룡             
C03639	SSS2/358:2F3	검증필요	1	ぢ{05:F8}ギ\nろA{00}	
C03640	SSS2/358:378	안내:04	1	             朱 雀	             주 작
C03641	SSS2/358:3AB	검증필요	1	ぢ\nグギ\nろA{00}	
C03642	SSS2/358:425	안내:10	1	白 虎             	백 호             
C03643	SSS2/358:458	검증필요	1	ぢ{07}グギ\nろA{00}	
C03644	SSS2/358:4C7	안내:10	1	             玄 武	             현 무
C03645	SSS2/359:9C	안내:0A	3	 岩盤に変化が生じ・・・\n \n新たな階段部屋が出現しました	 암반에 변화가 생겨‥‥\n \n새로운 계단 방이 나타났습니다
C03646	SSS2/359:1B9	글	1	へや\nがんばん	방\n암반
C03647	SSS2/359:1CD	글	1	部屋1\n部屋2\n部屋3\n部屋4	방1\n방2\n방3\n방4
C03648	SSS2/359:1F9	글	1	がんばん1\nがんばん2\nがんばん3\nがんばん4	암반1\n암반2\n암반3\n암반4
C03649	SSS2/360:26	검증필요	1	通常スタート（指示がない場合これで始めて下さい）\nほかのイベント\nOP	일반 시작(지시가 없으면 이걸로 시작하세요)\n다른 이벤트\nOP
C03650	SSS2/360:102	안내:05	1	王蒼幻（ワンソウゲン）は洞天福国を\n \n治める有能な指導者であった{09} \n民の信頼も厚く、まつりごとも、とど\n \nこおりなく行われていた。	왕 소겐은 동천복국을\n \n다스리는 유능한 지도자였다{09} \n백성의 신뢰도 두텁고 정사도 막힘\n \n없이 행해지고 있었다。
C03651	SSS2/360:15C	안내:08	1	 だが、民には一つだけ不安があった{09} \n それが――	 하지만 백성에게는 단 하나의 불안이 있었다{09} \n 그것은――
C03652	SSS2/360:187	대사:01	1	蒼幻様。あの洞仙をどうにか\nしてもらえませんか?	소겐 님。그 동선을 어떻게\n좀 해 주실 수 없나요?
C03653	SSS2/360:1D3	대사:00	1	洞仙が何か悪さをしましたか?	동선이 무슨 나쁜 짓이라도 했습니까?
C03654	SSS2/360:1E9	대사:01	1	いや、今はしてないですが{0A}これからもずっとしないとは\n限らないでしょう。	아뇨、지금은 안 하지만{0A}앞으로도 계속 안 할 거라고는\n할 수 없잖아요。
C03655	SSS2/360:218	대사:02	1	恐くて、夜は街の\n外へ出られません!	무서워서 밤에는 거리\n밖으로 못 나가요!
C03656	SSS2/360:233	대사:03	1	いないに、こした事は\nないと思うのですが　　	없는 게 제일이라고\n생각하는데요　　
C03657	SSS2/360:251	대사:04	1	ワシは昔は他の街に\n住んどったんじゃが　　	나는 예전에 다른 마을에\n살았는데　　
C03658	SSS2/360:270	대사:04	1	そこは洞仙のせいで大地が\n枯れてしまい、人の住めない\n土地になってしもうた　　	거기는 동선 때문에 대지가\n메말라서 사람이 못 사는\n땅이 돼 버렸소　　
C03659	SSS2/360:2C2	대사:01	1	お願いします\n蒼幻様!!	부탁드립니다\n소겐 님!!
C03660	SSS2/360:2D6	대사:01	1	洞仙と話を付けてください!	동선과 담판을 지어 주세요!
C03661	SSS2/360:2F7	대사:03	1	たのみますよ、蒼幻様。	부탁해요、소겐 님。
C03662	SSS2/360:309	대사:04	1	ワシは、この歳になって\n別の地には行きとうないです。	나는 이 나이에\n다른 땅으로 가고 싶지 않소。
C03663	SSS2/360:353	안내:08	1	こうして王蒼幻は、洞仙の\n \nもとへとおもむいた。	이리하여 왕 소겐은 동선에게로\n \n향했다。
C03664	SSS2/360:375	안내:07	1	もちろん、話し合いで決着がつけば\n \nそれにこした事はなかったが{0A} \n決裂した場合は、闘うしかなかった。	물론 대화로 결판이 난다면\n \n그보다 좋은 일은 없었지만{0A} \n결렬된다면 싸울 수밖에 없었다。
C03665	SSS2/360:3D8	대사:03	1	民が洞仙である\n貴方を恐れています。	백성들이 동선인\n당신을 두려워하고 있습니다。
C03666	SSS2/360:400	대사:02	1	ワシは、他の洞仙のように{0A}龍脈をやたらと傷つけはせん!	나는 다른 동선들처럼{0A}용맥을 함부로 상처 입히지 않느니라!
C03667	SSS2/360:44D	대사:02	1	それに、お主の国の民に\n迷惑をかけた覚えもない!	게다가 네 나라 백성에게\n폐를 끼친 기억도 없다!
C03668	SSS2/360:472	대사:03	1	私個人としては、貴方を\n信じる事も出来るのですが　　	저 개인으로서는 당신을\n믿을 수도 있습니다만　　
C03669	SSS2/360:4A4	대사:02	1	立場こそ違えども。	입장은 달라도。
C03670	SSS2/360:4B4	대사:02	1	お主は良き理解者でいてくれると\n信じておったんじゃがな　　	너는 좋은 이해자로 있어 줄 거라\n믿었는데 말이다　　
C03671	SSS2/360:4E6	대사:02	1	――国を治める立場まで\n登りつめた結果という訳か。	――나라를 다스리는 자리까지\n올라간 결과라는 게냐。
C03672	SSS2/360:510	대사:03	1	民は貴方が豹変する\n事を恐れているのです!	백성들은 당신이 돌변할까\n두려워하는 겁니다!
C03673	SSS2/360:539	대사:03	1	この地を去っては{03:01}　{03:01}　{03:01}　\nいただけないでしょうか。	이 땅을 떠나{03:01}　{03:01}　{03:01}　\n주실 수는 없겠습니까。
C03674	SSS2/360:56A	대사:02	1	ワシは、自分の仕事に\n誇りをもっておる。	나는 내 일에\n긍지를 갖고 있느니라。
C03675	SSS2/360:5AD	대사:02	1	立ち退く理由なぞない!	떠날 이유 따위 없다!
C03676	SSS2/360:5C9	대사:02	1	やる事は決まったの。	할 일은 정해졌구나。
C03677	SSS2/360:5D9	대사:03	2	はい　　	네　　
C03678	SSS2/360:5EB	대사:03	1	真剣勝負です。	진검 승부입니다。
C03679	SSS2/360:5FD	대사:02	1	望むところじゃ。	바라던 바다。
C03680	SSS2/360:6CE	대사:02	3	破斬!	파참!
C03681	SSS2/360:6E3	대사:03	3	くっ!	큭!
C03682	SSS2/360:6EF	대사:03	1	陽氣砲!	양기포!
C03683	SSS2/360:706	대사:02	1	やりおるな!	제법이로구나!
C03684	SSS2/360:715	대사:02	1	ならば、これでどうじゃ!	그럼 이건 어떠냐!
C03685	SSS2/360:75C	대사:02	1	妖撃滅殺線!	요격멸살선!
C03686	SSS2/360:780	대사:03	1	やりますね!	제법이군요!
C03687	SSS2/360:795	대사:03	1	でも、これで決め\nさせてもらいます!	하지만 이걸로 끝을\n내겠습니다!
C03688	SSS2/360:7E3	대사:03	1	天帝陣八極炉!	천제진팔극로!
C03689	SSS2/360:821	안내:08	1	壮絶な戦いは、王蒼幻の勝利で決着した{09} \nだが、蒼幻は老師にとどめを刺さなかった。	처절한 싸움은 왕 소겐의 승리로 끝났다{09} \n하지만 소겐은 노사의 숨통을 끊지 않았다。
C03690	SSS2/360:85D	안내:06	1	蒼幻は今後10年は、この地に戻らぬ事を\n \n老師に約束させた{09} \nむろん、この甘さを批判する民もいたが\n \n彼らを納得させるのは王の義務であった。	소겐은 앞으로 10년간 이 땅에 돌아오지 않기로\n \n노사와 약속했다{09} \n물론 이 무름을 비판하는 백성도 있었지만\n \n그들을 납득시키는 것은 왕의 의무였다。
C03691	SSS2/360:8C0	안내:08	1	生死をかけた勝負は終わり{0A} \n老師はまだ見ぬ地へと\n \n旅立って行った。	생사를 건 승부는 끝나고{0A} \n노사는 아직 보지 못한 땅으로\n \n떠나갔다。
C03692	SSS2/360:8F4	안내:0A	1	そして、数年の歳月が流れた　　	그리고 몇 년의 세월이 흘렀다　　
C03693	SSS2/360:963	대사:00	3	やれやれ　　	어이쿠　　
C03694	SSS2/360:979	대사:00	1	いくら、あてもなく旅を\nしておるとはいえ　　	아무리 정처 없이 여행을\n하고 있다지만　　
C03695	SSS2/360:9B4	대사:00	1	こんな場所まで来る\nとは思わなんだわい。	이런 곳까지 올 줄은\n몰랐구먼。
C03696	SSS2/360:A16	대사:00	1	この気配は!	이 기척은!
C03697	SSS2/360:B9D	대사:00	1	こ{03:02}、この術は{03:01}　{03:01}　{03:01}　	이{03:02}、이 술법은{03:01}　{03:01}　{03:01}　
C03698	SSS2/360:BBF	대사:00	1	まさか!	설마!
C03699	SSS2/360:BCE	대사:00	1	大丈夫か!?	괜찮으냐!?
C03700	SSS2/360:BDB	대사:FD	2	ん{03:01}　{03:01}　{03:01}うん{03:01}　{03:01}　	음{03:01}　{03:01}　{03:01}으음{03:01}　{03:01}　
C03701	SSS2/360:BF9	대사:00	1	しっかりせい!	정신 차리거라!
C03702	SSS2/360:C04	대사:FD	1	う{03:01}　{03:01}　{03:01}ん{03:01}　{03:01}　	으{03:01}　{03:01}　{03:01}음{03:01}　{03:01}　
C03703	SSS2/360:C55	대사:FD	1	こ{03:01}　{03:01}　	여{03:01}　{03:01}　
C03704	SSS2/360:C67	대사:FD	2	ここは?	여기는?
C03705	SSS2/360:C6F	대사:00	1	お前さん、誰か強力な術を\n使うやつと戦ったのか?	자네、누군가 강력한 술법을\n쓰는 자와 싸웠느냐?
C03706	SSS2/360:CB0	대사:FD	1	ええ　　	네　　
C03707	SSS2/360:CBF	대사:FD	1	でも、どうして\n解ったんです?	그런데 어떻게\n아셨어요?
C03708	SSS2/360:CD3	대사:00	1	今のは、天の封術じゃろう。	방금 그건 하늘의 봉술이겠지。
C03709	SSS2/360:D10	대사:FD	1	天の封術?	하늘의 봉술?
C03710	SSS2/360:D1C	대사:00	1	相手を平行世界に封じ込める\n伝説の仙術じゃよ　　	상대를 평행세계에 가두는\n전설의 선술이란다　　
C03711	SSS2/360:D5F	대사:00	1	まさか、本当に\nあったとはなぁ。	설마 정말로\n있었을 줄이야。
C03712	SSS2/360:D7A	대사:FD	1	おじぃさんも術を\n使えるんですか?	할아버지도 술법을\n쓰실 수 있나요?
C03713	SSS2/360:DA5	대사:00	1	お前さんも多少は使えるようだが\nワシの場合は年期が違う。	자네도 조금은 쓰는 모양이다만\n나는 연륜이 다르지。
C03714	SSS2/360:DCE	대사:00	1	かれこれ、仙窟を掘りはじめて\n50年は軽くこえるかの。	그럭저럭 선굴을 파기 시작한 지\n50년은 거뜬히 넘었을 게다。
C03715	SSS2/360:DFB	대사:FD	1	す、すごいですね。	대、대단하시네요。
C03716	SSS2/360:E30	대사:00	1	世の中、上には上が\nおるもんじゃよ。	세상엔 뛰는 놈 위에\n나는 놈이 있는 법이란다。
C03717	SSS2/360:E4A	대사:00	1	ワシも腕にはそこそこ\n自信があったんじゃがな。	나도 솜씨엔 그럭저럭\n자신이 있었다만。
C03718	SSS2/360:E7C	대사:00	1	数年前に一度　　	몇 년 전에 한 번　　
C03719	SSS2/360:EB1	대사:00	1	まぁ、人生死ぬまで\n修行の日々じゃよ。	뭐、인생은 죽을 때까지\n수행의 나날이지。
C03720	SSS2/360:ECF	대사:FD	1	はぁ、なるほど。	하아、그렇군요。
C03721	SSS2/360:EDB	대사:00	1	ところで、お前さん。	그런데 자네。
C03722	SSS2/360:EEF	대사:00	1	これから行くあては\nあるのか?	앞으로 갈 곳은\n있느냐?
C03723	SSS2/360:F2B	대사:FD	1	　　いえ。	　　아뇨。
C03724	SSS2/360:F36	대사:00	1	なら、ワシの家に来んか?	그럼 우리 집에 오지 않겠느냐?
C03725	SSS2/360:F51	대사:00	1	ワシが一から鍛え\n直してやるぞい。	내가 처음부터 다시\n단련시켜 주마。
C03726	SSS2/360:F91	대사:FD	1	本当ですか!	정말인가요!
C03727	SSS2/360:F9D	대사:00	1	むろんじゃ。	물론이다。
C03728	SSS2/360:FAC	대사:FD	1	ぜひ、お願いします!	꼭 부탁드립니다!
C03729	SSS2/360:FD1	안내:08	1	こうして、{05:00}の\n \n厳しい修行の日々が始まった。	이리하여 {05:00}의\n \n혹독한 수행의 나날이 시작되었다。
C03730	SSS2/360:101B	대사:00	1	今日は、仙術の勉強じゃ{09}準備はよいか?	오늘은 선술 공부니라{09}준비됐느냐?
C03731	SSS2/360:1065	대사:FD	1	はい、老師!	네、노사님!
C03732	SSS2/360:1071	대사:00	1	よろしい、良く\n見ておくのだぞ。	좋다、잘\n보거라。
C03733	SSS2/360:108C	대사:00	3	では　　	그럼　　
C03734	SSS2/360:10C7	대사:00	1	これが破斬じゃ。	이것이 파참이니라。
C03735	SSS2/360:10F0	대사:FD	1	もっとハデなのは\nないんですか?	좀 더 화려한 건\n없나요?
C03736	SSS2/360:1117	대사:00	1	ばっかもーん!!!!	이 멍청한 놈――!!!!
C03737	SSS2/360:114F	대사:00	1	破斬は仙術の中でも\n基本中の基本じゃ!	파참은 선술 중에서도\n기본 중의 기본이니라!
C03738	SSS2/360:118C	대사:00	1	文句を言うヒマがあったら\nお前もやってみろ!	불평할 틈이 있으면\n너도 해 보거라!
C03739	SSS2/360:11AD	대사:FD	1	は、はい!	네、네!
C03740	SSS2/360:11FE	대사:FD	1	あ、あれ?	어、어라?
C03741	SSS2/360:120A	대사:00	1	基本をないがしろにするから\nそう言う事になるんじゃ!	기본을 소홀히 하니까\n그렇게 되는 게다!
C03742	SSS2/360:123D	대사:FD	1	ごめんなさい　　	죄송해요　　
C03743	SSS2/360:1263	안내:08	1	老師の厳しい教えは、連日続いた{09} \nそのおかげで、{05:00}の仙術の\n \n腕もまた確実にあがっていった。	노사의 혹독한 가르침은 연일 계속되었다{09} \n그 덕분에 {05:00}의 선술\n \n솜씨도 확실히 늘어 갔다。
C03744	SSS2/360:12A6	안내:08	1	そして、{05:00}がこの世界に\n \n来てから数ヶ月が過ぎた　　	그리고 {05:00}이 이 세계에\n \n온 지 몇 달이 지났다　　
C03745	SSS2/360:12F9	대사:1D	1	今日は息抜きに\n将棋でもどうじゃ?	오늘은 쉴 겸\n장기라도 어떠냐?
C03746	SSS2/360:1320	대사:FD	1	将棋ならボクも自信が\nあるんですよ!	장기라면 저도 자신\n있어요!
C03747	SSS2/360:133B	대사:1D	1	それは面白い。	그거 재미있겠구나。
C03748	SSS2/360:1365	대사:FD	1	まいりました!	졌습니다!
C03749	SSS2/360:1370	대사:1D	1	まだまだ、ワシに勝つには{0A}あと1000年は必要じゃな。	아직 멀었다、나를 이기려면{0A}앞으로 1000년은 필요하겠구나。
C03750	SSS2/360:1396	대사:FD	1	そんなに生きて\nませんよ、老師ー。	그렇게 오래 못\n살아요、노사님―。
C03751	SSS2/360:13C4	안내:08	1	またたく間に数ヶ月が過ぎ去っていき\n \n修行も終わりに近づいたある日の事　　	눈 깜짝할 새에 몇 달이 지나가고\n \n수행도 끝나 갈 무렵의 어느 날　　
C03752	SSS2/360:141C	대사:FD	1	老師、どうしたんですか{07}こんな場所に呼び出して。	노사님、무슨 일이세요{07}이런 곳으로 부르시고。
C03753	SSS2/360:1441	대사:00	1	{05:00}よ。	{05:00}야。
C03754	SSS2/360:1450	대사:00	1	洞仙とはなんじゃ?	동선이란 무엇이냐?
C03755	SSS2/360:146B	대사:FD	1	龍脈の力を利用し　　	용맥의 힘을 이용해　　
C03756	SSS2/360:1480	대사:FD	1	大地を活性化させる\n力を持つ者です。	대지를 활성화하는\n힘을 지닌 자입니다。
C03757	SSS2/360:149E	대사:00	1	仙術も龍脈の力も絶大じゃ。	선술도 용맥의 힘도 막대하니라。
C03758	SSS2/360:14CA	대사:00	1	もし、それを操る者が\n私欲の為に動いたら――	만약 그걸 다루는 자가\n사욕을 위해 움직인다면――
C03759	SSS2/360:14EA	대사:FD	1	大地は不毛の地となり、そこで\n暮らす人々は行き場を失います。	대지는 불모지가 되고 거기서\n사는 사람들은 갈 곳을 잃습니다。
C03760	SSS2/360:1517	대사:00	1	ふっ、もう教える事は\nないようじゃな　　	훗、이제 가르칠 것은\n없는 모양이구나　　
C03761	SSS2/360:1547	대사:00	1	これから先は、お前が\n自分で見つけるのじゃ。	앞으로는 네가\n스스로 찾아야 하느니라。
C03762	SSS2/360:1566	대사:FD	2	老師　　	노사님　　
C03763	SSS2/360:157A	대사:FD	1	今まで、ありがとう\nございました。	지금까지 감사했\n습니다。
C03764	SSS2/360:1590	대사:00	1	洞仙として暮らす事は\n容易ではないぞ。	동선으로 사는 건\n쉽지 않느니라。
C03765	SSS2/360:15B7	대사:00	1	特に、街の民との\n衝突はさけられん。	특히 거리 백성들과의\n충돌은 피할 수 없다。
C03766	SSS2/360:15D2	대사:00	1	十数年前、ワシもある男と戦い\nこの地を追われておる。	십수 년 전、나도 어떤 사내와 싸워\n이 땅에서 쫓겨났느니라。
C03767	SSS2/360:1609	대사:FD	1	老師が!	노사님이요!
C03768	SSS2/360:1640	대사:FD	1	いったい誰です、そいつは!?	대체 누구예요、그 녀석은!?
C03769	SSS2/360:1653	대사:00	1	勘違いするでないぞ。	착각하지 말거라。
C03770	SSS2/360:1663	대사:00	1	あれは、お互いの立場ゆえ\nさけられぬものじゃった。	그건 서로의 입장 때문에\n피할 수 없는 것이었느니라。
C03771	SSS2/360:1683	대사:00	1	それに戦いは公平に行われた。	게다가 싸움은 공정하게 치러졌다。
C03772	SSS2/360:16C1	대사:00	1	ワシもあの男を\nうらんではおらん。	나도 그 사내를\n원망하지 않느니라。
C03773	SSS2/360:16ED	대사:00	1	お前にも、そんな時が\nくるかもしれん。	너에게도 그런 때가\n올지 모른다。
C03774	SSS2/360:170E	대사:00	1	その時は、どう動けばよいか　　\n自分でしっかりと考えるのじゃぞ。	그때는 어떻게 움직여야 할지　　\n스스로 잘 생각하거라。
C03775	SSS2/360:1739	대사:FD	1	はい、老師。	네、노사님。
C03776	SSS2/360:175B	대사:00	1	ワシは信じておる。	나는 믿고 있느니라。
C03777	SSS2/360:1769	대사:00	1	お前は、ワシの弟子の中で\n一番出来が良かったからな。	너는 내 제자 중에서\n가장 뛰어났으니까 말이다。
C03778	SSS2/360:17B2	안내:06	1	 {05:00}が、独り立ちし{0A} \n 自らの仙窟を作り始めた頃{0A} \n 民の間から、またも不安の声が\n \n あがり始めた。	 {05:00}이 독립해{0A} \n 자신의 선굴을 만들기 시작할 무렵{0A} \n 백성들 사이에서 또다시 불안의 목소리가\n \n 나오기 시작했다。
C03779	SSS2/360:17FB	안내:0A	1	 王蒼幻は民を説得したが、一部に\n \n 聞き入れぬ人達も存在した。	 왕 소겐은 백성을 설득했지만 일부\n \n 받아들이지 않는 사람들도 있었다。
C03780	SSS2/360:182E	안내:06	1	 彼らは、十数年前の勝負の時、洞仙を\n \n 殺しておかなかったから、こんどは\n \n 弟子まで、一緒に来てしまったでは\n \n ないかと言うのである。	 그들은 십수 년 전 승부 때 동선을\n \n 죽여 두지 않았으니까 이번엔\n \n 제자까지 함께 와 버린 게\n \n 아니냐는 것이었다。
C03781	SSS2/360:188C	안내:08	1	 王蒼幻は苦しい選択を迫られる事となった{09} \n また老師と戦うのか{07} \n そして弟子の事はどうすればよいのだ?	 왕 소겐은 괴로운 선택을 강요받게 되었다{09} \n 또 노사와 싸울 것인가{07} \n 그리고 제자는 어떻게 하면 좋은가?
C03782	SSS2/360:18D5	안내:06	1	 王蒼幻が一つの決断を下した時に\n \n 遅れる事、3日{09} \n {05:00}が老師の家へと\n \n やってきた。	 왕 소겐이 하나의 결단을 내린 지\n \n 사흘 늦게{09} \n {05:00}이 노사의 집으로\n \n 찾아왔다。
C03783	SSS2/360:198C	대사:FD	1	今日は、いいお酒が手に\n入ったからなぁ。	오늘은 좋은 술이\n들어왔으니까。
C03784	SSS2/360:19BD	대사:FD	1	老師、きっと\nよろこぶぞ!	노사님、분명\n기뻐하실 거야!
C03785	SSS2/360:19D7	대사:FD	1	老師、{05:00}です。	노사님、{05:00}입니다。
C03786	SSS2/360:1A04	대사:FD	1	老師、いないんですか?	노사님、안 계세요?
C03787	SSS2/360:1A30	대사:FD	1	入りますよ、老師。	들어갈게요、노사님。
C03788	SSS2/360:1AB6	대사:FD	1	どこにいるんですか?	어디 계세요?
C03789	SSS2/360:1AF1	대사:FD	1	老師ー。	노사님―。
C03790	SSS2/360:1B08	대사:FD	1	まさか、こんな所で寝て\nるんじゃないですよね?	설마 이런 데서 주무시고\n계신 건 아니죠?
C03791	SSS2/360:1B36	대사:FD	1	老師ー、隠れてないで\n出てきてくださいよ。	노사님―、숨지 말고\n나오세요。
C03792	SSS2/360:1B85	대사:FD	1	おかしいな{03:01}　{03:01}　{03:01}今日一日は\n家にいるって言ってたのに。	이상하네{03:01}　{03:01}　{03:01}오늘 하루는\n집에 계신다고 하셨는데。
C03793	SSS2/360:1BC5	대사:FD	1	また、ボケてどっか\n行ってるのかな　　	또 깜빡하시고 어디\n가신 건가　　
C03794	SSS2/360:1C1A	대사:FD	1	こ、この手紙は　　	이、이 편지는　　
C03795	SSS2/360:1C6D	글	1	老師との最後の勝負をつけねば\nならなくなりました。明後日{0A}決戦の場でお待ちしています{09}      \n        王 蒼幻	노사와 마지막 승부를 가려야만\n하게 되었습니다。모레{0A}결전의 장소에서 기다리겠습니다{09}      \n        왕 소겐
C03796	SSS2/360:1CCD	대사:FD	2	王蒼幻だと!	왕 소겐이라고!
C03797	SSS2/360:1CDC	대사:FD	1	あいつの仕業だったのか!	그 녀석 짓이었나!
C03798	SSS2/360:1D67	대사:FD	1	老師ーー!!	노사님――!!
C03799	SSS2/360:1D8E	대사:FD	1	とにかく、街に行って\n蒼幻の奴を探さないと!	아무튼 거리에 가서\n소겐 놈을 찾아야 해!
C03800	SSS2/360:1DF2	대사:FD	1	確か、この街に蒼幻がいるって\n前に老師が言ってたはずだ。	분명 이 거리에 소겐이 있다고\n전에 노사님이 말씀하셨어。
C03801	SSS2/360:1E2E	대사:FD	1	まずは、探りを入れてみるか。{00}	우선 탐색해 볼까。{00}
C03802	SSS2/361:B7	글	1	お客様ですか?	손님이신가요?
C03803	SSS2/361:CB	대사:FD	1	ど、どこにいるんだ!?	어、어디 있는 거야!?
C03804	SSS2/361:108	안내:01	1	私の体はめいそうにより\n現在、異世界にあります。	제 몸은 명상으로\n지금 이세계에 있습니다。
C03805	SSS2/361:12B	안내:01	1	意識の一部だけが、その場と\nつながっているだけなのです。	의식의 일부만 그 자리와\n이어져 있을 뿐입니다。
C03806	SSS2/361:152	대사:FD	2	ふん。	흥。
C03807	SSS2/361:159	대사:FD	1	さすがは、王蒼幻だな。	과연 왕 소겐이로군。
C03808	SSS2/361:16D	글	1	あなたもただ者では\nないようですね　　	당신도 보통 사람은\n아닌 모양이군요　　
C03809	SSS2/361:189	대사:FD	1	わかるか?	알겠어?
C03810	SSS2/361:194	안내:01	1	ええ　　その殺気と波動{0A}どうやら洞仙のようですね。	네　　그 살기와 파동{0A}아무래도 동선인 것 같군요。
C03811	SSS2/361:1BE	대사:FD	1	その通り!	그렇다!
C03812	SSS2/361:1C8	대사:FD	1	王蒼幻!お前に話がある!	왕 소겐!너한테 할 말이 있다!
C03813	SSS2/361:205	대사:FD	1	姿を現せ!	모습을 드러내라!
C03814	SSS2/361:212	안내:01	1	今すぐには無理です　　	지금 당장은 무리입니다　　
C03815	SSS2/361:22D	대사:FD	3	ふざけるな!	장난치지 마!
C03816	SSS2/361:239	안내:01	1	困りましたね　　	곤란하군요　　
C03817	SSS2/361:248	안내:01	1	では、私の下へいらっ\nしゃって頂けますか?	그럼 제가 있는 곳으로 와\n주시겠습니까?
C03818	SSS2/361:264	안내:01	1	ただし、貴方の精神が異界に\n耐える事が出来ればの話ですが。	단、당신의 정신이 이계를\n견딜 수 있다면 말입니다。
C03819	SSS2/361:297	대사:FD	1	おもしろい!	재미있군!
C03820	SSS2/361:2C9	대사:FD	1	どこへでも行ってやるぜ!	어디든 가 주지!
C03821	SSS2/361:2DC	글	1	　{03:01}　{03:01}　{03:01}　{03:01}では。	　{03:01}　{03:01}　{03:01}　{03:01}그럼。
C03822	SSS2/361:387	대사:00	1	帰って来てくれたのか!	돌아와 주었구나!
C03823	SSS2/361:3AA	대사:FD	1	は?人違いじゃないかな。	네?사람을 잘못 보신 것 같은데요。
C03824	SSS2/361:3BC	대사:00	1	そ、そんな　　	그、그럴 수가　　
C03825	SSS2/361:3D3	대사:00	1	いや　　	아니　　
C03826	SSS2/361:3DD	대사:00	1	あの子が旅立ったのは{0A}今から50年も昔　　	그 아이가 떠난 건{0A}지금으로부터 50년이나 전　　
C03827	SSS2/361:3FE	대사:00	1	生きていれば、もう老人か。	살아 있다면 벌써 노인이겠지。
C03828	SSS2/361:41C	대사:00	1	　　悪い事をしたな、旅の人。	　　미안하게 됐소、나그네여。
C03829	SSS2/361:434	대사:FD	1	その子ってのは?	그 아이라는 건?
C03830	SSS2/361:441	대사:00	1	わしの息子じゃ。	내 아들이오。
C03831	SSS2/361:44F	대사:00	1	そなたぐらいの頃に\n旅立ったきり　　	그대만 할 때\n떠난 뒤로　　
C03832	SSS2/361:48E	대사:00	1	　　旅の人?	　　나그네여?
C03833	SSS2/361:4ED	대사:FD	1	まぶしい。	눈부셔。
C03834	SSS2/361:4FB	대사:00	2	くすくすくす　　	킥킥킥　　
C03835	SSS2/361:50E	대사:FD	1	仙獣?	선수?
C03836	SSS2/361:531	대사:FD	1	何がおかしい!?	뭐가 우스워!?
C03837	SSS2/361:53E	대사:00	3	だって　　	그치만　　
C03838	SSS2/361:571	대사:00	1	貴方の顔には　　	당신 얼굴에는　　
C03839	SSS2/361:5EF	대사:00	1	もう、おしまいだわ　　	이젠 끝장이야　　
C03840	SSS2/361:61E	대사:00	1	洞仙が大地を\n死滅させたのよ!	동선이 대지를\n죽여 버렸어!
C03841	SSS2/361:63A	대사:00	1	この地で生活していた、私達は\nこれからどうすればいいの!	이 땅에서 살던 우리는\n이제 어쩌면 좋아!
C03842	SSS2/361:65F	대사:FD	2	洞仙が　　	동선이　　
C03843	SSS2/361:66F	대사:00	1	あっ、ごめんなさい。	앗、미안해요。
C03844	SSS2/361:67D	대사:00	1	こんな事、旅の人に言っても\n仕方のないことなのに　　	이런 말 나그네한테 해 봤자\n소용없는데　　
C03845	SSS2/361:721	대사:FD	1	湖?	호수?
C03846	SSS2/361:728	대사:00	1	命の重さを考えた事が\nあるか?　　若いの。	생명의 무게를 생각해 본 적이\n있나?　　젊은이。
C03847	SSS2/361:751	대사:00	1	拙者は、数え切れぬ\n程の男を切ってきた。	소인은 셀 수 없을\n만큼 많은 사내를 베어 왔소。
C03848	SSS2/361:770	대사:00	1	そしてわかった事は　　	그리고 깨달은 것은　　
C03849	SSS2/361:782	대사:00	1	名家の武士にも、街の平民にも　　\n死は平等におとずれると言う事実だ。	명문가 무사에게도 거리의 평민에게도　　\n죽음은 평등하게 찾아온다는 사실이오。
C03850	SSS2/361:7C0	대사:00	1	人は死から逃れる\n事はできない。	사람은 죽음에서 벗어날\n수 없소。
C03851	SSS2/361:7D8	대사:00	1	では、なぜ人は明日を生き\n続けようとするのだ?	그럼 어째서 사람은 내일을 계속\n살아가려 하는 것이오?
C03852	SSS2/361:801	대사:FD	1	さぁ、考えた\nこともないなぁ　　	글쎄、생각해 본\n적도 없는데　　
C03853	SSS2/361:890	대사:FD	2	花　　?	꽃　　?
C03854	SSS2/361:8A4	대사:00	2	キレイな花でしょ?	예쁜 꽃이지?
C03855	SSS2/361:8B2	대사:FD	1	う、うん。	으、응。
C03856	SSS2/361:8BE	대사:00	1	ココには、まだ花が咲くのよ。	여기엔 아직 꽃이 피어。
C03857	SSS2/361:8D2	대사:00	1	外は誰も住めない世界に\nなっちゃったのに　　	바깥은 아무도 못 사는 세상이\n돼 버렸는데　　
C03858	SSS2/361:8F6	대사:FD	2	な、なんだって!?	뭐、뭐라고!?
C03859	SSS2/361:903	대사:00	2	知らないの、お兄ちゃん?	몰라、오빠?
C03860	SSS2/361:915	대사:FD	1	あ、うん　　	아、응　　
C03861	SSS2/361:921	대사:00	2	それじゃ、お兄ちゃんは\n天空の人なの?	그럼 오빠는\n천공 사람이야?
C03862	SSS2/361:96D	대사:FD	1	いや、俺は　　	아니、나는　　
C03863	SSS2/361:97B	대사:00	1	だって、地上の人なら\nみんな知ってるはずよ。	그치만 지상 사람이라면\n다들 알 텐데。
C03864	SSS2/361:999	대사:00	1	あの事を知らないのは、地上に\n住んでいなかった人だけだって。	그 일을 모르는 건 지상에\n살지 않았던 사람뿐이래。
C03865	SSS2/361:9C1	대사:FD	2	あの事?	그 일?
C03866	SSS2/361:9CA	대사:00	2	ええ、あの事　　	응、그 일　　
C03867	SSS2/361:9FA	대사:00	1	お兄ちゃん、やっぱり\n天空の人だったんだ!	오빠、역시\n천공 사람이었구나!
C03868	SSS2/361:A69	영문	15	{05:00}!	
C03869	SSS2/361:A99	대사:0C	1	やっぱり、{05:00}だわ!	역시 {05:00}였어!
C03870	SSS2/361:AA7	대사:0C	1	やっと　　	드디어　　
C03871	SSS2/361:ABA	대사:0C	1	やっと、会えたのね。	드디어 만났구나。
C03872	SSS2/361:AC9	대사:0C	1	あれから、私ずっと一人\nぼっちだったのよ。	그 뒤로 나 계속 혼자\n외톨이였어。
C03873	SSS2/361:AEE	대사:FD	1	いや　　あの　　	아니　　저기　　
C03874	SSS2/361:B22	대사:0C	1	さみしかった　　でも{0A}もう一人じゃないのね。	외로웠어　　하지만{0A}이제 혼자가 아니구나。
C03875	SSS2/361:B40	대사:FD	1	あ、あの　　ごめん\n君が誰なのか――	저、저기　　미안\n네가 누군지――
C03876	SSS2/361:B79	대사:0C	1	{05:00}　　?	{05:00}　　?
C03877	SSS2/361:BBB	대사:0A	1	いかがでしたか?	어떠셨습니까?
C03878	SSS2/361:BC7	대사:FD	1	一体俺が見てきたのは\nなんだったんだ?	대체 내가 본 건\n뭐였지?
C03879	SSS2/361:BE2	대사:0A	1	平行世界ですよ。	평행세계입니다。
C03880	SSS2/361:BF2	대사:FD	1	平行世界?	평행세계?
C03881	SSS2/361:BFF	대사:0A	1	我々の世界とつながっているようで\nつながっていない世界。	우리 세계와 이어져 있는 듯\n이어져 있지 않은 세계。
C03882	SSS2/361:C25	대사:0A	1	しかし、完全に独立して\nいるわけでもない　　	하지만 완전히 독립해\n있는 것도 아닌　　
C03883	SSS2/361:C4E	대사:0A	1	まぁいいでしょう。	뭐、됐습니다。
C03884	SSS2/361:C5B	대사:0A	1	所で、私になんの\n御用ですか?	그런데 제게 무슨\n볼일이십니까?
C03885	SSS2/361:C77	대사:FD	1	老師との勝負の事を\n直接、聞きたいんだ!	노사님과의 승부에 대해\n직접 듣고 싶어!
C03886	SSS2/361:C9B	대사:0A	5	なるほど。	그렇군요。
C03887	SSS2/361:CCC	대사:0A	1	貴方の波動には、何か覚えが\nあると思ったんですが　　\n老師の御弟子さんでしたか。	당신의 파동은 어딘가 낯이\n익다 싶었는데　　\n노사님의 제자분이셨군요。
C03888	SSS2/361:D06	대사:0A	1	では、話さない訳には\nいきませんね。	그렇다면 말하지 않을\n수 없겠군요。
C03889	SSS2/361:D1E	대사:0A	1	今から十数年前　　私は\n老師と戦っているのです。	지금으로부터 십수 년 전　　저는\n노사님과 싸웠습니다。
C03890	SSS2/361:D45	대사:0A	1	勝負は私が勝ち、老師には\n10年はこの地に戻らない\n約束をしてもらいました。	승부는 제가 이겼고、노사님께는\n10년간 이 땅에 돌아오지 않겠다는\n약속을 받았습니다。
C03891	SSS2/361:D7A	대사:0A	1	その間、私は出来うる限り{0A}洞仙に対する民の備見を\n改善しようと努力してきました。	그동안 저는 할 수 있는 한{0A}동선에 대한 백성의 편견을\n고치려고 노력해 왔습니다。
C03892	SSS2/361:DB5	대사:0A	1	ですが、あなたの老師のような\n善良な洞仙は少ないのです。	하지만 당신의 노사님 같은\n선량한 동선은 적습니다。
C03893	SSS2/361:DDC	대사:0A	1	中には、大地を死滅させて\nしまう洞仙もいるのです。	개중에는 대지를 죽여\n버리는 동선도 있습니다。
C03894	SSS2/361:E0D	대사:0A	1	老師や貴方が、その様な事を\nするとは私は思ってません。	노사님이나 당신이 그런 짓을\n하리라고 저는 생각하지 않습니다。
C03895	SSS2/361:E48	대사:0A	1	ですが、民は違うのです。	하지만 백성은 다릅니다。
C03896	SSS2/361:E5A	대사:0A	1	力を有するあなた方が\nいつ豹変するか解らない。	힘을 가진 당신들이\n언제 돌변할지 모른다。
C03897	SSS2/361:E8F	대사:0A	1	民達は、恐れているのです。	백성들은 두려워하는 겁니다。
C03898	SSS2/361:EA8	대사:FD	1	それで、老師は\nどうなったんだ!?	그래서 노사님은\n어떻게 됐어!?
C03899	SSS2/361:EBF	대사:0A	1	勝負は公平な条件のもと\n神聖に行われました。	승부는 공정한 조건 아래\n신성하게 치러졌습니다。
C03900	SSS2/361:EE2	대사:FD	1	で　　?	그래서　　?
C03901	SSS2/361:EF5	대사:0A	1	あなたが勝負を望むなら\nお受けしましょう。	당신이 승부를 원한다면\n받아들이겠습니다。
C03902	SSS2/361:F12	대사:0A	1	私には、その義務がある。	제게는 그럴 의무가 있습니다。
C03903	SSS2/361:F33	대사:FD	1	俺の仙窟に来てもらう!	내 선굴로 와 줘야겠어!
C03904	SSS2/361:F73	대사:FD	1	そこで、老師の仇を取る!	거기서 노사님의 원수를 갚는다!
C03905	SSS2/361:F96	대사:0A	1	勝負は、公平な条件のもと\n神聖に行いました{09}結果は、あなたの知ってる通りです。	승부는 공정한 조건 아래\n신성하게 치렀습니다{09}결과는 당신이 아는 대로입니다。
C03906	SSS2/361:FD7	대사:FD	1	ならば、今度は俺が相手だ。	그럼 이번엔 내가 상대다。
C03907	SSS2/361:FED	대사:0A	1	あなたが勝負を望むのならば{0A}お受けします{09}私には、その義務がある。	당신이 승부를 원한다면{0A}받아들이겠습니다{09}제게는 그럴 의무가 있습니다。
C03908	SSS2/361:1019	대사:FD	1	俺の仙窟に来てもらう{09}そこで、老師の仇を取る!	내 선굴로 와 줘야겠어{09}거기서 노사님의 원수를 갚는다!
C03909	SSS2/361:103C	대사:0A	1	わかりました{09}では、戻りましょう。	알겠습니다{09}그럼 돌아가지요。
C03910	SSS2/361:10B2	대사:00	1	真剣勝負に情けをかけるほど\n私は、甘くはないですよ。	진검 승부에 자비를 베풀 만큼\n저는 무르지 않습니다。
C03911	SSS2/361:10D7	대사:00	1	その覚悟は出来て\nいるのでしょうね?	그 각오는 되어\n있겠지요?
C03912	SSS2/361:10F1	대사:FD	1	あたりまえだ!	당연하지!
C03913	SSS2/361:116C	글	1	私の神殿で騒ぎを起こした\nのは、あなたですね。	제 신전에서 소란을 일으킨\n건 당신이군요。
C03914	SSS2/361:118E	대사:FD	1	その通りだ!	그렇다!
C03915	SSS2/361:1199	대사:FD	1	出てこい!王蒼幻!	나와라!왕 소겐!
C03916	SSS2/361:11AC	글	1	私の大切な人達を殺した罪{0A}つぐなってもらいますよ!	제 소중한 사람들을 죽인 죄{0A}갚아 주셔야겠습니다!
C03917	SSS2/361:11F4	대사:FD	1	お前が王蒼幻か!	네가 왕 소겐이냐!
C03918	SSS2/361:1204	대사:FD	1	老師の仇を\nとらせてもらう!	노사님의 원수를\n갚겠다!
C03919	SSS2/361:1219	대사:0A	1	私も、あなたに殺された人達の\n仇を取る義務があります!	저도 당신에게 죽은 사람들의\n원수를 갚을 의무가 있습니다!
C03920	SSS2/361:1240	대사:FD	1	なら、話は早い。	그럼 얘기가 빠르군。
C03921	SSS2/361:124E	대사:0A	1	そのようですね!	그런 것 같군요!
C03922	SSS2/361:12B7	대사:01	1	では、まいりますよ!	그럼 갑니다!
C03923	SSS2/361:12E3	대사:01	1	やりますね{09}でも、勝負はこれからですよ!	제법이군요{09}하지만 승부는 지금부터입니다!
C03924	SSS2/362:3E2	대사:00	3	だ、だめー!!!	아、안 돼――!!!
C03925	SSS2/362:48E	글	3	大変でしたね{09}徴力ですが僕の力を貸しましょう{p}あなたに大地の加護が\nありますように	힘드셨죠{09}미력하지만 제 힘을 빌려 드릴게요{p}당신에게 대지의 가호가\n있기를
C03926	SSS2/364:26	대사:FD	1	この奥に魔鏡がある\nかもしれない　　	이 안쪽에 마경이 있을지도\n몰라　　
C03927	SSS2/364:92	대사:03	1	この地にも、拙者より\n強き者はいなかった。	이 땅에도 소인보다\n강한 자는 없었소。
C03928	SSS2/364:B0	대사:03	1	かくなる上は、この地に来ている\nという洞仙とやらにでも、戦いを\n挑んでみるか。	이리 된 이상 이 땅에 와 있다는\n동선이란 자에게라도 싸움을\n걸어 볼까。
C03929	SSS2/364:E6	대사:03	1	あの洞仙とやら、はたして\n言うだけの事があるかどうか　　	그 동선이란 자、과연\n말한 만큼의 실력이 있는지　　
C03930	SSS2/364:10C	대사:03	1	拙者の剣で確かめてくれるわ。	소인의 검으로 확인해 주리다。
C03931	SSS2/364:18D	대사:F9	2	さて、噂の洞仙とやらは\nどこにいるのやら。	자、소문의 동선이란 자는\n어디 있는지。
C03932	SSS2/364:1BE	대사:F9	1	ここか?	여기인가?
C03933	SSS2/364:1DE	대사:F9	1	なんの　　	뭘　　
C03934	SSS2/364:1E9	대사:F9	1	これしきでまいる\n拙者ではないわ!	이 정도로 쓰러질\n소인이 아니오!
C03935	SSS2/364:27B	대사:00	1	おまえは、あの時の!	너는 그때의!
C03936	SSS2/364:292	대사:FD	3	あんたは　　	당신은　　
C03937	SSS2/364:2AF	대사:00	1	お主が、洞仙であったか　　	그대가 동선이었구려　　
C03938	SSS2/364:2C8	대사:FD	1	何をしに来た。	뭐 하러 왔지。
C03939	SSS2/364:2FD	대사:00	1	強い奴と戦う為だ!	강한 자와 싸우기 위해서요!
C03940	SSS2/364:30E	대사:00	1	街では、まんまとだまされたが\n洞仙と知った以上、そうはいかん。	거리에서는 감쪽같이 속았지만\n동선인 걸 안 이상 그렇게는 안 되오。
C03941	SSS2/364:33C	대사:00	1	いざ、じんじょうに勝負!	자、정정당당히 승부!
C03942	SSS2/364:34E	대사:FD	1	わかったよ!	알았어!
C03943	SSS2/364:369	대사:00	1	街での勝負を\nつけにまいった。	거리에서의 승부를\n가리러 왔소。
C03944	SSS2/364:382	대사:FD	1	のぞむところだ!	바라던 바다!
C03945	SSS2/364:3E5	대사:00	1	武士に情けは無用。	무사에게 자비는 필요 없소。
C03946	SSS2/364:3F7	대사:00	1	切れ　　	베시오　　
C03947	SSS2/364:405	대사:FD	1	命まで奪う気はない。	목숨까지 빼앗을 생각은 없어。
C03948	SSS2/364:421	대사:FD	1	王蒼幻との闘いの時\nこいつがいてくれれば\n心強いんだがな　　	왕 소겐과 싸울 때\n이 녀석이 있어 주면\n든든할 텐데　　
C03949	SSS2/364:457	글	1	かわりに頼みがある\n何処へでも行け	대신 부탁이 있다\n어디든 가라
C03950	SSS2/364:47C	대사:00	1	頼みだと?	부탁이라고?
C03951	SSS2/364:486	대사:FD	1	そうだ　　	그래　　
C03952	SSS2/364:491	대사:00	1	訳ありのようだな{09}話を聞こうか　　	사연이 있는 모양이구려{09}이야기를 들어 보지　　
C03953	SSS2/364:4B4	대사:FD	1	俺の老師は、王蒼幻に殺された。	내 노사님은 왕 소겐에게 살해당했어。
C03954	SSS2/364:4D8	대사:FD	1	その敵を打ちたいのだが　　	그 원수를 갚고 싶은데　　
C03955	SSS2/364:4F5	대사:FD	1	今の俺の力では、とうてい\n奴には勝てるはずもない。	지금 내 힘으로는 도저히\n그놈을 이길 수 없어。
C03956	SSS2/364:525	대사:00	1	それで俺の力が\n必要なのだな。	그래서 내 힘이\n필요한 거로군。
C03957	SSS2/364:54D	대사:00	1	俺も蒼幻とは、前々から\n戦ってみたかったところだ。	나도 소겐과는 전부터\n싸워 보고 싶었소。
C03958	SSS2/364:570	대사:FD	1	じゃぁ　　	그럼　　
C03959	SSS2/364:5AF	대사:00	1	およばずながら\n助太刀いたす。	미력하나마\n돕겠소。
C03960	SSS2/364:5CD	대사:FD	1	恩にきるぜ!	은혜는 잊지 않을게!
C03961	SSS2/364:5FA	안내:08	2	捜神と行動を共にする事になった。	소신과 행동을 함께하게 되었다。
C03962	SSS2/364:63B	대사:FD	1	お前など、俺の眼中にはない{09}俺には倒すべき敵がいるのだ!	너 따위는 내 안중에 없어{09}나에겐 쓰러뜨려야 할 적이 있다!
C03963	SSS2/364:66B	대사:00	1	誰だ?その男は　　	누구요?그 사내는　　
C03964	SSS2/364:67C	대사:FD	1	王蒼幻。	왕 소겐。
C03965	SSS2/364:699	대사:00	1	だが、あいつは理由もない\n戦いは絶対にしない奴だぞ?	하지만 그자는 이유 없는\n싸움은 절대 안 하는 자요?
C03966	SSS2/364:6C2	대사:FD	1	俺には理由がある。	나에겐 이유가 있어。
C03967	SSS2/364:6DC	대사:FD	1	あいつは!	그 녀석은!
C03968	SSS2/364:6ED	대사:FD	1	あいつは{03:01}　{03:01}　{03:01}　	그 녀석은{03:01}　{03:01}　{03:01}　
C03969	SSS2/364:713	대사:FD	1	老師の敵だ!	노사님의 원수다!
C03970	SSS2/364:729	대사:00	1	　　そうか。	　　그렇소。
C03971	SSS2/364:735	대사:00	1	確かに拙者の出る幕は\nなさそうだな　　	확실히 소인이 나설 자리는\n없는 듯하구려　　
C03972	SSS2/364:76F	대사:00	1	　　さらばだ。	　　잘 있으시오。
C03973	SSS2/364:8A4	안내:0F	1	{05:00}は捜神に敗れた{09}老師の敵はとれず、志半ばにして倒れた\n彼の無念を知る者はいない　　	{05:00}은 소신에게 패했다{09}노사의 원수를 갚지 못하고 뜻을 이루지 못한 채 쓰러졌다\n그의 원통함을 아는 이는 없다　　
C03974	SSS2/365:26	대사:FD	1	この奥もあやしいな　　	이 안쪽도 수상한데　　
C03975	SSS2/365:44	검증필요	1	ぜ{07}だ4{p}っ{00}	
C03976	SSS2/365:99	대사:04	1	このあたりね、新しい仙窟が\n出来たって場所は　　	이 근처네、새 선굴이\n생겼다는 곳이　　
C03977	SSS2/365:BE	대사:04	1	洞仙が、どんな奴か知らないけど\nあたしが倒してあげるわ!	동선이 어떤 놈인지 모르지만\n내가 쓰러뜨려 주겠어!
C03978	SSS2/365:146	대사:F9	2	ここが仙窟か　　汚らわしい。	여기가 선굴이구나　　더러워。
C03979	SSS2/365:172	대사:F9	3	ここね!	여기구나!
C03980	SSS2/365:192	대사:F9	13	くっ　　	큭　　
C03981	SSS2/365:19C	대사:F9	1	これぐらいで、やられる\nわけにはいかないわ!	이 정도로 당할 수는\n없어!
C03982	SSS2/365:231	대사:01	1	あんたが、洞仙かい。	당신이 동선이야。
C03983	SSS2/365:244	대사:FD	2	そうだ。	그래。
C03984	SSS2/365:24C	대사:01	3	そう　　	그래　　
C03985	SSS2/365:256	대사:01	1	父の仇　　今こそ\n取らせてもらうわ!	아버지의 원수　　지금이야말로\n갚겠어!
C03986	SSS2/365:282	대사:01	1	あ、あんたが洞仙だったの!?	다、당신이 동선이었어!?
C03987	SSS2/365:2C1	대사:FD	1	知らなかったのか?	몰랐어?
C03988	SSS2/365:2D7	대사:01	1	そうと知ってれば{0A}街で殺していたわ!	그런 줄 알았으면{0A}거리에서 죽였을 거야!
C03989	SSS2/365:2F0	대사:01	1	洞仙は、父の敵なのよ!	동선은 아버지의 원수야!
C03990	SSS2/365:311	대사:FD	1	ちょっと待て!	잠깐 기다려!
C03991	SSS2/365:31D	대사:FD	1	俺は、君の親父さんを\n殺した記憶はないぞ!	난 너희 아버지를\n죽인 기억이 없어!
C03992	SSS2/365:345	대사:01	1	誰も、あんたに殺された\nとは言ってないわ　　	아무도 당신이 죽였다고는\n안 했어　　
C03993	SSS2/365:378	대사:01	1	名前も知らない洞仙に\n殺されたのよ!!	이름도 모르는 동선에게\n살해당했어!!
C03994	SSS2/365:39E	대사:FD	1	それって逆恨みって\n言わないか　　?	그건 엉뚱한 화풀이라고\n하지 않나　　?
C03995	SSS2/365:3B9	대사:01	1	違うわよ。	아니야。
C03996	SSS2/365:3C8	대사:FD	1	どこが!?	어디가!?
C03997	SSS2/365:3D1	대사:01	1	この世の全ての洞仙を\n殺せば父の敵がとれるわ。	이 세상 모든 동선을\n죽이면 아버지의 원수를 갚을 수 있어。
C03998	SSS2/365:3FB	대사:01	1	だから、逆恨みじゃ\nないのよ!	그러니까 엉뚱한 화풀이가\n아니야!
C03999	SSS2/365:418	대사:FD	1	そんな、ムチャな\n理屈が通るか!!	그런 말도 안 되는\n논리가 통할까 보냐!!
C04000	SSS2/365:433	대사:01	1	無理が通れば道理が\n引っ込むのよ!!	억지가 통하면 도리는\n들어가는 법이야!!
C04001	SSS2/365:450	대사:01	1	父の敵!	아버지의 원수!
C04002	SSS2/365:482	대사:01	1	覚悟なさい!	각오해!
C04003	SSS2/365:4B5	대사:FD	1	悪いが、俺の勝ちだな　　	미안하지만 내가 이겼군　　
C04004	SSS2/365:4F5	대사:01	1	　　私をどうする気?	　　나를 어쩔 셈이야?
C04005	SSS2/365:510	글	1	別にどうする気もない\n俺の仲間にならないか?	딱히 어쩔 생각 없어\n내 동료가 되지 않을래?
C04006	SSS2/365:533	대사:FD	1	好きにしな　　	마음대로 해　　
C04007	SSS2/365:541	대사:01	1	情けをかけたつもり?	동정해 준 셈이야?
C04008	SSS2/365:550	대사:01	1	でも、私の洞仙に対する\n復讐心は変わらないわよ!	하지만 동선에 대한 내\n복수심은 변하지 않아!
C04009	SSS2/365:577	대사:FD	1	その気持ちは\nわかるつもりだ。	그 마음은\n알 것 같아。
C04010	SSS2/365:58C	대사:FD	1	俺も、老師を　　	나도 노사님을　　
C04011	SSS2/365:59D	대사:01	2	あんた　　	당신　　
C04012	SSS2/365:5B1	대사:01	1	めんどうかけたね。	폐를 끼쳤네。
C04013	SSS2/365:5D0	대사:FD	1	俺の仲間にならないか?	내 동료가 되지 않을래?
C04014	SSS2/365:5EB	대사:FD	1	あんたぐらいの実力があれば\n一流の洞仙になれるぜ。	당신 정도 실력이면\n일류 동선이 될 수 있어。
C04015	SSS2/365:60E	대사:01	1	高く評価してくれるのは\nうれしいけど、私が洞仙に\nなんてなれるわけがないわ　　	높이 평가해 주는 건\n기쁘지만 내가 동선이\n될 수 있을 리 없잖아　　
C04016	SSS2/365:641	대사:FD	1	それもそうか。	그도 그렇군。
C04017	SSS2/365:655	대사:FD	1	さぁ、帰りな。	자、돌아가。
C04018	SSS2/365:668	대사:FD	1	不要な殺生はしない。	불필요한 살생은 안 해。
C04019	SSS2/365:685	대사:FD	1	ただし、次に俺の命を\n狙ったら容赦しないよ。	단、다음에 또 내 목숨을\n노리면 용서 안 해。
C04020	SSS2/365:6A5	대사:01	7	わかったわ。	알았어。
C04021	SSS2/365:7D3	안내:0F	1	   {05:00}は明紅に敗れた{09} 老師の敵はとれず、志半ばにして倒れた\n   彼の無念を知る者はいない　　。	   {05:00}은 메이홍에게 패했다{09} 노사의 원수를 갚지 못하고 뜻을 이루지 못한 채 쓰러졌다\n   그의 원통함을 아는 이는 없다　　。
C04022	SSS2/366:21	대사:FD	1	宝箱だ!	보물상자다!
C04023	SSS2/366:39	안내:07	1	{05:00}が宝箱を発見した\n \nまさにその瞬間、洞天福国では\n \n切り札とも言える男が動いた。	{05:00}이 보물상자를 발견한\n \n바로 그 순간、동천복국에서는\n \n비장의 카드라 할 만한 사내가 움직였다。
C04024	SSS2/366:B3	대사:00	1	仙窟へ遠征した我が軍は\n全滅したもようです!	선굴로 원정 간 우리 군은\n전멸한 모양입니다!
C04025	SSS2/366:106	대사:11	1	なんだって!	뭐라고!
C04026	SSS2/366:110	대사:04	1	うーむ　　	으음　　
C04027	SSS2/366:11B	대사:12	1	まさか、それ程の\n強敵だったとは。	설마 그 정도의\n강적이었을 줄이야。
C04028	SSS2/366:133	대사:04	1	こうなったら、私が\n行くしかあるまい。	이렇게 된 이상 내가\n갈 수밖에 없겠군。
C04029	SSS2/366:14F	대사:14	1	では{03:01}　{03:01}　{03:01}　	그럼{03:01}　{03:01}　{03:01}　
C04030	SSS2/366:164	대사:00	1	ついに鳳凰を召喚\nするのですね!	드디어 봉황을 소환\n하시는 거군요!
C04031	SSS2/366:1C3	대사:00	1	やったー!	해냈다―!
C04032	SSS2/366:1F4	대사:00	1	これで洞仙も\n終わりですね!	이걸로 동선도\n끝이네요!
C04033	SSS2/366:209	대사:04	1	うむ、では行ってくるぞ!	음、그럼 다녀오마!
C04034	SSS2/366:266	대사:00	1	これで、洞仙なんて\nいちころだぜっ!!	이걸로 동선 따윈\n한 방이지!!
C04035	SSS2/366:2F1	대사:FD	1	な、なんだ、お前は!?	뭐、뭐야、넌!?
C04036	SSS2/366:301	대사:00	2	ふふふ　　	후후후　　
C04037	SSS2/366:311	대사:00	1	ついに、この日が来た!	드디어 이날이 왔다!
C04038	SSS2/366:34A	대사:00	1	我が鳳凰の力を\n知らしめる時が!	나의 봉황의 힘을\n알릴 때가!
C04039	SSS2/366:38F	대사:FD	1	鳳凰だと?	봉황이라고?
C04040	SSS2/366:3A2	대사:FD	1	一体何の事だ!	대체 무슨 소리야!
C04041	SSS2/366:3F9	대사:00	1	こう言う事だ!	이런 거다!
C04042	SSS2/366:53F	검증필요	1	ギZ{0A}づズ{00}	
C04043	SSS2/366:58D	대사:FD	1	こ、ここは?	여、여긴?
C04044	SSS2/366:5D0	대사:00	1	我が、鳳凰の間だ。	나의 봉황의 방이다。
C04045	SSS2/366:5E7	대사:FD	1	なんだと?	뭐라고?
C04046	SSS2/366:5F0	대사:00	1	そして、お前の墓場と\nなる場所だ!	그리고 네 무덤이\n될 곳이다!
C04047	SSS2/366:632	대사:FD	1	たいした自信だな。	대단한 자신감이군。
C04048	SSS2/366:646	대사:FD	1	だが、お前に俺が\n倒せるかな?	하지만 네가 나를\n쓰러뜨릴 수 있을까?
C04049	SSS2/366:65C	대사:00	1	戦うのは私じゃない。	싸우는 건 내가 아니다。
C04050	SSS2/366:66F	대사:FD	1	　　どういう事だ?	　　무슨 뜻이지?
C04051	SSS2/366:67F	대사:00	1	こういう事さ{03:01}　{03:01}　{03:01}　{03:01}　	이런 뜻이지{03:01}　{03:01}　{03:01}　{03:01}　
C04052	SSS2/366:6C2	대사:00	1	鳳凰召喚!	봉황 소환!
C04053	SSS2/366:847	대사:FD	1	くっそぉ　　	젠자앙　　
C04054	SSS2/366:87B	대사:FD	1	やりやがったな\nあの魔導師め!	해 버렸구나\n그 마도사 놈!
C04055	SSS2/366:896	대사:FD	1	とっちめてやる!	혼내 주겠어!
C04056	SSS2/366:8A2	대사:FD	7	飛天功!!	비천공!!
C04057	SSS2/366:919	안내:0F	1	   {05:00}は鳳凰に敗れた{09} 老師の敵はとれず、志半ばにして倒れた\n   彼の無念を知る者はいない　　。	   {05:00}은 봉황에게 패했다{09} 노사의 원수를 갚지 못하고 뜻을 이루지 못한 채 쓰러졌다\n   그의 원통함을 아는 이는 없다　　。
C04058	SSS2/366:99A	대사:0B	2	なっ!!	뭣!!
C04059	SSS2/366:9CA	대사:0B	1	まさかっ!	설마!
C04060	SSS2/366:A16	대사:0B	1	信じられん　　	믿을 수 없다　　
C04061	SSS2/366:A24	대사:0B	1	あの、鳳凰すらをも\n破るというのか　　	그 봉황마저\n깨뜨린단 말인가　　
C04062	SSS2/366:A68	대사:FD	1	残念だったな!	안됐군!
C04063	SSS2/366:A75	대사:FD	1	さっきのお礼は、タップリと\nさせてもらうぜ!	아까 받은 건 톡톡히\n갚아 주마!
C04064	SSS2/366:A94	대사:0B	2	だまらっしゃい!	닥쳐라!
C04065	SSS2/366:AA0	대사:0B	1	私とて、魔導師のはしくれ{09}オメオメとやられはせん!	나도 명색이 마도사{09}호락호락 당하지는 않는다!
C04066	SSS2/366:AF9	대사:FD	1	なかなか、手強い奴だったな　　	꽤 만만치 않은 녀석이었어　　
C04067	SSS2/366:B11	대사:FD	1	だが、そろそろ洞天福国も\n兵力が尽きてくるはず。	하지만 슬슬 동천복국도\n병력이 바닥날 거야。
C04068	SSS2/366:B34	대사:FD	1	王蒼幻が来るのも近いな　　	왕 소겐이 올 때가 머지않았군　　
C04069	SSS2/367:70	글	1	王蒼幻と戦うのか?	왕 소겐과 싸울 셈이냐?
C04070	SSS2/367:89	대사:FD	1	そうだ!{p}奴の力は絶大だ。{p}おまえ一人の力で勝つ事は\nまず無理だな。	그렇다!{p}녀석의 힘은 막대하다。{p}너 혼자의 힘으로 이기는 건\n우선 무리겠지。
C04071	SSS2/367:EC	대사:FD	1	なら、どうすればいい?{p}この龍穴炉を囲む\n四方の陣、すなわち　　	그럼 어떻게 하면 돼?{p}이 용혈로를 둘러싼\n사방의 진、즉　　
C04072	SSS2/367:11B	글	1	蒼龍の陣!	창룡의 진!
C04073	SSS2/367:139	검증필요	1	Mぢ{04:F8}グ{0A}{05:00}な{00}	
C04074	SSS2/367:147	글	1	朱雀の陣!	주작의 진!
C04075	SSS2/367:165	검증필요	1	Mぢ{05:F8}グ{0A}{05:00}な{00}	
C04076	SSS2/367:173	글	1	白虎の陣!	백호의 진!
C04077	SSS2/367:191	검증필요	1	Mぢ\nググ{0A}{05:00}な{00}	
C04078	SSS2/367:19F	글	1	玄武の陣!	현무의 진!
C04079	SSS2/367:1BD	검증필요	1	Mぢ{07}ググ{0A}{05:00}な{00}	
C04080	SSS2/367:1D4	글	1	これらの陣に対応する\n4つの魔鏡をセットし、{p}龍穴炉に20000のエネルギーを\n注ぎこめば、蒼幻に痛恨の一撃を与える\nワナとなるだろう　　	이 진들에 대응하는\n4개의 마경을 놓고、{p}용혈로에 20000의 에너지를\n부으면 소겐에게 통한의 일격을 가할\n함정이 될 것이다　　
C04081	SSS2/367:22F	대사:FD	1	4つの魔鏡に{0A}20000のエネルギーか。{p}そうだ。{p}4つの魔鏡は、この仙窟の\nどこかに眠っている。	4개의 마경과{0A}20000의 에너지라。{p}그렇다。{p}4개의 마경은 이 선굴\n어딘가에 잠들어 있다。
C04082	SSS2/367:270	대사:FD	1	よし!{p}いいか、4つの魔鏡と\n20000のエネルギー{0A}忘れるな{p}また、この仙窟では龍脈の関係で\nこれ以上、生産部屋を作る事が出来ない。{p}生産部屋は、この龍穴炉を中心とする\n東西南北の4つだけだ。{p}この4つの生産部屋だけは\n死守するのだぞ　　	좋아!{p}알겠느냐、4개의 마경과\n20000의 에너지{0A}잊지 마라{p}또 이 선굴에서는 용맥 관계로\n더 이상 생산 방을 만들 수 없다。{p}생산 방은 이 용혈로를 중심으로 한\n동서남북의 4개뿐이다。{p}이 4개의 생산 방만은\n사수하거라　　
C04083	SSS2/369:1F	글	1	次へ\n王蒼幻とのかいわ\nVS捜神（地上）\nVS捜神（ダンジョン）	다음\n왕 소겐과의 대화\nVS소신(지상)\nVS소신(던전)
C04084	SSS2/369:57	글	1	次へ\nVS明紅（地上）\nVS明紅（ダンジョン）\nVSイザナギ（地上）	다음\nVS메이홍(지상)\nVS메이홍(던전)\nVS이자나기(지상)
C04085	SSS2/369:90	글	1	次へ\nVSイザナギ（ダンジョン）\nVSまどーし1（地上）\nVSまどーし2（ダンジョン）	다음\nVS이자나기(던전)\nVS마도사1(지상)\nVS마도사2(던전)
C04086	SSS2/369:CB	글	1	戻る\n階段部屋2\n階段部屋3	돌아가기\n계단 방2\n계단 방3
C04087	SSS2/370:2A	대사:FD	1	これで、全ての\n魔鏡がそろった。	이걸로 모든\n마경이 모였다。
C04088	SSS2/370:41	대사:FD	1	あとは、龍穴炉にセットして\nエネルギーを入れるだけだ!{00}	이제 용혈로에 놓고\n에너지를 넣기만 하면 돼!{00}
C04089	SSS2/370:6D	안내:08	2	仙窟に戻りますか?	선굴로 돌아가겠습니까?
C04090	SSS2/370:88	글	2	戻る\n探索を続ける	돌아간다\n탐색을 계속한다
C04091	SSS4/036:5E	대사:FD	1	おい!しっかりしろ	어이!정신 차려
C04092	SSS4/036:77	대사:FC	1	あの邪精達が、やったのかな?	저 사정들이 한 걸까?
C04093	SSS4/036:8C	대사:FD	1	違うな。	아니야。
C04094	SSS4/036:A1	대사:FC	1	イザナギがやったの?	이자나기가 한 거야?
C04095	SSS4/036:AF	대사:FD	1	おそらく{00}	아마도{00}
C04096	SSS4/036:102	대사:FC	1	邪精よ!!	사정이야!!
C04097	SSS4/036:119	대사:FD	1	なんだろう?{00}	뭘까?{00}
C04098	SSS4/036:137	대사:FD	1	また来たぞ!!	또 왔다!!
C04099	SSS4/036:199	대사:FC	1	なにか、あわてているみたいね。	뭔가 허둥대는 것 같아。
C04100	SSS4/036:1B5	대사:FC	1	でもどうして、襲って\nこないのかしら?	그런데 왜 덮쳐\n오지 않는 걸까?
C04101	SSS4/037:27	대사:FD	1	こっちには、進めないみたいだな。	이쪽으로는 못 가는 것 같군。
C04102	SSS4/038:50	대사:FD	1	ここは、いったい!?	여긴 대체!?
C04103	SSS4/038:68	대사:FE	1	なんか静かな場所ね。	왠지 조용한 곳이네。
C04104	SSS4/038:7E	대사:FD	1	静かすぎるよ。	너무 조용해。
C04105	SSS4/038:A7	대사:FC	1	この場所　　、負のエネルギーに\n満ちてるわ。	이곳　　、음의 에너지로\n가득해。
C04106	SSS4/038:CA	대사:FE	1	負のエネルギー	음의 에너지
C04107	SSS4/038:D9	대사:FE	1	それじゃあ、ホントに死者の国なの?	그럼 정말 죽은 자의 나라야?
C04108	SSS4/038:F4	대사:FD	1	そうかも知れない　　	그럴지도 몰라　　
C04109	SSS4/038:108	대사:FC	1	{05:00}どうするの?	{05:00} 어떻게 할 거야?
C04110	SSS4/038:114	대사:FD	1	この地のどこかに陽気を\n奪ってる物があるはずなんだ!	이 땅 어딘가에 양기를\n빼앗는 게 있을 거야!
C04111	SSS4/038:137	대사:FD	1	そいつを何とかしないと{0A}大地は蘇らないと思うんだ!	그걸 어떻게든 하지 않으면{0A}대지는 되살아나지 않을 거야!
C04112	SSS4/038:15C	대사:FC	1	でも　　　　	하지만　　　　
C04113	SSS4/038:175	대사:FE	1	行きましょう、{05:00}!	가자、{05:00}!
C04114	SSS4/038:187	대사:FD	1	君も一緒に行くの?	너도 같이 가게?
C04115	SSS4/038:19B	대사:FE	2	もちろん!	물론이지!
C04116	SSS4/038:1AE	대사:FC	1	私もつきあうつもりだけど。	나도 같이 갈 생각인데。
C04117	SSS4/038:1C3	대사:FD	1	この先どんな危険があるかも\n知れないんだぜ!	이 앞에 어떤 위험이 있을지\n모른다고!
C04118	SSS4/038:1E4	대사:FE	1	それでも、かまわないわ。	그래도 상관없어。
C04119	SSS4/038:1FC	대사:FD	6	わかった。	알았어。
C04120	SSS4/038:205	대사:FD	1	でも、本当に危なくなって来たら\n二人とも引きかえすんだぞ!	하지만 정말 위험해지면\n둘 다 되돌아가는 거야!
C04121	SSS4/038:238	대사:FE	1	{05:00}もね	{05:00}도
C04122	SSS4/038:246	대사:FC	1	約束よ!	약속이야!
C04123	SSS4/038:25E	대사:FD	1	よし、行くぞ!	좋아、가자!
C04124	SSS4/040:43	검증필요	1	{05:34}{p}\nY{p}{07}ミ{p}{08}づ{p}ゾお{07}Qえて{00}	
C04125	SSS4/041:C4	검증필요	1	お{07}Qほぜ{00}	
C04126	SSS4/041:4F4	대사:FD	1	この石は、何だろう?	이 돌은 뭘까?
C04127	SSS4/041:50B	대사:FD	1	これも、なんか意味ありげ\nだな　　{00}	이것도 뭔가 의미심장\n한데　　{00}
C04128	SSS4/041:531	대사:FD	1	こういうのは{0A}壊したくなるんだよな。	이런 건{0A}부수고 싶어진단 말이지。
C04129	SSS4/041:548	대사:FD	1	どうやって壊そうかな?	어떻게 부술까?
C04130	SSS4/041:7E4	대사:FD	1	これが封印の扉か?	이게 봉인의 문인가?
C04131	SSS4/041:82C	대사:FD	1	ふう、さすがに開かないか。	휴우、역시 안 열리나。
C04132	SSS4/041:84E	대사:FD	1	封印をこじ開けなきゃならない\n場合、やっぱり解封呪だよな。	봉인을 억지로 열어야 하는\n경우엔 역시 해봉주지。
C04133	SSS4/041:886	대사:FC	1	解封呪を使うには、龍穴炉に陽気を\n満たす必要が、あるんでしたよね。	해봉주를 쓰려면 용혈로를 양기로\n채워야 했죠。
C04134	SSS4/041:8BA	대사:FD	2	そうだよ!	맞아!
C04135	SSS4/041:8C3	대사:FD	1	それじゃあ、龍穴炉を探しに\n行こうか!!	그럼 용혈로를 찾으러\n가 볼까!!
C04136	SSS4/041:942	대사:00	1	これが冥界を守る門ですか?	이것이 명계를 지키는 문입니까?
C04137	SSS4/041:999	대사:FD	1	誰だ?	누구냐?
C04138	SSS4/041:9A4	대사:00	1	私の名は、イザナギ。	제 이름은 이자나기。
C04139	SSS4/041:9B4	대사:00	1	貴方は?	당신은?
C04140	SSS4/041:9D3	대사:FD	1	俺は、洞仙の{05:00}	나는 동선 {05:00}
C04141	SSS4/041:9E2	대사:00	1	悪名高い、洞仙ですか　　	악명 높은 동선이로군요　　
C04142	SSS4/041:A02	대사:FD	1	お前、こんな所で何を\nしているんだ?	너、이런 데서 뭘\n하고 있는 거야?
C04143	SSS4/041:A1B	대사:00	1	お前とは、失礼な人ですね{09}私の名はイザナギです。	너라니、무례한 분이군요{09}제 이름은 이자나기입니다。
C04144	SSS4/041:A3D	대사:00	1	私は、冥界の入口を捜して\nいるのです。	저는 명계의 입구를 찾고\n있습니다。
C04145	SSS4/041:A5A	대사:FD	1	冥界の入口?	명계의 입구?
C04146	SSS4/041:A92	대사:FD	1	冥界って死者の国の事だろ?	명계라면 죽은 자의 나라잖아?
C04147	SSS4/041:ABF	대사:FD	1	そんな物は、ここにはないぜ!!	그런 건 여기 없어!!
C04148	SSS4/041:AD3	대사:00	1	隠しても無駄ですよ。	숨겨도 소용없습니다。
C04149	SSS4/041:AE4	대사:00	1	その後ろにある扉は、なんですか。	그 뒤에 있는 문은 뭡니까。
C04150	SSS4/041:B02	대사:FD	1	これか!	이거!
C04151	SSS4/041:B11	대사:FD	1	龍脈の陽気が、この奥に流れ\n込んでいるらしいんだ。	용맥의 양기가 이 안쪽으로 흘러\n들어가는 모양이야。
C04152	SSS4/041:B38	대사:FD	1	何があるかは、わからないけど　　\n死者の国なんて事は無いと思うぜ!	뭐가 있는지는 모르지만　　\n죽은 자의 나라 같은 건 아닐 거야!
C04153	SSS4/041:B66	대사:00	1	確かめもせずに、よく\n言い切れますね。	확인도 안 하고 잘도\n단언하시는군요。
C04154	SSS4/041:B8C	대사:FC	1	そんな事は日常茶飯事ですよ!	그런 건 일상다반사예요!
C04155	SSS4/041:BAA	대사:FD	1	余計な事、言うなよ!	쓸데없는 말 하지 마!
C04156	SSS4/041:BBF	대사:FC	3	ハイハイ	네네
C04157	SSS4/041:BCD	대사:00	1	もっとも、確かめたくても扉を開く\n事が、出来ない様ですけどね。	하긴 확인하고 싶어도 문을 열\n수가 없는 모양이지만요。
C04158	SSS4/041:BFA	대사:FD	1	今はね。	지금은 말이야。
C04159	SSS4/041:C03	대사:00	1	そうですか　　	그렇습니까　　
C04160	SSS4/041:C13	대사:00	1	では、私がその扉、開けて\nみせましょう。	그럼 제가 그 문을 열어\n보이지요。
C04161	SSS4/041:C2E	대사:00	1	そこを退いて、いただけ\nますか?	거기서 비켜 주시\n겠습니까?
C04162	SSS4/041:C4C	대사:FC	1	洞仙様が出来ないのに、あなたに\n開けられる訳ないでしょ?	동선님도 못 하는 걸 당신이\n열 수 있을 리 없잖아요?
C04163	SSS4/041:C8A	대사:FD	1	ていねいな口調だけど、退かないと{0A}仕掛けてくるんだろうな。	정중한 말투지만 안 비키면{0A}덤벼들겠지。
C04164	SSS4/041:CC0	글	1	退いてやる\nことわる	비켜 준다\n거절한다
C04165	SSS4/041:CD6	대사:FD	1	開けられるって言うなら\n退いてやるけどさ。	열 수 있다면\n비켜 주겠지만。
C04166	SSS4/041:D0C	대사:FD	1	ホントに開けられるの?	정말 열 수 있어?
C04167	SSS4/041:D28	대사:00	1	やってみなくては{0A}わかりませんよ。	해 보지 않고는{0A}모르지요。
C04168	SSS4/041:D61	대사:00	1	駄目ですか　　	안 되겠습니까　　
C04169	SSS4/041:D77	대사:00	1	あなたなら開ける事が\n出来るのですか?	당신이라면 열 수\n있습니까?
C04170	SSS4/041:D98	대사:FD	1	洞仙に不可能はないぜ!	동선에게 불가능은 없어!
C04171	SSS4/041:DBE	대사:FD	1	それより、どうして扉の向うが\n冥界だって思っているんだ?	그보다 왜 문 너머가\n명계라고 생각하는 거야?
C04172	SSS4/041:DF0	대사:00	1	私は、冥界に続く道を探して\n長い旅をしていました。	저는 명계로 이어지는 길을 찾아\n긴 여행을 해 왔습니다。
C04173	SSS4/041:E15	대사:00	1	そこで、封印の大地の下に\nそれが在るという確かな\n情報を得たのです。	그러다 봉인의 대지 밑에\n그것이 있다는 확실한\n정보를 얻었습니다。
C04174	SSS4/041:E54	대사:00	1	そして、この扉の前に\nたどり着いたのです。	그리고 이 문 앞에\n다다른 것입니다。
C04175	SSS4/041:E73	대사:FD	1	でも、俺には、この向うに\nそんな場所が在るなんて\n信じられないな。	하지만 난 이 너머에\n그런 곳이 있다는 게\n믿기지 않아。
C04176	SSS4/041:E9E	대사:00	1	それは、扉を開き、確かめて\nみないとわかりません。	그건 문을 열고 확인해\n봐야 알 일입니다。
C04177	SSS4/041:EC6	대사:FD	1	部屋神様は、俺を誘った奴等は{0A}扉の奥から来たって言ってたな。	방신님은 나를 꾀어낸 놈들이{0A}문 안쪽에서 왔다고 했지。
C04178	SSS4/041:EF7	대사:FD	1	もし、この向うが冥界だとしたら\n俺は死者の国から呼ばれた事に\nなるんだよな　　	만약 이 너머가 명계라면\n나는 죽은 자의 나라에서 불려 온\n셈이 되는구나　　
C04179	SSS4/041:F32	대사:FD	1	恐いから考えるのは\n止めよう　　	무서우니까 생각하는 건\n그만두자　　
C04180	SSS4/041:F55	대사:FD	1	ところで、なぜ冥界なんかに\n行きたいんだ?	그런데 왜 명계 같은 데\n가고 싶은 거야?
C04181	SSS4/041:F74	대사:FD	1	冥界って死者の国だろ。	명계는 죽은 자의 나라잖아。
C04182	SSS4/041:F98	대사:FD	1	人に言えない事情って、訳か。	남에게 말 못 할 사정이란 건가。
C04183	SSS4/041:FAF	대사:FD	1	ともかく、いくら俺が洞仙でも{0A}今すぐにここを開ける事は\n出来ないんだ。	아무튼 아무리 내가 동선이라도{0A}지금 당장 여기를 열 수는\n없어。
C04184	SSS4/041:FEB	대사:00	1	それでは、私は出直し\nますよ。	그럼 저는 다시\n오겠습니다。
C04185	SSS4/041:101A	대사:FD	1	出直すか　　	다시 온다라　　
C04186	SSS4/041:1028	대사:FD	1	彼は、味方なんだろうか{07}それとも　　	그는 아군일까{07}아니면　　
C04187	SSS4/041:1057	대사:FC	1	いやみったらしくて、信用出来ない\n人間ですね。	비아냥거리기만 하고 못 믿을\n인간이네요。
C04188	SSS4/041:108A	대사:FC	1	それをキミが言う!	그걸 네가 말하냐!
C04189	SSS4/041:10A8	대사:FD	1	いやだね!!	싫어!!
C04190	SSS4/041:10BE	검증필요	4	メぱゼぱゾつ{00}	
C04191	SSS4/041:10ED	대사:00	1	強いですね!	강하군요!
C04192	SSS4/041:10F8	대사:00	1	洞仙が、ここまで強力な術を使う\nとは、知りませんでしたよ。	동선이 이렇게 강력한 술법을 쓰는\n줄은 몰랐습니다。
C04193	SSS4/041:1125	대사:FD	2	まだやるかい?	아직 할 거야?
C04194	SSS4/041:1130	대사:00	1	今回は、私の負けです。	이번엔 제가 졌습니다。
C04195	SSS4/041:119A	대사:FD	1	何処に行ったんだ?	어디 간 거지?
C04196	SSS4/041:11C6	대사:00	1	しばらくそこで寝ていて\n下さい。	잠시 거기서 주무시고\n계십시오。
C04197	SSS4/041:11EB	대사:00	1	これが冥界への扉ですか!	이것이 명계로 가는 문입니까!
C04198	SSS4/041:1217	대사:00	1	私の術では開かない　{03:01}　{03:01}　{03:01}ようですね。	제 술법으로는 안 열리는　{03:01}　{03:01}　{03:01}모양이군요。
C04199	SSS4/041:123E	대사:00	1	洞仙　　　　か?	동선　　　　인가?
C04200	SSS4/041:1250	대사:00	1	賭けてみますか。	걸어 볼까요。
C04201	SSS4/041:1279	대사:FD	1	う{03:06}う{03:05}ぅ{03:04}　{03:03}　{03:02}　	으{03:06}으{03:05}윽{03:04}　{03:03}　{03:02}　
C04202	SSS4/041:1293	대사:FD	1	なんて奴だ!!{00}	정말 지독한 놈이군!!{00}
C04203	SSS4/041:12FE	안내:0A	1	 岩盤に変化が生じ、龍穴炉に\n \nつながる階段部屋が出現しました	 암반에 변화가 생겨 용혈로로\n \n이어지는 계단 방이 나타났습니다
C04204	SSS4/041:14A7	안내:08	2	扉は封印されています{09} \n解封呪を使いますか?	문은 봉인되어 있습니다{09} \n해봉주를 쓰겠습니까?
C04205	SSS4/041:14CF	글	2	解封呪を使わない\n解封呪を使う{00}	해봉주를 쓰지 않는다\n해봉주를 쓴다{00}
C04206	SSS4/041:1504	대사:FD	1	解封呪って、龍脈が蘇らないと\n使えないんだっけ!	해봉주는 용맥이 되살아나야\n쓸 수 있었지!
C04207	SSS4/042:93	검증필요	1	{05:6C}{p}\nぬ{p}{07}コ{p}{08}が{p}ゾお{07}Sノオ{00}	
C04208	SSS4/042:2C6	안내:0C	1	俺を呼ぶのは誰だ!!	나를 부르는 건 누구냐!!
C04209	SSS4/042:2E7	글	1	俺を閉じこめたのはおまえか!{08}ここに閉じこめられてしまったのです{09}うるさい!!	나를 가둔 게 너냐!{08}여기 갇혀 버렸습니다{09}시끄러워!!
C04210	SSS4/042:316	대사:FD	1	俺を閉じこめたのはおまえか!!{00}	나를 가둔 게 너냐!!{00}
C04211	SSS4/042:32B	대사:FD	1	ここに閉じこめられてしまったのです。{00}	여기 갇혀 버렸습니다。{00}
C04212	SSS4/042:342	대사:FD	1	うるさい!!	시끄러워!!
C04213	SSS4/042:B0E	대사:FD	2	なんだろう、この石像?	뭘까、이 석상?
C04214	SSS4/042:B1F	대사:FD	1	何かの罠かも知れない　　	뭔가의 함정일지도 몰라　　
C04215	SSS4/042:B76	대사:FC	1	だめよ!	안 돼!
C04216	SSS4/042:B81	대사:FC	1	もしかしたら呪いにかかった\n人間かも知れないのに!	어쩌면 저주에 걸린\n인간일지도 모르잖아!
C04217	SSS4/042:BA5	대사:FD	2	人間?	인간?
C04218	SSS4/042:BB1	대사:FD	1	そう言われてみると\nよくできてるなぁ	그렇게 말하니\n정말 잘 만들었네
C04219	SSS4/042:BD1	대사:FD	1	ん{03:01}、{03:01}この娘、何処かで見た\n事があるような‥‥	응{03:01}、{03:01}이 아가씨、어디선가 본\n적이 있는 것 같은데‥‥
C04220	SSS4/042:BF6	대사:FD	1	いったい何処だったっけ‥‥‥	대체 어디였더라‥‥‥
C04221	SSS4/042:C18	대사:FC	1	へーっ、{05:00}って\nこういう子が好きなの	흐―응、{05:00}는\n이런 애가 좋구나
C04222	SSS4/042:C66	대사:FD	1	いや～♡そういう訳じゃ\nないんだけどね。	아니～♡그런 건\n아닌데。
C04223	SSS4/042:C9C	대사:FC	1	とりあえず石化解除の呪文を\n唱えましょう。	일단 석화 해제 주문을\n외워 보자。
C04224	SSS4/042:CD1	대사:FC	1	えぃ!!	에잇!!
C04225	SSS4/042:D25	대사:FC	1	だめだわ。	안 되네。
C04226	SSS4/042:D33	대사:FC	1	この石像、人間だとしたらかなり\n特殊な封印がされていると思うの。	이 석상、인간이라면 꽤\n특수한 봉인이 걸려 있는 것 같아。
C04227	SSS4/042:D74	대사:FD	1	特殊な封印か。	특수한 봉인이라。
C04228	SSS4/042:D83	대사:FD	1	解除するには?	해제하려면?
C04229	SSS4/042:D93	대사:FC	1	部屋の壁なんかに封印を守る物が\n埋めこまれてたりするかもね。	방 벽 같은 데 봉인을 지키는 게\n박혀 있을지도 몰라。
C04230	SSS4/042:DEC	대사:FD	1	部屋の壁ねえ。	방 벽이라。
C04231	SSS4/042:E04	대사:FD	1	様子、変わらずか。	상태는 변함없나。
C04232	SSS4/042:EEE	글	1	扉の向うには、冥界への\n道があるはずです。	문 너머에는 명계로 가는\n길이 있을 겁니다。
C04233	SSS4/042:F14	글	1	遅かったですね、{05:00}。	늦었군요、{05:00}。
C04234	SSS4/042:F27	대사:FD	1	イザナギいつのまに　　{p}どうやら、冥界の入口は\nこの奥のようですね。	이자나기 언제 여기에　　{p}아무래도 명계의 입구는\n이 안쪽인 것 같군요。
C04235	SSS4/042:F60	대사:FD	1	また扉があるのか。	또 문이 있는 건가。
C04236	SSS4/042:F71	글	1	今度は私にまかせて下さい。	이번엔 제게 맡겨 주십시오。
C04237	SSS4/042:F93	대사:FC	1	この人は?	이 사람은?
C04238	SSS4/042:FA7	대사:FD	1	彼はイザナギ。なんでも冥界への\n道を探しているそうだ。	그는 이자나기。듣자니 명계로 가는\n길을 찾고 있대。
C04239	SSS4/042:FD5	대사:FC	1	じゃあ、陽気が枯れているのって\nその冥界って所に関係があるの?	그럼 양기가 마른 게\n그 명계라는 곳과 관계있는 거야?
C04240	SSS4/042:1001	글	1	それは、ありうる話でしょう。	그건 있을 법한 이야기지요。
C04241	SSS4/042:1020	대사:FD	1	そんな事は、ないと思うけど　　	그럴 리는 없을 것 같은데　　
C04242	SSS4/042:103F	글	1	どうでしょう、この扉は私に\n任せてもらえませんか?	어떻습니까、이 문은 제게\n맡겨 주시지 않겠습니까?
C04243	SSS4/042:1062	대사:FD	1	力まかせで開くんだったら苦労は\nしないんだけどね。	힘으로 열리는 거라면 고생은\n안 하겠지만。
C04244	SSS4/042:10C0	검증필요	1	ゴ8{p}メゴ9{p}メあユあユあユぼ2{00}	
C04245	SSS4/042:10E2	글	1	どうやらこの扉も私の力では\nあかないようです。	아무래도 이 문도 제 힘으로는\n안 열리는 것 같군요。
C04246	SSS4/042:1155	대사:28	2	なんでしょう?	뭘까요?
C04247	SSS4/042:11E3	대사:FD	2	部屋神様	방신님
C04248	SSS4/042:1219	대사:28	1	{05:00}の仲間ですか?	{05:00}의 동료입니까?
C04249	SSS4/042:1232	대사:FD	1	五行と大地を司る部屋神様だよ!	오행과 대지를 다스리는 방신님이야!
C04250	SSS4/042:1258	대사:28	1	土地神ですか‥‥‥	토지신입니까‥‥‥
C04251	SSS4/042:1277	글	1	どうやら、この奥に龍脈の陽気が\n流れ込んでいるようです。	아무래도 이 안쪽으로 용맥의 양기가\n흘러들어 가는 것 같습니다。
C04252	SSS4/042:12A1	대사:FD	1	また、扉のむこうですか　　{p}この扉は、先ほどの扉より強力な\n封印が施されています。{p}ですから解封呪を使わなければ\n開かないでしょう。	또 문 너머인가요　　{p}이 문엔 아까 문보다 강력한\n봉인이 걸려 있습니다。{p}그러니 해봉주를 쓰지 않으면\n안 열릴 것입니다。
C04253	SSS4/042:12FA	대사:FD	1	任せて下さい!{p}{05:00}、あなたの活躍を\n信じます。	맡겨 주세요!{p}{05:00}、당신의 활약을\n믿습니다。
C04254	SSS4/042:134A	대사:28	1	つまり、この封印を破るには\nあなたに手を貸すのが近道の様ですね。	즉 이 봉인을 깨려면\n당신에게 힘을 보태는 게 지름길인 것 같군요。
C04255	SSS4/042:137C	대사:FD	1	俺の仲間になるのか?	내 동료가 되는 거야?
C04256	SSS4/042:138D	대사:28	1	ええ、あなたの目的がこの封印を\n破る事なら、	네、당신의 목적이 이 봉인을\n깨는 것이라면、
C04257	SSS4/042:13B0	대사:28	1	協力した方が効率がいいでしょう。	협력하는 편이 효율적이겠지요。
C04258	SSS4/042:13C9	대사:FD	1	目的が同じうちは協力するって事か。	목적이 같은 동안은 협력한다는 건가。
C04259	SSS4/042:13E7	대사:FD	1	まあ、いいだろう。	뭐、좋아。
C04260	SSS4/042:1411	안내:0C	1	イザナギが仲間になりました。	이자나기가 동료가 되었습니다。
C04261	SSS4/042:1448	대사:FD	1	なんだか、おかしな事に\nなっちゃったな。	왠지 이상하게\n돼 버렸네。
C04262	SSS4/042:1461	대사:FD	1	でも、まっいいか!	그래도 뭐 됐나!
C04263	SSS4/042:1472	대사:28	1	消えてしまった。	사라져 버렸다。
C04264	SSS4/042:148E	대사:FC	1	洞仙様とにかく、龍穴炉に\n陽気を入れましょう。	동선님 아무튼 용혈로에\n양기를 넣어요。
C04265	SSS4/042:166A	대사:FD	1	解封呪って、龍脈が蘇らないと\n使えないんだっけ!{00}	해봉주는 용맥이 되살아나야\n쓸 수 있었지!{00}
C04266	SSS4/043:A0	검증필요	1	{p}{05:1C}{p}ゾぴフ{p}お{07}Qえヒ{00}	
C04267	SSS4/043:1F2	대사:FD	1	龍脈の陽気が、この向うで\n奪われているのか!	용맥의 양기가 이 너머에서\n빼앗기고 있는 건가!
C04268	SSS4/043:229	대사:FC	1	これが、封印の扉?	이게 봉인의 문?
C04269	SSS4/043:24B	대사:FC	1	じゃあ、この奥に大地の陽気を\n奪う何かがあるのね。	그럼 이 안쪽에 대지의 양기를\n빼앗는 뭔가가 있구나。
C04270	SSS4/043:26F	대사:FD	1	ご明答!	정답!
C04271	SSS4/043:279	대사:FC	1	それなら封印、解いちゃいましょう!	그럼 봉인을 풀어 버리자!
C04272	SSS4/043:297	대사:FD	1	それじゃあ、解封呪を使うよ	그럼 해봉주를 쓸게
C04273	SSS4/043:4C1	대사:FD	1	やっと解封呪を使えそうだな。	드디어 해봉주를 쓸 수 있겠군。
C04274	SSS4/043:4D7	대사:FD	1	しかし、この先に何があるんだろう。	그런데 이 앞에 뭐가 있을까。
C04275	SSS4/043:511	대사:FD	2	イザナギ	이자나기
C04276	SSS4/043:586	대사:FC	1	ところで、この人\n{05:00}の知り合い?	그런데 이 사람\n{05:00}의 아는 사람?
C04277	SSS4/043:5A7	대사:FD	2	イザナギ!!	이자나기!!
C04278	SSS4/043:5B4	대사:08	1	封印をはずす準備をして\nいただけたのですね。	봉인을 풀 준비를 해\n주셨군요。
C04279	SSS4/043:5D2	대사:08	1	私の為に!	저를 위해!
C04280	SSS4/043:5E0	대사:FD	1	おめーのためじゃないぜ!!	너를 위해서가 아니야!!
C04281	SSS4/043:5F4	대사:08	1	この状態なら私でも簡単に\n扉を開ける事が出来そうですね	이 상태라면 저라도 쉽게\n문을 열 수 있겠군요
C04282	SSS4/043:623	대사:FD	1	俺がそれを黙ってみてると\n思っているのか!	내가 그걸 가만히 보고만 있을\n거라 생각해!
C04283	SSS4/043:63F	대사:08	1	おや、まだこりていないのですね{09}今度は手加滅しませんよ!	오、아직 정신 못 차렸군요{09}이번엔 봐주지 않겠습니다!
C04284	SSS4/043:6A9	대사:FD	1	封印が外れかけている。	봉인이 풀려 가고 있어。
C04285	SSS4/043:6C8	대사:FC	1	ここが例の扉!?	여기가 그 문!?
C04286	SSS4/043:6D6	대사:FD	1	そう、これが封印された扉。	그래、이게 봉인된 문。
C04287	SSS4/043:6EA	대사:FC	1	部屋神様が言ってた様に\n封印は、弱まっているの?	방신님이 말한 대로\n봉인이 약해져 있어?
C04288	SSS4/043:712	대사:FD	1	うん、これならすぐに\n開きそうだ!	응、이거라면 금방\n열릴 것 같아!
C04289	SSS4/043:76F	대사:FD	1	出やがったな!	나왔구나!
C04290	SSS4/043:7A0	대사:FC	1	この子達はもしかして、お友達?	이 애들 혹시 친구?
C04291	SSS4/043:7BA	대사:FD	1	あいにく、邪精に友達は\nいなくてね。	공교롭게도 사정 중엔 친구가\n없어서 말이야。
C04292	SSS4/043:7E8	대사:FC	1	それじゃあ、手加滅は無用ね♡	그럼 봐줄 필요 없겠네♡
C04293	SSS4/043:800	검증필요	1	メぱゼぱゾいR『{00}	
C04294	SSS4/043:81C	대사:FD	1	まだいるのか!	아직 있는 거야!
C04295	SSS4/043:837	대사:FC	1	手ごたえの無い子達ね。	손맛이 없는 애들이네。
C04296	SSS4/043:8A2	대사:FD	1	邪精ごときにやられて\nたまるか!	사정 따위한테 당할\n수는 없지!
C04297	SSS4/043:8ED	대사:FD	6	ふう	휴우
C04298	SSS4/043:90B	대사:FC	1	これで終わりの様ね。	이걸로 끝인 것 같네。
C04299	SSS4/043:923	대사:FD	1	さて扉の奥には何があるのかな?	자、문 안쪽엔 뭐가 있을까?
C04300	SSS4/043:973	대사:FD	1	邪精か!!	사정인가!!
C04301	SSS4/043:98C	대사:FD	1	むっ!!	음!!
C04302	SSS4/043:9AE	대사:FC	1	なによ!このモンスター!!	뭐야!이 몬스터!!
C04303	SSS4/043:9BF	대사:FC	1	これもあなたの友達?	이것도 당신 친구?
C04304	SSS4/043:9D2	대사:FD	1	こいつらは、知り合いじゃない。	이놈들은 아는 사이가 아니야。
C04305	SSS4/043:9E9	대사:FC	1	じゃあ、手加滅無用ね。	그럼 봐줄 필요 없겠네。
C04306	SSS4/043:9FD	검증필요	2	メぱゼぱゾ{00}	
C04307	SSS4/043:A15	대사:FD	1	数が、多いな!!	수가 많군!!
C04308	SSS4/043:A25	대사:FC	1	この程度のレベルなら楽勝よ!	이 정도 레벨이면 식은 죽 먹기야!
C04309	SSS4/043:A47	대사:FD	1	くそっ!!	젠장!!
C04310	SSS4/043:A64	대사:FC	1	私は、まだまだ平気よ!!	난 아직 끄떡없어!!
C04311	SSS4/043:A86	대사:FD	1	きりがないぜ!!	끝이 없잖아!!
C04312	SSS4/043:AA9	대사:FC	1	たしかにこの子たち少し\nしつこいわね!!	확실히 이 애들 좀\n끈질기네!!
C04313	SSS4/043:B0C	대사:FD	1	ここは、冥界って場所じゃ\nなさそうだな!	여긴 명계라는 곳은\n아닌 것 같군!
C04314	SSS4/043:B33	대사:FD	1	こいつが龍脈のエネルギーを\n奪っているのか?	이 녀석이 용맥의 에너지를\n빼앗고 있는 건가?
C04315	SSS4/043:B5C	대사:FC	1	たしかに、何かのエネルギーが\n流れ込んでいる様ね。	확실히 뭔가의 에너지가\n흘러들어 가고 있는 것 같아。
C04316	SSS4/043:B7D	대사:FC	1	でも、ここの入口もそうだったけど\n誰が地下にこんな仕掛けを作ったの\nかしら?	그런데 여기 입구도 그랬지만\n누가 지하에 이런 장치를 만든\n걸까?
C04317	SSS4/043:BBB	대사:FD	1	さーね、	글쎄、
C04318	SSS4/043:BC9	대사:FD	1	誰が作ったかは知らないけど\nこいつが龍脈の陽気を奪ってるのは\n間違いないんだ。	누가 만들었는지는 몰라도\n이 녀석이 용맥의 양기를 빼앗는 건\n틀림없어。
C04319	SSS4/043:C28	대사:FC	1	もしかして壊しちゃうの	혹시 부숴 버릴 거야
C04320	SSS4/043:C56	대사:FC	1	このキラキラした所が、弱点かしら?	이 반짝반짝한 곳이 약점일까?
C04321	SSS4/043:C77	대사:FD	1	でも、ホントにこれが、陽気を\n奪っていたのかな?	그런데 정말 이게 양기를\n빼앗고 있었던 걸까?
C04322	SSS4/043:CC5	대사:FD	1	動いているのか!!	움직이고 있는 건가!!
C04323	SSS4/043:E98	글	1	やはり、あなたの仕業で\nしたか{05:00}。	역시 당신 짓이었\n군요 {05:00}。
C04324	SSS4/043:EB8	대사:FD	1	封印の効力が弱まっているのか?{p}ええ、そのようです。{p}でも、私の力では開きませんでした。{p}やはり、この扉を開ける事はあなたに\nしか出来ないようですね。	봉인의 효력이 약해진 건가?{p}네、그런 것 같습니다。{p}하지만 제 힘으로는 안 열렸습니다。{p}역시 이 문을 여는 건 당신만\n할 수 있는 것 같군요。
C04325	SSS4/043:F1D	글	1	これで、封印を破る事が\n出来るのですね。	이걸로 봉인을 깰 수\n있겠군요。
C04326	SSS4/043:F3B	대사:FD	2	多分ね。	아마도。
C04327	SSS4/043:F4F	글	1	封印を外しましょう。	봉인을 풉시다。
C04328	SSS4/043:F95	대사:FD	1	なぜだ、イザナギ　　　　	왜지、이자나기　　　　
C04329	SSS4/043:FA9	대사:0E	1	冥界には私一人で行かねば　　\n　　ならなかったのです。	명계에는 저 혼자 가야\n　　했던 겁니다。
C04330	SSS4/043:1014	대사:FD	1	冥界への道か	명계로 가는 길이라
C04331	SSS4/043:1021	대사:FD	1	死者の国へ行ってどうする\nつもりだったんだ　　　　	죽은 자의 나라에 가서 어쩔\n셈이었던 거지　　　　
C04332	SSS4/043:105C	대사:FC	1	イザナミって、誰だったんだろうね。	이자나미가 누구였을까。
C04333	SSS4/043:10A9	대사:FC	1	この向こうって本当に死者の国なの?	이 너머가 정말 죽은 자의 나라야?
C04334	SSS4/043:10C4	대사:FD	1	それを今から確かめるのさ。	그걸 지금부터 확인하는 거야。
C04335	SSS4/043:10E1	대사:FD	6	封印よ	봉인이여
C04336	SSS4/043:115B	대사:FD	5	消し飛べ!!	날아가라!!
C04337	SSS4/043:138B	대사:FD	1	空気が重い　　	공기가 무거워　　
C04338	SSS4/043:139B	대사:FD	1	でも、冥界って所じゃない\nみたいだな。	그래도 명계라는 곳은 아닌\n것 같군。
C04339	SSS4/043:13CA	대사:FC	1	なにかしらあれ?	저게 뭘까?
C04340	SSS4/043:13DE	대사:FD	2	わからない。	모르겠어。
C04341	SSS4/043:1422	안내:06	1	準備は出来たのですか?	준비는 되셨습니까?
C04342	SSS4/043:1440	글	1	いつでもいいぜ\nもうすこし考えさせてくれ	언제든지 좋아\n좀 더 생각하게 해 줘
C04343	SSS4/043:145D	대사:FD	1	いつでもいいぜ	언제든지 좋아
C04344	SSS4/043:146E	대사:FD	1	もうすこし考えさせてくれ	좀 더 생각하게 해 줘
C04345	SSS4/043:148A	안내:06	1	     わかりました\n \n準備が出来たら、もう一度来て下さい	     알겠습니다\n \n준비가 되면 다시 와 주십시오
C04346	SSS4/043:1524	검증필요	4	べGてス{00}	
C04347	SSS4/043:159C	안내:06	1	 その程度の攻撃では\n \n私はびくともしませんよ	 그 정도 공격으로는\n \n저는 꿈쩍도 안 합니다
C04348	SSS4/043:15E6	안내:06	1	これに耐える事は、出来ないでしょう。	이걸 견딜 수는 없을 것입니다。
C04349	SSS4/043:160F	안내:06	1	なるほど、人とは思えぬ強さですね。	과연、사람이라고는 생각할 수 없는 강함이군요。
C04350	SSS4/043:17B7	안내:06	1	しかし、今の攻撃であなたの\n \n パターンは読めました	하지만 방금 공격으로 당신의\n \n 패턴은 읽었습니다
C04351	SSS4/043:180B	안내:04	1	蘇りなさい!!	되살아나라!!
C04352	SSS4/043:1836	안내:04	1	まだまだですよ!!	아직 멀었습니다!!
C04353	SSS4/053:EA	글	1	あなたたちも人の姿なのね。	당신들도 사람 모습이구나。
C04354	SSS4/053:100	대사:FD	1	俺達の前に人が来なかったかい?	우리보다 먼저 누가 오지 않았어?
C04355	SSS4/053:11B	대사:FE	1	あなたと同じような、かみの\n色してた人よ	당신과 비슷한 머리\n색을 한 사람이야
C04356	SSS4/053:13B	글	1	男の人ならこの上に行ったわ{0A}何かを捜してるふうだったわ。	남자라면 이 위로 갔어{0A}뭔가를 찾는 것 같았어。
C04357	SSS4/053:16B	대사:FE	1	やっぱり{p}　　　　{p}貴方たち、もしかして地上から来たの	역시{p}　　　　{p}당신들 혹시 지상에서 왔어
C04358	SSS4/053:196	대사:FE	2	ええ、そうよ	응、맞아
C04359	SSS4/053:1A1	글	1	たいへん、すぐ引き返した方が\nいいわよ!	큰일이야、당장 되돌아가는 게\n좋아!
C04360	SSS4/053:1BD	글	1	ここは、命のある者がいては\nいけない場所よ。	여긴 생명 있는 자가 있으면\n안 되는 곳이야。
C04361	SSS4/053:1E4	대사:FC	1	命ある者がいると、どうなるの?{p}命ある者が、ここの空気を吸って\nいると地上に戻れなくなっちゃうの{p}それに番人に見つかったら大変よ!	생명 있는 자가 있으면 어떻게 돼?{p}생명 있는 자가 여기 공기를 마시고\n있으면 지상으로 못 돌아가게 돼{p}게다가 파수꾼한테 들키면 큰일이야!
C04362	SSS4/053:2C0	대사:29	1	ここまで追って来たのですか。	여기까지 쫓아오셨습니까。
C04363	SSS4/053:308	대사:FD	1	さっきは、よくもやってくれたな!	아까는 잘도 해 줬겠다!
C04364	SSS4/053:31C	대사:29	1	巻き込みたくなかったから\n仕方なくああしたんですよ!	끌어들이고 싶지 않아서\n어쩔 수 없이 그런 겁니다!
C04365	SSS4/053:347	대사:FC	1	{05:00}、それどころじゃ\nないでしょ、何がおきたの?	{05:00}、그럴 때가\n아니잖아、무슨 일이야?
C04366	SSS4/053:370	대사:29	1	番人に見つかってしまって。	파수꾼에게 들켜 버려서。
C04367	SSS4/053:390	대사:29	1	あなたがたも、早くここから\n出た方がいい。	당신들도 어서 여기서\n나가는 게 좋습니다。
C04368	SSS4/053:3B8	대사:FD	1	勝手な事ばかり言って!	멋대로 말만 하고!
C04369	SSS4/053:3E1	대사:FE	1	ねえ、なにかしらあれ?	저기、저게 뭘까?
C04370	SSS4/053:418	대사:FD	1	なんだあの黒い影は?	뭐지 저 검은 그림자는?
C04371	SSS4/053:42B	대사:29	1	あれが、番人です。	저게 파수꾼입니다。
C04372	SSS4/053:443	대사:29	1	冥界に迷いこんだ命ある者を\n狩るのが、アレの役目です。	명계에 잘못 들어온 생명 있는 자를\n사냥하는 게 그것의 역할입니다。
C04373	SSS4/053:474	대사:FE	1	それって、もしかして私達の事?	그거 혹시 우리 얘기야?
C04374	SSS4/053:48D	대사:FD	1	　　らしいね。	　　그런가 봐。
C04375	SSS4/053:49D	대사:29	1	まずいですね。	곤란하군요。
C04376	SSS4/053:52B	대사:FD	1	あんな奴相手にしてたら、命が\nいくつ在っても足りないよ!?	저런 놈을 상대하다간 목숨이\n몇 개 있어도 모자라겠어!?
C04377	SSS4/053:574	대사:FD	1	イザナギはどうした?	이자나기는 어떻게 됐어?
C04378	SSS4/053:58B	대사:FC	1	よくは、みていなかったけど\n引き返したみたい　　	잘은 못 봤지만\n되돌아간 것 같아　　
C04379	SSS4/053:5AE	대사:FD	1	一人でか!	혼자서!
C04380	SSS4/053:5CD	대사:FE	1	何処に行くの!	어디 가!
C04381	SSS4/053:5DB	대사:FC	1	危なくなったら引き返すって\n約束したでしょ!!	위험해지면 되돌아가기로\n약속했잖아!!
C04382	SSS4/053:641	대사:FD	1	俺はイザナギの所に行く	난 이자나기한테 갈게
C04383	SSS4/053:653	대사:FE	1	どうして!?{05:00}。	어째서!?{05:00}。
C04384	SSS4/053:660	대사:FE	1	あの人、あなたを殺そうと\nしたのよ。	그 사람、당신을 죽이려\n했잖아。
C04385	SSS4/053:678	대사:FE	1	それに、もどったのだってなにか\n理由があったのかもしれないでしょ。	게다가 돌아간 것도 뭔가\n이유가 있었을지 모르잖아。
C04386	SSS4/053:6AE	대사:FD	1	奴には貸しがあるんだ。	녀석에겐 빚이 있거든。
C04387	SSS4/053:6C4	대사:FE	1	わたし、またあなたを止められ\nないのかしら　　	나、또 당신을 말리지\n못하는 걸까　　
C04388	SSS4/053:6F3	대사:FC	1	またって?	또라니?
C04389	SSS4/053:6FF	대사:FE	1	思い出せない{03:01}　{03:01}　{03:01}けど、私、前にも\n{05:00}を止められなかったの。	기억은 안 나{03:01}　{03:01}　{03:01}지만、나 전에도\n{05:00}를 말리지 못했어。
C04390	SSS4/053:731	대사:FD	1	とにかく、止めても無駄だ。	아무튼 말려도 소용없어。
C04391	SSS4/053:74A	대사:FE	1	それなら、私も{05:00}と\nいっしょに行く!	그럼 나도 {05:00}와\n같이 갈래!
C04392	SSS4/053:763	대사:FD	1	悪いが、それもだめだ。	미안하지만 그것도 안 돼。
C04393	SSS4/053:776	대사:FD	1	先に戻ってくれ!	먼저 돌아가 줘!
C04394	SSS4/053:78A	대사:FD	1	シャスタ、{05:01}を頼む。	샤스타、{05:01}를 부탁해。
C04395	SSS4/053:7B3	대사:FC	1	湖のところで待っている。	호숫가에서 기다릴게。
C04396	SSS4/053:A8F	대사:FD	2	回復功	회복공
C04397	SSS4/053:AC2	글	1	どうして私をたすけるんですか?{p}なぜです。	왜 저를 구하는 겁니까?{p}어째서입니까。
C04398	SSS4/053:ADF	대사:FD	1	さっきの不意打ちの仕返しを\nするためさ!	아까 기습한 걸 되갚아\n주려고!
C04399	SSS4/053:B22	글	1	番人が現れた様です。{p}あなただけでも逃げて　　	파수꾼이 나타난 것 같습니다。{p}당신만이라도 도망치세요　　
C04400	SSS4/053:B48	안내:08	1	 永遠の静寂をみだす愚か者ども{03:01}\n \nおまえたちはここから二度とださん	 영원한 정적을 어지럽히는 어리석은 자들{03:01}\n \n너희는 여기서 두 번 다시 못 나간다
C04401	SSS4/053:B82	대사:FD	1	奴は俺が食い止める。	녀석은 내가 막을게。
C04402	SSS4/053:BA0	대사:FD	1	その間に逃げろ!	그동안 도망쳐!
C04403	SSS4/053:BCA	글	1	奴の雷撃には気をつけて下さい。	녀석의 뇌격을 조심하십시오。
C04404	SSS4/053:C08	대사:FD	1	早く逃げろ!!{00}	어서 도망쳐!!{00}
C04405	SSS4/053:C3D	안내:07	1	 呪われた運命を背負う者よ{03:02}\n \n綜ての因果から開放してやろう{03:02}	 저주받은 운명을 짊어진 자여{03:02}\n \n모든 인과에서 해방시켜 주마{03:02}
C04406	SSS4/053:C89	안내:07	1	ワシが死ねばこの場所も無くなる\n \nどちらにしろ待っているのは死だ	내가 죽으면 이곳도 사라진다\n \n어느 쪽이든 기다리는 건 죽음이다
C04407	SSS4/053:CD8	대사:FD	1	出口はどこなんだろう。	출구는 어디지。
C04408	SSS4/053:CF0	대사:FD	1	閉じこめられたってこっちには\n奥の手があるからな。	갇혀 봤자 이쪽엔\n비장의 수가 있으니까。
C04409	SSS4/053:D61	대사:FD	1	おかしいな?	이상하네?
C04410	SSS4/053:DBD	대사:FD	1	かんぜんに閉じこめられちゃった\nみたいだな。	완전히 갇혀 버린\n것 같군。
C04411	SSS4/053:DDF	대사:FD	1	あいつのいったとおり、だんだん\nこの場所もゆらいできてるし。	녀석 말대로 점점\n이곳도 흔들리기 시작했고。
C04412	SSS4/053:E25	대사:FD	1	これじゃあ、龍脈どころじゃないな。	이래선 용맥이 문제가 아니야。
C04413	SSS4/053:E57	대사:00	1	ここはもうすぐ消えてしまいます{09}急いで、こっちに!	여긴 곧 사라집니다{09}서둘러 이쪽으로!
C04414	SSS4/053:E80	대사:FD	1	イザナギ!	이자나기!
C04415	SSS4/053:102F	안내:06	1	 龍の秘術によって、異世界に{03:03}\n \n  飛ばされてしまった俺は{03:03}\n \n偶然にも、この世界の三界老師に{03:03}\n \n     助けられた{03:03}	 용의 비술로 이세계로{03:03}\n \n  날려 간 나는{03:03}\n \n우연히도 이 세계의 삼계노사에게{03:03}\n \n     구출되었다{03:03}
C04416	SSS4/053:1099	안내:09	1	数日後、動ける様になった俺は{03:03}\n \n 老師に事情を話す事にした{03:09}{03:03}	며칠 뒤、움직일 수 있게 된 나는{03:03}\n \n 노사에게 사정을 이야기하기로 했다{03:09}{03:03}
C04417	SSS4/053:1103	대사:08	2	こりゃ!	이 녀석!
C04418	SSS4/053:1119	대사:08	2	傷もいえぬうちに何処に行くんじゃ!	상처도 낫지 않았는데 어딜 가는 게냐!
C04419	SSS4/053:1143	대사:08	1	おまえの行動、わしが解らんと\n思ったか?	네 행동을 내가 모를 거라\n생각했느냐?
C04420	SSS4/053:116E	대사:08	1	最近、様子が変じゃったからな。	요즘 상태가 이상했으니 말이다。
C04421	SSS4/053:1188	대사:08	1	何があったのか\n話してくれんか。	무슨 일이 있었는지\n이야기해 주지 않겠느냐。
C04422	SSS4/053:119E	대사:FD	1	部屋神に命を\n助けられたのです。	방신에게 목숨을\n구원받았습니다。
C04423	SSS4/053:11B7	대사:08	1	ほう、部屋神にな。	호오、방신에게。
C04424	SSS4/053:11C7	대사:FD	1	しかし、部屋神はこの土地の神で\nは無いと言うのです。	하지만 방신은 이 땅의 신이\n아니라고 했어요。
C04425	SSS4/053:11ED	대사:08	1	部屋神が自分の土地を離れる\nことなぞ、聞いた事無いぞ!	방신이 자기 땅을 떠난다는 건\n들어 본 적이 없느니라!
C04426	SSS4/053:1220	대사:FD	1	でも、確かにそう言ってました{09}そして、天封呪の事も　　	하지만 분명 그렇게 말했어요{09}그리고 천봉주에 대해서도　　
C04427	SSS4/053:1247	대사:08	1	詳しく聞かせてくれんかの。	자세히 들려주지 않겠느냐。
C04428	SSS4/053:129C	대사:08	1	封印の大地とな。	봉인의 대지라。
C04429	SSS4/053:12AC	대사:FD	1	だいたいの場所は調べました。	대략적인 장소는 조사했어요。
C04430	SSS4/053:12C1	대사:FD	1	ただ、封印の大地って名前が\n気になるんですけど‥‥‥	다만 봉인의 대지라는 이름이\n마음에 걸리는데요‥‥‥
C04431	SSS4/053:12E9	대사:08	1	何者かの罠かもしれんぞ!	누군가의 함정일지도 모르느니라!
C04432	SSS4/053:12FE	대사:FD	1	元の世界に戻る手がかりを\nつかめるのなら‥‥‥	원래 세계로 돌아갈 단서를\n잡을 수 있다면‥‥‥
C04433	SSS4/053:132B	대사:08	1	行くがよい、{05:00}よ!	가거라、{05:00}야!
C04434	SSS4/053:133A	대사:FD	1	元の世界に戻れるなら　　\nこれで、お別れかもしれません。	원래 세계로 돌아갈 수 있다면　　\n이걸로 작별일지도 몰라요。
C04435	SSS4/053:1361	대사:08	1	そうか、そうだとしたら\n寂しくなるのぉ。	그래、그렇다면\n쓸쓸해지겠구나。
C04436	SSS4/053:137A	대사:FD	1	お元気で!	건강하세요!
C04437	SSS4/053:13AD	대사:08	1	まあよい、わしらの事は\n気にせず行って来るがよい。	뭐 좋다、우리 일은\n신경 쓰지 말고 다녀오거라。
C04438	SSS4/053:13CE	대사:FD	1	はい。{00}	네。{00}
C04439	SSS4/053:13D3	글	1	ぼくも行っちゃだめ?	나도 가면 안 돼?
C04440	SSS4/053:13E2	대사:FD	1	おまえ達は老師を頼む。{00}	너희는 노사님을 부탁해。{00}
C04441	SSS4/053:13F3	글	1	わしも{05:00}についていくぞ。	나도 {05:00}를 따라가겠느니라。
C04442	SSS4/053:1407	대사:08	1	だめじゃ!{00}	안 된다!{00}
C04443	SSS4/053:140E	글	1	長くつらい旅になりますぞ!	길고 괴로운 여행이 될 것이오!
C04444	SSS4/053:1421	대사:FD	1	ああ、わかっている。{00}	그래、알고 있어。{00}
C04445	SSS4/053:142D	글	1	{05:00}どの!{p}後の事はまかせてくだされ。{00}	{05:00}공!{p}뒷일은 맡겨 주시오。{00}
C04446	SSS4/053:1444	글	1	ほんとに行くの?	정말 가는 거야?
C04447	SSS4/053:1451	대사:FD	1	ああ。{p}部屋神の話って夢の中の話かも\nしれないのに。{00}	그래。{p}방신 얘기는 꿈속 얘기일지도\n모르는데。{00}
C04448	SSS4/053:1474	글	1	仙窟を作っても龍穴炉がなかなか\n見つけられない事があります。{p}そんな時、大地は{05:00}様に\n力を貸してくれるでしょう。{00}	선굴을 만들어도 용혈로를 좀처럼\n못 찾을 때가 있어요。{p}그럴 때 대지는 {05:00}님께\n힘을 빌려줄 거예요。{00}
C04449	SSS4/053:14BD	글	1	おまえがいなくなると\nさびしくなるな!	네가 없으면\n쓸쓸해지겠구나!
C04450	SSS4/053:14D4	대사:FD	1	ずいぶん世話になりました。{p}おぬしとは、他人の様な気が\nせんかったからな。	많이 신세 졌습니다。{p}너와는 남 같은 느낌이\n안 들었으니까 말이다。
C04451	SSS4/053:1503	대사:FD	1	ぼくもです。{p}気をつけるんじゃぞ!	저도요。{p}조심하거라!
C04452	SSS4/053:1519	대사:FD	1	はい!{00}	네!{00}
C04453	SSS4/053:1529	대사:08	1	行くのは、やめにするのか?{00}	가는 건 그만두는 게냐?{00}
C04454	SSS4/053:1542	대사:FD	1	それでは、老師!	그럼 노사님!
C04455	SSS4/053:1550	대사:08	1	さらばじゃ、{05:00}!	잘 가거라、{05:00}!
C04456	SSS4/053:1571	대사:0A	1	ぼくも行きます!!	저도 갈게요!!
C04457	SSS4/053:159F	안내:09	1	封印の大地を目指し{03:09}\n \n俺達は歩き続けた{03:09}	봉인의 대지를 향해{03:09}\n \n우리는 계속 걸었다{03:09}
C04458	SSS4/053:1697	안내:06	1	      そして{03:09}\n \n 洞天福の街にほど近い場所で{03:06}\n \n俺達は、大地の異変に気がついた	      그리고{03:09}\n \n 동천복 거리에서 가까운 곳에서{03:06}\n \n우리는 대지의 이변을 알아챘다
C04459	SSS4/054:CE	글	1	アナタタチ、ドコカラキタノ{00}	당신들、어디서、왔어{00}
C04460	SSS4/054:E0	글	1	ココハ、シシャノクニ{00}	여기는、죽은 자의、나라{00}
C04461	SSS4/054:EE	글	1	ココノ、クウキスウ\nカエレナクナル{00}	여기、공기、마시면\n못 돌아가{00}
C04462	SSS4/054:103	글	1	ココノ、タベモノタベル\nカエレナクナル{00}	여기、음식、먹으면\n못 돌아가{00}
C04463	SSS4/054:11C	글	1	オトコノヒト、ヒトリ\nオクニススンダ、{00}	남자 한 명\n안쪽으로、갔어、{00}
C04464	SSS4/054:134	글	1	オトコノヒト、チイサナバンニン{0A}タオシタ{00}	남자가、작은 파수꾼{0A}쓰러뜨렸어{00}
C04465	SSS4/054:14D	글	1	アソボ{00}	놀자{00}
C04466	SSS4/054:156	검증필요	1	Jネンぼ\n{p}ぼ{09}{00}	
C04467	SSS4/054:162	대사:FD	1	これ以上、戻れない!	더 이상 못 돌아가!
C04468	SSS4/054:173	검증필요	1	（ゼズづゼ{00}	
C04469	SSS4/054:182	대사:FE	1	じゃあ、私たちずっとここに\nいなきゃならないの?	그럼 우리 계속 여기\n있어야 하는 거야?
C04470	SSS4/054:1A6	대사:FD	1	戻る方法は、きっとあるさ!	돌아갈 방법은 분명 있을 거야!
C04471	SSS4/054:1C5	대사:FC	1	イザナギを見つけるのが\n近道じゃなくって?	이자나기를 찾는 게\n지름길 아닐까?
C04472	SSS4/054:1E1	대사:FD	1	とにかく、慎重に\n進んでみよう。	아무튼 신중하게\n나아가 보자。
C04473	SSS4/054:20D	대사:FE	1	ねえ、{05:00}ホントに\nここ死者の国みたい	저기、{05:00} 정말\n여기 죽은 자의 나라 같아
C04474	SSS4/054:231	대사:FD	7	ああ	그래
C04475	SSS4/054:237	대사:FD	1	あまり気持ちのいい場所じゃないな	별로 기분 좋은 곳은 아니네
C04476	SSS4/054:24F	대사:FE	1	イザナギって、ここに何の用事が\nあったのかしら?	이자나기는 여기에 무슨 볼일이\n있었던 걸까?
C04477	SSS4/054:26E	대사:FD	1	わからないな。	모르겠어。
C04478	SSS4/054:282	대사:FC	1	驚いたわ!ホントに死者の国って\nあったのね。	놀랐어!정말 죽은 자의 나라가\n있었구나。
C04479	SSS4/076:11E	대사:FD	1	助かったのか。	살았나。
C04480	SSS4/076:12C	대사:2B	1	まさか、あなたが番人を倒せるとは\n思いませんでしたよ。	설마 당신이 파수꾼을 쓰러뜨릴 줄은\n몰랐습니다。
C04481	SSS4/076:152	대사:FD	1	じつは、俺も勝てるとは\n思わなかったけどね。	실은 나도 이길 줄은\n몰랐어。
C04482	SSS4/076:17E	대사:FD	1	でも、どうして俺を助けに?	그런데 왜 나를 구하러?
C04483	SSS4/076:191	대사:2B	1	それは、先程の私の質問と\nおなじですね。	그건 아까 제 질문과\n같군요。
C04484	SSS4/076:1DB	대사:FD	1	ハハ、そういやそうだな。	하하、그러고 보니 그렇네。
C04485	SSS4/076:1F0	대사:FD	1	ところで　　	그런데　　
C04486	SSS4/076:208	대사:2B	1	どうして死者の国にこだわるか\nですか?	왜 죽은 자의 나라에 집착하느냐\n말입니까?
C04487	SSS4/076:227	대사:FD	1	ここまで来たんだ、理由くらい\n話してくれてもいいだろ?	여기까지 왔으니 이유 정도는\n말해 줘도 되잖아?
C04488	SSS4/076:256	대사:2B	1	いいでしょう、ここに導いてくれた\nのは、あなたですからね。	좋습니다、여기로 이끌어 준\n건 당신이니까요。
C04489	SSS4/076:27A	대사:2B	1	私にはイザナミという妻が\nいたのです。	제게는 이자나미라는 아내가\n있었습니다。
C04490	SSS4/076:2CF	대사:2B	1	この冥界のどこかで今もイザナミは\n　　　　	이 명계 어딘가에서 지금도 이자나미는\n　　　　
C04491	SSS4/076:2F5	대사:2C	1	それじゃあ、そのイザナミさん\nを助ける為に冥界に	그럼 그 이자나미 씨를\n구하려고 명계에
C04492	SSS4/076:324	영문	16	{05:01}	
C04493	SSS4/076:332	대사:FD	1	シャスタまで!	샤스타까지!
C04494	SSS4/076:367	대사:FD	1	湖のところで待っているんじゃ\nなかったのか!	호숫가에서 기다리는 거\n아니었어!
C04495	SSS4/076:386	대사:2D	1	湖の通路が崩れかかってるの\n早くしないと帰れなくなるわよ。	호수 통로가 무너지려 하고 있어\n서두르지 않으면 못 돌아가!
C04496	SSS4/076:3BE	대사:FD	1	でも、龍脈の陽気がどこから\n流れ込んでいるのか、場所を\n突き止めないと。	하지만 용맥의 양기가 어디서\n흘러드는지 장소를\n알아내야 해。
C04497	SSS4/076:3F8	대사:2B	1	この様子では、ここに来た道は\n閉ざされてしまいますよ。	이 상태라면 여기로 온 길은\n막혀 버릴 겁니다。
C04498	SSS4/076:41C	대사:2B	1	道が閉ざされれば、この世界に\n陽気が流れ込むのも止まるのでは\nないですか?	길이 막히면 이 세계로\n양기가 흘러드는 것도 멈추지\n않겠습니까?
C04499	SSS4/076:44E	대사:FD	1	たしかに	확실히
C04500	SSS4/076:458	대사:FD	1	俺達は戻るけど　　\nイザナギは?	우리는 돌아가는데　　\n이자나기는?
C04501	SSS4/076:471	대사:2B	1	もちろん、私はここに残ります。	물론 저는 여기 남겠습니다。
C04502	SSS4/076:488	대사:FD	1	元の世界に、戻れなくなるかも\n知れないんだぜ?	원래 세계로 못 돌아갈지도\n모른다고?
C04503	SSS4/076:4A8	대사:2B	1	かまいませんよ。	상관없습니다。
C04504	SSS4/076:4B7	대사:2C	1	イザナミさん見つかると\nいいですね。	이자나미 씨를 찾을 수\n있으면 좋겠네요。
C04505	SSS4/076:4D5	대사:2B	8	ありがとう。	고맙습니다。
C04506	SSS4/076:4E2	대사:2D	1	いそぎましょう!	서두르자!
C04507	SSS4/079:203	글	1	街に行く{09}行かない。	거리로 간다{09}안 간다。
C04508	SSS4/079:238	검증필요	2	ぼぬ{p}べGてス{00}	
C04509	SSS4/079:7A4	대사:00	1	壁に手をふれ、Aボタンを\n押すのじゃ。{00}	벽에 손을 대고 A버튼을\n누르거라。{00}
C04510	SSS4/079:81D	대사:00	1	その姿勢の時、Aボタンは\n押したままキーを向いている方向の\n反対に入力するのじゃ。	그 자세일 때 A버튼은\n누른 채로 키를 향한 방향의\n반대로 입력하는 게다。
C04511	SSS4/079:940	글	1	壁に手をふれAボタンを押すのじゃ。{00}	벽에 손을 대고 A버튼을 누르거라。{00}
C04512	SSS4/079:B9F	대사:FC	1	アイテムの因素があれば掘り出す\n時間が早くなるんじゃ。	아이템 인소가 있으면 캐내는\n시간이 빨라지느니라。
C04513	SSS4/079:120B	대사:FC	1	仙窟の中でセレクトを押すと、この\n「五気相関図」が表示されるんじゃ	선굴 안에서 셀렉트를 누르면 이\n「오기상관도」가 표시되느니라
C04514	SSS4/079:12DC	대사:FC	1	ここは仙窟の心臓部「龍穴炉」じゃ!	여기는 선굴의 심장부 「용혈로」니라!
C04515	SSS4/079:135A	대사:FC	1	龍穴炉の中心でAボタンを押せば\n振り込みウインドゥが開くのじゃ。	용혈로 중심에서 A버튼을 누르면\n투입 창이 열리느니라。
C04516	SSS4/079:14E1	대사:FC	1	仙丹量とエネルギー量は因素から\n生産された物が部屋にたまった\nものじゃ。	선단량과 에너지양은 인소에서\n생산된 것이 방에 쌓인\n것이니라。
C04517	SSS4/081:1D1	안내:08	1	    思い出した{08} \nあの場所に近づいているのか!!	    생각났다{08} \n그곳에 다가가고 있는 건가!!
C04518	SSS4/081:24B	안내:0C	2	時の障壁にぶつかった!!	시간의 장벽에 부딪쳤다!!
C04519	SSS4/081:27D	대사:FD	1	ここは、あの時は部屋神に\n助けられた　　	여기는 그때 방신에게\n구원받았던　　
C04520	SSS4/081:2A2	안내:07	1	 消えたと思ったらそこにいたか{03:03}\n \n   人間風情が小賢しい!{03:03}\n \n八つ裂きにして、つるしてやるわい!{03:03}	 사라졌나 싶더니 거기 있었느냐{03:03}\n \n   인간 주제에 건방지구나!{03:03}\n \n갈기갈기 찢어 매달아 주마!{03:03}
C04521	SSS4/081:36B	대사:06	1	まさかこのワシが禁を破る\n事になろうとは　　　　	설마 내가 금기를 깨게\n될 줄이야　　　　
C04522	SSS4/081:392	대사:06	1	しかし、この世界を守る為には\n仕方が無い事やもしれぬ。	하지만 이 세계를 지키기 위해서는\n어쩔 수 없는 일일지도 모른다。
C04523	SSS4/081:459	안내:0C	1	俺は戻って来たのか　　　　	나는 돌아온 건가　　　　
C04524	SSS4/081:6AB	대사:FD	1	ここは、元の世界?	여긴 원래 세계?
C04525	SSS4/081:6F2	대사:FD	1	久しぶりだな。	오랜만이군。
C04526	SSS4/081:712	대사:00	1	なぜだ!!	어째서냐!!
C04527	SSS4/081:71B	대사:FD	1	おまえの為に時間を超えて\n戻って来たんだよ。	너를 위해 시간을 넘어\n돌아왔지。
C04528	SSS4/081:73D	대사:00	1	時封呪か!!	시봉주인가!!
C04529	SSS4/081:74A	대사:FD	1	決着をつけよう。	결판을 내자。
C04530	SSS4/081:78E	대사:FD	1	積年のうらみ思い知ったか!!	쌓이고 쌓인 원한을 알았느냐!!
C04531	SSS4/081:7A4	대사:00	1	積年だと　{03:02}　{03:02}　{03:02}　{03:02}ゴホッ!	쌓인 원한이라고　{03:02}　{03:02}　{03:02}　{03:02}콜록!
C04532	SSS4/081:7C4	대사:00	1	ボクが、{03:02}ここでいなくなっても\nすべては{03:02}　{03:02}　{03:02}くりかえ{03:02}　{03:02}　{03:02}す	내가{03:02}여기서 사라져도\n모든 건{03:02}　{03:02}　{03:02}되풀이{03:02}　{03:02}　{03:02}돼
C04533	SSS4/081:7FB	대사:00	1	　{03:01}　{03:01}　{03:01}　{03:02}わかるかい?	　{03:01}　{03:01}　{03:01}　{03:02}알겠어?
C04534	SSS4/081:85C	대사:FD	1	消えた?	사라졌다?
C04535	SSS4/081:86E	대사:FD	1	これで元の世界に{03:01}　{03:01}　{03:01}　{03:01}　{03:02}戻って来た\n訳　　　	이걸로 원래 세계로{03:01}　{03:01}　{03:01}　{03:01}　{03:02}돌아온\n셈인가　　　
C04536	SSS4/081:8A6	대사:FD	1	ろ{03:02}う{03:02}し{03:02}　{03:02}　	노{03:02}사{03:02}님{03:02}　{03:02}　
C04537	SSS4/081:8BB	대사:FD	1	からだが　　　　{03:02}うごか{03:02}ない{03:02}　　	몸이　　　　{03:02}움직이질{03:02}않아{03:02}　　
C04538	SSS4/081:8DC	대사:FD	1	も　　{03:02}どったはずなのに	돌　　{03:02}아왔을 텐데
C04539	SSS4/081:908	영문	13	{05:01}!!	
C04540	SSS4/081:961	안내:08	1	因果の起点はなくなり{03:06}\n \n平行世界は閉ざされた。	인과의 기점은 사라지고{03:06}\n \n평행세계는 닫혔다。
C04541	SSS4/081:B65	안내:08	1	平行世界は閉ざされ、すべての時と世界は\n \n  正常な流れにそって動き出した。	평행세계는 닫히고 모든 시간과 세계는\n \n  올바른 흐름을 따라 움직이기 시작했다。
C04542	SSS4/081:BE4	대사:01	1	　　黒い龍がいない?	　　검은 용이 없어?
C04543	SSS4/081:BFB	대사:01	1	俺は、助かったのか?	나는 살아난 건가?
C04544	SSS4/081:C1F	대사:01	1	こんな物、さっきまで\nなかったよな?	이런 거 아까까지\n없었지?
C04545	SSS4/081:C67	대사:01	1	おっと、なんか封印が\nしてあるな　　	어이쿠、뭔가 봉인이\n되어 있네　　
C04546	SSS4/081:C9F	대사:01	1	中身は何かな?	안에 뭐가 들었을까?
C04547	SSS4/081:D0D	안내:0A	1	時封呪の巻物を手に入れた!	시봉주의 두루마리를 손에 넣었다!
C04548	SSS4/081:D27	대사:01	1	聞いた事の無い呪文だな?	처음 듣는 주문인데?
C04549	SSS4/081:D3E	대사:01	1	それより　　さっき加勢に来た\n老師は、どうしたんだろう?	그보다　　아까 도우러 오신\n노사님은 어떻게 되신 거지?
C04550	SSS4/081:D74	대사:01	1	黒い龍が、いないって事は　　\n老師が、倒してくれたんだよね。	검은 용이 없다는 건　　\n노사님이 쓰러뜨려 주신 거겠지。
C04551	SSS4/081:DD4	대사:01	1	この老師に、とてもよく似た石像は\nなんなんだろう?	노사님을 꼭 닮은 이 석상은\n뭘까?
C04552	SSS4/081:E0F	글	1	黒龍は消え、平行世界は閉ざされた　　\n \n    正しい時の流れの中\n \n{05:00}は、真の因果の始まりへと\n \n    導かれるだろう。	흑룡은 사라지고 평행세계는 닫혔다　　\n \n    올바른 시간의 흐름 속에서\n \n{05:00}은 진정한 인과의 시작으로\n \n    이끌려 갈 것이다。
C04553	SSS4/081:E6C	안내:0A	1	封印を解き、手に入れた時封呪とは\n \n   何かを知らぬまま　　	봉인을 풀고 손에 넣은 시봉주가\n \n   무엇인지도 모른 채　　
C04554	SSS4/086:50	글	1	NEXT\n1 壊れた監視者のまわりにキョンシー\n2 シャスタ仙窟から出てくる\n3 ケブレス 夕日の街を歩いている。	NEXT\n1 부서진 감시자 주위에 강시\n2 샤스타 선굴에서 나옴\n3 케브레스 노을 진 거리를 걷고 있다。
C04555	SSS4/086:A2	글	1	NEXT\n4 バザー 前でシャスタと落ち合う\n5 仙獣に追っかけられる玲蘭\n6 こける玲蘭ふみみぶされる!	NEXT\n4 바자 앞에서 샤스타와 합류\n5 선수에게 쫓기는 레이란\n6 넘어진 레이란 밟힌다!
C04556	SSS4/086:EF	글	1	NEXT\n7 大地A雷漢\n8 大地B雷漢\n9 イザナギ	NEXT\n7 대지A 라이칸\n8 대지B 라이칸\n9 이자나기
C04557	SSS4/086:11F	글	1	NEXT\n10部屋神の周りを仙獣2\n11蘇る前の大地二人\n12蘇った大地を見る二人	NEXT\n10방신 주위에 선수2\n11되살아나기 전 대지 두 사람\n12되살아난 대지를 보는 두 사람
C04558	SSS4/086:165	글	1	NEXT\n13最初の仙獣達が待っている所{09}通し	NEXT\n13처음 선수들이 기다리는 곳{09}전체
C04559	SSS4/087:53	글	1	NEXT\n1 通路から出てくる三人\n2 通路を引き返す三人\n3 振り向いて、神殿の奥に入っていくイザナギ	NEXT\n1 통로에서 나오는 세 사람\n2 통로를 되돌아가는 세 사람\n3 돌아보고 신전 안으로 들어가는 이자나기
C04560	SSS4/087:A5	글	1	NEXT\n4 居並ぶキョンシー\n5 不思議な空間を歩くイザナギ、キョンシー\n6 扉から出てくる三人	NEXT\n4 늘어선 강시\n5 이상한 공간을 걷는 이자나기、강시\n6 문에서 나오는 세 사람
C04561	SSS4/087:EF	글	1	NEXT\n7 別れるシャスタ{09}8 ケブレス夕日の街を歩いている{09}9 バザー前でシャスタと落ち合う	NEXT\n7 헤어지는 샤스타{09}8 케브레스 노을 진 거리를 걷고 있다{09}9 바자 앞에서 샤스타와 합류
C04562	SSS4/087:136	글	1	NEXT\n10ヒロインと主人公龍穴炉\n11大地蘇るA\n12大地蘇るB	NEXT\n10히로인과 주인공 용혈로\n11대지 되살아남A\n12대지 되살아남B
C04563	SSS4/087:171	글	1	NEXT\n13キョンシーだらけの場所を歩くイザナギ\n14怪しい空間で待ちわびるイザナミ\n通し	NEXT\n13강시투성이 장소를 걷는 이자나기\n14수상한 공간에서 애타게 기다리는 이자나미\n전체
C04564	SSS4/088:4D	글	1	NEXT\n1 前振り\n2 石になった老師蘇る\n3 あやしい通路を逆戻り	NEXT\n1 도입\n2 돌이 된 노사 되살아남\n3 수상한 통로 역주행
C04565	SSS4/088:87	글	1	NEXT\n4 龍穴炉じまんそうによろこぶ主人公\n5 飛天功で、緑に満ちた大地を見せる主人公\n6 老師と二人で歩く主人公	NEXT\n4 용혈로를 뽐내며 기뻐하는 주인공\n5 비천공으로 초록 대지를 보여 주는 주인공\n6 노사와 둘이 걷는 주인공
C04566	SSS4/088:E8	글	1	NEXT\n7 無し\n8 光りの空間\n9 揺れて時封呪の前のヒロイン	NEXT\n7 없음\n8 빛의 공간\n9 흔들리고 시봉주 앞의 히로인
C04567	SSS4/088:11F	글	1	NEXT\n10光りの魂が3個まわるなか、龍がいる\n11老師の家の前一家に入っていく二人\n通し	NEXT\n10빛의 혼 3개가 도는 가운데 용이 있다\n11노사의 집 앞―집에 들어가는 두 사람\n전체
C04568	SSS4/088:BC6	검증필요	3	びZ{p}づズ{00}	
C04569	SSS4/321:43	대사:FC	1	なにか変わった事があったの?	뭔가 달라진 거 있어?
C04570	SSS4/321:57	대사:FD	1	少し動いた様な気がしたんだ!	조금 움직인 것 같았어!
C04571	SSS4/321:70	대사:FC	1	それじゃあ、石化解除の呪文\nもう一度やってみるわね。	그럼 석화 해제 주문\n한 번 더 해 볼게。
C04572	SSS4/321:1AF	글	1	やめて、二人とも!!!	그만둬、둘 다!!!
C04573	SSS4/321:1D3	대사:FD	1	ホントに、人だったのか!	정말 사람이었구나!
C04574	SSS4/321:1F7	대사:FC	1	あなたの名前を呼んでるわ。	당신 이름을 부르고 있어。
C04575	SSS4/321:24B	대사:FD	1	思い出した!	생각났다!
C04576	SSS4/321:257	대사:FD	1	元の世界で助けた娘だ。	원래 세계에서 구해 준 아가씨야。
C04577	SSS4/321:270	대사:FC	1	知り合い?	아는 사이야?
C04578	SSS4/321:27E	대사:FD	1	俺は、知ってるけど　　多分\nこの子は、俺の事を知らないと思う。	나는 아는데　　아마\n이 애는 나를 모를 거야。
C04579	SSS4/321:310	안내:08	1	女の子はすぐに元気になり{03:06}\n \n{05:01}と名乗った。{03:06}	여자아이는 금방 기운을 차리고{03:06}\n \n{05:01}라고 이름을 댔다。{03:06}
C04580	SSS4/321:337	안내:06	1	{05:01}は、今までずっと{03:06}\n \n    俺と一緒に{03:06}\n \n 仙窟を作っていたと言う{03:06}	{05:01}는 지금까지 계속{03:06}\n \n    나와 함께{03:06}\n \n 선굴을 만들고 있었다고 한다{03:06}
C04581	SSS4/321:36E	안내:06	1	    この世界に\n \n  俺の事を知る人間は\n \nいないはずだったのだが{03:02}　{03:02}　{03:02}	    이 세계에\n \n  나를 아는 사람은\n \n없을 터였는데{03:02}　{03:02}　{03:02}
C04582	SSS4/321:3C0	대사:FD	1	君と一緒に仙窟を作った\n覚えなんて無いって!	너랑 같이 선굴을 만든\n기억 같은 거 없다니까!
C04583	SSS4/321:3EB	대사:FC	3	ホントなの?	정말이야?
C04584	SSS4/321:3FF	글	1	ひどいわ、{05:00}!!	너무해、{05:00}!!
C04585	SSS4/321:411	대사:FD	1	ちょっと、待ってくれ　　　　	잠깐만 기다려 줘　　　　
C04586	SSS4/321:431	대사:FD	1	俺、ホントに知らないんだ。	나、정말 몰라。
C04587	SSS4/321:462	대사:FD	1	話せば長くなるけど、俺は\nこの世界の人間じゃないんだ。	얘기하자면 길지만 나는\n이 세계 사람이 아니야。
C04588	SSS4/321:496	대사:FC	1	それって、どういう事なの?	그게 무슨 말이야?
C04589	SSS4/321:4AD	대사:FD	1	もう三年ぐらい前の話かな	벌써 3년쯤 전 얘기려나
C04590	SSS4/321:4C4	대사:FD	1	俺は、天封呪って呪文でこの世界に\n吹き飛ばされて来たんだ。	나는 천봉주라는 주문으로 이 세계에\n날려 왔어。
C04591	SSS4/321:4F3	대사:FC	2	天封呪?	천봉주?
C04592	SSS4/321:501	대사:FD	1	なんでも平行世界とかいう異世界に\n相手を封じる術らしいんだ。	듣자니 평행세계라는 이세계에\n상대를 가두는 술법이래。
C04593	SSS4/321:536	대사:25	1	異世界って。	이세계라니。
C04594	SSS4/321:56D	대사:FD	1	つまり、今いるこの場所のことさ!	즉 지금 있는 이곳 말이야!
C04595	SSS4/321:58A	대사:FD	1	だから、君といっしょに仙窟を\n作る事なんて出来ないんだよ。	그러니까 너랑 같이 선굴을\n만들 수는 없다는 거야。
C04596	SSS4/321:5C8	대사:25	1	一緒に作ったもん!	같이 만들었단 말이야!
C04597	SSS4/321:5E4	대사:FD	1	そんな事、知らないよぉ	그런 거 모른다니까
C04598	SSS4/321:627	대사:FD	1	こっちの世界にも洞仙の俺がいて{0A}{05:01}は、その俺と仙窟を\n作っていた。	이쪽 세계에도 동선인 내가 있고{0A}{05:01}는 그 나와 선굴을\n만들고 있었다。
C04599	SSS4/321:65F	대사:FD	1	これなら、つじつまは合うよ。	이러면 앞뒤가 맞아。
C04600	SSS4/321:67B	대사:FC	1	{05:00}がもう一人\nいるって言うの?	{05:00}가 한 명 더\n있다는 거야?
C04601	SSS4/321:695	대사:FD	1	俺の知らない、老師だって\nいたしさ。	내가 모르는 노사님도\n계셨으니까。
C04602	SSS4/321:6BA	대사:FC	1	とても信じられないわね。	도저히 믿을 수가 없네。
C04603	SSS4/321:6CB	대사:FC	1	で、いつ{05:01}と\n知り合ったの?	그래서 언제 {05:01}와\n알게 된 거야?
C04604	SSS4/321:6E3	대사:FD	1	偶然、助けただけだだよ。	우연히 구해 줬을 뿐이야。
C04605	SSS4/321:6F6	대사:FD	1	それに、それって元の世界の\n話だよ。	게다가 그건 원래 세계\n얘기야。
C04606	SSS4/321:724	대사:25	1	私を助けた事、思い出して\nくれたの?	나를 구해 준 거 기억해\n준 거야?
C04607	SSS4/321:742	대사:FD	3	‥‥‥‥‥‥	‥‥‥‥‥‥
C04608	SSS4/321:760	대사:25	1	洞天の山中でしょ?	동천 산속이었지?
C04609	SSS4/321:774	대사:25	1	でも、窟子仙を妖怪だと思って\n逃げ出したのよ。	그런데 굴자선을 요괴인 줄 알고\n도망쳤어。
C04610	SSS4/321:79D	대사:FD	1	うん、たしかにその通りだったよ。	응、확실히 그랬어。
C04611	SSS4/321:7B8	대사:25	1	その後、2年ぐらいたってから\n{05:00}ともう一度出会って‥‥‥	그 뒤 2년쯤 지나서\n{05:00}와 다시 만나서‥‥‥
C04612	SSS4/321:7EA	대사:FC	1	いっしょに仙窟を作りはじめたって\n言うのね。	같이 선굴을 만들기 시작했다\n는 거구나。
C04613	SSS4/321:80E	대사:25	14	うん	응
C04614	SSS4/321:817	대사:FD	1	そんな事は、ぜんぜん知らないよ!	그런 건 전혀 몰라!
C04615	SSS4/321:840	대사:FD	1	だって、俺は君を助けたすぐ後に、	왜냐면 난 너를 구한 직후에、
C04616	SSS4/321:85A	대사:FD	1	こっちの世界に\n飛ばされて、来たんだって!	이쪽 세계로\n날려 왔다니까!
C04617	SSS4/321:882	대사:FC	1	二人の話を聞いてると、やっぱり\n何かムジュンがあるわね。	두 사람 얘기를 들어 보면 역시\n뭔가 모순이 있네。
C04618	SSS4/321:8B2	대사:FC	1	二人は、洞天の山中で出会った\n共通の記憶を持っているけど、	둘은 동천 산속에서 만난\n공통의 기억을 갖고 있지만、
C04619	SSS4/321:8EB	대사:FC	1	{05:00}は、それからすぐ\nこっちの世界に飛ばされて来た。	{05:00}는 그 직후\n이쪽 세계로 날려 왔다。
C04620	SSS4/321:910	대사:FC	1	{05:00}が、いないなら二人が\n出会う事はなくなったのよね。	{05:00}가 없다면 둘이\n만날 일은 없어졌을 텐데。
C04621	SSS4/321:937	대사:FC	1	にもかかわらず　　	그런데도　　
C04622	SSS4/321:949	대사:FC	1	{05:01}は、{05:00}と\n再び出会い仙窟を作っていた。	{05:01}는 {05:00}와\n다시 만나 선굴을 만들고 있었다。
C04623	SSS4/321:97A	대사:FD	1	俺は、こっちの世界にいるんだよ\n一緒に仙窟なんか作れるハズ{0A}ないでしょ!	난 이쪽 세계에 있다고\n같이 선굴을 만들 수 있을 리{0A}없잖아!
C04624	SSS4/321:9B2	대사:FC	1	どちらかが、とぼけているのなら\n話はわかりやすいんだけど‥‥‥	어느 한쪽이 시치미 떼는 거라면\n얘기가 쉬운데‥‥‥
C04625	SSS4/321:9E3	대사:FC	2	ねえ、{05:00}?	저기、{05:00}?
C04626	SSS4/321:9FA	대사:FD	1	なんだよ!俺はウソなんか\n言ってないよ!	뭐야!난 거짓말 같은 거\n안 했어!
C04627	SSS4/321:A25	대사:25	1	私の知ってる{05:00}も\nウソだけは、言わなかった。	내가 아는 {05:00}도\n거짓말만은 안 했어。
C04628	SSS4/321:A4C	대사:FD	1	ウソだけってのが、気に\nなるんだけど‥‥‥	거짓말만이라는 게 마음에\n걸리는데‥‥‥
C04629	SSS4/321:A79	대사:FC	1	ところで、どうやってここに\n来たか覚えてる?	그런데 어떻게 여기\n왔는지 기억해?
C04630	SSS4/321:AA1	대사:25	1	わからないの。	모르겠어。
C04631	SSS4/321:AAC	대사:25	1	最後に覚えているのは{0A}溶岩に囲まれた場所。	마지막으로 기억나는 건{0A}용암에 둘러싸인 곳。
C04632	SSS4/321:AD2	대사:25	1	そこに私と{05:00}と\nもうひとり　　　　	거기에 나랑 {05:00}랑\n또 한 사람　　　　
C04633	SSS4/321:AEF	대사:25	1	もうひとり	또 한 사람
C04634	SSS4/321:AFA	대사:25	1	誰だったのかしら	누구였을까
C04635	SSS4/321:B09	대사:25	1	頭が痛くなって思い出せない　　	머리가 아파서 기억이 안 나　　
C04636	SSS4/321:B2A	대사:FD	1	俺と?	나랑?
C04637	SSS4/321:B3B	대사:FC	1	それでどうなったの?	그래서 어떻게 됐어?
C04638	SSS4/321:B5A	대사:25	1	どうなったかが、ぜんぜん\n思い出せないの。	어떻게 됐는지 전혀\n기억이 안 나。
C04639	SSS4/321:B78	대사:FD	1	そう言えば、封印の内側に\nどうやって入ったの?	그러고 보니 봉인 안쪽엔\n어떻게 들어갔어?
C04640	SSS4/321:B99	대사:25	1	わからないわ　　	모르겠어　　
C04641	SSS4/321:BA7	대사:FD	1	君と一緒に仙窟作っていたのって\n俺と誰なんだ?	너랑 같이 선굴을 만든 건\n나랑 누구야?
C04642	SSS4/321:BD7	대사:FD	1	わからないばっかじゃ{0A}俺も解らないよ!	모르겠다는 말만 하면{0A}나도 모르겠잖아!
C04643	SSS4/321:BF0	대사:25	1	でも、{05:00}と一緒に\n仙窟を作っていたのよ。	하지만 {05:00}와 함께\n선굴을 만들고 있었어。
C04644	SSS4/321:C0E	대사:25	1	ホントの事なんだから　　	정말이란 말이야　　
C04645	SSS4/321:C27	대사:FC	1	石にされちゃったくらいだから\nよっぽど恐い目にあったん\nでしょうね。	돌이 될 정도였으니\n어지간히 무서운 일을 당했\n나 보네。
C04646	SSS4/321:C50	대사:25	1	こわい事だと言われれば\nそうだった様な気が　　　　	무서운 일이라고 하니\n그랬던 것 같기도　　　　
C04647	SSS4/321:C78	대사:FC	1	思い出せないなら、忘れちゃった\n方がいいわ。	기억이 안 나면 잊어버리는\n게 나아。
C04648	SSS4/321:CA4	대사:FD	1	そんな、いいかげんな	그런 무책임한
C04649	SSS4/321:CC1	대사:FD	1	ここで助けたのも、何かの縁だ\n街まで送ってあげるよ。	여기서 구한 것도 인연이야\n거리까지 데려다줄게。
C04650	SSS4/321:D7E	대사:25	1	{05:00}が私のこと思い出すまで\n一緒にいる。	{05:00}가 나를 기억해 낼 때까지\n같이 있을래。
C04651	SSS4/321:DD6	대사:FD	1	だから、別に君の事忘れた\n訳じゃ、ないんだって。	그러니까 딱히 너를 잊은\n게 아니라니까。
C04652	SSS4/321:E1B	대사:FD	3	仕方がないなぁ	어쩔 수 없네
C04653	SSS4/321:E3B	안내:08	2	俺達は迷宮の中で出会った\n \n少女、{05:01}と行動を\n \n共にする事になった。	우리는 미궁 속에서 만난\n \n소녀 {05:01}와 행동을\n \n함께하게 되었다。
C04654	SSS4/321:E96	대사:FC	1	いっしょにいれば、どうしてここに\n来たのかも思い出せるかもね。	같이 있으면 어떻게 여기\n왔는지 기억날지도 모르지。
C04655	SSS4/321:EC8	대사:FC	1	え～と、{03:02}シャスタさん	음―、{03:02}샤스타 씨
C04656	SSS4/321:EE2	대사:FC	1	シャスタでいいわよ!	샤스타라고 불러!
C04657	SSS4/321:EF6	대사:FC	1	じゃあシャスタ!!	그럼 샤스타!!
C04658	SSS4/321:F13	대사:FC	1	それじゃあ{05:00}\n行きましょう。	그럼 {05:00}\n가자。
C04659	SSS4/321:F30	대사:FD	1	元気だなあ。	기운 넘치네。
C04660	SSS4/321:F41	대사:FD	1	とてもさっきまで\n石だったとは思えないよ。	방금 전까지 돌이었다고는\n도저히 생각할 수 없어。
C04661	SSS4/322:7A	글	1	どうでしたか、封印の扉は?	봉인의 문은 어땠습니까?
C04662	SSS4/322:91	대사:FD	1	扉の向うには、いったい何が\nあるんですか?{p}それは、わかりません。	문 너머엔 대체 뭐가\n있는 거죠?{p}그건 모르겠습니다。
C04663	SSS4/322:C1	글	1	しかし、あそこに陽気が、流れ込んで\nいるのは間違いないのです。	하지만 거기에 양기가 흘러들어\n가는 건 틀림없습니다。
C04664	SSS4/322:F1	대사:FD	1	ここに来たとき、部屋神様は確か\nニセ者は封印の内側から来たと\n言っていた。	여기 왔을 때 방신님은 분명\n가짜는 봉인 안쪽에서 왔다고\n했어。
C04665	SSS4/322:127	대사:FD	1	何か知っているに違いない　　	뭔가 알고 있는 게 틀림없어　　
C04666	SSS4/322:14E	글	1	封印の内側の事を強く聞いてみる{09}冥界の事について聞く	봉인 안쪽에 대해 강하게 물어본다{09}명계에 대해 묻는다
C04667	SSS4/322:17E	대사:FD	1	俺は、誘われてこの地に\nやってきました。	저는 이끌려서 이 땅에\n왔습니다。
C04668	SSS4/322:199	대사:FD	1	俺をこの地に誘った者は、封印の扉の\n内側から来たらしいと聞きました。	저를 이 땅에 이끈 자는 봉인의 문\n안쪽에서 온 것 같다고 들었어요。
C04669	SSS4/322:1CA	대사:FD	1	教えて下さい。扉の向うには何が\n在るんでしょう。{p}　　　　	알려 주세요。문 너머엔 무엇이\n있죠?{p}　　　　
C04670	SSS4/322:1F5	대사:FD	1	わからなくても、見当くらいは\nつくんじゃないですか?	모르더라도 짐작 정도는\n가지 않나요?
C04671	SSS4/322:21F	대사:FD	1	封印の内側は死者の国に\n続いているんですか?{p}扉は、不安定な場をふさぐ為に\n作られたといわれています。{p}それ以前は様々な異世界に\n続いていました。	봉인 안쪽은 죽은 자의 나라로\n이어져 있나요?{p}문은 불안정한 장소를 막기 위해\n만들어졌다고 합니다。{p}그 이전에는 여러 이세계로\n이어져 있었습니다。
C04672	SSS4/322:288	대사:FD	1	じゃあ、イザナギの話も\nまんざらウソじゃないって事か　　	그럼 이자나기 얘기도\n아주 거짓말은 아니라는 건가　　
C04673	SSS4/322:2AC	글	1	しかし、それも昔の話	하지만 그것도 옛이야기
C04674	SSS4/322:2C4	글	1	扉が作られたのは、神代の時代{p}別の世界に続く、不安定な場を\n安定させる為に作られたと\n言われています。	문이 만들어진 건 신대의 시대{p}다른 세계로 이어지는 불안정한 장소를\n안정시키기 위해 만들어졌다고\n합니다。
C04675	SSS4/322:314	대사:FD	1	別の世界だって?{p}でも、それは昔の話。{p}今は、何があるのか我々には\nわからないのです。	다른 세계라고?{p}하지만 그건 옛이야기。{p}지금은 무엇이 있는지 저희도\n모릅니다。
C04676	SSS4/322:32D	글	1	今は、何があるのか我々には\nわからないのです。	지금은 무엇이 있는지 저희도\n모릅니다。
C04677	SSS4/322:34F	대사:FD	1	龍脈の陽気が、流れ込む様に\nなったきっかけは?{p}きっかけは、わかりません{09}三年ほど前から突然です。	용맥의 양기가 흘러들어 가게\n된 계기는?{p}계기는 모릅니다{09}3년쯤 전부터 갑자기입니다。
C04678	SSS4/322:390	대사:FD	1	　　　　{p}それと、貴方を誘った者が、扉の\n内側からと言った理由は　　{p}そこから感じる波動と、同種の\n波動を貴方から感じたからです。	　　　　{p}그리고 당신을 이끈 자가 문\n안쪽에서 왔다고 한 이유는　　{p}거기서 느껴지는 파동과 같은 종류의\n파동을 당신에게서 느꼈기 때문입니다。
C04679	SSS4/322:419	대사:FD	1	扉の内側から俺と同種の波動?	문 안쪽에서 나와 같은 종류의 파동?
C04680	SSS4/322:438	대사:FD	1	待てよ!俺がこの世界に飛ばされて\n来たのは、ちょうど三年くらい前。	잠깐!내가 이 세계로 날려\n온 게 딱 3년쯤 전。
C04681	SSS4/322:466	대사:FD	1	龍脈の陽気が、扉の向うに流れ込み\n始めたのも三年　　	용맥의 양기가 문 너머로 흘러들어\n가기 시작한 것도 3년　　
C04682	SSS4/322:491	대사:FD	1	何か関係があるのか?	뭔가 관계가 있는 건가?
C04683	SSS4/322:4A5	글	1	それが我々の知っている\n綜てです。	그것이 저희가 아는\n전부입니다。
C04684	SSS4/322:4BE	대사:FD	1	封印を破る事　　それが綜てを\nはっきりさせる、唯一の手段って\n事ですね。{p}そのとおりです。	봉인을 깨는 것　　그것이 모든 걸\n분명히 할 유일한 수단이란\n거군요。{p}그렇습니다。
C04685	SSS4/322:4FB	대사:FD	1	でも、封印を破っちゃって\nいいんですか?{p}大丈夫です。{p}たとえ、封印の先に不安定な空間が\nあっても　　{p}龍脈に陽気が、満ちていれば\n自然とふさがるでしょう。	하지만 봉인을 깨 버려도\n괜찮나요?{p}괜찮습니다。{p}설령 봉인 너머에 불안정한 공간이\n있다 해도　　{p}용맥에 양기가 가득하면\n자연히 막힐 것입니다。
C04686	SSS4/322:567	대사:FD	1	わかりました。{p}頼みましたよ、洞仙。	알겠습니다。{p}부탁합니다、동선。
C04687	SSS4/322:580	대사:FD	1	大船に乗った気で\nいて下さい。	큰 배에 탄 셈 치고\n맡겨 주세요。
C04688	SSS4/324:67	대사:FC	1	{05:00}様、このあたりの\n大地の弱り方は普通ではないですね。	{05:00}님、이 근처\n대지가 약해진 정도가 보통이 아니네요。
C04689	SSS4/324:8E	대사:FD	1	そうだな!	그렇군!
C04690	SSS4/324:97	대사:FC	1	部屋神様が言っていた封印の大地って{0A}この辺りなんですか?	방신님이 말한 봉인의 대지가{0A}이 근처인가요?
C04691	SSS4/324:D2	대사:FD	1	ここに間違いない。	여기가 틀림없어。
C04692	SSS4/324:FC	글	1	異世界の洞仙よ{08}封印の大地へようこそ!	이세계의 동선이여{08}봉인의 대지에 잘 왔다!
C04693	SSS4/324:137	대사:FC	1	{05:00}様、この気配\n部屋神様じゃないですよ。	{05:00}님、이 기척\n방신님이 아니에요。
C04694	SSS4/324:1D0	대사:FD	1	いったい、今のは?	대체 방금 그건?
C04695	SSS4/324:1DE	대사:FC	1	消えちゃいましたね。	사라져 버렸네요。
C04696	SSS4/324:1ED	대사:FC	1	元の世界に戻る手がかり、ホントに\nあるんですか?	원래 세계로 돌아갈 단서、정말\n있는 건가요?
C04697	SSS4/324:211	대사:FD	1	と、{03:02}とにかく、この大地を{0A}‥‥‥蘇らせよう!	아、{03:02}아무튼 이 대지를{0A}‥‥‥되살리자!
C04698	SSS4/324:322	글	1	洞仙よ!よく来てくれた。	동선이여!잘 와 주었다。
C04699	SSS4/324:376	대사:FD	1	今度は本物かな?	이번엔 진짜인가?
C04700	SSS4/324:39D	대사:FC	1	本物ですよ!	진짜예요!
C04701	SSS4/324:3AA	글	1	どうしたのだ、洞仙よ?	무슨 일이냐、동선이여?
C04702	SSS4/324:3CA	대사:FD	1	地上で、部屋神様のニセ者に\n会ったんですよ。{p}　　　　{p}我らのニセ者とな　　	지상에서 방신님의 가짜를\n만났어요。{p}　　　　{p}우리의 가짜라고　　
C04703	SSS4/324:407	대사:FD	1	ホントですよ!	정말이에요!
C04704	SSS4/324:412	글	1	それは、ひょっとしたら、封印の\n内側からの使者かもしれん。	그건 어쩌면 봉인\n안쪽에서 온 사자일지도 모른다。
C04705	SSS4/324:43C	대사:FD	1	封印の内側って?	봉인 안쪽이라니?
C04706	SSS4/324:44D	글	1	我らさえも手出しできぬ{09}奇妙な場所だ!	우리조차 손댈 수 없는{09}기묘한 곳이다!
C04707	SSS4/324:498	대사:FD	1	そこからの使者が俺に　　\n目的は何なんでしょう?{p}わからん!{p}しかし、そこに龍脈の陽気が\n流れ込んでいるのは、間違いない。	거기서 온 사자가 나에게　　\n목적이 뭘까요?{p}모르겠다!{p}하지만 거기에 용맥의 양기가\n흘러들어 가는 건 틀림없다。
C04708	SSS4/324:4F1	대사:FD	1	それが原因で、この土地はこんなに\nやせ衰えてしまったのですか?{p}そうだ!	그게 원인이 되어 이 땅이 이렇게\n메말라 버린 건가요?{p}그렇다!
C04709	SSS4/324:521	대사:FD	1	とにかく、龍脈の事は\n任せて下さい!{p}封印の内側の事は、後で\n詳しく話す。	아무튼 용맥은\n맡겨 주세요!{p}봉인 안쪽에 대해서는 나중에\n자세히 이야기하마。
C04710	SSS4/324:5E6	대사:39	1	も～なんて道なのかしら。	정말 무슨 길이 이래。
C04711	SSS4/324:602	대사:32	1	すごい道から来ましたね。	굉장한 길로 오셨군요。
C04712	SSS4/324:630	대사:32	1	ここは仙窟への入口ですよ。	여긴 선굴로 가는 입구예요。
C04713	SSS4/324:648	대사:39	1	なんとか、目的地には\nつけたようね。	어떻게든 목적지에는\n도착한 것 같네。
C04714	SSS4/324:661	대사:32	1	目的地って、もしかして\nあなたも仙窟に?	목적지라니、혹시\n당신도 선굴에?
C04715	SSS4/324:681	대사:39	1	ええ、おかしいかしら?	네、이상한가요?
C04716	SSS4/324:690	대사:32	1	いえいえ。	아뇨아뇨。
C04717	SSS4/324:699	대사:32	1	でも、洞仙の奴は、すでに死んで\nいるかも知れませんがね。	하지만 동선 놈은 이미 죽었을지도\n모르지만요。
C04718	SSS4/324:6C1	대사:39	1	どうしてかしら?	어째서죠?
C04719	SSS4/324:6CD	대사:32	1	先刻、我が軍の精鋭達が討伐に\n向かった所ですから。	아까 우리 군의 정예들이 토벌하러\n간 참이니까요。
C04720	SSS4/324:6FF	대사:32	1	ところで、おひとりで仙窟へ?	그런데 혼자서 선굴에?
C04721	SSS4/324:71A	대사:39	1	ええ、つれとはぐれて\nしまいましたから。	네、일행과 떨어져\n버려서요。
C04722	SSS4/324:732	대사:32	1	あなたの様な方が一人で、仙窟に\n挑むのは危険です。	당신 같은 분이 혼자 선굴에\n도전하는 건 위험해요。
C04723	SSS4/324:75B	대사:39	2	そうかしら?	그럴까요?
C04724	SSS4/324:770	대사:32	1	私がごいっしょしましょう。	제가 함께 가지요。
C04725	SSS4/324:795	대사:36	1	ずるい　　、じゃなくて、	치사하게　　、가 아니라、
C04726	SSS4/324:7AA	대사:36	1	私もごいっしょします。	저도 함께 가겠습니다。
C04727	SSS4/324:7C6	대사:32	1	俺だけで、じゅうぶんだよ!!	나 혼자면 충분해!!
C04728	SSS4/324:7E0	대사:36	1	ささ、行きましょう。	자자、가시죠。
C04729	SSS4/324:7F5	대사:39	1	いえ、けっこうなんですけど　　	아뇨、괜찮은데요　　
C04730	SSS4/324:890	대사:00	1	ホントにここが仙窟なんですか?	정말 여기가 선굴인가요?
C04731	SSS4/324:8AA	대사:02	1	俺もここは仙窟じゃ無い\nような気がする!!	나도 여기는 선굴이 아닌\n것 같아!!
C04732	SSS4/324:8D6	대사:01	1	おかしいな　　　　\n飛天石壊れたのかな?	이상하네　　　　\n비천석이 고장 났나?
C04733	SSS4/324:8FB	대사:00	1	は～{03:03}とにかく出口をさがしましょ。	하―{03:03}아무튼 출구를 찾아요。
C04734	SSS4/324:92D	안내:0E	1	数時間後　　　　	몇 시간 뒤　　　　
C04735	SSS4/324:991	대사:F9	1	やっと、だどりつけたみたいね。	겨우 도착한 것 같네。
C04736	SSS4/324:9B3	대사:F9	1	あの人達は、どうしたのかしら?	그 사람들은 어떻게 됐을까?
C04737	SSS4/324:9CB	대사:F9	1	まあ、いいっか!	뭐、상관없나!
C04738	SSS4/324:9E8	대사:F9	1	ここに洞仙って人がいるのね。	여기에 동선이라는 사람이 있구나。
C04739	SSS4/324:A09	대사:F9	1	なに?この光!!	뭐야?이 빛!!
C04740	SSS4/324:B04	글	1	女よ!なぜ無益な戦いをする!!	여인이여!왜 무익한 싸움을 하느냐!!
C04741	SSS4/324:B20	대사:F9	1	無益な、たたかいですって。	무익한 싸움이라니。
C04742	SSS4/324:B38	대사:F9	1	無益な戦いをしてるのって\nあなたの方でしょ洞仙!	무익한 싸움을 하는 건\n당신 쪽이잖아 동선!
C04743	SSS4/324:B5A	글	1	俺は洞仙ではない{09}俺はこの土地を守る者。	나는 동선이 아니다{09}나는 이 땅을 지키는 자。
C04744	SSS4/324:B7F	대사:F9	1	ホント?言われて見れば\nふわふわしてるわね。{p}洞仙と戦いに来たのか?	정말?듣고 보니\n둥실둥실 떠 있네。{p}동선과 싸우러 왔느냐?
C04745	SSS4/324:BAB	대사:F9	1	もちろん、地上の人達はみな\n洞仙を恐れているわ。{p}洞仙はおまえが思っているような\n存在ではないぞ。{p}洞仙は、大地の為にたった一人で\n戦っているのだ!	물론、지상 사람들은 다들\n동선을 두려워해。{p}동선은 네가 생각하는 그런\n존재가 아니다。{p}동선은 대지를 위해 홀로\n싸우고 있다!
C04746	SSS4/324:C10	대사:F9	1	大地のため{03:04}ですか?{p}そうだ!!{p}お前が使う術は洞仙の助けに\nなるだろう。	대지를 위해{03:04}라고요?{p}그렇다!!{p}네가 쓰는 술법은 동선에게 도움이\n될 것이다。
C04747	SSS4/324:C45	대사:F9	1	私に力を貸せって言いたいの?	나더러 힘을 빌려주라는 거야?
C04748	SSS4/324:C83	대사:F9	1	大地のため{03:02}か　　　　	대지를 위해{03:02}라　　　　
C04749	SSS4/324:CBB	대사:F9	1	とにかく　　洞仙って人の処までは\n行ってみましょう。	아무튼　　동선이라는 사람한테까지는\n가 보자。
C04750	SSS4/324:D7F	대사:FD	1	侵入者か!?	침입자인가!?
C04751	SSS4/324:DB4	대사:02	3	私は、シャスタ。	난 샤스타。
C04752	SSS4/324:DC4	대사:FD	1	俺は洞仙の{05:00}\n仙窟に何の用だ?	나는 동선 {05:00}\n선굴에 무슨 볼일이지?
C04753	SSS4/324:DF1	대사:02	1	洞仙に興味が湧いて、会いに\n来たって言ったら、信じてくれる?	동선에게 흥미가 생겨서 만나러\n왔다고 하면 믿어 줄래?
C04754	SSS4/324:E22	대사:FD	1	興味が湧いてるのは、洞仙に\n懸けられた賞金だろ?	흥미가 생긴 건 동선에게\n걸린 현상금이겠지?
C04755	SSS4/324:E49	대사:02	1	　　始めは、私もあなたと\n戦うつもりだったの。	　　처음엔 나도 당신과\n싸울 생각이었어。
C04756	SSS4/324:E94	대사:FD	4	それで?	그래서?
C04757	SSS4/324:EA1	대사:02	1	ここにくる途中、わたし不思議な\n精霊に出会ったの。	여기 오는 도중에 신기한\n정령을 만났어。
C04758	SSS4/324:ED2	대사:FC	1	精霊って、多分\n部屋神様の事ですよ。	정령이라면 아마\n방신님일 거예요。
C04759	SSS4/324:F56	대사:02	1	その精霊が言ったのよ、洞仙は\n大地の為に戦ってるって。	그 정령이 말했어、동선은\n대지를 위해 싸우고 있다고。
C04760	SSS4/324:F81	대사:02	1	それってホントの事なの?	그게 정말이야?
C04761	SSS4/324:F98	대사:FD	1	ホントの事かって?	정말이냐고?
C04762	SSS4/324:FA6	대사:FD	1	俺達は大地を蘇らせる為に、必死に\n仙窟を作っているんだ!	우리는 대지를 되살리려고 필사적으로\n선굴을 만들고 있어!
C04763	SSS4/324:FD4	대사:02	1	地上の人たちは、洞仙は大地を滅ぼす\n悪い仙人だって言っていたわ。	지상 사람들은 동선이 대지를 멸망시키는\n나쁜 선인이라고 했어。
C04764	SSS4/324:1004	대사:FD	1	それを真に受けて、仙窟を\n荒らしまわったって訳か!	그걸 곧이듣고 선굴을\n휘젓고 다녔다는 건가!
C04765	SSS4/324:102C	대사:02	1	そうね、軽率だったわ。	그러게、경솔했어。
C04766	SSS4/324:1044	대사:FD	1	あやまってすむかい!	사과하면 끝이야!
C04767	SSS4/324:10A3	대사:02	1	これでダンジョンの中で倒した\nモンスター達は、復活したはずよ。	이걸로 던전 안에서 쓰러뜨린\n몬스터들은 부활했을 거야。
C04768	SSS4/324:10DA	대사:FC	1	この人、洞仙サマの説得を\n聞いてる!	이 사람、동선님 설득을\n듣고 있어!
C04769	SSS4/324:10FB	대사:02	1	これで、許してもらえるかしら?	이걸로 용서해 줄래?
C04770	SSS4/324:113B	대사:02	1	ねえ、許してくれる?	있잖아、용서해 줄 거지?
C04771	SSS4/324:114C	대사:FD	1	もー{03:02}やりにくいなぁ　　	정말{03:02}곤란하네　　
C04772	SSS4/324:1161	대사:FD	1	俺の言い分、そんな簡単に\n信じちゃっていいの?	내 말을 그렇게 쉽게\n믿어도 돼?
C04773	SSS4/324:1185	대사:02	1	そういえばそうね。	그러고 보니 그렇네。
C04774	SSS4/324:119E	대사:FD	1	調子狂うよ。	페이스가 말리네。
C04775	SSS4/324:11DB	대사:02	1	ねえ、大地のためって{0A}どんな事するの?	있잖아、대지를 위해서라니{0A}어떤 걸 하는데?
C04776	SSS4/324:11F5	대사:FD	1	仙窟を作って、陽気を集める。	선굴을 만들어 양기를 모은다。
C04777	SSS4/324:120D	대사:FD	1	そして、集めた陽気を龍穴炉に\n満たし弱った大地を復活させる!	그리고 모은 양기로 용혈로를\n채워 약해진 대지를 부활시킨다!
C04778	SSS4/324:123E	대사:02	1	なにか、面白そうな事ね。	뭔가 재미있어 보이네。
C04779	SSS4/324:125E	대사:FD	1	面白そう?	재미있어 보인다고?
C04780	SSS4/324:126C	대사:FD	1	冗談じゃない{08}すんごく大変な事なんだぞ!	농담하지 마{08}엄청나게 힘든 일이라고!
C04781	SSS4/324:128E	대사:02	1	そんなに、大変なの?	그렇게 힘들어?
C04782	SSS4/324:12A1	대사:02	1	じゃあ、手伝いましょうか?	그럼 도와줄까?
C04783	SSS4/324:12BC	대사:FD	4	へっ?	엥?
C04784	SSS4/324:12D1	대사:FD	1	本気で言ってるの?	진심으로 하는 말이야?
C04785	SSS4/324:12E4	대사:02	1	私が側で見てると{0A}何かまずい事でもあるの?	내가 옆에서 보면{0A}뭔가 곤란한 거라도 있어?
C04786	SSS4/324:130E	대사:FC	1	やっぱり、まずい事だらけ\nなんですか?	역시 곤란한 것투성이\n인가요?
C04787	SSS4/324:1331	대사:FD	1	お前は、黙っててくれよ!	넌 좀 조용히 있어!
C04788	SSS4/324:134A	대사:FC	1	まあ、こんな感じですか?	뭐、이런 느낌인가요?
C04789	SSS4/324:1373	대사:FD	1	いや{03:02}、そういう訳じゃ\nないんだけど‥‥‥	아니{03:02}、그런 건\n아닌데‥‥‥
C04790	SSS4/324:1394	대사:02	1	あなたって、大地の為に\n働いてるんじゃなかったの?	당신 대지를 위해 일하는\n거 아니었어?
C04791	SSS4/324:13BA	대사:FD	1	だからさ‥‥‥	그러니까‥‥‥
C04792	SSS4/324:13CB	대사:FD	1	俺の仲間になるってのは{0A}人と戦う事になるんだぜ。	내 동료가 된다는 건{0A}사람과 싸우게 된다는 거야。
C04793	SSS4/324:13EF	대사:FD	1	それでもいいのかい?	그래도 괜찮아?
C04794	SSS4/324:1417	대사:02	1	あなたの言う、大地の為って事が{0A}どんな事か見てみたいの。	당신이 말하는 대지를 위한 일이{0A}어떤 건지 보고 싶어。
C04795	SSS4/324:1450	대사:FD	1	なんか、おかしな子だな。	뭔가 이상한 애네。
C04796	SSS4/324:1461	대사:FD	1	でも、何か裏があるんじゃ　　	그래도 뭔가 속셈이 있는 건　　
C04797	SSS4/324:1487	글	1	信用して仲間にする{09}信用しない	믿고 동료로 삼는다{09}믿지 않는다
C04798	SSS4/324:14BB	대사:FD	1	それじゃあ、今から君は\n俺の弟子だ!	그럼 지금부터 너는\n내 제자다!
C04799	SSS4/324:14DC	대사:02	1	でし?{03:02}それはいやよ。	제자?{03:02}그건 싫어。
C04800	SSS4/324:1500	대사:02	1	仲間ならちょうどいいでしょ。	동료면 딱 좋잖아。
C04801	SSS4/324:1514	대사:FD	1	仲間?	동료?
C04802	SSS4/324:1556	대사:FD	1	まあ、それでいいや!	뭐、그걸로 됐어!
C04803	SSS4/324:1564	대사:02	1	じゃあ、決まりね。	그럼 정해졌네。
C04804	SSS4/324:1591	안내:0C	2	シャスタが仲間になりました。	샤스타가 동료가 되었습니다。
C04805	SSS4/324:15D6	대사:FD	2	なんかおかしな事に\nなっちゃったな。	왠지 이상하게\n돼 버렸네。
C04806	SSS4/324:15EF	대사:FD	2	でも、まあいいっか!	그래도 뭐 됐나!
C04807	SSS4/324:1606	대사:FC	2	よろしくね♡	잘 부탁해♡
C04808	SSS4/324:1621	대사:FD	1	悪いけど、やっぱり君を\n信用する事は、出来ないよ!	미안하지만 역시 너를\n믿을 수는 없어!
C04809	SSS4/324:1648	대사:02	1	大地の為に働くって事を、私に\n見せてくれれば‥‥‥	대지를 위해 일한다는 걸 내게\n보여 준다면‥‥‥
C04810	SSS4/324:166F	대사:02	1	人々の誤解を解けるかも\nしれないのよ?	사람들의 오해를 풀 수 있을지도\n모르잖아?
C04811	SSS4/324:168B	대사:FD	1	言葉では、何とでも言えるさ。	말로는 뭐든 할 수 있지。
C04812	SSS4/324:16A1	대사:02	2	わかったわ!	알았어!
C04813	SSS4/324:16AE	대사:02	1	やっぱり戦うしかないようね。	역시 싸울 수밖에 없나 보네。
C04814	SSS4/324:16C4	대사:FD	1	手加滅はしないぜ!	봐주지 않을 거야!
C04815	SSS4/324:170A	대사:02	1	私の負けのようね。	내가 진 것 같네。
C04816	SSS4/324:1719	대사:FD	1	実力の差だな。	실력 차이지。
C04817	SSS4/324:1727	대사:02	1	くやしいけど、そのようね。	분하지만 그런 것 같아。
C04818	SSS4/324:17D3	대사:02	1	やっぱり私、あなたの\nお手伝いさせてもらいたいの。	역시 나、당신을\n돕고 싶어。
C04819	SSS4/324:17F6	대사:02	1	信用してもらえないかしら?	믿어 줄 수 없을까?
C04820	SSS4/324:1812	글	1	仲間にしない{09}信用して仲間にする。	동료로 삼지 않는다{09}믿고 동료로 삼는다。
C04821	SSS4/324:1847	대사:FD	1	そこまで言うのなら{0A}君の事、信用してみようかな。	그렇게까지 말한다면{0A}너를 믿어 볼까。
C04822	SSS4/324:1924	대사:FD	1	さっきまで戦ってた相手を\n仲間になんか、出来ないよ。	방금까지 싸운 상대를\n동료로 삼을 순 없어。
C04823	SSS4/324:1956	대사:02	1	私は、地上に戻るわ。	난 지상으로 돌아갈게。
C04824	SSS4/324:1968	대사:FD	1	そうした方がいいよ!	그러는 게 좋아!
C04825	SSS4/324:197A	대사:02	1	それじゃあ‥‥‥	그럼‥‥‥
C04826	SSS4/324:19C9	대사:FD	1	いっちまったか。	가 버렸나。
C04827	SSS4/325:3D0	대사:08	1	冥　界{03:01}　{03:01}　{03:01}へ{03:01}　{03:01}　{03:01}　	명　계{03:01}　{03:01}　{03:01}로{03:01}　{03:01}　{03:01}　
C04828	SSS4/325:43B	대사:FD	1	冥界か、{03:02}この扉の向こうには\n何があるのだろう。	명계라、{03:02}이 문 너머에는\n뭐가 있을까。
C04829	SSS4/325:465	대사:FD	1	向こうに封印本体があるはずだ!!	너머에 봉인 본체가 있을 거야!!
C04830	SSS4/325:47E	대사:FD	1	鬼と出るか、蛇と出るか?	귀신이 나올까、뱀이 나올까?
C04831	SSS4/325:4C4	대사:FC	2	この奥に何があるの?	이 안쪽에 뭐가 있어?
C04832	SSS4/325:4DE	대사:FD	1	わからない‥‥‥	모르겠어‥‥‥
C04833	SSS4/325:4F1	대사:FD	1	今回の事は、解らない事が\n多すぎる‥‥‥	이번 일은 모르는 게\n너무 많아‥‥‥
C04834	SSS4/325:512	대사:FD	1	ニセの部屋神、彼らが言った\n元の世界に帰る方法‥{03:01}‥{03:01}冥界	가짜 방신、그들이 말한\n원래 세계로 돌아가는 방법‥{03:01}‥{03:01}명계
C04835	SSS4/325:544	대사:FD	1	そして、蘇らない龍脈と\n奪われる陽気!	그리고 되살아나지 않는 용맥과\n빼앗기는 양기!
C04836	SSS4/325:561	대사:FD	1	全ては、この扉の向かうに‥‥‥	모든 건 이 문 너머에‥‥‥
C04837	SSS4/325:5A6	대사:FC	1	とにかく行ってみましょう。	아무튼 가 보자。
C04838	SSS4/325:63E	대사:0E	2	いよいよ、封印が破られるのですね。	드디어 봉인이 깨지는군요。
C04839	SSS4/325:663	대사:FD	1	今から、解封呪を使うよ。	지금부터 해봉주를 쓸게。
C04840	SSS4/325:682	대사:FE	1	解封呪って、あのどんな封印でも\n開けちゃうって呪文?	해봉주라면 어떤 봉인이든\n열어 버린다는 그 주문?
C04841	SSS4/325:6B2	대사:FC	1	そんな便利な術があるんだ!	그렇게 편리한 술법이 있구나!
C04842	SSS4/325:6D0	대사:FD	1	よく知ってるね。	잘 아네。
C04843	SSS4/325:6E7	대사:FD	1	ここを開ければ、綜ての\n謎が解るはず。	여기를 열면 모든\n수수께끼가 풀릴 거야。
C04844	SSS4/325:7E0	대사:0E	2	おお!!	오오!!
C04845	SSS4/325:814	대사:0E	1	封印がはずれかけていますね!	봉인이 풀려 가는군요!
C04846	SSS4/325:830	대사:FD	1	まだ術の途中だよ!	아직 술법 도중이야!
C04847	SSS4/325:978	대사:0E	1	開いた!	열렸다!
C04848	SSS4/325:988	대사:0E	1	すごい霊気だ{08}やはりここは冥界に通じる\n道だったんです。	굉장한 영기다{08}역시 여기는 명계로 통하는\n길이었습니다。
C04849	SSS4/325:9B4	대사:FC	1	いったい、どういうつもり?	대체 무슨 짓이야?
C04850	SSS4/325:9C5	대사:0E	1	悪く思わないで下さい。	나쁘게 생각하지 마십시오。
C04851	SSS4/325:9D7	대사:0E	1	ここから先は私一人で行かなければ\nならないのです。	여기서부터는 저 혼자 가야\n합니다。
C04852	SSS4/325:9F9	대사:0E	1	何があろうとも追って来ては\nいけませんよ。	무슨 일이 있어도 쫓아와선\n안 됩니다。
C04853	SSS4/325:A4D	대사:FE	1	　{03:03}　{03:03}　{03:03}　	　{03:03}　{03:03}　{03:03}　
C04854	SSS4/325:A64	대사:FE	1	起きてよ!{05:00}!!	일어나!{05:00}!!
C04855	SSS4/325:A8C	대사:FC	1	だいじょうぶかしら?	괜찮을까?
C04856	SSS4/325:AEE	대사:FD	1	イザナギめ!	이자나기 놈!
C04857	SSS4/325:AFB	대사:FE	1	{05:00}、だいじょうぶ?	{05:00}、괜찮아?
C04858	SSS4/325:B13	대사:FD	1	なんとかね。	어떻게든。
C04859	SSS4/325:B20	대사:FE	1	ホントに心配したんだから　　	정말 걱정했단 말이야　　
C04860	SSS4/325:B36	대사:FD	2	ありがと♡	고마워♡
C04861	SSS4/325:B43	대사:FD	1	でも、そんなにおおげさに\n心配しなくても大丈夫だよ。	그래도 그렇게 호들갑스럽게\n걱정 안 해도 괜찮아。
C04862	SSS4/325:B8F	대사:FE	1	私がずっと、あなたと\n暮らしてたって話　　	내가 계속 당신과\n살았다는 얘기　　
C04863	SSS4/325:BAD	대사:FE	1	ぜんぜん、信じてないでしょ	전혀 안 믿지
C04864	SSS4/325:BC6	대사:FD	1	今の君を見てたら、ちょびっとは\n信じる気になったよ。	지금 너를 보니 쪼끔은\n믿을 마음이 들었어。
C04865	SSS4/325:BF3	대사:FE	1	意地悪!	심술쟁이!
C04866	SSS4/325:C10	대사:FD	1	とにかくイザナギを追うぞ!!	아무튼 이자나기를 쫓아가자!!
C04867	SSS4/325:C26	대사:FC	1	でも扉が　　	하지만 문이　　
C04868	SSS4/325:C33	대사:FD	1	忘れたのかい\n開けたのは俺だぜ!!	잊었어\n연 건 나라고!!
C04869	SSS4/325:CE2	검증필요	1	ぱゼぱゾい2L{p}{00}	
C04870	SSS4/325:DBE	대사:FD	1	なんだこいつら	뭐야 이놈들
C04871	SSS4/331:4E	글	1	1  普通に始める\n4  バトルテスト	1  보통으로 시작\n4  배틀 테스트
C04872	SSS4/331:86	글	1	NEXT\nイザナギイベント\nシャスタイベント\nシャスタ龍穴炉	NEXT\n이자나기 이벤트\n샤스타 이벤트\n샤스타 용혈로
C04873	SSS4/331:B6	글	1	NEXT\nケブレスイベント\nケブレス龍穴炉\n雷漢イベント	NEXT\n케브레스 이벤트\n케브레스 용혈로\n라이칸 이벤트
C04874	SSS4/331:E8	글	1	NEXT\n雷漢龍穴炉\n玲蘭イベント\n玲蘭龍穴炉	NEXT\n라이칸 용혈로\n레이란 이벤트\n레이란 용혈로
C04875	SSS4/331:119	글	1	NEXT\n封印の門1ハード（シャスタ）\n封印の門1ハード\n封印の門1エンド1（シャスタ）	NEXT\n봉인의 문1 하드(샤스타)\n봉인의 문1 하드\n봉인의 문1 엔드1(샤스타)
C04876	SSS4/331:15E	글	1	NEXT\n未 封印の門1エンド2\nヒロインイベント\n最終イベントシャスタ	NEXT\n미 봉인의 문1 엔드2\n히로인 이벤트\n최종 이벤트 샤스타
C04877	SSS4/331:198	글	1	NEXT\n破壊された時の監視者\n最終イベントイザナギ\n最終イベント冥界	NEXT\n파괴된 시간의 감시자\n최종 이벤트 이자나기\n최종 이벤트 명계
C04878	SSS4/331:1D6	글	1	NEXT\n誰もいない時の監視者エンド\nイザナミの話から\n最終イベントヒロイン 時封呪	NEXT\n아무도 없는 시간의 감시자 엔드\n이자나미 이야기부터\n최종 이벤트 히로인 시봉주
C04879	SSS4/331:21A	글	1	NEXT\n時封呪（はじめから）\n時封呪（龍の前から）\nシャスタ仲間	NEXT\n시봉주(처음부터)\n시봉주(용 앞부터)\n샤스타 동료
C04880	SSS4/331:252	글	1	NEXT\nヒロイン仲間\nヒロイン＆シャスタ\nイザナギ仲間	NEXT\n히로인 동료\n히로인＆샤스타\n이자나기 동료
C04881	SSS4/331:280	글	1	NEXT\nイザナギ仲間ラストイベント\nとにかく2度目の封印の門\nエンディング	NEXT\n이자나기 동료 라스트 이벤트\n아무튼 두 번째 봉인의 문\n엔딩
C04882	SSS4/331:2B8	글	1	NEXT\nシャスタ怒って帰る!	NEXT\n샤스타 화나서 돌아감!
C04883	SSS4/331:3E7	대사:FD	6	行くよ	간다
C04884	SSS4/331:57F	글	1	注意マップ\n全マップ	주의 맵\n전체 맵
C04885	SSS4/331:598	대사:FD	1	IBG000一0	IBG000―0
C04886	SSS4/331:5AC	대사:FD	1	IBG000一1	IBG000―1
C04887	SSS4/331:5C0	영문	1	IBG020	
C04888	SSS4/331:5D1	영문	1	IBG030	
C04889	SSS4/331:5E2	대사:FD	1	IBG040一0	IBG040―0
C04890	SSS4/331:5F6	대사:FD	1	IBG040一1	IBG040―1
C04891	SSS4/331:60A	대사:FD	1	IBG041一0	IBG041―0
C04892	SSS4/331:61E	대사:FD	1	IBG041一2	IBG041―2
C04893	SSS4/331:632	영문	1	IBG050	
C04894	SSS4/331:643	대사:FD	1	IBG060一0	IBG060―0
C04895	SSS4/331:657	대사:FD	1	IBG060一2	IBG060―2
C04896	SSS4/331:66B	영문	1	IBG080	
C04897	SSS4/331:67C	영문	1	MBG050	
C04898	SSS4/331:68D	영문	1	MBG051	
C04899	SSS4/331:69E	영문	1	MBG052	
C04900	SSS4/331:6AF	대사:FD	1	MBG053一0	MBG053―0
C04901	SSS4/331:6C3	대사:FD	1	MBG053一3	MBG053―3
C04902	SSS4/331:6D7	영문	1	MBG058	
C04903	SSS4/331:6E8	대사:FD	1	MBG090一0?	MBG090―0?
C04904	SSS4/331:6FD	대사:FD	1	MBG090一4?	MBG090―4?
C04905	SSS4/331:712	영문	1	MBG110	
C04906	SSS4/331:723	영문	1	MBG121	
C04907	SSS4/331:9AA	글	1	次のMAP\nマスクチェック	다음 MAP\n마스크 체크
C04908	SSS4/331:9C8	글	2	次へ\n0\n1\n2	다음\n0\n1\n2
C04909	SSS4/331:9DE	글	2	次へ\n3\n4\n5	다음\n3\n4\n5
C04910	SSS4/331:9F4	글	2	次へ\n6\n7\n8	다음\n6\n7\n8
C04911	SSS4/331:A0A	글	2	最初へ\n9\n10\n11	처음으로\n9\n10\n11
C04912	SSS4/331:B30	대사:FD	1	停止中	정지 중
C04913	SSS4/332:15D	대사:0E	1	封印が、外れかけている!!	봉인이 풀려 가고 있어!!
C04914	SSS4/332:192	대사:0E	1	{05:00}、頼みがあるのです。	{05:00}、부탁이 있습니다。
C04915	SSS4/332:1A6	대사:FD	1	術の途中だよ!	술법 도중이야!
C04916	SSS4/332:1B4	대사:0E	1	この封印の向う側　　	이 봉인 너머　　
C04917	SSS4/332:1C8	대사:0E	1	冥界には、私一人で行かなければ\nならないのです。	명계에는 저 혼자 가야\n합니다。
C04918	SSS4/332:1F6	대사:FC	1	一人で、行かなければならない\n理由があるんですか?	혼자 가야 하는 이유가\n있나요?
C04919	SSS4/332:225	대사:FD	1	その訳を言ってくれよ。	그 이유를 말해 줘。
C04920	SSS4/332:236	대사:0E	1	　　訳は、言えません。	　　이유는 말할 수 없습니다。
C04921	SSS4/332:255	대사:FD	1	それじゃあ、ダメだな。	그럼 안 되지。
C04922	SSS4/332:268	대사:FD	1	とにかく、話は封印を\n破ってからだな。	아무튼 얘기는 봉인을\n깬 다음이야。
C04923	SSS4/332:283	대사:0E	1	それでは、遅いのです。	그때는 늦습니다。
C04924	SSS4/332:293	대사:FD	1	いいから下がって見てな!	됐으니까 물러서서 보고 있어!
C04925	SSS4/335:2A3	글	1	よくぞ封印の扉を破ってくれた。	잘도 봉인의 문을 깨 주었다。
C04926	SSS4/335:2C2	대사:FD	1	あの光はなんですか?	저 빛은 뭔가요?
C04927	SSS4/335:2D4	글	1	龍脈のエネルギーが奪われている。{p}そのエネルギーの光だ。	용맥의 에너지가 빼앗기고 있다。{p}그 에너지의 빛이다。
C04928	SSS4/335:2FB	대사:FD	1	これのせいで龍脈が蘇らないのか!	이것 때문에 용맥이 안 되살아나는 건가!
C04929	SSS4/335:343	글	1	龍脈の陽気はここを通って何処かに\n運ばれている様だ!{p}だが、奥に何がひそんでいるのか\nはわからない。	용맥의 양기는 여기를 지나 어딘가로\n옮겨지는 것 같다!{p}하지만 안쪽에 무엇이 숨어 있는지\n는 모르겠다。
C04930	SSS4/335:384	대사:FD	1	その原因を取り除けば龍脈は\n復活するんですね。{p}洞仙よ、この地を救う事が\n出来るのは、お前だけだ。	그 원인을 없애면 용맥은\n부활하는 거군요。{p}동선이여、이 땅을 구할 수\n있는 건 너뿐이다。
C04931	SSS4/335:54D	대사:FD	1	妖獣!?	요수!?
C04932	SSS4/335:559	대사:FD	1	こいつが龍脈の陽気を奪っていたのか	이 녀석이 용맥의 양기를 빼앗고 있었나
C04933	SSS4/335:578	대사:FD	2	龍脈の気を取るのをすぐに\nやめてもらいたい!	용맥의 기를 빼앗는 걸 당장\n그만둬 줘!
C04934	SSS4/335:59A	안내:09	2	グーグー	쿨―쿨―
C04935	SSS4/335:5A4	대사:FD	1	　{03:01}　{03:01}　{03:01}　{03:01}寝てるのか?	　{03:01}　{03:01}　{03:01}　{03:01}자고 있는 거야?
C04936	SSS4/335:5DC	대사:FD	1	おい、起きろ、龍脈のエネルギーを\nネコババするのをすぐやめろ!!	어이、일어나、용맥의 에너지를\n슬쩍하는 거 당장 그만둬!!
C04937	SSS4/335:618	대사:FD	1	こら、起きろ!!	야、일어나!!
C04938	SSS4/335:65C	안내:09	1	我の眠りを妨げるのはお前か!!	나의 잠을 방해하는 게 너냐!!
C04939	SSS4/335:67D	대사:FD	1	やっと起きたか!	겨우 일어났군!
C04940	SSS4/335:6AC	안내:09	1	うるさい奴め、	시끄러운 놈、
C04941	SSS4/335:6C8	안내:08	1	人間風情が、玄武の末裔この爆岩様の\n \n   眠りを妨げるとは　　　　	인간 주제에 현무의 후예 이 폭암님의\n \n   잠을 방해하다니　　　　
C04942	SSS4/335:70C	안내:09	1	これは罰を与えねばな。	이건 벌을 줘야겠군。
C04943	SSS4/335:7C6	글	1	エネルギーの流れが止まる。	에너지의 흐름이 멈춘다。
C04944	SSS4/335:7D9	글	1	{05:00}がやってくれたのか。	{05:00}가 해 준 건가。
C04945	SSS4/335:7E9	글	1	さすが我々が見込んだ洞仙だ	역시 우리가 점찍은 동선이다
C04946	SSS4/335:82A	글	1	 陽気を奪っていた{03:06}\n \n妖獣を倒した事により{03:06}\n \n  龍脈は蘇った{03:06}	 양기를 빼앗던{03:06}\n \n요수를 쓰러뜨림으로써{03:06}\n \n  용맥은 되살아났다{03:06}
C04947	SSS4/335:86E	안내:09	1	蘇った龍脈の力を得て大地は{03:06}\n \n 再び活力を取り戻した{03:06}	되살아난 용맥의 힘을 얻어 대지는{03:06}\n \n 다시 활력을 되찾았다{03:06}
C04948	SSS4/335:8DB	글	1	{05:00}よ、なぜ戻ってこない?	{05:00}여、왜 돌아오지 않는 거냐?
C04949	SSS4/335:909	안내:06	1	  この地の龍脈は復活した{09} \n      しかし\n \n  待ち続ける仙獣達の前に\n \n{05:00}が姿を現す事は無かった	  이 땅의 용맥은 부활했다{09} \n      그러나\n \n  계속 기다리는 선수들 앞에\n \n{05:00}이 모습을 드러내는 일은 없었다
C04950	SSS4/335:99E	대사:FD	1	これで大地は蘇る!!	이걸로 대지는 되살아난다!!
C04951	SSS4/335:9C3	대사:FC	1	ねえ、これちょっと調べさせて\nもらっていい?	저기、이거 좀 조사하게\n해 줄래?
C04952	SSS4/335:9E8	대사:FD	1	いいけど、これを調べて\n何か解るの?	괜찮은데、이걸 조사해서\n뭘 알 수 있어?
C04953	SSS4/335:A08	대사:FC	1	分からないわ♡	모르겠어♡
C04954	SSS4/335:A15	대사:FC	1	だから、調べるの。	그러니까 조사하는 거야。
C04955	SSS4/335:A2B	대사:FD	1	はあ、そうなんですか。	하아、그런가요。
C04956	SSS4/335:A47	대사:FC	1	なになになにぬ　　\n　　　　はれはらひ	어디어디어디어디　　\n　　　　으음음음
C04957	SSS4/335:A67	대사:FC	1	「時　　管理　」\nこれ以上は読めないわね。	「시간　　관리　」\n더 이상은 못 읽겠네。
C04958	SSS4/335:A8E	대사:FD	1	解るんだ?	알아보는구나?
C04959	SSS4/335:AA6	대사:FC	1	少しね、これ相当古い物よ。	조금은、이거 꽤 오래된 거야。
C04960	SSS4/335:ACC	대사:FC	1	んしょ!	영차!
C04961	SSS4/335:AE1	대사:FD	1	俺がここに来たのって‥‥‥	내가 여기 온 건‥‥‥
C04962	SSS4/335:AFA	대사:FD	1	ニセの神様に導かれてなんだ。	가짜 신에게 이끌려서야。
C04963	SSS4/335:B17	대사:FC	1	どんな、誘い文句だったの?	어떤 꼬드김이었는데?
C04964	SSS4/335:B33	대사:FD	1	俺って異世界から飛ばされて\nきたんだ‥‥‥	나는 이세계에서 날려\n왔거든‥‥‥
C04965	SSS4/335:B54	대사:FC	1	変わった人だと思っていたけど\n別の世界の人だったのか。	특이한 사람이라고 생각했는데\n다른 세계 사람이었구나。
C04966	SSS4/335:B85	대사:FD	1	まじめに聞いてるの?	진지하게 듣고 있는 거야?
C04967	SSS4/335:B9B	대사:FD	1	元の世界に帰る方法を教えるって\n言われたんだ‥‥‥	원래 세계로 돌아가는 방법을 알려\n준다고 했어‥‥‥
C04968	SSS4/335:BC3	대사:FC	1	ニセの部屋神様に?	가짜 방신님이?
C04969	SSS4/335:BF0	안내:08	1	   俺はシャスタに\n \n平行世界に飛ばされて来た事や\n \n龍の事、老師の事などを話した。	   나는 샤스타에게\n \n평행세계로 날려 온 일이나\n \n용 이야기、노사님 이야기 등을 했다。
C04970	SSS4/335:C4E	대사:FC	1	平行世界　　　　\nもしかして、時の監視者　　　　	평행세계　　　　\n혹시 시간의 감시자　　　　
C04971	SSS4/335:C80	대사:FD	1	それってなに?	그게 뭔데?
C04972	SSS4/335:C99	대사:FC	1	西の王国に伝わる古い記録の中に\n出て来る神の名前よ。	서쪽 왕국에 전해지는 오래된 기록에\n나오는 신의 이름이야。
C04973	SSS4/335:CC4	대사:FD	1	どんな話なの?	어떤 이야기야?
C04974	SSS4/335:CD0	대사:FC	1	大昔は今よりも魔法の研究が\n盛んだったらしいの。	아주 옛날엔 지금보다 마법 연구가\n활발했대。
C04975	SSS4/335:CF4	대사:FC	1	そのころ作られた、二つの禁呪	그 무렵 만들어진 두 개의 금주
C04976	SSS4/335:D15	대사:FC	1	「時の封術」は時間を超えて\n相手を消し飛ばしてしまう術。	「시간의 봉술」은 시간을 넘어\n상대를 지워 버리는 술법。
C04977	SSS4/335:D4D	대사:FC	1	「天の封術」は、平行世界と\n呼ばれる異世界に、相手を\n封じてしまう術。	「하늘의 봉술」은 평행세계라\n불리는 이세계에 상대를\n가둬 버리는 술법。
C04978	SSS4/335:DBD	대사:FD	1	それは、俺がかけられた術の名前!!	그건 내가 걸린 술법의 이름!!
C04979	SSS4/335:DD9	대사:FC	1	やっぱりね、でも、その話には\n続きがあるの。	역시、하지만 그 이야기엔\n뒷이야기가 있어。
C04980	SSS4/335:E00	대사:FC	1	人間が時や世界をあやつる様に\nなると、いろいろと不都合が\n起こる様になったの。	인간이 시간과 세계를 다룰 수 있게\n되자 여러 가지 문제가\n생기게 됐어。
C04981	SSS4/335:E36	대사:FC	1	それらの術がもとで、人の世界は\n滅びそうになったと記されていたわ。	그 술법들 때문에 인간 세상이\n멸망할 뻔했다고 적혀 있었어。
C04982	SSS4/335:E64	대사:FD	1	そんな恐ろしい術だったのか。	그렇게 무서운 술법이었나。
C04983	SSS4/335:E78	대사:FC	1	あやまちに気づいた人々は\n術を封じたの。	잘못을 깨달은 사람들은\n술법을 봉인했어。
C04984	SSS4/335:EA0	대사:FC	1	そして、再び封呪が使われた時\nそれを補正し、消滅させる神が\n造られたと記録には記されていたわ。	그리고 다시 봉주가 쓰일 때\n그걸 바로잡고 소멸시키는 신이\n만들어졌다고 기록에 적혀 있었어。
C04985	SSS4/335:EEE	대사:FD	1	もしかして、それが　　	혹시 그게　　
C04986	SSS4/335:F10	대사:FC	1	ええ、その神の名前が時の監視者。	응、그 신의 이름이 시간의 감시자。
C04987	SSS4/335:F31	대사:FD	1	俺は神様をぶっ壊したのか‥‥‥	내가 신을 부숴 버린 건가‥‥‥
C04988	SSS4/335:F75	대사:FC	1	　　　　のかもね。	　　　　일지도 몰라。
C04989	SSS4/335:F86	대사:FC	1	でも、ほんとに神様だったら\n攻撃なんかしてこないでしょ?	그래도 정말 신이라면\n공격 같은 건 안 하겠지?
C04990	SSS4/335:FDB	대사:FD	1	そっか!	그렇구나!
C04991	SSS4/335:FF0	대사:FD	1	とにかくこれで大地は蘇るよ。	아무튼 이걸로 대지는 되살아나。
C04992	SSS4/335:1030	대사:FD	1	これで仕上げだ!	이걸로 마무리다!
C04993	SSS4/335:103E	대사:FC	1	いよいよ、大地が蘇るのね。	드디어 대지가 되살아나는구나。
C04994	SSS4/335:10CF	안내:0C	1	大地が蘇ったころ、洞天の街では‥{03:01}‥{03:01}‥{03:01}	대지가 되살아날 무렵 동천 거리에서는‥{03:01}‥{03:01}‥{03:01}
C04995	SSS4/335:1156	대사:FC	1	な{03:01}なんなの、この揺れ	뭐{03:01}뭐야、이 흔들림
C04996	SSS4/335:116E	대사:FD	1	龍脈が蘇り大地が活性化したのさ!	용맥이 되살아나 대지가 활성화된 거야!
C04997	SSS4/335:1191	대사:FD	1	これで、この地に平和が\n訪れたってわけさ!	이걸로 이 땅에 평화가\n찾아왔다는 거지!
C04998	SSS4/335:11BA	대사:FC	1	平和って、{05:00}‥‥‥	평화라니、{05:00}‥‥‥
C04999	SSS4/335:1201	대사:FD	1	大地の為に働くのがどんな事か\nわかったかい?	대지를 위해 일한다는 게 어떤 건지\n알겠어?
C05000	SSS4/335:1241	대사:FC	1	う～ん	으～음
C05001	SSS4/335:1254	대사:FC	1	貴方たちが、龍脈を蘇らせる度に\nこんな騒ぎになるのね。	당신들이 용맥을 되살릴 때마다\n이런 소동이 나는구나。
C05002	SSS4/335:1286	대사:FD	1	大地の息吹だよ!	대지의 숨결이야!
C05003	SSS4/335:129F	대사:FC	1	地震よ!	지진이야!
C05004	SSS4/335:1308	대사:FD	1	そっかなぁ?	그런가?
C05005	SSS4/335:1316	대사:FD	1	たいした事は、無いと思うけど。	별일 아닌 것 같은데。
C05006	SSS4/335:13D6	대사:FC	1	きゃっ、あきれた人ね	꺅、어이없는 사람이네
C05007	SSS4/335:13E9	대사:FC	1	わたしね、どうして洞仙が人々に\n嫌われるのか、わかった様な気がするわ。	나 말이야、왜 동선이 사람들에게\n미움받는지 알 것 같아。
C05008	SSS4/335:1426	대사:FC	1	帰るわよ。	돌아갈래。
C05009	SSS4/335:144F	대사:FC	1	今度、仙窟で会ったら\n手加滅しないからね!!	다음에 선굴에서 만나면\n안 봐줄 거야!!
C05010	SSS4/335:147A	대사:FD	1	そういうことかい	그런 거였어
C05011	SSS4/335:14AC	대사:FC	1	さよなら	안녕
C05012	SSS4/335:1508	대사:FD	1	大地のためか　　　　\nなかなか理解されないもんだな。	대지를 위해서라　　　　\n좀처럼 이해받지 못하는군。
C05013	SSS4/335:158F	글	1	ありがとよ、{05:00}!!{p}大地は完全に復活したぜ!{p}陽気を奪われる事も無くなったし\nもう安心だ!	고맙다、{05:00}!!{p}대지는 완전히 부활했다!{p}양기를 빼앗길 일도 없어졌으니\n이제 안심이다!
C05014	SSS4/335:15D8	대사:FD	1	時の監視者って何だったんですか?{p}大地の陽気を吸い上げていた奴だろ。{p}わからん!ただ三年ほど前に{0A}突然動き始めた!	시간의 감시자는 뭐였나요?{p}대지의 양기를 빨아올리던 놈이지。{p}모르겠다!다만 3년쯤 전에{0A}갑자기 움직이기 시작했다!
C05015	SSS4/335:162A	대사:FD	1	三年前!!	3년 전!!
C05016	SSS4/335:168C	대사:FD	1	やっぱり元の世界に帰る\n手がかりだったのか!!	역시 원래 세계로 돌아갈\n단서였구나!!
C05017	SSS4/335:16B1	대사:FD	1	まあ、いっか!	뭐、됐나!
C05018	SSS4/335:1713	대사:02	1	おお{05:00}	오오 {05:00}
C05019	SSS4/335:171E	대사:FD	1	よくここがわかりましたね。	여기를 잘 찾아오셨네요。
C05020	SSS4/335:1741	대사:02	1	ここに来るまでに、ずいぶん\n迷ったわい!	여기 오기까지 꽤\n헤맸느니라!
C05021	SSS4/335:175B	대사:FD	3	やっぱり!	역시!
C05022	SSS4/335:1794	대사:02	1	それはともかく、大変なんじゃ!	그건 그렇고 큰일이니라!
C05023	SSS4/335:17AC	대사:FD	2	どうしたんですか?	무슨 일이세요?
C05024	SSS4/335:17B9	대사:02	1	仙窟にアレックスとかいう者が{0A}現れて‥‥‥	선굴에 알렉스라는 자가{0A}나타나서‥‥‥
C05025	SSS4/335:17E9	대사:FD	3	はあ	하아
C05026	SSS4/335:17F5	대사:02	1	大暴れしちょるんじゃ!!	마구 날뛰고 있느니라!!
C05027	SSS4/335:180C	대사:02	1	すぐに来るんじゃ!	당장 오거라!
C05028	SSS4/335:1822	글	1	ここの大地はもう大丈夫だ!	이곳의 대지는 이제 괜찮다!
C05029	SSS4/335:183F	대사:FD	1	それじゃあ!	그럼!
C05030	SSS4/335:18E2	글	1	{05:00}{p}まったく、頼もしい洞仙だな!	{05:00}{p}정말 믿음직한 동선이로군!
C05031	SSS4/336:5D	대사:06	1	とにかく生死を問わずなのよね♡	아무튼 생사 불문이라는 거지♡
C05032	SSS4/336:74	대사:05	1	ええ、とにかく洞仙を倒した者に\n賞金がでます。	네、아무튼 동선을 쓰러뜨린 자에게\n현상금이 나옵니다。
C05033	SSS4/336:C7	대사:06	1	もう一度聞くけど、賞金っていくら\nだったかしら?	한 번 더 물을게、현상금이 얼마\n였더라?
C05034	SSS4/336:EB	대사:05	1	だ{03:01}か{03:01}ら{03:01}、金70万ですってば!	그{03:01}러{03:01}니{03:01}까、금 70만이라니까요!
C05035	SSS4/336:137	대사:06	1	わかったわ。じゃあ、賞金を用意して\n待っててね。	알았어。그럼 현상금 준비해\n두고 기다려。
C05036	SSS4/336:161	대사:05	1	あの人、いつもあの調子だからなぁ　　\n敵ながら洞仙に同情するよ。	저 사람、늘 저런 식이니　　\n적이지만 동선이 불쌍하네。
C05037	SSS4/336:1CB	대사:4A	1	いとしの洞仙様に\n逢えるのは、ここね♡	사랑하는 동선님을\n만날 수 있는 곳이 여기구나♡
C05038	SSS4/336:1F3	대사:36	1	いとしの洞仙様だって?	사랑하는 동선님이라고?
C05039	SSS4/336:21E	대사:36	1	女、さては貴様、洞仙の仲間か!	여자、혹시 네놈 동선의 한패냐!
C05040	SSS4/336:255	대사:4A	1	なによあなた、このあたしの\n邪魔する気なの?	뭐야 당신、이 몸을\n방해할 셈이야?
C05041	SSS4/336:274	대사:35	1	れ{03:02}、玲蘭!!	레{03:02}、레이란!!
C05042	SSS4/336:2DA	대사:35	1	ど{03:01}、{03:02}どうぞお通り下さい!	지{03:01}、{03:02}지나가십시오!
C05043	SSS4/336:325	대사:4A	1	あら、きちんと話が出来る\n人もいる様ね。	어머、말이 통하는\n사람도 있나 보네。
C05044	SSS4/336:342	대사:35	1	ここの洞仙は、かなりの\n使い手らしいので、気をつけて下さい!	여기 동선은 꽤 솜씨가\n좋다니까 조심하세요!
C05045	SSS4/336:390	대사:36	1	どうしたんだよ!	왜 그래!
C05046	SSS4/336:3A2	대사:35	1	いまの女、玲蘭だよ!	방금 그 여자、레이란이야!
C05047	SSS4/336:3B9	대사:36	1	玲蘭って!	레이란이라니!
C05048	SSS4/336:3C4	대사:36	1	もしかして、守銭奴の玲蘭?	혹시 수전노 레이란?
C05049	SSS4/336:3DD	대사:35	1	そう、あの死神の玲蘭だよ。	그래、그 사신 레이란이야。
C05050	SSS4/336:400	대사:36	2	ひえーっ!	히이익!
C05051	SSS4/336:48C	대사:F9	2	いくわよ!	간다!
C05052	SSS4/336:4AD	대사:F9	2	見つけたわよ!	찾았다!
C05053	SSS4/336:4D2	대사:F9	1	まだまだよ!	아직 멀었어!
C05054	SSS4/336:597	대사:FD	2	怪しい気配がする。	수상한 기척이 나。
C05055	SSS4/336:5BE	대사:FD	2	いるのは、わかって\nいるんだ!!	있는 거 다 알고\n있어!!
C05056	SSS4/336:625	대사:FD	1	だ{03:01}、大丈夫か?	괘{03:01}、괜찮아?
C05057	SSS4/336:63D	대사:02	1	大きなお世話よ!	쓸데없는 참견이야!
C05058	SSS4/336:657	대사:FD	2	賞金稼ぎだな?	현상금 사냥꾼이지?
C05059	SSS4/336:770	대사:02	1	あら、簡単にばれちゃったのね。	어머、쉽게 들켜 버렸네。
C05060	SSS4/336:7D8	대사:02	2	ええ!	그래!
C05061	SSS4/336:807	대사:02	1	私、賞金稼ぎの玲蘭{09}美しき死神ってとこかな?	난 현상금 사냥꾼 레이란{09}아름다운 사신이라고나 할까?
C05062	SSS4/336:842	대사:FC	1	賞金稼ぎさんか。	현상금 사냥꾼이구나。
C05063	SSS4/336:896	대사:FD	1	なんで、オメーらは、毎回毎回\n邪魔しに来るんだよ!	왜 너희는 매번 매번\n방해하러 오는 거야!
C05064	SSS4/336:8EA	대사:02	1	ただじゃ教えないわよ。	공짜로는 안 알려 줘。
C05065	SSS4/336:907	대사:FD	1	だいたい、洞仙の俺が金なんか\n持ってる訳ないだろ!	애초에 동선인 내가 돈 같은 걸\n갖고 있을 리 없잖아!
C05066	SSS4/336:933	대사:02	1	確かに、ビンボウそうね。	확실히 가난해 보이네。
C05067	SSS4/336:96C	대사:FC	1	お金なんて無くたって、平気よね。	돈 같은 거 없어도 괜찮잖아。
C05068	SSS4/336:98E	대사:FD	1	いや、お金の話をしてる訳じゃ\nないんですけど　　	아니、돈 얘기를 하는 게\n아닌데요　　
C05069	SSS4/336:9C1	대사:FD	1	だいたい、なんで仙窟なんだよ!	애초에 왜 선굴이야!
C05070	SSS4/336:9D6	대사:FD	1	賞金首なんか、他にいくらでも\nいるだろ?	현상범이라면 다른 데도 얼마든지\n있잖아?
C05071	SSS4/336:A1B	대사:02	1	あらあら、お立場が分かって\nいらっしゃらない様ね♡	어머어머、자기 처지를 모르시는\n모양이네♡
C05072	SSS4/336:A4C	대사:02	1	洞仙にかけられる賞金って\nすごく高いのよ♡	동선에게 걸리는 현상금은\n엄청 비싸거든♡
C05073	SSS4/336:A6B	대사:02	1	あなた一人で、普通の妖怪やこそどろ夜盗の\n数百倍の賞金なのよ!	당신 하나가 평범한 요괴나 좀도둑\n수백 배의 현상금이야!
C05074	SSS4/336:A9B	대사:02	1	さらに必要経費も請求できて{0A}税無しなのよ♡	게다가 필요 경비도 청구할 수 있고{0A}세금도 없어♡
C05075	SSS4/336:AE8	대사:FD	1	それって、凄いのか?	그거 대단한 거야?
C05076	SSS4/336:B0D	대사:FC	1	すごいと言えば、すごいんだけど　　	대단하다면 대단한데　　
C05077	SSS4/336:B38	대사:02	1	まあ、確かに凄いんだけど。	뭐、확실히 대단하긴 하지만。
C05078	SSS4/336:B4E	대사:02	1	そんだけ、あなた達洞仙が\n嫌われてるって事ね。	그만큼 당신들 동선이\n미움받는다는 거야。
C05079	SSS4/336:B6E	대사:02	1	まあ、大地を滅ぼしちゃうんだから{0A}嫌われて当たり前よね。	뭐、대지를 멸망시키니까{0A}미움받는 게 당연하지。
C05080	SSS4/336:BAC	대사:FC	1	ホントの事、説明しないの?	진실을 설명 안 해?
C05081	SSS4/336:BC3	대사:FD	1	こいつらに説明しても、まったくの\n無駄だからね。	이런 녀석들한테 설명해 봤자\n완전히 헛수고니까。
C05082	SSS4/336:BE6	대사:02	1	なに、ごちゃごちゃ言ってるの!	뭘 구시렁거리는 거야!
C05083	SSS4/336:C0B	대사:FC	1	確かに人の話を聞くような\n人には、見えないわね。	확실히 남의 말을 들을\n사람으로는 안 보이네。
C05084	SSS4/336:C30	대사:FD	1	だから、お帰り願うしかないのさ。	그러니까 돌아가 달라고 할 수밖에。
C05085	SSS4/336:C4C	대사:02	1	質問に答えてあげたんだから、さっさと\nやられちゃってね。	질문에 대답해 줬으니까 얼른\n당해 줘。
C05086	SSS4/336:C75	대사:FD	2	ふざけんな!	장난치지 마!
C05087	SSS4/336:C82	대사:02	1	そう来ると思ったけどね。	그렇게 나올 줄 알았어。
C05088	SSS4/336:E96	대사:FD	1	どうだい、賞金稼ぎさん?	어때、현상금 사냥꾼 씨?
C05089	SSS4/336:EB1	대사:02	1	この私が負けるなんて‥‥‥	이 내가 지다니‥‥‥
C05090	SSS4/336:F20	대사:02	1	これであなたの賞金は、ますます\n多くなるに違いないわ。	이걸로 당신 현상금은 더더욱\n많아질 게 틀림없어。
C05091	SSS4/336:F4F	대사:FC	1	賞金、賞金って\nずいぶん悲しい人ね。	현상금、현상금 하고\n참 슬픈 사람이네。
C05092	SSS4/336:F6E	대사:02	1	あんたなんかに、解って\nいただかなくても結構よ!	당신 같은 사람이 이해해\n주지 않아도 돼!
C05093	SSS4/336:F90	대사:FD	1	誰が来ても俺は負けないよ!	누가 와도 난 안 져!
C05094	SSS4/336:FA5	대사:02	1	このままじゃ済まさないわよ!	이대로 끝나지 않을 거야!
C05095	SSS4/336:FBB	대사:FD	2	はいはい。	네네。
C05096	SSS4/336:102C	대사:FC	1	かわいそうな人ね。	불쌍한 사람이네。
C05097	SSS4/336:103D	대사:FD	2	そうかな?	그런가?
C05098	SSS4/336:1046	대사:FD	1	好き勝手に生きてて、ずいぶんと\n楽しそうだけどなぁ。	제멋대로 살면서 꽤나\n즐거워 보이는데。
C05099	SSS4/336:1072	대사:FC	1	洞仙サマも十分に好き勝手\nやってますよ。	동선님도 충분히 제멋대로\n하고 계시잖아요。
C05100	SSS4/336:10A1	대사:FD	1	それは、大きなお世話だよ!	그건 쓸데없는 참견이야!
C05101	SSS4/336:10B5	대사:FC	1	シャシャシャ	샤샤샤
C05102	SSS4/336:10CD	대사:FC	1	{05:00}、どうして\nこの子連れてるのかしら?	{05:00}、왜\n이 애를 데리고 다니는 거야?
C05103	SSS4/337:5A	대사:39	1	仙窟の入口ってのはここかい?	선굴 입구가 여기야?
C05104	SSS4/337:76	대사:39	1	ちょっと前に派手な服装の女魔道士\nが来なかったかい?	좀 전에 화려한 옷차림의 여자 마도사\n가 오지 않았어?
C05105	SSS4/337:9E	대사:36	1	異国の人ですか?	이국 사람인가요?
C05106	SSS4/337:AD	대사:39	1	あんたらから見ればな。	너희가 보기엔 그렇겠지。
C05107	SSS4/337:BD	대사:36	1	もしかして、その人って\nポワポワしたしゃべり方する人ですか?	혹시 그 사람\n둥실둥실한 말투를 쓰는 사람인가요?
C05108	SSS4/337:ED	대사:39	1	ポワポワってのがどんな\nしゃべり方かしらんが、多分それだ!	둥실둥실한 게 어떤\n말투인지는 모르겠지만 아마 그거다!
C05109	SSS4/337:11A	대사:35	1	その人が来たのって{0A}ずいぶん前ですよ!	그 사람이 온 건{0A}꽤 전이에요!
C05110	SSS4/337:134	대사:39	2	ありがとよ!	고맙다!
C05111	SSS4/337:1B6	대사:F9	1	どうやらここに間違いなさそうだな!	아무래도 여기가 틀림없는 것 같군!
C05112	SSS4/337:1E8	대사:F9	1	この程度で、倒れる俺では無い　　	이 정도로 쓰러질 내가 아니다　　
C05113	SSS4/337:2B3	대사:FD	1	俺はこの仙窟の主、{05:00}だ!!	나는 이 선굴의 주인 {05:00}다!!
C05114	SSS4/337:2D1	대사:02	1	シャスタを倒したのはおまえか?	샤스타를 쓰러뜨린 게 너냐?
C05115	SSS4/337:2E8	대사:FD	1	シャスタ?	샤스타?
C05116	SSS4/337:2FD	대사:FD	1	ああ、あの魔法使いそんな\n名前だったかな。	아아、그 마법사 그런\n이름이었던가。
C05117	SSS4/337:31B	대사:02	1	俺の名はケブレス、貴様に\n勝負を挑む!!	내 이름은 케브레스、네놈에게\n승부를 신청한다!!
C05118	SSS4/337:33E	대사:FD	1	面白い、受けて立つぜ!!	재미있군、받아 주지!!
C05119	SSS4/337:374	대사:FC	1	あら、ケブレスじゃない。	어머、케브레스잖아。
C05120	SSS4/337:38A	대사:02	1	約束の場所にいないと\n思ったらこんな所にいたのか!	약속 장소에 없다\n싶었더니 이런 데 있었나!
C05121	SSS4/337:3B7	대사:FD	1	知り合いかい?	아는 사이야?
C05122	SSS4/337:3D2	대사:FC	1	ええ、ずっと一緒に旅をしているの{09}でもよく、はぐれちゃって‥‥‥	응、계속 같이 여행하고 있어{09}그런데 자주 떨어져 버려서‥‥‥
C05123	SSS4/337:403	대사:FC	1	ずっと、一緒に旅をしている仲間よ。	계속 같이 여행하는 동료야。
C05124	SSS4/337:420	대사:FE	1	シャスタ、旅をしていたの?	샤스타、여행하고 있었어?
C05125	SSS4/337:43F	대사:FC	1	ええ、そうよ。	응、맞아。
C05126	SSS4/337:454	대사:FC	1	お父さんとケブレスと私の三人で\nいろんな冒険をしながらね。	아빠랑 케브레스랑 나 셋이서\n여러 모험을 하면서。
C05127	SSS4/337:47F	대사:FE	1	へーっ、すごいのね。	와―、대단하다。
C05128	SSS4/337:4E0	대사:FC	1	でもよく、はぐれちゃって‥‥‥	그런데 자주 떨어져 버려서‥‥‥
C05129	SSS4/337:502	대사:02	1	はぐれるのは、お前ら親子が\nいつも約束を守らないからだ!	떨어지는 건 너희 부녀가\n늘 약속을 안 지켜서다!
C05130	SSS4/337:532	대사:FC	1	で、ケブレスどうしたの?	그래서 케브레스 무슨 일이야?
C05131	SSS4/337:548	대사:02	1	どうしたのだって?	무슨 일이냐고?
C05132	SSS4/337:55C	대사:02	1	シャスタ{03:02}、{03:02}なぜ洞仙の\n仲間になったんだ!	샤스타{03:02}、{03:02}왜 동선의\n동료가 된 거냐!
C05133	SSS4/337:581	대사:FC	1	うーん、どうしてだったかしら	음―、왜였더라
C05134	SSS4/337:5A5	대사:FC	1	ねえ	있잖아
C05135	SSS4/337:5E7	대사:FC	1	こっちの方が、面白そうだし。	이쪽이 더 재미있어 보이고。
C05136	SSS4/337:60B	대사:FE	1	洞仙の仕事が面白いって言うより\n{05:00}が、面白いのよね♡	동선 일이 재미있다기보다\n{05:00}가 재미있는 거지♡
C05137	SSS4/337:643	대사:FC	1	それはあるかも♡	그건 그럴지도♡
C05138	SSS4/337:65D	대사:FD	1	どういう意味だよ!	무슨 뜻이야!
C05139	SSS4/337:66F	대사:FE	1	ヒミツよ♡	비밀♡
C05140	SSS4/337:6C1	대사:FC	1	ね♡	그치♡
C05141	SSS4/337:6EB	대사:FD	1	で{03:01}、{03:02}あんたは、何しに来たんだ!	그래{03:01}、{03:02}당신은 뭐 하러 온 거야!
C05142	SSS4/337:709	대사:02	1	貴様をぶっ倒しに\n来たんだよ!!	네놈을 때려눕히러\n왔다!!
C05143	SSS4/337:724	대사:FD	1	なんだおとぉ!!	뭐라고오!!
C05144	SSS4/337:740	대사:FD	1	仲間がいるのに{0A}俺と戦うのか?	동료가 있는데{0A}나와 싸울 거야?
C05145	SSS4/337:760	대사:FE	1	なんか人質、とってる\nみたいね‥‥	왠지 인질을 잡고 있는\n것 같네‥‥
C05146	SSS4/337:77E	대사:02	1	かまわん!お前と一緒に地上に\n引きずりだしてやる。	상관없다!너와 함께 지상으로\n끌어내 주마。
C05147	SSS4/337:7C1	대사:FD	1	なめられたもんだな。	얕보였군。
C05148	SSS4/337:7D5	대사:FD	2	どうする?	어떻게 할래?
C05149	SSS4/337:7F1	대사:FC	1	そこまで言われたら、私も\n戦うしかないようね。	그렇게까지 말하면 나도\n싸울 수밖에 없겠네。
C05150	SSS4/337:816	대사:FE	1	ほんとにいいの?	정말 괜찮아?
C05151	SSS4/337:82C	대사:FC	1	心配しなくても、大丈夫よ!	
C05152	SSS4/337:844	대사:FE	1	でも‥‥‥	
C05153	SSS4/337:853	대사:FC	1	それにこんな事、しょっちゅう\nなんだから!	
C05154	SSS4/337:8D0	대사:02	1	お前じゃ勝てないよ!	
C05155	SSS4/337:8E3	대사:FC	1	そこまで言うなら、私が勝ったら\nここに残るわよ。	
C05156	SSS4/337:903	대사:02	1	好きにするがいいさ!	
C05157	SSS4/337:915	대사:FD	1	いいのかい?	
C05158	SSS4/337:92A	대사:FC	2	いいのよ!	
C05159	SSS4/337:93D	대사:02	1	俺は、手加滅出来ないからな!	
C05160	SSS4/337:987	대사:FD	1	かかって来いよ!	
C05161	SSS4/337:9CA	대사:FD	1	どうやら俺の勝ちのようだな!	
C05162	SSS4/337:9F9	대사:02	1	なるほどシャスタが負けたの\nもうなずける。	
C05163	SSS4/337:A13	대사:02	1	今日の所は引き上げさせてもらうぜ!	
C05164	SSS4/337:A5F	대사:02	1	腕を上げた様だなシャスタ。	
C05165	SSS4/337:A76	대사:02	1	俺は帰る。	
C05166	SSS4/337:A8C	대사:FC	1	ちょっと!!	
C05167	SSS4/337:ABA	대사:FD	1	気になるのか?	
C05168	SSS4/337:AD1	대사:FC	1	いってあげないんですか?	
C05169	SSS4/337:B00	대사:FC	1	ごめんね、{05:00}	
C05170	SSS4/337:B0B	대사:FC	1	あの人が倒した仙獣は私が\n何とかしておくから	
C05171	SSS4/337:B2B	대사:FD	1	ああ、早くいってやんな。	
C05172	SSS4/337:B3F	대사:FC	1	やさしいのね。	
C05173	SSS4/337:BDF	대사:FC	1	いっちゃったね。	
C05174	SSS4/337:BEE	대사:FD	1	大地の為に働くって事わかって\nくれたのかな?	
C05175	SSS4/337:C0D	대사:FC	1	洞仙の考え方って、なかなか\n理解されないから。	
C05176	SSS4/337:C38	대사:FD	1	やけにくわしいね。	
C05177	SSS4/337:CA6	대사:FC	1	も～少しは手加滅してよ!	
C05178	SSS4/337:CE2	대사:02	1	これでは、話にならないな　　	
C05179	SSS4/337:D01	대사:FC	1	いきなり、斬りつけたでしょ!	
C05180	SSS4/337:D14	대사:02	1	かかって来いと言われたから\nそうしたまでだ。	
C05181	SSS4/337:D30	대사:FC	1	もぉ	
C05182	SSS4/337:D36	대사:02	1	アレックスが待ってる、帰るぞ。	
C05183	SSS4/337:D51	대사:FC	1	私は、ここに残るわよ。	
C05184	SSS4/337:D62	대사:02	1	なぜ?	
C05185	SSS4/337:D6C	대사:FC	1	洞仙って、なんなのか\n見極めたいの	
C05186	SSS4/337:D85	대사:02	1	こいつは大地を滅ぼす\n悪人だろ。	
C05187	SSS4/337:DA6	대사:FE	1	地上の人たちは、洞仙を\n誤解してるのよ。	
C05188	SSS4/337:DCB	대사:02	1	そんな事は無い。	
C05189	SSS4/337:DDF	대사:FC	1	わたし、一緒にいてそんな悪い人\nとは思えないのよ。	
C05190	SSS4/337:E0D	대사:02	1	また、始まった!	
C05191	SSS4/337:E1F	대사:02	1	この間も、妙な死人使いに\nだまされた、ばかりだろ!	
C05192	SSS4/337:E82	대사:FC	1	そんな事あったかしら?	
C05193	SSS4/337:E92	대사:02	1	怪しげな龍使いの時も、同じような事\n言ったぞ!	
C05194	SSS4/337:EBE	대사:FC	1	わすれた!	
C05195	SSS4/337:ECC	대사:02	1	ふう、{03:03}いいだしたら聞かない\nからなぁ	
C05196	SSS4/337:EEA	대사:FC	1	そんなこと無いわよ!!	
C05197	SSS4/337:F63	대사:02	1	洞仙か、俺には悪い奴に\n見えるがな　　　　	
C05198	SSS4/337:F97	대사:02	1	わかった。好きにするが、いいさ	
C05199	SSS4/337:FC1	대사:FE	1	{05:00}大丈夫かしら?	
C05200	SSS4/337:FF4	대사:FE	1	よかった!{05:00}!	
C05201	SSS4/337:1006	대사:FD	1	奴は?	
C05202	SSS4/337:1014	대사:FC	1	帰ったわ!	
C05203	SSS4/338:2B	안내:06	1	今まで集めた陽気を綜て\n \n あなたにそそぎます	
C05204	SSS4/338:51	대사:FD	1	ホントに元の世界に戻れるん\nだろうな	
C05205	SSS4/338:6F	안내:06	1	時の障壁と、呼ばれるものを\n \n 超える事が出来れば‥‥	
C05206	SSS4/338:9E	대사:FD	1	時の障壁?	
C05207	SSS4/338:ED	대사:FE	1	{05:00}　　私を残して\nホントに帰っちゃうの?	
C05208	SSS4/338:119	대사:FD	1	俺が戻らなきゃ、老師は\n元に戻れないんだ。	
C05209	SSS4/338:140	대사:FE	1	私だって{03:01}‥{03:01}‥{03:01}私だって{03:01}‥{03:01}‥	
C05210	SSS4/338:174	대사:FD	1	それ以上、言わないでくれ　　	
C05211	SSS4/338:195	대사:FE	1	あなたと一緒にいたいの‥‥‥	
C05212	SSS4/338:1B5	대사:FE	1	私の願いは、たった\nそれだけよなのよ。	
C05213	SSS4/338:21B	대사:FE	1	もう離れたくないの　　	
C05214	SSS4/338:22D	대사:FE	1	お願い行かないで。	
C05215	SSS4/338:245	글	1	だめだよ、老師が‥‥‥\nわかった、{05:01}と‥‥	
C05216	SSS4/338:276	대사:FD	1	だめだよ。	
C05217	SSS4/338:27F	대사:FD	1	だって老師は、俺を助ける為に\n石にされちゃったんだ。	
C05218	SSS4/338:2A5	대사:FD	1	ホント言うと　　	
C05219	SSS4/338:2BB	대사:FD	1	ちょっとは、残りたいって\n思ってる。	
C05220	SSS4/338:2D8	대사:FD	1	でも、出来ないんだ!!	
C05221	SSS4/338:319	대사:FE	1	どうして!	
C05222	SSS4/338:322	대사:FD	1	わかるだろ、このまま残っちゃう\n俺って君が必要とする俺じゃない{03:01}‥{03:01}‥	
C05223	SSS4/338:358	대사:FE	1	私、{05:00}のことが好き\nだから一緒にいたいの‥‥‥	
C05224	SSS4/338:3BD	대사:FD	1	{05:01}‥‥‥	
C05225	SSS4/338:3D6	안내:04	1	やっぱり、老師が‥‥‥\n{05:01}と一緒に‥‥‥	
C05226	SSS4/338:400	대사:FD	1	ごめん、{03:03}やっぱり老師を、見捨てる\n事は出来ない‥{03:01}‥{03:01}‥	
C05227	SSS4/338:438	영문	6	{05:01}!	
C05228	SSS4/338:43F	대사:FD	1	君と一緒に、この世界で生きていこう!	
C05229	SSS4/338:48D	대사:FE	2	{05:00}♡	
C05230	SSS4/338:4A7	대사:FD	1	時の監視者さんだっけ{07}こういう事になったんで、よろしくね♡	
C05231	SSS4/338:4EF	안내:02	1	私に与えられた真の目的は、天封呪の消滅\n \nあなたには、役目を果たしてもらいます	
C05232	SSS4/338:542	대사:FD	1	なに言ってるのかわかんないよ?	
C05233	SSS4/338:5BE	대사:FE	1	身体が‥‥‥	
C05234	SSS4/338:5EB	검증필요	2	げ』ズジ{00}	
C05235	SSS4/338:68B	안내:02	1	では、始めましょう	
C05236	SSS4/338:889	대사:FD	1	しっかりして!	
C05237	SSS4/338:89F	대사:FD	2	気がついた?	
C05238	SSS4/338:8AA	대사:FE	1	わ{03:02}私は、{03:02}大丈夫よ!	
C05239	SSS4/338:8F1	대사:FD	1	よくも{05:01}を!!	
C05240	SSS4/338:8FF	안내:02	1	  怒りの感情が{0A} \n時封呪の封を解くのです	
C05241	SSS4/338:92E	대사:FD	1	ぶっ壊してやる!!	
C05242	SSS4/338:AEA	안내:02	1	これがあなたの為なのです\n \n 時の障壁に負けぬ様に	
C05243	SSS4/338:B14	안내:02	1	因果の彼方に‥‥‥\n \n  時封呪	
C05244	SSS4/338:C13	안내:0C	1	体がちぎれそうだ　　	
C05245	SSS4/338:C9A	대사:2A	1	もしかしたら呪いにかかった\n人間かも	
C05246	SSS4/338:D28	안내:09	1	あそこは、見覚えがある{09} \n  何処だったかな?	
C05247	SSS4/338:DAE	대사:02	1	イザナミもう少しの辛抱です。	
C05248	SSS4/338:E31	안내:09	1	人間風情が、わしの眠りを妨げるとは\n \n     死してわびよ!!	
C05249	SSS4/339:5A	대사:05	1	それで、洞仙の事はどうなっている?	
C05250	SSS4/339:75	대사:04	1	それが‥‥‥	
C05251	SSS4/339:82	대사:05	1	とにかく、報告せよ。	
C05252	SSS4/339:AA	대사:0C	1	洞仙討伐に出かけた、隊の者は{0A}ほとんど、びょういん送りに\nされまして。	
C05253	SSS4/339:D9	대사:05	2	そうか‥‥‥	
C05254	SSS4/339:E6	대사:0C	1	オレが行けば‥‥‥	
C05255	SSS4/339:F7	대사:05	1	お前には別の仕事がある。	
C05256	SSS4/339:12F	대사:07	1	私の隊は、みな洞仙に\nひどい目にあわされて。	
C05257	SSS4/339:14E	대사:07	1	二度と仙窟には、行きたくないと\n言って‥‥‥	
C05258	SSS4/339:171	대사:05	1	行きたくないと言ってどうした?	
C05259	SSS4/339:186	대사:07	1	出撃命令を聞いてくれません。	
C05260	SSS4/339:1B2	대사:05	1	お前の隊は、どうだ?	
C05261	SSS4/339:1C2	대사:08	1	我が隊は、外国の賞金稼ぎを{0A}大勢雇いました。	
C05262	SSS4/339:1EE	대사:08	1	奴等、メシばかり食べて‥‥‥	
C05263	SSS4/339:206	대사:08	1	仙窟に出かけてもすぐに\nやられて来る始末。	
C05264	SSS4/339:225	대사:05	1	役にたたんと言う訳だな。	
C05265	SSS4/339:238	대사:08	1	はあ、すいません‥‥‥	
C05266	SSS4/339:265	대사:05	1	お前の所は?	
C05267	SSS4/339:271	대사:09	1	我が隊の者は、洞仙が恐いと\n言って‥‥‥	
C05268	SSS4/339:293	대사:05	1	お前の所も、命令をきかんのか?	
C05269	SSS4/339:2AC	대사:09	1	みな、田舎に帰ってしまいました。	
C05270	SSS4/339:315	대사:3E	1	戦場に身を置くのは{0A}ずいぶん久しぶりじゃな!	
C05271	SSS4/339:334	대사:3E	1	さて、行くか!	
C05272	SSS4/339:35F	대사:3E	1	みなの仇は、わしが\n取ってやるぞ!	
C05273	SSS4/339:3F8	대사:F9	1	洞仙め!姿をあらわさんか!	
C05274	SSS4/339:424	대사:F9	1	どうやら、この場所の様だな!	
C05275	SSS4/339:454	대사:F9	1	この程度では、倒れはせんぞ!	
C05276	SSS4/339:4D3	대사:02	2	大地を荒らす愚か者め!	
C05277	SSS4/339:53F	대사:FD	1	勝手に押し入って来て、愚か者とは\nたいそうなあいさつだな!	
C05278	SSS4/339:570	대사:FC	1	洞仙様の言う通りですよ!	
C05279	SSS4/339:585	대사:02	1	黙れ、妖怪め!	
C05280	SSS4/339:593	대사:02	1	ワシの名は龍雷漢{08}洞天軍の誇りにかけて貴様を討つ!	
C05281	SSS4/339:5D4	대사:FE	1	思い出したわよ!	
C05282	SSS4/339:5F2	대사:FE	1	前の仙窟でも、この人たち散々\n荒らしまわってたのよ!	
C05283	SSS4/339:61A	대사:FD	1	前って、俺と違う俺と一緒に\n仙窟作っていた時の話?	
C05284	SSS4/339:647	대사:FD	1	なんかややこしいな!	
C05285	SSS4/339:664	대사:FE	1	そうよ!あの剣からは炎が\n出るから気をつけてね。	
C05286	SSS4/339:6AD	대사:FD	1	その時の俺ってあいつに\n勝ってた?	
C05287	SSS4/339:6CE	대사:FC	1	シャシャシャ、やけに弱気ですね?	
C05288	SSS4/339:6F1	대사:FD	1	念のためだよ!	
C05289	SSS4/339:70A	대사:FD	1	で、どうだったの?	
C05290	SSS4/339:71D	대사:FE	1	楽勝だったわよ!	
C05291	SSS4/339:764	대사:FD	1	いいこと聞いちゃったな。	
C05292	SSS4/339:77D	대사:FD	1	面白い!受けてたつぜ\n雷漢さんよ!	
C05293	SSS4/339:7A1	대사:02	1	心意気やよしっ!	
C05294	SSS4/339:7B0	대사:02	1	貴様の名、墓標に刻む為に\n聞いておこう。	
C05295	SSS4/339:7D3	대사:FD	2	俺の名は{05:00}!	
C05296	SSS4/339:7E7	대사:FE	1	私は、{05:01}	
C05297	SSS4/339:7F4	대사:FE	1	でも墓標なんか、いらないわよ!	
C05298	SSS4/339:80B	대사:02	1	なぜじゃ?	
C05299	SSS4/339:838	대사:FE	1	だって♡	
C05300	SSS4/339:841	대사:FE	1	{05:00}が、勝つのに\n決まってるもん!	
C05301	SSS4/339:85F	대사:02	1	お前も、罪な男よな。	
C05302	SSS4/339:89D	대사:FD	1	照れるなぁ	
C05303	SSS4/339:8AA	대사:02	1	バカめ!ヒニクじゃ!	
C05304	SSS4/339:8E5	대사:FD	1	まだまだ、修行が足りないようだな!	
C05305	SSS4/339:905	대사:FD	1	洞天軍とは、その程度の物なのか?	
C05306	SSS4/339:92C	대사:02	1	まだ、まだだ!	
C05307	SSS4/339:A7E	대사:14	1	大地を滅ぼす悪覚を	
C05308	SSS4/339:A9A	대사:15	1	生かしていては、我らの名折れ!	
C05309	SSS4/339:ABB	대사:16	1	たとえ我が身が、滅ぼうとも!	
C05310	SSS4/339:ADA	대사:17	1	貴様だけは許さない!	
C05311	SSS4/339:AF5	대사:18	1	今から貴様を	
C05312	SSS4/339:B0C	대사:19	1	地獄へと招待しよう	
C05313	SSS4/339:B27	대사:1A	1	共に戦いましょう雷漢将軍!	
C05314	SSS4/339:B52	대사:02	1	お前達‥‥‥	
C05315	SSS4/339:B6B	대사:02	1	行くぞ!洞仙!	
C05316	SSS4/339:B8E	대사:FD	1	ハァ!{03:01}ハァ!{03:01}	
C05317	SSS4/339:C20	대사:02	1	ハァ{03:01}ハァ{03:01}・{03:01}・{03:01}・{03:01}今日の所は\n引いておこう。	
C05318	SSS4/339:C4C	대사:FD	1	で{03:01}、{03:01}できれば、そうしてくれ。	
C05319	SSS4/339:C62	대사:02	1	ハァ{03:01}ハァ、{03:01}それでは次の機会にこそ\n決着をつけようぞ{03:01}・{03:01}・{03:01}ハァ{03:01}ハァ{03:01}!	
C05320	SSS4/339:CD8	대사:FD	1	やっと{03:01}帰ってくれたか。	
C05321	SSS4/393:4A	안내:06	1	待っていましたよ	
C05322	SSS4/393:65	대사:FD	1	しゃべった!!	
C05323	SSS4/393:74	안내:06	1	     私は、時の監視者\n \n 時の流れと世界の秩序を監視する者です	
C05324	SSS4/393:AD	안내:06	1	  そして、あなたを\n \nこの地に呼び寄せた者です	
C05325	SSS4/393:D3	대사:FD	1	そんじゃあ、ニセ部屋神って?	
C05326	SSS4/393:EC	안내:06	1	私です。	
C05327	SSS4/393:F7	대사:FD	1	じゃあ、もしかして‥‥‥	
C05328	SSS4/393:10E	안내:06	1	もちろん「天封呪」の事も\n \n  よく知っています	
C05329	SSS4/393:134	안내:06	1	   そして平行世界に\n \n封じられた者が、元の世界に戻る\n \n    方法の事も	
C05330	SSS4/393:17C	대사:FD	1	元の世界に帰る方法を\n知っているのか!!	
C05331	SSS4/393:19F	안내:06	1	あなたを元の世界に帰す術の名は　	
C05332	SSS4/393:1BC	대사:FD	1	術の名は?	
C05333	SSS4/393:1CB	안내:06	1	「時封呪」	
C05334	SSS4/393:1DB	대사:FD	1	時封呪	
C05335	SSS4/393:1E9	안내:06	1	  時封呪とは時をさかのぼり\n \n因果の始まりを、断つ事が出来る術	
C05336	SSS4/393:21F	대사:FD	1	時をさかのぼるだって!{08}そんな便利な術があるのか?	
C05337	SSS4/393:244	안내:06	1	多くの陽気と時の潮の力が\n \n  あれば、可能です	
C05338	SSS4/393:276	대사:FD	1	ちょっと待て陽気だって?	
C05339	SSS4/393:2BA	대사:FD	1	それじゃあ、龍脈の陽気を\n奪っていたのは、お前か!	
C05340	SSS4/393:2E7	안내:06	1	しかし、時の潮は引いてしまいました。	
C05341	SSS4/393:307	대사:FD	1	それじゃ俺は帰れないのか。	
C05342	SSS4/393:331	안내:06	1	あなたを使い、平行世界の彼方にいる\n \n天封呪の使い手を消し去る私の計画も\n \n   無に帰したという訳です	
C05343	SSS4/393:394	안내:06	1	時封呪がつかえぬ以上あなたは{0A} \n天封呪の作り出した目障りな影	
C05344	SSS4/393:3D6	안내:06	1	せっかくここまで来ていただきましたが\n \n   石になって眠ってもらいます。	
C05345	SSS4/393:405	대사:FD	1	石にだと!!	
C05346	SSS4/393:51E	대사:FD	1	石になんか、なってないぜ!	
C05347	SSS4/393:534	안내:06	1	  さすが洞仙、この程度では\n \n封じる事は出来ないという訳ですね	
C05348	SSS4/393:56D	대사:FD	1	何をごちゃごちゃやってるんだ!	
C05349	SSS4/393:581	대사:FD	1	俺を元の世界に帰す事が\n出来ないなら　　	
C05350	SSS4/393:5A5	대사:FD	1	お前を壊して龍脈を蘇らせるまでだ!	
C05351	SSS4/393:5CA	안내:06	1	私の力をあなどってもらっては、困ります	
C05352	SSS4/393:633	대사:FD	1	これで大地は蘇る。	
C05353	SSS4/393:643	대사:FD	1	それじゃあ、ご苦労さん!	
C05354	SSS4/393:66D	안내:04	1	時の監視者を破壊し{03:04}\n \n龍脈を蘇らせる事に成功した{03:04}\n \n{05:00}だったが{03:04}\n \nそれは同時に元の世界に戻る{03:04}\n \n方法を失うことだった。{03:04}	
C05355	SSS4/393:746	안내:06	1	綜ては、この世界の秩序を守るため	
C05356	SSS4/393:764	안내:06	1	元の世界に戻りたくありませんか\n \n    {05:00}?	
C05357	SSS4/393:78A	대사:FD	1	帰りたいかって、聞かれれば\nそれりゃぁ、帰りたいけど　	
C05358	SSS4/393:7B1	안내:06	1	私はそのために陽気を\n \n 集めていたのです。	
C05359	SSS4/393:7D5	대사:FD	1	俺を元の世界に帰す為に?	
C05360	SSS4/393:7FC	안내:06	1	しかし、帰れるかどうかは、あなたの\n \n    実力次第ですが　　	
C05361	SSS4/393:82C	안내:06	1	  平行世界に飛ばされる事になった\n \n       因果の起点\n \nそれを断ち切れば、全ては正常に戻ります	
C05362	SSS4/393:878	대사:FD	1	因果の起点?	
C05363	SSS4/393:88D	대사:FD	1	あの黒い龍か!!	
C05364	SSS4/393:8A3	대사:FC	1	りゅう　　	
C05365	SSS4/393:8B3	대사:FD	1	老師を助けに戻れるんだな!!	
C05366	SSS4/393:8CD	안내:06	1	ええ、ただし時封呪に耐えられればですが	
C05367	SSS4/393:8EC	안내:06	1	準備が出来たら、ここに来て下さい\n \n 因果の起点にお送りしましょう	
C05368	SSS4/393:922	대사:FD	1	ちょっと待て、陽気を奪われた\nこの地はどうなるんだ!	
C05369	SSS4/393:949	안내:06	1	あなたが元の世界に戻れば、私は\n \n   再び眠りにつきます	
C05370	SSS4/393:976	안내:06	1	私が眠りにつけば、龍脈も\n \n 自然と蘇るでしょう	
C05371	SSS4/393:9A5	대사:FD	1	本当だな!	
C05372	SSS4/393:9B4	안내:06	1	嘘をついても、仕方がないでしょう	
C05373	SSS4/393:9D0	대사:FD	1	少し考えさせてくれよ!	
C05374	SSS4/393:9E5	안내:06	1	時の潮が、満ちてきています\n \n    急いで下さい	
C05375	SSS4/393:A57	대사:FE	1	{05:00}を元の世界に\n戻すですって?	
C05376	SSS4/393:A75	대사:FE	1	あれが龍脈の陽気を\n奪っていたんでしょ。	
C05377	SSS4/393:A95	대사:FE	1	とても信じられない。	
C05378	SSS4/393:AAB	대사:FD	1	おれは、あいつの言うことを\n信じてみるよ。	
C05379	SSS4/393:AC6	대사:FD	1	陽気もそのために集めたって\n言ってるし。	
C05380	SSS4/393:AE5	대사:FE	7	でも　　	
C05381	SSS4/393:AF2	대사:FD	1	それに俺を元の世界に戻したら\n龍脈も蘇るって!	
C05382	SSS4/393:B1A	대사:FE	1	　{03:02}　{03:02}　{03:02}　	
C05383	SSS4/393:B31	대사:FE	1	あなたが元の世界に帰ったら\n私はどうなるの?	
C05384	SSS4/393:B53	대사:FD	1	とりあえず、今から街まで送るよ。	
C05385	SSS4/393:B70	대사:FE	1	街になら自分でいけるわ!	
C05386	SSS4/393:B8D	대사:FD	1	俺は　　戻らなきゃならないんだ!	
C05387	SSS4/393:BA5	대사:FE	1	どうしてよ!	
C05388	SSS4/393:BAF	대사:FD	1	俺がもといた世界の老師は、俺を\n助ける為に石にされたんだ。	
C05389	SSS4/393:BD9	대사:FD	1	俺は、どうしても戻らなければ\nならないんだ‥‥‥	
C05390	SSS4/396:40	대사:2E	1	　　なるほどのう。	
C05391	SSS4/396:4F	대사:2E	1	おぬしも、洞仙じゃったのか。	
C05392	SSS4/396:63	대사:2F	1	あの、老師?	
C05393	SSS4/396:78	대사:2F	1	俺の事、本当に覚えて\nないんですか?	
C05394	SSS4/396:95	대사:2E	1	わしも忘れっぽいが、弟子の顔を\n忘れたりはせんぞ!!	
C05395	SSS4/396:C1	대사:2E	1	だいたい、おぬしの話だとワシは\n石にされたんじゃなかったのか?	
C05396	SSS4/396:E8	대사:2F	1	そうですよね。	
C05397	SSS4/396:F3	대사:2F	1	あの時、老師は俺をかばって龍の術で{0A}石にされちゃったんですよ	
C05398	SSS4/396:11C	대사:2F	1	それから俺は、龍の術にかかって	
C05399	SSS4/396:132	대사:2E	1	で、どんな術じゃったんじゃ{07}もう一度、詳しく話してみんか。	
C05400	SSS4/396:195	대사:2E	1	ふうむ、それは天封呪と呼ばれる\n術かもしれん。	
C05401	SSS4/396:1C0	대사:2E	1	相手を平行世界に封じ込める\n伝説の禁呪じゃ。	
C05402	SSS4/396:1E6	대사:2E	1	伝説じゃと思っていたが{0A}本当に存在するらしいのう。	
C05403	SSS4/396:213	대사:2F	1	平行世界ってなんですか?	
C05404	SSS4/396:227	대사:2E	1	うむ、これはちと説明が\n難しいんじゃが　　	
C05405	SSS4/396:245	대사:2E	1	同じ時、同じ場所を所有する異世界が\nいくえにも重なり合い、存在している\nらしいのじゃ。	
C05406	SSS4/396:282	대사:2E	1	それらを平行世界という。	
C05407	SSS4/396:298	대사:2F	1	よく、わかりませんが　　	
C05408	SSS4/396:2AA	대사:2E	1	たとえば、この世界には時間という\n物がある。これは分かるか?	
C05409	SSS4/396:2D9	대사:2E	1	時間の流れを、道の流れに\n例えるとじゃな　　	
C05410	SSS4/396:2FB	대사:2E	1	たくさんの道が同じ方向に向かって\nいて、お前さんはその中のひとつを\n歩いているとしよう。	
C05411	SSS4/396:333	대사:2E	1	要するに、その龍にけとばされて\n他の道にころがりこんでしまった\nような物じゃな。	
C05412	SSS4/396:364	대사:2F	1	けとばされた　　	
C05413	SSS4/396:372	대사:2E	1	まあ、例えるとそんな感じじゃ。	
C05414	SSS4/396:387	대사:2F	1	元の世界に戻るにはどうすれば\nいいんですか?	
C05415	SSS4/396:3A5	대사:2E	1	どうすれば、元の道に戻れるかは\n分からんがな。	
C05416	SSS4/396:3C4	대사:2E	1	ただの道なら、もと来た方向に\n戻るだけの事じゃがな。	
C05417	SSS4/396:3E8	대사:2F	1	はあ　　　	
C05418	SSS4/396:406	대사:2E	1	ま、とりあえず今は\n傷を治す事じゃな。	
C05419	SSS4/396:421	대사:2E	1	わしは作りかけの仙窟があるんで\nちょっと行ってくるでの。	
C05420	SSS4/396:44A	대사:2F	1	俺も手伝いますよ!!	
C05421	SSS4/396:45B	대사:2E	1	半人前の洞仙に、わしの仙窟は\nまかせられんのう。	
C05422	SSS4/396:4DE	대사:2F	1	ひどいなあ。	
C05423	SSS4/396:4E8	대사:2E	1	これから元の世界のワシより\nすごい仙術を教えてやるから\n今は休んでおれ。	
C05424	SSS4/396:52A	안내:08	1	その後、体調も良くなってきて {03:06}\n \n老師の下で仙術の修行を始めた。{03:09}{03:03}	
C05425	SSS4/396:563	안내:04	1	老師は、まるで本当の弟子の様に\n \n   親切にしてくれた{09} \n しかし、石にされてしまった\n \n本当の老師の事は、片時も忘れる事は\n \n    出来なかった。	
C05426	SSS4/396:5CE	안내:0C	1	それから、数年の月日が経った　　{03:09}{03:03}	
C05427	SSS4/396:5EF	안내:08	1	洞仙としての修行は、ずいぶんと積んだが{03:06}\n \n元の世界に戻る手がかりは、ようとして{03:06}\n \n     つかめなかった。{03:09}{03:03}	
C05428	SSS4/396:63F	안내:0C	1	そして、ある日の事　　{03:09}	
C05429	SSS4/396:654	안내:08	1	俺は仙窟の中で、とてつもない妖獣と{03:06}\n \n    出会ってしまった。{03:09}{03:03}	
C05430	SSS4/397:16B1	대사:00	1	あの人を返して!!	
C05431	SSS4/399:9D	안내:0A	1	あまりに強力な妖獣との戦いに敗れ{03:08}\n \n     死を覚悟した{03:08}	
C05432	SSS4/399:D0	대사:FD	1	ウ{03:01}ゥ{03:01}ゥ{03:01}ゥ{03:01}ゥ{03:01}‥{03:01}‥{03:01}‥{03:01}	
C05433	SSS4/399:100	대사:FD	1	‥{03:01}‥{03:01}‥{03:01}	
C05434	SSS4/399:123	검증필요	1	わGてぬ{p}わGてほ\nズ{08}{00}	
C05435	SSS4/399:196	영문	1	{05:00}!{p}{05:00}!	
C05436	SSS4/399:1A1	글	1	目覚めよ、{05:00}よ!	
C05437	SSS4/399:1DC	대사:FD	1	化け物はどこだ!!	
C05438	SSS4/399:20B	대사:FD	1	奴は何処に行った!	
C05439	SSS4/399:21F	글	1	{05:00}よあなたの力が\n必要なのです。	
C05440	SSS4/399:243	대사:FD	1	貴方たちが俺を助けて\nくれたんですか?{p}ええ	
C05441	SSS4/399:261	대사:FD	1	さっきの猿をブッ倒したら\nここの龍脈は、すぐに蘇らせますよ	
C05442	SSS4/399:297	글	1	わしらは、この土地の部屋神ではない。{p}ここの龍脈を蘇らせる事も大切だが\nわしらの土地はもっと大変な事に\nなっているんじゃ	
C05443	SSS4/399:2E9	대사:FD	1	他の土地の部屋神様なんですか　　?	
C05444	SSS4/399:316	글	1	あなたの望む事知ってるわ	
C05445	SSS4/399:329	대사:FD	1	俺の望み‥‥{p}元の世界に戻りたいでしょう　　	
C05446	SSS4/399:35C	글	1	天封呪を使う者を知っていますね。	
C05447	SSS4/399:376	대사:FD	1	天封呪　　{p}もうじき、時の潮が満ちます{09}封印の大地を、目指しなさい。	
C05448	SSS4/420:C2	검증필요	1	通常\nデバッグ\nエンディング	
C05449	SSS4/420:E3	검증필요	1	扱{p}監視者破壊\nイザナギ\n真のエンディング\nバッドエンド	
C05450	SSS4/420:127	대사:FD	1	龍穴炉と仙窟の間を通れるように\nしないと不便だなぁ	
C05451	SSS4/420:1C3	검증필요	1	あラあユあリJよJユJあ{00}	
C05452	SSS4/420:252	검증필요	1	あユあィJあJァ{00}	
C05453	SSS4/420:269	검증필요	1	あラあヨあゥJよJィJし{00}	
C05454	SSS4/420:3D9	안내:0A	2	地底からエネルギーが満ちてきます\n \n  封印に変化が生じています	
C05455	SSS4/420:4DB	대사:FD	1	これで龍脈は蘇るはずだな。	
C05456	SSS4/420:50B	대사:FD	1	よーし、これで最後だ!	
C05457	SSS4/420:51C	대사:FE	1	龍穴炉が陽気で満ちたのね。	
C05458	SSS4/420:53D	대사:FD	1	そうだよ、これで大地は\n復活するはずさ!	
C05459	SSS4/420:591	대사:FC	1	すごい!エネルギー	
C05460	SSS4/420:5BF	대사:FD	1	これが本当の龍脈の力さ。	
C05461	SSS4/420:72C	안내:0C	1	龍脈の陽気が吸収されています!!	
C05462	SSS4/420:798	검증필요	2	づズグワ{p}{04:02}{00}	
C05463	SSS4/420:7C5	글	1	だめです、封印が龍脈の力を\n奪っています。	
C05464	SSS4/420:7E7	대사:FD	1	解封呪を使います。{p}解封呪ならたしかに封印を\n破れるでしょう。{p}しかし、扉の向こうに何が待ち\n受けているのか私には、見えません!	
C05465	SSS4/420:83C	대사:FD	1	とにかく、封印の扉に\n行ってみます。	
C05466	SSS4/420:860	대사:FC	1	いったい、何が起きたの?	
C05467	SSS4/420:873	글	1	{05:00}よ、大地の復活が\n妨げられています。{p}私達では、何とも出来ない\n大きな力です。	
C05468	SSS4/420:8AF	대사:FD	1	扉の向こう側の奴ですね。	
C05469	SSS4/420:8C3	대사:FD	1	龍穴炉が満ちたいま、あんな封印\n簡単に破って見せますよ!{p}あなただけが頼りです。	
C05470	SSS4/420:8FA	대사:FD	1	扉をぶち破れば、全ての謎が\n解けるって訳ですね!{p}おそらく。	
C05471	SSS4/420:92B	대사:FC	1	とにかく、その封印の場所に\n行きましょう。	
C05472	SSS4/420:94B	대사:FD	1	よし	
C05473	SSS4/420:961	검증필요	1	0づズグワ	
C05474	SSS4/420:9BD	대사:FD	1	この奥に、龍脈の陽気が\n流れ込む場所が在るんだな。	
C05475	SSS4/420:9E7	대사:FD	1	部屋神様は確か、封印の内側\nとかって言ってたな。	
C05476	SSS4/420:A74	글	1	{05:00}{p}封印の周りには、多くの邪精達が\n集まっています。	
C05477	SSS4/420:AA5	대사:FD	1	封印って、いったい\n何なんですか?	
C05478	SSS4/420:AC0	글	1	この地の地下深くにある{0A}閉ざされた扉の事。{p}そこは、何者も入る事が\n出来ない場所。	
C05479	SSS4/420:B26	대사:FD	1	封印された扉の事なんですね。{p}そうです。	
C05480	SSS4/420:B42	대사:FD	1	扉の向うには、何が在るんですか?{p}　　　　{p}扉を確かめて下さい{09}あなたなら、出来るはずです。	
C05481	SSS4/420:BB3	대사:FD	1	行ってみるか。	
C05482	SSS4/420:C3F	대사:FD	1	部屋神様、今の揺れは?{p}扉の封印が効力を弱めています。{p}いまなら、扉を開く事が\n出来るはずです。	
C05483	SSS4/420:C8C	대사:FD	1	わかりました{08}すぐに扉の所に行ってみます。	
C05484	SSS4/420:CB5	대사:FC	1	精霊?	
C05485	SSS4/420:CC1	대사:FD	1	大地の守り神、部屋神様だよ。	
C05486	SSS4/420:CDC	글	1	あなたは?	
C05487	SSS4/420:CE8	대사:FC	1	私はシャスタ・ホルス	
C05488	SSS4/420:CF8	대사:FC	1	洞仙が本当に正しいのかどうかを\n知る為に、仙窟作りを手伝って\nいるんです。{p}そうですか。{p}誰が本当に正しいのかを{0A}見極めなさい。	
C05489	SSS4/420:D51	대사:FC	1	はい、そのつもりです。	
C05490	SSS4/420:D66	대사:FD	1	それより、扉を開く事が\n出来るんですか?	
C05491	SSS4/420:D8C	대사:FC	1	扉?	
C05492	SSS4/420:D9A	대사:FD	1	ここの地下に、ずっと前から\nある物なんだ。	
C05493	SSS4/420:DBA	대사:FC	3	へーっ	
C05494	SSS4/420:DC1	대사:FD	1	その奥に、大地の陽気が流れ\n込んでいるんだ。	
C05495	SSS4/420:E11	대사:FC	1	そこに行けば、大地が荒れ果てた\n原因がわかるのね。	
C05496	SSS4/420:E42	글	1	あなたなら、心配の必要は\n無いと思いますが　　{p}気をつけてください	
C05497	SSS4/420:E73	대사:FD	2	まかせて下さい!	
C05498	SSS4/420:E7F	검증필요	1	ぱゼぱゾぁづズグげ	
C05499	SSS4/420:F27	대사:FE	1	どうして大地は、蘇らないんですか?	
C05500	SSS4/420:F45	글	1	封印の内側の何かが、大地の\n陽気を奪っているようです。	
C05501	SSS4/420:F75	대사:FE	1	大地の復活を邪魔してる\n物があるんですね。	
C05502	SSS4/420:F9B	대사:FD	1	今から行って、解決して\n来ますよ!	
C05503	SSS4/420:FBF	대사:FE	1	今からって、扉には\n封印が　　	
C05504	SSS4/420:FDB	글	1	解封呪ですね。	
C05505	SSS4/420:FF0	대사:FE	1	あっ、そうか!	
C05506	SSS4/420:1005	대사:FD	1	封印の向うに行けば、全ての謎が\n解決する様な気がするんです。	
C05507	SSS4/420:1034	대사:FD	1	俺をここに誘ったニセ神\nそして、元の世界に帰る方法　　	
C05508	SSS4/420:105E	글	1	大地を救えるのは、あなたしか\nいないのです。{p}くれぐれも慎重に{09}たのみましたよ、{05:00}!	
C05509	SSS4/420:1095	대사:FD	1	分かってますって!	
C05510	SSS4/420:10CB	대사:FE	3	行きましょう!	
C05511	SSS4/420:1122	대사:FE	1	大地が蘇らない　　	
C05512	SSS4/420:113D	대사:FD	1	例の封印された扉だ!	
C05513	SSS4/420:1152	대사:FC	1	大地が蘇らないって事と\n関係あるの?	
C05514	SSS4/420:1171	대사:FD	1	多分ね。とにかく\nすぐ行ってみよう!	
C05515	SSS4/436:3D	글	1	封印は、ここのさらに下にある。{p}邪精の気配もするから気を\nつけてくれ!	
C05516	SSS4/436:6F	대사:FD	2	わかりました!{p}これを使え!	
C05517	SSS4/436:84	글	2	頼んだぜ、{05:00}!	
C05518	SSS4/436:96	글	1	大地の陽気は、この部屋の\n地下深くから奪われています。{p}気をつけて進んで下さい。	
C05519	SSS4/436:D2	대사:FD	4	わかりました!{p}これを使って下さい。	
C05520	SSS4/436:EC	글	2	大地の復活は、あなたに\nかかっているのです。	
C05521	SSS4/436:10F	글	1	待っておったぞ!{p}陽気を奪う物は、ここの\n地下にある。	
C05522	SSS4/436:138	대사:FD	2	わかりました!{p}これを使うがいい	
C05523	SSS4/436:14F	글	2	全ては、おぬしの力量に\nかかっておる。	
C05524	SSS4/436:16E	글	1	来てくれたのね、洞仙。{p}龍脈の陽気は、この部屋の地下から\n流れ出ているみたいね。	
C05525	SSS4/436:1AA	대사:FD	1	はい。{p}詳しい話は、下でね。{p}とりあえず、これを渡すわ。	
C05526	SSS4/436:1D0	글	1	すぐに階段部屋を下りてね。	
C05527	SSS4/436:1EB	글	1	陽気を奪う物は、この部屋の\nずっと下にあります。{p}気をつけて進んで下さい。	
C05528	SSS4/436:23B	글	2	大地の復活は、あなたの双肩に\nかかっています。	
C05529	SSS4/436:290	검증필요	1	ち{03:24}）ひ{p}ゾっ	
C05530	SSS5/160:90	글	1	今日みたいな、あったかい日は、水辺で\n読書をするのがいいわね。{p}あなた達もどう?	
C05531	SSS5/160:C4	대사:FD	1	遠虜しておきますよ!{p}そう?{00}	
C05532	SSS5/160:D6	글	1	雷漢将軍が、洞仙の命を助けたって話し\n聞きました?	
C05533	SSS5/160:FD	대사:FE	1	助けた?助けたわけじゃないでしょ。{p}いいえ、助けって話しですよ。{p}きっと戦っているうちに、殿方どうしの\n友情が芽生えたに、違いありませんわ!	
C05534	SSS5/160:153	대사:FD	1	　　　　{p}洞仙は、将軍の愛にうちふるえ\n改心する事をちかったそうです。	
C05535	SSS5/160:188	대사:FE	1	そんなデタラメ、よく思いつくわね。	
C05536	SSS5/160:1A0	글	1	なにか楽しい事は、ないのかしら?{00}	
C05537	SSS5/160:1B4	글	1	雲は白、空は青、大地は洞仙に\n滅ぼされようとしているのに{p}空はすんでいるのね。{00}	
C05538	SSS5/160:1F6	글	1	最近いどの水位が下がってる　　	
C05539	SSS5/160:210	대사:FD	1	それは大変ですね。{p}洞仙の仕業に違いない!	
C05540	SSS5/160:23A	글	1	将軍が、洞仙から奪ったっていう宝は{0A}名前はスゴイが何の役にも、立たない\nって話しじゃないか!{p}そんな物の為に、洞仙の命を助けたって\n話しだから、どうなってんだろうね。{p}どうでもいいけど、怒って人と話すの\n止めてくれる?{00}	
C05541	SSS5/160:2C0	글	1	なんか、兵舎の方で騒ぎがあったらしいね。{00}	
C05542	SSS5/160:2DA	글	1	将軍までやられちゃって　　この国は\nどうなるんだろう?{00}	
C05543	SSS5/160:30B	글	1	人間、健康が一番{09}他には何もいらないねぇ。	
C05544	SSS5/160:32C	대사:FE	1	健康の秘訣でもあるのですか?{p}眠たい時に寝る事かねぇ。	
C05545	SSS5/160:353	대사:FD	1	なるほど。{00}	
C05546	SSS5/160:35A	글	1	将軍が持ち帰ったカオスシードって\nいったい何なんだろうね。	
C05547	SSS5/160:381	대사:FE	1	さあ、調べてみれば　　{p}そうだね。{00}	
C05548	SSS5/160:397	글	1	図書館の本にもカオスシードの正体は\n書いてなかったよ。{00}	
C05549	SSS5/160:3BC	글	1	いったい洞仙は、いつまで居座る\n気なんだろうね。{00}	
C05550	SSS5/160:3DB	글	1	ここは、洞天福国国立図書館である。{00}	
C05551	SSS5/160:3F7	글	1	ここは、洞天福国国立図書館であーる{09}えつらんは自由だが、静かにする\nよーに。よいな。{00}	
C05552	SSS5/161:A5	글	1	雷淹将軍のウワサを\n知ってるかい?	
C05553	SSS5/161:BF	대사:FD	1	雷淹将軍って誰だい?{p}えっ? 雷淹将軍を知らないのかい{07}あんた、このあたりの人じゃないね。{00}	
C05554	SSS5/161:F9	글	1	あんた、雷漢将軍が洞仙を倒したって\n話し聞いたかい?	
C05555	SSS5/161:120	대사:FD	1	　　　　{p}フフ、知らなかったみたいなだな。{00}	
C05556	SSS5/161:13C	글	1	兵隊達が、飛天石の方に走って行ったけど\nなにかあったのかな?{00}	
C05557	SSS5/161:165	글	1	雷漢将軍までやられちゃって\n洞天は大丈夫かな?{p}そのうち仙窟の妖怪が攻めて来るって\nウワサだし　　{p}俺、恐いよ。{00}	
C05558	SSS5/161:1BE	글	1	今日もいい天気ね。{p}これで彼が、洞仙討伐とかいうくだらない\n仕事から解放されれば、最高なのに!{p}洞仙なんか、早く洞天から出て行けば\nいいのにね。	
C05559	SSS5/161:220	대사:FE	1	そうですか　　{00}	
C05560	SSS5/161:22B	글	1	将軍が、洞仙を倒したって話だから\n彼が帰ってくるのも、もうじきかしら?{00}	
C05561	SSS5/161:258	글	1	この場所って、風水の流れが\nとてもいいのよ!{p}それに、桃色の服が今日の運勢を\n倍増させてるのよ。{00}	
C05562	SSS5/161:298	글	1	将軍は、負けちゃうし、彼は\nなかなか帰って来ないし　　{p}今日の運勢は最悪ね。{00}	
C05563	SSS5/162:97	글	1	仙窟に戻る\nもう少し街にいる	
C05564	SSS5/162:BB	대사:FE	1	{05:00}、図書館に\n行ってないよ?	
C05565	SSS5/162:D5	대사:FE	1	せっかく来たんだから\n行きましょうよ。	
C05566	SSS5/162:EE	대사:FD	6	そうだね。	
C05567	SSS5/162:10A	대사:FE	1	図書館で、調べ物するんじゃ\nなかったの?	
C05568	SSS5/162:12A	대사:FE	1	老師が、いた辺りに調べたい\n本があったと思ったんだけど?	
C05569	SSS5/162:16F	대사:FE	1	街に来たんだから、情報とか集めないの?	
C05570	SSS5/162:18E	대사:FD	1	それじゃあ、酒場ぐらいには\n顔を出してみるか。	
C05571	SSS5/162:1B0	대사:FE	1	バザーのわきのお店ね。	
C05572	SSS5/162:1C8	대사:FD	1	もう少し情報を集めてみるか。	
C05573	SSS5/162:1FE	대사:FD	1	仙窟に戻ろうと思うんだけど?	
C05574	SSS5/162:221	대사:FE	1	私は、いいわよ。	
C05575	SSS5/162:22E	대사:FD	1	よしそれじゃ戻ろう!	
C05576	SSS5/162:2C5	대사:FD	1	一度仙窟に戻る!	
C05577	SSS5/162:2E7	대사:FE	1	カオスシードを奪われてから\n{05:00}怒ってばかりね。	
C05578	SSS5/162:3AE	대사:FE	1	図書館は、ここをずっと上に\n行ったところよ。	
C05579	SSS5/162:3DA	대사:FE	1	ところで何を調べるの?	
C05580	SSS5/162:3EE	대사:FD	1	さいきんの{05:02}の様子って\nどう思う?	
C05581	SSS5/162:40A	대사:FE	1	どうって、大きくなったわよ。	
C05582	SSS5/162:41D	대사:FD	1	恐くない?	
C05583	SSS5/162:42A	대사:FE	1	大きくなったからね。	
C05584	SSS5/162:43C	대사:FE	1	でも、大きくなってもちゃんと\n言いつけも守るし。	
C05585	SSS5/162:45E	대사:FE	1	それに、私たちを守ろうと{0A}一生懸命戦ってるじゃない	
C05586	SSS5/162:485	대사:FE	1	恐いなんて言ったら、かわいそうよ。	
C05587	SSS5/162:49F	대사:FD	1	そ、そうだね。	
C05588	SSS5/162:4B0	대사:FE	1	ところで、何を調べるの?	
C05589	SSS5/162:4C4	대사:FD	1	あ、なんにも考えてなかった　　	
C05590	SSS5/162:4DA	대사:FD	1	とりあえず。	
C05591	SSS5/162:4EC	글	1	この間拾った、カオスシードの事\n地下の洞天福の事	
C05592	SSS5/162:519	대사:FD	1	調べたいのは、この間拾った{0A}カオスシードの事だよ	
C05593	SSS5/162:53D	대사:FE	1	あの、知恵の実の種の事ね。	
C05594	SSS5/162:556	대사:FE	1	でも、あれって{05:02}に食べさせ\nちゃったじゃない?	
C05595	SSS5/162:576	대사:FD	1	{05:02}が大きくなった原因は\nもしかしたらカオスシードかも\n知れないって	
C05596	SSS5/162:5A4	대사:FE	2	さすが、{05:00}{09}目の付け所が違うわね。	
C05597	SSS5/162:5C4	대사:FD	8	ハハハ	
C05598	SSS5/162:5D2	대사:FD	2	なんか、上手くごまかしたって\n感じだな　　	
C05599	SSS5/162:5FB	대사:FD	1	調べたいのは、地下の\n洞天福の事だよ。	
C05600	SSS5/162:61C	대사:FE	1	私が忘れちゃった昔話の事?	
C05601	SSS5/162:635	대사:FD	1	そう、今回の事件の鍵が、その話に\n隠されているんじゃないかってね。	
C05602	SSS5/162:7D5	글	1	雷漢様って知ってる?	
C05603	SSS5/162:7E7	대사:FD	1	知らないね!{00}	
C05604	SSS5/162:7F0	글	1	さっき、聞いたんだけど、将軍様\n負けちゃったんだって!	
C05605	SSS5/162:814	대사:FD	1	へーっ{00}	
C05606	SSS5/162:825	글	1	ねぇねぇ、お兄ちゃんと\nお姉ちゃんって恋人同士なの?	
C05607	SSS5/162:849	대사:FE	1	やあね　　	
C05608	SSS5/162:854	대사:FE	1	ひみつよ♡{p}わかっちゃったもんね。{00}	
C05609	SSS5/162:868	글	1	おねーちゃん、なんでこんな恐い\n顔した人と一緒にいるの?	
C05610	SSS5/162:88D	대사:FE	1	{05:00}どうして怒ってるの?	
C05611	SSS5/162:8A1	대사:FD	1	俺は、怒ってなんかいないぜ?{p}大人って難しいのね　　{00}	
C05612	SSS5/162:8C4	글	1	今度は、にこにこして　　さては\nいい事あったんでしょ?	
C05613	SSS5/162:8E8	대사:FD	1	まあね{00}	
C05614	SSS5/162:8ED	글	1	あれ、恋人のお姉ちゃんは\nどうしたの?{00}	
C05615	SSS5/162:92A	글	1	お兄ちゃん、ずばり悪い人でしょ!	
C05616	SSS5/162:941	대사:FE	1	こら、知らない人にそんな事\n言っちゃ、いけないんだよ!{p}だって、悪そう顔してるんだもん!	
C05617	SSS5/162:977	대사:FE	1	それは、大きなお世話よ!{00}	
C05618	SSS5/162:988	글	1	今度は、悪そうな顔してないよ!{00}	
C05619	SSS5/162:99D	글	1	将軍様もやられちゃって\nいったい洞天は、どうなるんだ!{p}ってお父さんが言ってたよ!{00}	
C05620	SSS5/163:19C	안내:06	1	  家に戻った俺は、数年前に出会った\n \n    少女{05:01}と再会した{09} \nそして小さな金色の龍「{05:02}」を預かり\n \n     再び仙窟に向かった。	
C05621	SSS5/163:25B	대사:FD	2	あー、今日も良く働いたなァ。	
C05622	SSS5/163:27C	대사:00	2	あのぉ、{05:00}さん?	
C05623	SSS5/163:29A	대사:FD	2	誰?	
C05624	SSS5/163:2A1	대사:00	1	私の事覚えてます?	
C05625	SSS5/163:2BF	대사:FD	1	ずっと前　{03:01}　{03:01}たしか、山の中で	
C05626	SSS5/163:2DD	대사:00	1	そう助けていただいた。	
C05627	SSS5/163:2F0	대사:FD	1	逃げていった娘か!	
C05628	SSS5/163:302	대사:00	1	逃げて、行ったって　　\nだってあの時は、驚いたんだもん!	
C05629	SSS5/163:32E	대사:FD	1	元気な所をみると無事に\n帰れたみたいだね。	
C05630	SSS5/163:34D	대사:00	2	うん♡	
C05631	SSS5/163:355	대사:FD	1	たしか、{05:01}だったっけ。	
C05632	SSS5/163:38F	대사:00	1	名前覚えていてくれたの!	
C05633	SSS5/163:3A8	대사:FD	1	そりゃあ、あんだけ派手な逃げっぷりを\n見せられちゃあ	
C05634	SSS5/163:3CA	대사:FD	1	忘れたくとも忘れられないよ。	
C05635	SSS5/163:3E4	대사:FD	1	でも、どうしたの突然?	
C05636	SSS5/163:403	대사:00	1	実は、{05:00}さんに\n相談したいことがあるの。	
C05637	SSS5/163:422	대사:FD	1	え、え?	
C05638	SSS5/163:42A	대사:FD	1	俺達、今日あったばかりだよ?	
C05639	SSS5/163:472	대사:00	1	やっぱりいきなり、	
C05640	SSS5/163:47F	대사:00	1	話し掛けたのはマズカッタかな?	
C05641	SSS5/163:49B	대사:FD	1	この街で、洞仙って\nばれるような事	
C05642	SSS5/163:4B4	대사:FD	1	まだしてないよな?	
C05643	SSS5/163:4D3	대사:FD	1	ハハ、立ち話もなんだし\n家によっていく?	
C05644	SSS5/163:53D	대사:FD	1	そんじゃ俺は、仙窟にでかけるよ。	
C05645	SSS5/163:554	대사:FD	1	{05:02}は、食事させるから\n一緒に連れていくよ。	
C05646	SSS5/163:58A	대사:04	1	私も仙窟に行く!	
C05647	SSS5/163:5A0	대사:FD	1	君が?!だめだめ!	
C05648	SSS5/163:5B1	대사:FD	1	仙窟は、女の子の来る\n所じゃないよ!	
C05649	SSS5/163:5DA	대사:04	1	だって{05:02}は{0A}連れていくんでしょ?	
C05650	SSS5/163:5F6	대사:05	3	がう?	
C05651	SSS5/163:600	대사:FD	1	そりゃ連れて行かないと{0A}食べ物ないからなぁ。	
C05652	SSS5/163:64E	대사:04	1	そんじゃあ、私も行く	
C05653	SSS5/163:66B	대사:FD	1	駄目だよ!!	
C05654	SSS5/163:677	대사:FD	1	最近は兵隊達だって\n入ってくるんだぜ?	
C05655	SSS5/163:697	대사:04	2	どうしても?	
C05656	SSS5/163:6A4	대사:FD	1	夕方には、{05:02}をつれて\n戻ってくるからさぁ	
C05657	SSS5/163:6C3	대사:04	1	だってー	
C05658	SSS5/163:6DD	대사:FD	1	じゃあね、飛天功!	
C05659	SSS5/163:746	대사:04	1	ああ、いっちゃった　　	
C05660	SSS5/163:759	대사:04	1	洞天の兵隊達って確か\n飛天石で　　	
C05661	SSS5/163:7DA	대사:FD	1	それじゃ、仙窟に行くよ。	
C05662	SSS5/163:7FE	대사:FD	1	いや、そんなに近寄らなくても\n大丈夫だよ。	
C05663	SSS5/163:81F	대사:04	1	近い分には、問題ないんだし\nいいじゃない。	
C05664	SSS5/163:83F	대사:FD	1	まぁ、それはそうだけど　　。	
C05665	SSS5/163:86F	대사:05	1	がう、がう!	
C05666	SSS5/163:87C	대사:04	1	静かになさい。	
C05667	SSS5/163:888	대사:05	1	がうー。	
C05668	SSS5/163:893	대사:04	1	さぁ、早くこっちに\nおいで。	
C05669	SSS5/163:8BA	대사:FD	1	　　それじゃ行くよ。	
C05670	SSS5/163:9A3	대사:10	1	戻るなら、私も一緒よ。	
C05671	SSS5/163:9C8	대사:FE	1	やっぱり行くのね。	
C05672	SSS5/163:9F2	대사:10	1	私はここで待ってる。{00}	
C05673	SSS5/163:A27	대사:FE	1	ねえ、ホントに兵舎に\n忍び込むの?	
C05674	SSS5/163:A4C	대사:FE	10	なに?	
C05675	SSS5/163:A53	대사:FD	1	{05:01}は、ここで待って\nいてくれないか?	
C05676	SSS5/163:A6B	대사:FD	1	仙窟で、奴等と戦うのは\n筋は通っている。	
C05677	SSS5/163:A8A	대사:FD	1	でも、今回の事は　　	
C05678	SSS5/163:AA0	대사:FE	1	だったら{03:01}　{03:01}　{03:01}やめましょう。	
C05679	SSS5/163:AB9	대사:FD	1	あれが無いと、{05:02}を\n助けることが出来ない。	
C05680	SSS5/163:AD7	대사:FE	1	そうね。でもここで、貴方まで\n居なくなってしまったら　　	
C05681	SSS5/163:AFC	대사:FE	1	私は、どうしたらいいの?	
C05682	SSS5/163:B0D	대사:FD	1	俺を信じてくれ　　	
C05683	SSS5/163:B2B	대사:FE	1	でも、ひとりで行くのは駄目{0A}私も一緒に行くわ。	
C05684	SSS5/163:B4D	대사:FD	1	駄目だ!	
C05685	SSS5/163:B71	대사:FE	1	何を言っても無駄みたいね　　	
C05686	SSS5/163:B8E	대사:FE	1	解ったそれなら、ここで\n待っているわ。	
C05687	SSS5/163:BBA	대사:10	1	無事に戻ってきてね。	
C05688	SSS5/163:BCD	글	1	どうしたの?{00}	
C05689	SSS5/163:C3C	대사:FD	1	すっかり、遅くなった\nなぁ。	
C05690	SSS5/163:C5C	대사:0A	1	おなかすいたでしょ{07}すぐに、夕食にするね。	
C05691	SSS5/163:C83	대사:0B	2	がぅ!	
C05692	SSS5/163:CBA	안내:0C	1	夕食後。	
C05693	SSS5/163:CF4	안내:08	1	　　あ、あなたは　　私?	
C05694	SSS5/163:D1A	안내:08	1	　　誰を待ってるの?	
C05695	SSS5/163:D6A	대사:FD	2	それじゃ、今日も\n頑張ろうか?	
C05696	SSS5/163:D8E	대사:FD	2	　　元気がないね。	
C05697	SSS5/163:DA9	대사:04	1	えっ!? いや、そんな事ないのよ{09}ただ、ちょっと夢を　　。	
C05698	SSS5/163:DD4	대사:FD	2	夢?	
C05699	SSS5/163:DDB	대사:04	1	なんでもない、なんでもないのよ{09}さぁ、頑張りましょう!	
C05700	SSS5/163:E11	대사:FD	1	それじゃあ	
C05701	SSS5/163:EEF	대사:FD	2	じゃあ、気を引きしめてね。	
C05702	SSS5/163:F02	대사:FE	2	はーい♡	
C05703	SSS5/163:F0E	대사:FC	11	がうがう!	
C05704	SSS5/163:F29	글	1	おお、カワイイ娘をつれておるな{09}わしの若い頃にそっくりじゃ!	
C05705	SSS5/163:F4E	대사:FD	1	そ、そうなんですか?{p}ま、どんなカワイイ娘でも、いずれは\nこうなると言う事じゃな。	
C05706	SSS5/163:F7E	대사:FE	3	　　　　。{00}	
C05707	SSS5/163:F89	글	1	武器にいりびたってる捜神という男は\nなんでも、将軍と戦う為に遠くから旅を\nしてきたらしいけど　　{p}将軍が、相手にする訳ないのにね。	
C05708	SSS5/163:FE0	대사:FD	1	挑まれれば、戦うだろ?{p}いやだ。恐い事言うね{0A}この人は　　{00}	
C05709	SSS5/163:1007	글	1	兵舎で、何かあったのかね?{00}	
C05710	SSS5/163:1019	글	1	この辺は、まだ緑が残ってるけど　　\n街の外はひどい状況らしいよ。{p}樹は枯れて、地面からは毒気が吹き\n上がっているって話しだよ。{00}	
C05711	SSS5/163:1078	글	1	私の彼、兵隊なんだけど、今度\n悪い洞仙を倒しに行くらしいの。	
C05712	SSS5/163:10A5	대사:FE	1	洞仙がみんな悪人だって訳じゃないでしょ?{p}何、言ってるのよ{09}洞仙が悪人なのは常識よ!	
C05713	SSS5/163:10E0	대사:FE	1	洞仙の事、良く知りもしないで{0A}決め付けないで下さい!{p}な、何よあんた　　{09}洞仙に知り合いでもいるの?{00}	
C05714	SSS5/163:1123	글	1	洞仙討伐に行った彼の帰りが遅いのよ　　{p}もし、彼に万が一の事があったら\n私が洞仙を八つ裂きにしてやるわ!{00}	
C05715	SSS5/163:116C	글	1	さっき、私の彼が真っ青な顔して\n兵舎から飛び出してきたわ。{p}私が声を掛けたのに、こっちを見も\nしなかったの。{p}兵舎で、何か起きたわね。{00}	
C05716	SSS5/163:11C2	글	1	この景色も、もう見納めかしら{07}だって、洞仙が大地を　　{p}滅ぼしちゃうんでしょ?{00}	
C05717	SSS5/163:1202	글	1	洞仙が来たら、街が滅んじゃうって\nホントなの?	
C05718	SSS5/163:1222	대사:FD	1	そんな事ないよ。{p}ホントに!{p}わかった、お兄ちゃんが洞仙を\n倒してくれるのね。	
C05719	SSS5/163:1252	대사:FD	1	ま{03:01}、まかせとけ!{p}うん♡{00}	
C05720	SSS5/163:1263	글	1	洞仙を倒してくれるって、約束した\nお兄ちゃんだよね。	
C05721	SSS5/163:1287	대사:FD	1	人違いだろ?{p}　　　　{00}	
C05722	SSS5/163:129A	글	1	兵隊さんたち、どうしたのかしら?{00}	
C05723	SSS5/163:12AE	글	1	お父さんもお母さんも、泣きながら\nこの国は、もう駄目だっていうの　　{p}私も悲しくなってきたけど{0A}あきらめちゃダメって言ったの。{p}そしたら、お父さんとお母さんは、なべと\nまないたと包丁を持って何処かに出かけて\n行っちゃった。{00}	
C05724	SSS5/163:1340	글	1	ここは洞天軍の詰め所である。{p}雷漢将軍の命により、現在一般人の\n立ち入りは禁止である。{00}	
C05725	SSS5/163:1380	글	1	将軍が、洞仙を倒したという話は\n聞いたか?{00}	
C05726	SSS5/163:139E	글	1	なんか中が騒がしいな?{00}	
C05727	SSS5/163:13AD	글	1	事情により、立ち入り禁止だ!{00}	
C05728	SSS5/163:13C3	글	1	洞天軍は不滅である!{00}	
C05729	SSS5/164:7B	대사:07	1	さぁ、今日は、いい肉と野菜が\n入ってるよ!	
C05730	SSS5/164:9D	대사:06	1	あの、龍が　　	
C05731	SSS5/164:B5	대사:06	1	い、いえ。なんでもないんです{09}えっと、その、とり肉とブタ肉{0A}それとキャベツと、にんじんを下さい。	
C05732	SSS5/164:EE	대사:07	1	はい、まいどあり!	
C05733	SSS5/164:11B	대사:09	1	あー、飲んだ飲んだ!	
C05734	SSS5/164:130	대사:08	1	そう言えば知ってるか{07}このあたりに、若い洞仙が\nやってきたってウワサ　　。	
C05735	SSS5/164:165	대사:09	1	もちろん知ってるよ{09}でも、どうやら本当の事らしいぜ。	
C05736	SSS5/164:187	대사:08	1	そうなると、俺達にも出動の\n命が下るかもしれんな。	
C05737	SSS5/164:1AA	대사:09	1	ああ、もう昼間っから\n酒なんて飲んでられねぇなぁ。	
C05738	SSS5/164:1E6	대사:07	1	洞仙だなんて　　まったく\n困ったやつが来たもんだねぇ。	
C05739	SSS5/164:20E	대사:06	1	洞仙ってそんなに悪い人\nなんですか?	
C05740	SSS5/164:228	대사:07	1	ああ、そりゃもう、あやしげな\n術は使うし、恐ろしい仙獣を\nあやつるし　　。	
C05741	SSS5/164:25B	대사:06	1	仙獣　　。	
C05742	SSS5/164:26B	대사:07	1	ま、あんたも、仙窟には\n近寄らない方がいいよ。	
C05743	SSS5/164:2F3	대사:11	1	{05:02}がいないわ!?	
C05744	SSS5/164:315	대사:FD	1	危ない! 邪精が!!	
C05745	SSS5/164:32B	대사:0A	1	今日の夕食は、なにに\nするんですの奥さん?	
C05746	SSS5/164:34F	대사:0B	1	ウチの亭主と子供は\n好き嫌いが多くて　　。	
C05747	SSS5/164:371	대사:0A	1	あら、おたくも{07}ウチもですのよ。	
C05748	SSS5/164:385	대사:0B	1	ほんと、困りますわね{09}ほほほほ。	
C05749	SSS5/164:3B1	대사:FD	1	な、なんだ　　これは。	
C05750	SSS5/164:3E5	대사:0D	1	よし、こんどこそ負けない\nからな!	
C05751	SSS5/164:3FB	대사:0E	1	ボクだって、負けないよ!	
C05752	SSS5/164:40D	대사:0D	1	よし{08}それじゃ、よーい、どん!	
C05753	SSS5/164:436	대사:11	1	ねぇ、一体どうなってるの{0A}ここは?	
C05754	SSS5/164:450	대사:FD	1	いや、俺にもさっぱり　　。	
C05755	SSS5/164:472	안내:01	1	そこにいましたか{09}捜すのに手間取りました。	
C05756	SSS5/164:494	대사:FD	1	また、お前か?	
C05757	SSS5/164:4A0	대사:FD	1	いったい誰なんだ{07}ここは、どうなってるんだ?	
C05758	SSS5/164:4BD	안내:01	1	話は、後です。	
C05759	SSS5/164:4CA	안내:01	1	早くそこから出ないと、通常世界に\n戻れなくなります。	
C05760	SSS5/164:4F1	대사:11	1	通常世界?	
C05761	SSS5/164:500	안내:01	1	動かないで下さい。	
C05762	SSS5/164:580	글	1	1000年前の洞天福	
C05763	SSS5/164:8CA	대사:14	1	りゅ、龍よ!!	
C05764	SSS5/164:8D6	대사:16	1	た、助けてくれー!!	
C05765	SSS5/164:8F9	대사:12	1	こ、ここは、いったい何処だ?	
C05766	SSS5/164:921	대사:12	1	{05:00}め!!	
C05767	SSS5/164:931	대사:12	1	かならず{03:02}、かならず見つけ出して{0A}復讐してやるからな!	
C05768	SSS5/164:96C	안내:05	1	{05:00}は、『時の封術』によって\n \n{05:02}を過去の世界に飛ばした{09} \nだが、それが全ての始まりになる事を\n \n{05:00}は知らない　　。	
C05769	SSS5/164:A2B	글	1	いらっしゃい♡\nまだ、昼間だけど、ちょっと\nよってかない?{00}	
C05770	SSS5/164:A59	글	1	悪い人が来る前は、もう少し\nにぎやかだったんだけどね。{00}	
C05771	SSS5/164:A7B	글	1	お兄ちゃん、なんかやな事あったの?	
C05772	SSS5/164:A92	대사:FD	1	なぜ?{p}だってそんな顔してるもん。{00}	
C05773	SSS5/164:AA6	글	1	おねーちゃん、いいこと事あったの?	
C05774	SSS5/164:ABC	대사:FE	1	どうして?{p}だってそんな顔してるもん。{00}	
C05775	SSS5/164:ADE	글	1	将軍達が、奴をどうにかしてくれない限り\n街はさびれる一方だよ。{00}	
C05776	SSS5/164:B07	글	1	将軍が洞仙を倒したって聞いたか?	
C05777	SSS5/164:B21	대사:FD	1	　　　　{p}なんだよ、そんな顔して、おかしな奴だね{09}とにかくこれで街は安泰だ!{00}	
C05778	SSS5/164:B52	글	1	洞仙も出て行くことだし、早く商売の\n準備を始めなくちゃ!{00}	
C05779	SSS5/164:B7A	글	1	まったく　　洞仙のおかげで\n商売あがったりだよ!{00}	
C05780	SSS5/170:60	대사:00	1	ステキな曲ね。	
C05781	SSS5/170:80	대사:FD	1	起こしちゃったかな?	
C05782	SSS5/170:8F	대사:00	1	ううん。私もなんとなく\n寝付けなかったから　　。	
C05783	SSS5/170:B0	대사:FD	1	やっぱり、{05:02}の事が心配?	
C05784	SSS5/170:C6	대사:00	1	うん、正直、あの蒼幻って子の言葉\n気にかかるの。	
C05785	SSS5/170:EC	대사:FD	1	育てるな{03:01}　{03:01}　{03:01}殺してしまえ{03:01}　{03:01}　か。	
C05786	SSS5/170:119	대사:FD	1	なんとかなるさ。	
C05787	SSS5/170:12C	대사:00	1	たよりにしてるわよ。	
C05788	SSS5/170:144	대사:FD	1	ま、やるだけやるさ。	
C05789	SSS5/170:159	대사:00	1	　　{05:00}の事\n信じるわ。	
C05790	SSS5/170:16F	대사:00	1	ねぇ、ところで{0A}さっきの曲、なんて曲なの?	
C05791	SSS5/170:194	대사:FD	1	あ、ああ、これね。この曲は{0A}老師が作った曲なんだよ。	
C05792	SSS5/170:1B7	대사:00	1	老師って洞仙の?	
C05793	SSS5/170:1D0	대사:FD	1	およそ芸術的な事とは、無縁な\n人だったけど、	
C05794	SSS5/170:1F1	대사:FD	1	笛だけは、上手かったんだよ。	
C05795	SSS5/170:206	대사:00	1	そうなんだ。	
C05796	SSS5/170:212	대사:FD	1	老師から初めて教わった{0A}俺にとっては大切な曲さ。	
C05797	SSS5/170:236	대사:00	1	老師って、{05:00}にとって\n大切な人だったんでしょ?	
C05798	SSS5/170:257	대사:FD	1	もちろんだよ。	
C05799	SSS5/170:262	대사:00	1	大切な人から教わった{0A}大切な曲　　か。	
C05800	SSS5/170:290	대사:00	1	　　私にも教えて欲しいな。	
C05801	SSS5/170:2BB	대사:00	1	　　だめ?	
C05802	SSS5/170:2CD	대사:FD	1	　　いや、いいけど。	
C05803	SSS5/170:2E4	대사:00	1	ホントに{07}うれしい!	
C05804	SSS5/170:306	대사:FD	1	それじゃ、まず最初は――。	
C05805	SSS5/172:177	대사:25	1	道士殿!	
C05806	SSS5/172:185	대사:FD	1	俺のこと?	
C05807	SSS5/172:18F	대사:25	1	そうじゃ、そうじゃ!	
C05808	SSS5/172:1B1	글	1	道士殿、この辺に住んでる雷漢なる\n剣豪を知っておるかのう?	
C05809	SSS5/172:1DF	대사:FE	1	雷漢って将軍の事じゃないの?	
C05810	SSS5/172:1F9	대사:FD	1	知ってるの?	
C05811	SSS5/172:204	대사:FE	1	この辺に住んでて、知らないの\n貴方ぐらいなものよ?	
C05812	SSS5/172:229	대사:FD	1	俺は、修行にいそがしいから{0A}そんな奴知らなくてもいいの!	
C05813	SSS5/172:255	글	1	して、雷漢将軍は何処におるのじゃ?	
C05814	SSS5/172:276	대사:FE	1	この上の洞天軍の兵舎の中に\nいるんじゃないのかしら?{p}かたじけない。	
C05815	SSS5/172:2A4	글	1	拙者、てっきり剣術道場の師範か{0A}なにかだと、勘違いしておった。{p}礼といっては、何じゃが\n一杯どうじゃな?	
C05816	SSS5/172:2F1	대사:FD	1	一応俺、修行中だしなァ{09}さっき老師に、言われた\nばかりだし　　	
C05817	SSS5/172:31F	대사:FD	1	でもちょっと位なら\nいいかな?	
C05818	SSS5/172:339	글	1	涙を飲んでがまん{08}素直にいただく。	
C05819	SSS5/172:359	대사:FD	1	修行中の身なんで、さすがに\n昼間からは　　	
C05820	SSS5/172:37A	대사:FD	1	遠虜しておきますよ。	
C05821	SSS5/172:38B	글	1	修行中では仕方がない。	
C05822	SSS5/172:3AF	대사:FE	1	カオスシードが光ったわよ　　	
C05823	SSS5/172:3DE	대사:FE	1	えと、欲だって!	
C05824	SSS5/172:3EE	대사:FE	4	もう!	
C05825	SSS5/172:3F5	대사:FE	1	種光らせる程、飲みたかったの?	
C05826	SSS5/172:417	대사:FE	2	素直じゃないんだから。	
C05827	SSS5/172:433	대사:FD	1	さっき老師に、修行してるかって\n聞かれたばっかだったろ。	
C05828	SSS5/172:463	대사:FE	1	やせガマンも修行の内なの?	
C05829	SSS5/172:47A	대사:FD	1	そういう訳じゃないけどね。	
C05830	SSS5/172:496	대사:FD	1	まあ、カオスシードに栄養入って\nよかったじゃないか!	
C05831	SSS5/172:4BD	대사:FE	1	なんか、やな種ね　　	
C05832	SSS5/172:4CE	글	1	おかしな者達だな　　	
C05833	SSS5/172:4F8	대사:FD	1	それなら、一杯だけ　　	
C05834	SSS5/172:515	대사:FD	1	ととと	
C05835	SSS5/172:571	대사:FD	1	ぷはぁーーうまい	
C05836	SSS5/172:57E	글	1	見事な飲みっぷりでござるな!{p}拙者、捜神死郎と申す。	
C05837	SSS5/172:5A9	대사:FD	1	俺は、{05:00}。	
C05838	SSS5/172:5B5	글	1	ところで、{05:00}殿、武術の方は\n結構やるでござるな。	
C05839	SSS5/172:5D8	대사:FD	1	いえ、全然ですよ　　	
C05840	SSS5/172:5EB	글	1	隠しても無駄でござる。{p}気配、身のこなしで、だいたい\n分かるでござるよ。	
C05841	SSS5/172:61A	대사:FD	1	そんなもんですかね。	
C05842	SSS5/172:62C	글	1	機会があったら一度、御教授\nいただきたいが、いかに?	
C05843	SSS5/172:65B	대사:FE	1	よけいなもめごと、起こさないで\n欲しいんですけど　　	
C05844	SSS5/172:685	글	1	フフ、これは失礼つかまった。	
C05845	SSS5/172:69A	글	1	拙者、腕が立ちそうな御仁をみると\nつい勝負を挑んでしまってな。{p}これが元で、国元を去ることに　　	
C05846	SSS5/172:6DD	대사:FE	1	　　　　{p}いや失礼	
C05847	SSS5/172:6F6	글	1	機会があれば、またいずれ。{00}	
C05848	SSS5/172:71B	대사:12	1	いらっしゃいませ♡\n楽しんでいってくださいね。{00}	
C05849	SSS5/172:744	글	1	酒はいい。身体にこう{0A}しみわたるようだ!{p}いいか、安酒は、飲むんじゃないぞ!	
C05850	SSS5/172:77C	대사:FE	1	酔っぱらいね。{p}俺は酔ってない!{00}	
C05851	SSS5/172:791	글	1	将軍が勝ったらしい{08}祝勝の美酒じゃ!{p}安酒じゃないぞ!{00}	
C05852	SSS5/172:7B7	글	1	ウィ!?{00}	
C05853	SSS5/172:7BD	글	1	この街は、もう駄目らしいから\n別の街で、飲みなおしたヒック!{00}	
C05854	SSS5/172:7F0	글	1	早いところ、洞仙を追っ払ってくれなきゃ\nバザーに客が集まらないよ!	
C05855	SSS5/172:81D	대사:FE	1	人が集まらないのと洞仙は、関係ないと\n思うんですけど　　{p}なによ、洞仙の肩を持つ気なの!	
C05856	SSS5/172:85D	대사:FE	1	きゃーっ、酔っぱらい　　	
C05857	SSS5/172:872	대사:12	1	お客さん、ケンカは困りますよ!{00}	
C05858	SSS5/172:885	글	1	洞仙も、いなくなるらしいいし\nそろそろ商売再開かな?{00}	
C05859	SSS5/172:8A7	글	1	なんだか、外が騒がしいわね。{00}	
C05860	SSS5/172:8B9	글	1	いつまで経っても、洞仙はいなく\nならないし　　まったく兵隊達は\n何をやってんかしら?{p}もう、税金払わないわよ!{00}	
C05861	SSS5/172:8FE	글	1	酒場にいると、人々の本当の姿を\n見ることができます。{p}おかげで、いい作詞の勉強になり\nますわ。{00}	
C05862	SSS5/172:947	글	1	この店のおやじ、いつ来ても\nいないんだよね。{p}なんとかだべって話す\nらしいんだけど　　{00}	
C05863	SSS5/172:979	글	1	洞仙が死んじまったんじゃ{0A}この店も商売あがったりだろうな。{p}もっとも、商売してるの見た事\n無いけどな。{00}	
C05864	SSS5/172:9B9	글	1	最近聞いた話なんだが、なんでも\nこの店のおやじは、この街の賞金\n稼ぎ達の影の元じめらしい。{p}もちろんウワサだがね。{00}	
C05865	SSS5/172:A00	글	1	欲しい剣があるんだが、いつまで\n経っても店主が現れない　　{p}商売する気があるのか!{00}	
C05866	SSS5/172:A42	글	1	今日はお休みだから、お父さんと\nお母さんが、遊びに連れてって\nくれるのよ。いいでしょう!{00}	
C05867	SSS5/172:A77	글	1	今日は、洞仙がいなくなった\nお祝いなんだって!{00}	
C05868	SSS5/172:A95	글	1	図書館って、本がいっぱい\nあるんだよ!{00}	
C05869	SSS5/172:AAE	글	1	洞仙って人の所為で、みんな\n困っているんだって!{p}私が、大きかったら、みんなを助けて\nあげられるのに　　{00}	
C05870	SSS5/172:AFB	글	1	これから、娘と出かけますのよ{09}みんなでどこかに行くなんて\n久しぶりですわ。{00}	
C05871	SSS5/172:B26	글	1	洞仙の脅威が去って、これで安心して\n娘を育てられます。	
C05872	SSS5/172:B4E	글	1	すみません、私、何かふゆかいに\nなるような事、言いました?	
C05873	SSS5/172:B73	대사:FD	1	いや、別に?{p}そうですか　　良かった。{p}なんだか、怒っていらっしゃる\n様だったんで。	
C05874	SSS5/172:BB1	글	1	娘には、いい本をいっぱい読んで\n欲しいですわね。	
C05875	SSS5/172:BDD	대사:FE	1	そうですね。{00}	
C05876	SSS5/172:BE5	글	1	なんでも、この街は、このままでは\n滅んでしまうらしいんで　　{p}いったい、どうしたら\nいいんでしょうか。{00}	
C05877	SSS5/172:C2A	글	1	娘と、家内をどこかに連れてくって\n約束をしたんですが　　{p}実は、どこに行けば喜んでくれる\nかわからんのですよ　困ったなぁ。	
C05878	SSS5/172:C7D	글	1	あんた、こないだと別人のようだ　　{00}	
C05879	SSS5/172:C94	글	1	家から、出ていってくれ　　	
C05880	SSS5/172:CA9	대사:16	1	あなた!{p}すぐにだ{00}	
C05881	SSS5/172:CB4	글	1	なんか、いい事あったのかね。	
C05882	SSS5/172:CC7	대사:FE	1	うん、ちょっとね♡{00}	
C05883	SSS5/172:CD3	글	1	もう、この街から、引っ越すしか\nないようだな。{00}	
C05884	SSS5/172:CFB	글	1	彼女とケンカしちゃったんだ　　{p}あんたら、仲良さそうで\nうらやましいな。	
C05885	SSS5/172:D29	대사:FE	1	そう見えるのかなぁ♡{00}	
C05886	SSS5/172:D37	글	1	彼女、雷漢将軍の応援してたらしくて\n最近ゴキゲンなんだよね。{p}雷漢サマサマってところかな?{00}	
C05887	SSS5/172:D72	글	1	なんか、家の前を、兵隊がうろうろ\nしてたけど、なんかあったのかな?{00}	
C05888	SSS5/172:D99	글	1	はーっ、せっかくいい所に家を\n借りてるのに街が　　滅んじまう。{p}許すまじ洞仙!{00}	
C05889	SSS5/172:DD8	글	1	彼ったら、雷漢様のシブさを\n分かってくれないんだもん。	
C05890	SSS5/172:DFD	대사:FE	1	それで、ケンカになったの?{p}彼にヒゲを伸ばしてって言ったら\n怒り出して　　	
C05891	SSS5/172:E2D	대사:FE	1	そりゃあね{p}絶対似合うのに!{00}	
C05892	SSS5/172:E41	글	1	雷漢様が、洞仙を倒したって聞いた?{p}やっぱり、将軍はすごいわよね。{00}	
C05893	SSS5/172:E6D	글	1	雷漢様にお祝いをしなきゃ♡	
C05894	SSS5/172:E83	대사:FD	1	止めた方がいいよ。{p}どうして?	
C05895	SSS5/172:E98	대사:FE	1	外で騒ぎが起こってるでしょ?{p}騒ぎなんて、関係ないわよ。{00}	
C05896	SSS5/172:EBC	글	1	はあ、この街ももう駄目ね。{00}	
C05897	SSS5/172:ECE	글	1	下はうるさくていかん{09}ゆっくり酒も飲む事ができん。{00}	
C05898	SSS5/172:EF9	글	1	下にいた明紅って人\nすごく強いんだよね。	
C05899	SSS5/172:F16	대사:FD	1	知ってる　　{p}やっぱり、明紅さん有名なんだ{08}今は、洞仙って人に負けて落ち\n込んでるけど　　{p}きっとまた戦ってくれる。{p}だって、私と約束したもん!{00}	
C05900	SSS5/172:F74	글	1	捜神さん、どこ何処に出かけたの\nかしら?{00}	
C05901	SSS5/172:F8F	글	1	捜神さんなら、いったん戻った後{0A}いそいで何処かいっちゃったわよ!{p}なんか、事件に巻き込まれて\nなきゃいいんだけど　　	
C05902	SSS5/172:FD9	대사:FE	1	ホントね　　	
C05903	SSS5/172:FE7	대사:FD	1	巻き込むんじゃなくって、事件を起こす\n方だと思うんだけど　　	
C05904	SSS5/172:1013	글	1	みんな　　洞仙って人に\n負けちゃったのね。{00}	
C05905	SSS5/172:103C	글	1	この店にはろくな物が売っておらん{09}これでは、戦いにもならんぞ!{00}	
C05906	SSS5/172:1061	글	1	槍を装備すると素早い攻撃が出来る{09}しかし、店主はおらん　　{p}したがって皆、買えない。{00}	
C05907	SSS5/172:109C	글	1	流星錘は巨大な敵に非常に効果的だ{09}しかし、店主はおらん　　{p}したがって皆、買えない。{00}	
C05908	SSS5/172:10D8	글	1	金が無い　　{p}したがって俺は、店主がいても\n武器を買えない。{p}もっとも俺は、武器があっても\n仙窟なんか行く気は、ないけどね。{00}	
C05909	SSS5/172:1139	글	1	くそぉ、洞仙、洞仙め!	
C05910	SSS5/172:114C	대사:FD	1	ボクは、洞仙じゃないですよ!{p}そんな事知ってる!	
C05911	SSS5/172:117F	대사:FD	1	ぶちのめしてやる、洞仙め!	
C05912	SSS5/172:119A	대사:12	1	なんでも、負けた洞仙に情けを\nかけられたらしくて　　	
C05913	SSS5/172:11BE	대사:12	1	それで、この深酒なんです{09}ゆるしてあげて下さい。	
C05914	SSS5/172:11DD	대사:FD	1	気持ちは分からなくも無いからね。	
C05915	SSS5/172:11F9	글	1	こ　　こんど　　こそぉ　　	
C05916	SSS5/173:6A	대사:08	1	へーっこれが、{05:00}さんの\nおうちなんだ。	
C05917	SSS5/173:EA	대사:08	1	こうなったら、当たって\n砕けろ作戦よ!	
C05918	SSS5/173:10C	대사:08	1	{05:00}さんって洞仙でしょ?	
C05919	SSS5/173:124	대사:FD	2	へっ!	
C05920	SSS5/173:12D	대사:FD	1	まずいな　　なんかばれるような\n事したかな?	
C05921	SSS5/173:159	대사:FD	1	洞仙なんて知らないよ!	
C05922	SSS5/173:176	대사:08	1	でも、助けてもらったとき\n妖怪さんと一緒に居たでしょ?	
C05923	SSS5/173:19E	대사:FD	1	そうだっけ?	
C05924	SSS5/173:1A8	대사:08	1	いたわよ。	
C05925	SSS5/173:1B4	대사:08	1	だって私それに驚いて{0A}逃げたんだもん!	
C05926	SSS5/173:1CE	대사:FD	1	覚えてないなぁ?	
C05927	SSS5/173:1F1	대사:08	1	もぉ、とぼける気でしょ	
C05928	SSS5/173:20B	대사:FD	1	そんな事よりさ、もっと\n楽しい話しない?	
C05929	SSS5/173:23B	대사:08	1	楽しい話ねぇ?	
C05930	SSS5/173:252	대사:FD	1	手相を見てあげよっか。	
C05931	SSS5/173:264	대사:FD	1	ささ、手をだして!	
C05932	SSS5/173:281	대사:08	1	手相なんか見なくていいよ!	
C05933	SSS5/173:2A6	대사:FD	1	じゃあ、八卦は?	
C05934	SSS5/173:2B7	대사:FD	1	当たるも八卦、当たらぬも八卦って\n言ってね、面白いんだよ。	
C05935	SSS5/173:2E4	대사:08	1	つまんなさそう　　	
C05936	SSS5/173:307	대사:FD	1	だって!老師が若い娘は占いが\n好きだって　　	
C05937	SSS5/173:336	대사:08	1	やっぱり何か、ごまかそうと\nしてるでしょ?	
C05938	SSS5/173:377	대사:FD	1	全然、そんな事無いって!	
C05939	SSS5/173:395	대사:08	1	もぉ、まじめに聞いてよぉ!	
C05940	SSS5/173:3AA	대사:FD	1	そんじゃあ、もし俺が\n洞仙だとしたら?	
C05941	SSS5/173:3C4	대사:08	1	　　もし{05:00}さんが{0A}洞仙だとしたら　　	
C05942	SSS5/173:3E4	대사:08	1	相談したい事があるの。	
C05943	SSS5/173:424	대사:08	1	あばれちゃだめ!くすぐったいわよ♡	
C05944	SSS5/173:458	대사:01	1	がうぅ!!	
C05945	SSS5/173:478	대사:FD	1	龍の子供!	
C05946	SSS5/173:486	대사:FD	1	でも、どこに入れてたん\nだろう?	
C05947	SSS5/173:4A3	대사:08	1	この子は{05:02}\n私の命の恩人なの。	
C05948	SSS5/173:4C1	대사:FD	1	まあ龍だから恩龍かな?	
C05949	SSS5/173:4D8	대사:01	1	ぎゅぅぅ	
C05950	SSS5/173:4E8	대사:FD	1	でもなんか、元気がないなぁ	
C05951	SSS5/173:506	대사:08	1	この子何も食べないの　　	
C05952	SSS5/173:51E	대사:01	1	きゅぅ	
C05953	SSS5/173:525	대사:08	1	洞仙だったら、どうしたらいいのか\n知ってると思って　　	
C05954	SSS5/173:550	대사:FD	1	それで洞仙を捜していたの?	
C05955	SSS5/173:575	대사:01	2	うぅぅ	
C05956	SSS5/173:5A3	대사:01	1	くぇぇぇ	
C05957	SSS5/173:5AE	대사:FD	1	ムムッ	
C05958	SSS5/173:5B8	대사:FD	1	たんに腹を空かせてるだけ\nみたいだな?	
C05959	SSS5/173:5D4	대사:08	1	じゃあ、{05:00}さん!	
C05960	SSS5/173:5E4	대사:FD	1	そうさ、さっしのとおり\n俺は洞仙さ!	
C05961	SSS5/173:600	대사:08	1	よかった!街の人から洞仙は\n恐ろしいって聞いてたから　　	
C05962	SSS5/173:628	대사:08	1	ほんとは少し恐かったの♡	
C05963	SSS5/173:63B	대사:FD	1	俺は恐くないだろ!	
C05964	SSS5/173:65B	대사:FD	1	でも俺が洞仙だって事\n街の奴等にゃ内緒だよ!	
C05965	SSS5/173:681	대사:08	3	もちろんよ。	
C05966	SSS5/173:699	대사:08	1	じゃあ、再会したお祝いと\n助けてもらった時のお礼\nしていい♡	
C05967	SSS5/173:6C5	대사:FD	1	お礼、何かな?	
C05968	SSS5/173:6FC	대사:08	1	とびきりおいしい、お料理よ!	
C05969	SSS5/173:710	대사:FD	1	でも材料あったかな?	
C05970	SSS5/173:723	대사:08	2	大丈夫!	
C05971	SSS5/173:74C	대사:08	1	材料は用意してあるの。	
C05972	SSS5/173:77C	안내:07	1	{05:01}は、危ない所をこの龍に\n \n助けられた事。そして、龍が何も食べ\n \nない事などを、{05:00}に話した。	
C05973	SSS5/173:7CD	대사:08	1	洞仙が、大地を滅ぼしちゃうって\n噂ホント?	
C05974	SSS5/173:7F6	대사:FD	1	それって、ひどい誤解だよ。	
C05975	SSS5/173:80E	대사:08	1	やっぱり違うの?	
C05976	SSS5/173:822	대사:FD	1	洞仙の仕事は、大地を蘇らせることさ!	
C05977	SSS5/173:83F	대사:08	1	じゃあ、街の人たちが言ってることは?	
C05978	SSS5/173:85B	대사:FD	1	でたらめさ。	
C05979	SSS5/173:86D	대사:08	1	どおして、街の人たちに\n説明しないの?	
C05980	SSS5/173:88B	대사:FD	1	洞仙にも、未熟者や悪い洞仙って\n奴がいるからね。	
C05981	SSS5/173:8B5	대사:08	1	でも、きちんと説明すれば{0A}街の人も解ってくれると思う\nけどなぁ。	
C05982	SSS5/173:8E4	대사:FD	1	いちいちそんな事してたら\n修行にならないよ!	
C05983	SSS5/173:908	대사:08	1	そうかなぁ	
C05984	SSS5/173:963	대사:08	1	どうぞ!	
C05985	SSS5/173:976	대사:08	1	お口にあうかしら?	
C05986	SSS5/173:98D	대사:FD	1	それじゃあ、いただきます!	
C05987	SSS5/173:9EC	대사:FD	1	うまい!	
C05988	SSS5/173:A18	대사:FD	1	ん、うまい!	
C05989	SSS5/173:A46	대사:FD	1	老師にも食べさせてやりたいよ。	
C05990	SSS5/173:A7D	대사:FD	1	このほくほくするやつ\n特にうまいよ。	
C05991	SSS5/173:A9A	대사:08	1	老師って?	
C05992	SSS5/173:ACC	대사:FD	1	俺の師匠さ、ホントうまいな!	
C05993	SSS5/173:AEC	대사:08	1	仙人ってかすみを食べるんでしょ?	
C05994	SSS5/173:B03	대사:FD	1	かすみ?	
C05995	SSS5/173:B0B	대사:FD	1	老師はトカゲとかヘビとか食べてたよ{08}あれは、不味かった　　	
C05996	SSS5/173:B40	대사:08	1	トカゲ　　	
C05997	SSS5/173:B5B	대사:01	1	がう!!	
C05998	SSS5/173:B70	대사:08	1	そう言えば、{05:02}は\n何を食べるの?	
C05999	SSS5/173:B8B	대사:FD	1	地上の世界では、陽気の結晶か\n仙丹を食べるんじゃないかな。	
C06000	SSS5/173:BB7	대사:08	1	陽気、仙丹??	
C06001	SSS5/173:BC6	대사:FD	1	まあ仙窟に行けばいくらでも\n在るから大丈夫だって!	
C06002	SSS5/173:C00	안내:08	1	    夕食後も会話ははずみ{0A} \n あっと言う間に、時は過ぎて行った。	
C06003	SSS5/173:C5D	대사:FD	1	もう夜も遅いし、今日は{0A}ここにとまっていくといいよ。	
C06004	SSS5/173:C89	대사:00	1	どうしようかな?	
C06005	SSS5/173:C95	대사:FD	1	あばらやだけど{0A}客間ぐらいはあるよ。	
C06006	SSS5/173:CB7	대사:00	1	じゃあ、お言葉に甘えちゃお。	
C06007	SSS5/173:CCC	대사:FD	1	客間は、二階の奥のだから{0A}案内するよ。	
C06008	SSS5/173:D55	대사:FD	1	それじゃ、おやすみ。	
C06009	SSS5/173:D63	대사:04	1	　　おやすみなさい。	
C06010	SSS5/173:D9E	대사:FD	1	　　不思議な娘だな{09}まぁ、悪い娘じゃなさそうだけど。	
C06011	SSS5/173:DC7	대사:FD	1	とにかく、今日は寝るか　　。	
C06012	SSS5/173:DF3	안내:0B	1	  翌日。	
C06013	SSS5/173:E50	대사:00	1	{05:02}は、眠ったわ。	
C06014	SSS5/173:E65	대사:FD	1	そうか。	
C06015	SSS5/173:E76	대사:00	1	ねぇ　　。	
C06016	SSS5/173:E81	대사:FD	11	ん?	
C06017	SSS5/173:E87	대사:00	1	聞いてもいい?	
C06018	SSS5/173:E93	대사:FD	1	俺に答えられる事ならね。	
C06019	SSS5/173:EAD	대사:00	1	あなた自身の事だから{0A}大丈夫よ♡	
C06020	SSS5/173:ECF	대사:FD	1	俺の事?	
C06021	SSS5/173:EE0	대사:00	1	{05:00}ってさ、どうして\n洞仙になったの?	
C06022	SSS5/173:EF9	대사:FD	1	んー、あんまり深く考えた事は\nなかったなぁ。	
C06023	SSS5/173:F1D	대사:FD	1	なにしろ、物心ついた時から\n老師と一緒だったから　　	
C06024	SSS5/173:F53	대사:FD	1	気が付いたら、修行づけの\n仙人見習いさ!	
C06025	SSS5/173:F7A	대사:00	1	　{03:01}　{03:01}変わってるわね。	
C06026	SSS5/173:F8F	대사:FD	1	君ほどじゃないと\n思うけど?	
C06027	SSS5/173:FAA	대사:00	1	あら、私は普通の女の子よ。	
C06028	SSS5/173:FC7	대사:FD	1	普通の女の子は龍なんて\n育てないよ。	
C06029	SSS5/173:FEA	대사:FD	1	それに、洞仙と一緒に暮らしてる\nなんて事がばれたら　　街には\n居られないよ?	
C06030	SSS5/173:1025	대사:00	1	まぁ、それはねぇ　　。	
C06031	SSS5/173:103D	대사:00	1	街に居れなくなったら、ずっと\nここに居ようかな♡	
C06032	SSS5/173:1073	대사:00	1	今、ろこつに嫌な顔\nしなかった?	
C06033	SSS5/173:1092	대사:FD	1	し、してないよ。	
C06034	SSS5/173:10A5	대사:00	1	それじゃ、ここに居ても\nいいのね?	
C06035	SSS5/173:10C5	대사:FD	1	いや、それは　　。	
C06036	SSS5/173:10DB	대사:00	1	もー、どっちなのよ!	
C06037	SSS5/173:10EB	대사:FD	1	　　　　そ、そうだ{08}俺は、仙術の練習しなきゃ\nならなかったんだ!	
C06038	SSS5/173:1130	대사:FD	1	先に寝てていいよ{09}それじゃ!	
C06039	SSS5/173:115C	대사:00	1	もう、照れ屋さん\nなんだから♡	
C06040	SSS5/173:1179	대사:00	1	おやすみなさい。	
C06041	SSS5/173:119D	안내:0B	1	　　こ、ここはどこ?	
C06042	SSS5/173:11CB	대사:FD	1	蒼幻の話　　。	
C06043	SSS5/173:11E2	대사:06	1	本当の事なのかしら?	
C06044	SSS5/173:11F3	대사:FD	1	わからない、けど、{05:02}が\n原因だってのは、やっぱり違うと\n思うな。	
C06045	SSS5/173:121C	대사:06	1	じゃあ、あの現象の原因は?	
C06046	SSS5/173:1238	대사:FD	1	ここの龍脈がなぜ枯れるかを\n探った方が、早いと思う。	
C06047	SSS5/173:125D	대사:06	1	原因は同じなの?	
C06048	SSS5/173:126C	대사:FD	1	衰えた大地では、思いもよらぬ事が\n起こるもんさ。	
C06049	SSS5/173:129B	대사:FD	1	とにかく、{05:02}の事を含めて\n俺に出来る事は、やってみるよ。	
C06050	SSS5/173:12C9	대사:06	1	{05:00}　　ありがとう。	
C06051	SSS5/173:130A	대사:06	1	大丈夫よ{09}{05:00}が、きっと\nなんとかしてくれるわ。	
C06052	SSS5/173:1329	대사:07	1	がぅぅ。	
C06053	SSS5/173:1346	대사:06	1	大丈夫　　だいじょうぶよ。	
C06054	SSS5/173:136E	안내:06	1	長い一日が終わった{09} \nだが、夜のとばりがあたりを\n \nつつんでも、{05:00}は{0A} \nなかなか寝付けなかった	
C06055	SSS5/173:13CE	대사:FD	2	どうも眠れないなぁ　　	
C06056	SSS5/188:4F	검증필요	1	{p}コ{05:02}ャ{05:03}ギ{05:04} \n{05:9B}{07}\nヤ{07}ゾ{00}	
C06057	SSS5/188:191	대사:0A	1	ここは、洞天福国の国立図書館です{09}今日は、どんな本をお探しですか?{00}	
C06058	SSS5/188:1C7	글	1	洞仙は、どんな悪どい手でも\n平気で使うらしい{09}　　恐ろしい相手だ。{00}	
C06059	SSS5/188:1F6	글	1	洞仙ごときをいつまでも\n討伐できないでいると{0A}我が洞天福国の名折れだ!{00}	
C06060	SSS5/188:243	대사:0A	1	ここは、洞天福国の国立図書館です{09}今日は、どんな本をお探しですか?	
C06061	SSS5/188:278	대사:0D	1	あ、あの　　龍が好きな物を\n調べたいんですけど　　。	
C06062	SSS5/188:29E	대사:0A	1	えっ? りゅ、龍の好きな物ですか{07}ちょっと、待ってくださいね。	
C06063	SSS5/188:2CA	대사:0A	1	えーと、りゅう　　龍、と{09}あっ、これかなぁ　　。	
C06064	SSS5/188:2EB	대사:0D	1	ありましたか!	
C06065	SSS5/188:300	대사:0A	1	えーと、龍は、若い女を\n特に好んで食べる。	
C06066	SSS5/188:327	대사:0D	1	わ、若い女って{0A}何の本なんですか、それ?	
C06067	SSS5/188:346	대사:0A	1	伝説、伝記のたぐいを集めた本です{09}昔から、龍が好むものは{0A}若い女と相場が決まってるようですよ。	
C06068	SSS5/188:387	대사:0D	1	い、いえ、そう言うんじゃなくて{0A}もっと具体的に、とり肉とかブタ肉\nとかキャベツとか　　。	
C06069	SSS5/188:3C1	대사:0A	1	龍を飼ってる人なんて、実際には\nいませんからねぇ。	
C06070	SSS5/188:3E6	대사:0D	1	そうですよね　　。	
C06071	SSS5/188:3F8	대사:0A	1	他にはなにか?	
C06072	SSS5/188:404	대사:0D	1	いえ。結構です{09}お手数をおかけしました。	
C06073	SSS5/188:439	글	1	ここには、秘伝の料理の本が\nあるのよ。{00}	
C06074	SSS5/188:453	글	1	わしは古代の英雄伝を調べております{09}中でも、西洋の伝説で、四人の悪神を\n倒した四人の英雄の話がすごいですぞ。{p}特に最終決戦の場となった空飛ぶ島が\n悪神と共に海中に落ちたとありますが{0A}これが本当なら、地上の人間は{0A}たまったもんじゃないでしょうなぁ。{00}	
C06075	SSS5/188:4FA	글	1	今からしっかり勉強して{0A}将来は、お医者さんに\nなるんだ。{00}	
C06076	SSS5/188:51F	글	1	ここには、兵法の本もじゅうじつ\nしてますからね{09}いい勉強になりますよ。{00}	
C06077	SSS5/188:549	글	1	ここは、笑える本が少なすぎる{09}人間が他の動物と違うのは{0A}笑う事が出来るからだと俺は思って\nいるのだが、まわりには理解されん。{00}	
C06078	SSS5/188:62E	안내:08	1	仙界伝 桃園の章	
C06079	SSS5/188:64F	대사:FD	1	カオスシードの事、これに\nのってるよ!なになに　　	
C06080	SSS5/188:670	대사:FD	1	知恵の実の種には{0A}思いをかなえる力ある。	
C06081	SSS5/188:68E	대사:FE	2	へーっ!	
C06082	SSS5/188:696	대사:FD	1	しかし、その為には大きな代しょうを\n払う事になるだろう。	
C06083	SSS5/188:6BE	대사:FD	1	なんだ、こりゃ?	
C06084	SSS5/188:6CA	대사:FE	1	でも、その可能性があるって\n書いてあるわよ。	
C06085	SSS5/188:6E8	대사:FD	1	ほんとだ!	
C06086	SSS5/188:6F4	대사:FE	1	これ見てよ	
C06087	SSS5/188:701	대사:FD	1	なになに	
C06088	SSS5/188:709	대사:FD	1	「双龍列波」\n手にすると死に至る邪悪な神具。	
C06089	SSS5/188:733	대사:FE	1	双龍列波って{05:00}が使ってた\nあの便利な道具でしょ?	
C06090	SSS5/188:75F	대사:FD	1	この本、デタラメが\n書いてあるぞ!	
C06091	SSS5/188:777	대사:FE	1	ふう、世の中なにを信じていいのか\nわからないわね。	
C06092	SSS5/188:7D6	안내:08	1	黒龍伝説\n「洞天福一桃源郷説一」	
C06093	SSS5/188:808	대사:FE	1	思い出したわ!	
C06094	SSS5/188:818	대사:FD	1	なにを?	
C06095	SSS5/188:823	대사:FE	1	お母さんから聞いた昔話	
C06096	SSS5/188:836	대사:FD	1	桃源郷の話?	
C06097	SSS5/188:844	대사:FE	1	そうよ、昔の洞天福って黒い龍に\nよって滅ぼされたって話だったの。	
C06098	SSS5/188:870	대사:FE	1	この本にも、その話が出てるわ。	
C06099	SSS5/188:886	대사:FE	1	洞天福が滅んだのは4000年も\n前の話なんだって。	
C06100	SSS5/188:8AD	대사:FD	1	ん、この龍の総!	
C06101	SSS5/188:8BB	대사:FE	1	これは、桃源郷を滅ぼした龍とは\n別の龍でしょ?	
C06102	SSS5/188:8E0	대사:FD	1	俺、この龍に襲われたんだよ!	
C06103	SSS5/188:8F8	대사:FE	1	でも、この龍は、1000年も前に\n大暴れしたっていう龍の総よ!	
C06104	SSS5/188:928	대사:FD	1	でも、俺が襲われた龍に\nそっくりなんだ!	
C06105	SSS5/188:943	대사:FE	1	それじゃ、同じ種類なのかしら?	
C06106	SSS5/188:95B	대사:FD	1	あの黒い龍って、いったい\nどうなったんだろう?	
C06107	SSS5/188:980	대사:FE	1	手がかりになりそうな事は\n何も書いてないわね。	
C06108	SSS5/191:100	대사:01	1	侵入者だ!	
C06109	SSS5/191:171	대사:02	1	ここを何処だと、思っているんだ!	
C06110	SSS5/191:1D7	대사:03	1	生きてここから出れると\n思うなよ!	
C06111	SSS5/191:254	대사:04	1	何奴!	
C06112	SSS5/191:298	대사:05	1	俺が守る部屋に入ったのが\n貴様の運の尽きよ!	
C06113	SSS5/191:326	대사:00	1	さて、いくかのう。	
C06114	SSS5/191:362	대사:FC	1	戻られるのか?	
C06115	SSS5/191:389	대사:00	1	それでは、拙者は\nここで、待つとするか。	
C06116	SSS5/191:3CC	대사:FC	1	ここいらで、別行動の方が\n都合がいいでしょうな。	
C06117	SSS5/191:3F1	대사:FD	1	これからどうする?	
C06118	SSS5/191:3FE	대사:00	1	さてさて、目的を果たしたんで\n何も決めてはおらんが　　	
C06119	SSS5/191:427	대사:00	1	まあ、明日になれば、ユカイな\n目的を思い付くであろうな。	
C06120	SSS5/191:453	대사:FD	1	ユカイな目的ねぇ。	
C06121	SSS5/191:462	대사:00	1	{05:00}殿、雷漢殿との勝負\n楽しかったですなぁ。	
C06122	SSS5/191:486	대사:FD	1	別に楽しかないよ!	
C06123	SSS5/191:498	대사:00	1	カハハ、しからば、今日の所は\nここで別れましょう!	
C06124	SSS5/191:4C7	대사:FD	1	洞天兵が多いから気をつけてな。	
C06125	SSS5/191:4EA	대사:00	1	心配無用、ごめん!	
C06126	SSS5/191:504	대사:FD	1	まあ、そうだろうな　　	
C06127	SSS5/191:53A	대사:00	1	おぬし、いつぞや酒場で会った\n道士殿ではござらんか。	
C06128	SSS5/191:56C	대사:FD	1	あんたは、たしか捜神。	
C06129	SSS5/191:57D	대사:00	1	おぬし、こんなとこ所で\n何をしている?	
C06130	SSS5/191:596	대사:FD	1	あんたこそ!	
C06131	SSS5/191:5A2	대사:00	1	道士殿、すごい剣気を出しておるぞ{08}どうやら、ただの用事ではあるまい。	
C06132	SSS5/191:5D9	대사:00	1	実はな、拙者、将軍殿と勝負をしようと\n思いここに忍び込んだのよ。	
C06133	SSS5/191:608	대사:FD	1	勝負!?{03:02}あの雷漢と　　	
C06134	SSS5/191:622	대사:00	1	しかし、さすが洞天軍の拠点だけあって\n雑魚の数が多いこと多いこと、うんざり\nしておった所じゃ。	
C06135	SSS5/191:663	대사:00	1	どうじゃ?おぬしさえよければ{0A}共同戦線を張らぬか?	
C06136	SSS5/191:685	대사:FD	1	共同戦線　　	
C06137	SSS5/191:695	대사:00	1	見た所、道士殿の目的も雷漢殿であろう?	
C06138	SSS5/191:6B6	대사:FD	1	どうして、俺の目的が将軍だと　　	
C06139	SSS5/191:6D6	대사:00	1	なぁに、ただの勘よ。	
C06140	SSS5/191:6E5	대사:00	1	雷漢の周りの精鋭は、道士殿に\nまかせる!	
C06141	SSS5/191:710	대사:FD	1	なに言ってるんだ!	
C06142	SSS5/191:71E	대사:FD	1	雷漢を倒すのは、俺だ!	
C06143	SSS5/191:738	대사:00	1	しからば、共同戦線成立だな。	
C06144	SSS5/191:753	대사:00	1	お互い足を引っ張る事は\nしない様にせんとな。	
C06145	SSS5/191:77C	대사:FD	1	わかった、今回だけだぜ!	
C06146	SSS5/192:BF	대사:01	1	この部屋に入った部外者は\n即座に排除する決まりに\nなっている! 覚悟!	
C06147	SSS5/192:124	대사:02	1	ほほう、ここまで来るとは　　\n敵ながらなかなかやるな!	
C06148	SSS5/192:18C	대사:03	1	侵入者を捕らえるのだ!	
C06149	SSS5/192:212	대사:FC	1	{05:00}{08}大丈夫だった!?	
C06150	SSS5/192:224	대사:FD	1	ああ、大丈夫だよ。	
C06151	SSS5/192:234	대사:FC	1	よかった　　本当に　　。	
C06152	SSS5/193:E8	대사:0E	1	その身のこなし、貴様だだの\n盗賊では無いな。	
C06153	SSS5/193:1F6	대사:FC	1	目的の物を取らないで\n帰るのか?	
C06154	SSS5/193:227	대사:0F	1	曲者!	
C06155	SSS5/193:260	대사:00	1	ほう、すさまじい剣気だ?	
C06156	SSS5/193:272	대사:00	1	名を名乗られよ。	
C06157	SSS5/193:284	대사:FC	1	拙者、捜神死郎!	
C06158	SSS5/193:2B5	대사:00	1	貴様洞仙か!	
C06159	SSS5/193:2C5	대사:FC	2	洞仙?	
C06160	SSS5/193:2D0	대사:00	1	この間とは、別人の様な\n剣気を出しおる　　	
C06161	SSS5/193:2F4	대사:00	1	さては、カオスシードに\n魅入られたか!	
C06162	SSS5/193:318	대사:0F	2	雷漢殿!	
C06163	SSS5/193:323	대사:0F	1	捜神といえば、東国から引き渡しの\n要求が来ている人切り。	
C06164	SSS5/193:355	대사:FC	1	やはり、拙者も、おたずね者じゃったか{08}おたずね者二人で、丁度いいでござるな。	
C06165	SSS5/193:38A	대사:00	1	とぼけた男だ。	
C06166	SSS5/193:39D	대사:00	1	わかっておろうな洞仙{0A}今日は、容赦しないぞ　　	
C06167	SSS5/193:47F	대사:FC	1	カッカッ、これで、逃げられぬ\nというわけか。	
C06168	SSS5/193:572	대사:FC	1	シノビ!	
C06169	SSS5/193:57E	대사:FD	1	カオスシード返してもらおうぜ!	
C06170	SSS5/193:593	검증필요	1	ゴW{p}メぱゾぱゼね{p}いるヘ{00}	
C06171	SSS5/193:5B2	대사:FD	1	これで、{05:02}を助ける\n事が出来るぞ!	
C06172	SSS5/193:5D9	대사:FC	1	ほう、この男、剣気が\n失せたわ!	
C06173	SSS5/193:5F6	대사:FD	1	さて、用がすんだら長居は無用\n戻ろうか!	
C06174	SSS5/193:641	대사:FD	1	今度は、俺の勝ちだな。	
C06175	SSS5/193:654	대사:00	1	貴様の実力ではないわ{08}助っ人が強かっただけじゃ。	
C06176	SSS5/193:677	대사:FD	1	なんとでも言え。	
C06177	SSS5/193:684	대사:FD	1	じゃあカオスシードは\n返してもらうぜ!	
C06178	SSS5/193:6A2	대사:FC	1	雷漢殿、今度は1対1で{0A}勝負をしたいですなぁ。{00}	
C06179	SSS5/202:DB	안내:07	1	　　そ、そんな　　どうして?	
C06180	SSS5/202:107	안내:0B	2	翌日。	
C06181	SSS5/206:25F	안내:02	3	扉は封印されています。	
C06182	SSS5/206:27B	글	1	解封呪を使う\n使わない!	
C06183	SSS5/206:2A9	대사:FD	2	だめだ!	
C06184	SSS5/206:2B1	대사:FD	2	まだ俺には　　{05:02}に\n会う勇気は出ない　　	
C06185	SSS5/206:2D3	대사:FD	1	だけど　　、こんな気持ちのままじゃ\n永久に扉を開く事が出来ないよ。{00}	
C06186	SSS5/206:30D	대사:FD	1	龍穴炉に陽気を満たさなきゃ\n解封呪は、使えないんだよね。{00}	
C06187	SSS5/206:352	대사:FD	1	封印の扉か。	
C06188	SSS5/206:35F	대사:FD	1	こりゃあ、解封呪を使わないと\n開かないな。	
C06189	SSS5/206:37D	대사:FE	1	解封呪?	
C06190	SSS5/206:388	대사:FD	1	龍穴炉にエネルギーを満たすと\n使える、とっておきの術さ。{00}	
C06191	SSS5/206:3C0	대사:FD	1	　　封印されてる。	
C06192	SSS5/206:3D5	대사:FC	1	どうすれば開くの?	
C06193	SSS5/206:3E9	대사:FD	1	封印をとく道具が必要みたいだな?	
C06194	SSS5/206:403	대사:FE	1	もうひとつの階段部屋なんか\n怪しくない?	
C06195	SSS5/206:420	대사:FD	1	　　邪精がいた部屋に、開け忘れた\n宝箱が、在ったような気がする。	
C06196	SSS5/206:453	대사:FE	1	きっとそれよ!	
C06197	SSS5/206:482	대사:FE	1	これは、なに?	
C06198	SSS5/206:493	대사:FD	1	形からすると、何かを封じてる\n物みたいだけど　　	
C06199	SSS5/206:4B5	대사:FE	1	封印?	
C06200	SSS5/206:4C0	대사:FE	1	じゃあ、前にひろった開封の宝珠を\n使うんじゃないの?	
C06201	SSS5/206:4EA	대사:FD	1	よし、使ってみるか!	
C06202	SSS5/206:538	대사:FE	1	やったぁ♡開いたわよ!	
C06203	SSS5/206:54C	대사:FD	1	ホントだ!開いた。	
C06204	SSS5/206:572	대사:FD	1	いやな風が吹いてくる。	
C06205	SSS5/206:593	대사:FD	1	わかんないけど　　	
C06206	SSS5/206:5A8	대사:FD	1	ここの大地が、蘇らないってのと\n関係が、あるのかもしれない。	
C06207	SSS5/206:5D2	대사:FE	1	この奥に　　	
C06208	SSS5/206:A35	검증필요	1	びいるチ{p}{00}	
C06209	SSS5/213:6E	대사:FD	1	かなり大きな遺跡だな。	
C06210	SSS5/213:80	대사:FD	1	街の下に、こんな物が\n埋もれてるなんて。	
C06211	SSS5/213:D7	대사:FE	1	もしかして、ここって\nどうてんふく?	
C06212	SSS5/213:F3	대사:FD	1	洞天福ってこの上の国の名前だろ。	
C06213	SSS5/213:114	대사:FE	1	{05:00}、もともと洞天福って\nどんな意味か知ってる?	
C06214	SSS5/213:160	대사:FD	3	さあ	
C06215	SSS5/213:166	대사:FE	1	洞天福って、全ての人が自由に平等に\n暮らせる理想境「桃源郷」って意味\nなんだって。	
C06216	SSS5/213:1AA	대사:FD	1	理想境か　　	
C06217	SSS5/213:1C1	대사:FE	1	その、桃源郷「洞天福」が街の下に\n埋まっているんだって。	
C06218	SSS5/213:1F3	대사:FE	1	子供の頃、お母さんから聞いた\n昔話だけどね。	
C06219	SSS5/213:21F	대사:FD	1	昔話は、本当の事\nだったって訳か。	
C06220	SSS5/213:240	대사:FD	1	で、どんな話だったの?	
C06221	SSS5/213:25C	대사:FE	1	実は、ぜんぜん覚えて\n無いのよね。	
C06222	SSS5/213:2A1	대사:FD	1	子供の時の話じゃ\n仕方が無いか　　	
C06223	SSS5/213:2C2	대사:FD	1	ま、それにしても理想境だとしたら{0A}ずいぶんと、ばっちい理想境だな。	
C06224	SSS5/213:2F0	대사:FE	1	長い間、埋まっていたんだ\nからしょうがないよ。	
C06225	SSS5/213:315	대사:FC	1	グウウゥゥ	
C06226	SSS5/213:32F	대사:FD	2	どうしたんだ?	
C06227	SSS5/213:346	대사:FE	1	誰かいるみたい?	
C06228	SSS5/213:356	대사:FD	1	ここは、さっきまで封印されていた\n場所だろ?	
C06229	SSS5/213:374	대사:FE	1	でも、{05:02}が　　	
C06230	SSS5/213:39A	대사:FD	1	確かに何かの気配がする。	
C06231	SSS5/213:3E3	대사:FC	1	ゥゥゥ	
C06232	SSS5/213:3FA	대사:FC	1	ガァァァ	
C06233	SSS5/213:42B	대사:FD	1	いったいどうしたんだ!?	
C06234	SSS5/213:449	대사:FC	1	ガァ	
C06235	SSS5/213:44F	대사:FE	1	だいじょうぶみたいね。	
C06236	SSS5/213:46A	대사:FD	1	今の反応は、いったい　　	
C06237	SSS5/213:4B2	안내:01	1	この　　すすんでは　いけ　	
C06238	SSS5/213:4F3	대사:FE	1	い、今の誰!?	
C06239	SSS5/213:522	대사:FC	1	これは、なんなの!?	
C06240	SSS5/213:6C5	대사:FD	1	心配かけてごめん　　	
C06241	SSS5/213:6DA	대사:FE	1	{05:00}が無事なら\nいいの。	
C06242	SSS5/213:6FB	대사:FD	1	それより	
C06243	SSS5/213:703	대사:FD	1	飛ばされた先で、面白い物\n見つけたんだ!	
C06244	SSS5/213:75F	대사:FE	1	これって?	
C06245	SSS5/213:768	대사:FD	1	神仙の国に生えてる、知恵の実の種さ。	
C06246	SSS5/213:786	대사:FD	1	西国の奴等は、カオスシードって\n呼ぶんだ。	
C06247	SSS5/213:7B5	대사:FE	1	何か神秘的な名前ねえ。	
C06248	SSS5/213:7CD	대사:FE	1	でも、知恵の実って\n食べ物なの?	
C06249	SSS5/213:7F5	대사:FD	1	知恵の実は、食べ物だけど、これは\n種だから食べれないよ。	
C06250	SSS5/213:81C	대사:FD	1	効果があるのは、実の方さ!	
C06251	SSS5/213:834	대사:FE	1	どんな効果があるの?	
C06252	SSS5/213:85A	대사:FD	1	知恵無き物に知恵を生じさせ!	
C06253	SSS5/213:8B1	대사:FD	1	知恵ある者には神通力を!	
C06254	SSS5/213:8CA	대사:FD	1	食べればたちまち不老不死って\n何でもありの果物さ!	
C06255	SSS5/213:8F4	대사:FE	1	すごい♡	
C06256	SSS5/213:900	대사:FE	1	じゃあ、種を植えれば\nその実がどっさり。	
C06257	SSS5/213:927	대사:FD	1	残念ながら、人間界じゃ芽は\n出ないしらしいんだ。	
C06258	SSS5/213:94A	대사:FE	1	なーんだ、残念ね。	
C06259	SSS5/213:959	대사:FD	1	それに、たとえ、芽が出たとしても\n実がつくのは三千年後さ。	
C06260	SSS5/213:984	대사:FE	1	それじゃあ、私達が持っていても\n役に立たない代物じゃない?	
C06261	SSS5/213:9AF	대사:FD	1	そういやそうだね。	
C06262	SSS5/213:9EB	대사:FD	1	まあ、喜ぶのは老師ぐらいか。	
C06263	SSS5/213:A09	대사:FC	6	ガウガウ!	
C06264	SSS5/213:A21	대사:FD	1	どうしたんだよ	
C06265	SSS5/213:A43	대사:FE	1	その種を食べたがってるみたい?	
C06266	SSS5/213:A70	대사:FC	1	ガゥガゥー	
C06267	SSS5/213:A79	대사:FE	1	食べたいの?	
C06268	SSS5/213:A84	대사:FC	1	ハゥハゥ	
C06269	SSS5/213:A8C	대사:FD	1	なんか、ホントに食べたい\nみたいだな?	
C06270	SSS5/213:AAB	대사:FD	1	どうせ俺が持っていても{0A}使い道ないし　　	
C06271	SSS5/213:AC9	대사:FD	1	そんなに、たべたいなら{0A}あげても問題ないよな。	
C06272	SSS5/213:AF3	글	1	カオスシードをあげる{09}カオスシードをあげない。	
C06273	SSS5/213:B26	대사:FD	1	あっ!食べちまいやがった!	
C06274	SSS5/213:B3B	대사:FE	1	　　御行儀悪いわね!	
C06275	SSS5/213:B5D	대사:FD	4	ほら	
C06276	SSS5/213:B6E	대사:FE	1	そんな種なんか食べて{0A}おなか壊さないかしら?	
C06277	SSS5/213:BA1	대사:FC	2	ガウガウ	
C06278	SSS5/213:BA9	대사:FD	1	平気みたいだよ。	
C06279	SSS5/213:BB7	대사:FE	1	{05:02}って変な物ばっかり\n食べるのね。	
C06280	SSS5/213:BD6	대사:FD	1	仙丹や陽気の結晶は{0A}変な物じゃないよ!	
C06281	SSS5/213:C08	대사:FD	1	ま、俺は食べないけどね。	
C06282	SSS5/213:C26	대사:FC	2	ウウ	
C06283	SSS5/213:C56	대사:FD	1	なんか、へそ曲げちゃった\nみたいだな。	
C06284	SSS5/213:C6E	대사:FE	1	いらないのなら、あげれば?	
C06285	SSS5/213:C82	대사:FD	1	やたらに物を食べさせると\n危ないからね。	
C06286	SSS5/213:CA0	대사:FE	1	そういえば、そうよね。	
C06287	SSS5/213:CB8	대사:FD	1	ほら、機嫌直せよ!	
C06288	SSS5/213:CEB	대사:FD	1	さて、先に進もうか!	
C06289	SSS5/213:D06	대사:FE	1	でも、今みたいな事が\nこの先あるなら　　	
C06290	SSS5/213:D23	대사:FE	1	私　　	
C06291	SSS5/213:D33	대사:FD	3	大丈夫だって!	
C06292	SSS5/213:D41	대사:FD	1	今だって、ちゃんと戻って\n来ただろ?	
C06293	SSS5/213:D5A	대사:FE	1	だけど　　	
C06294	SSS5/213:D68	대사:FD	1	とにかく、行ってみるしか\nないよ。	
C06295	SSS5/213:D81	대사:FE	1	そうね、{03:01}そうよね。	
C06296	SSS5/214:67	검증필요	1	ゾお{0A}ぴマ	
C06297	SSS5/214:202	안내:01	1	危　　そこ　　ら離れ　　	
C06298	SSS5/214:23C	대사:FD	3	だ、誰だ!?	
C06299	SSS5/214:33B	대사:FD	1	ま、まただ!	
C06300	SSS5/214:43B	대사:FD	1	戻って来た　　。	
C06301	SSS5/214:491	대사:00	1	危ない所でしたね。	
C06302	SSS5/214:4AC	대사:FD	1	そ、その声!	
C06303	SSS5/214:4B7	대사:FD	1	今まで、ずっと話し掛けて\nいたのは、お前だな!	
C06304	SSS5/214:4DD	대사:00	1	私は、王蒼幻と申します。	
C06305	SSS5/214:4F2	대사:FD	1	王蒼幻　　。	
C06306	SSS5/214:504	대사:00	1	陽気に乱れを感じ、この地に\nやってきました。	
C06307	SSS5/214:526	대사:FD	1	すると、このおかしな現象の原因を\n知っているのか?	
C06308	SSS5/214:54E	대사:FE	1	さっきの、邪精だらけの街は?	
C06309	SSS5/214:563	대사:00	1	先程の街は、あの人たちにとっては\n邪精には見えないのです。	
C06310	SSS5/214:591	대사:FD	1	どういう意味だ?	
C06311	SSS5/214:5A2	대사:00	1	空間がゆがみ始めているのです。	
C06312	SSS5/214:5B8	대사:00	1	あの邪精たちも、あの街の人の目には\nいつもと変わらない、友人に見えるの\nです。	
C06313	SSS5/214:5EF	대사:FE	1	そ、そんな事が　　。	
C06314	SSS5/214:600	대사:00	1	こんな事は、まだ序の口です{09}空間の歪みは、さらに増大して\nいます。	
C06315	SSS5/214:62D	대사:00	1	そして、それは時空間にまで\n影響を及ぼすでしょう。	
C06316	SSS5/214:650	대사:FD	1	時空間　　。	
C06317	SSS5/214:65F	대사:00	1	これが歪むと、過去と現在と未来が\nめちゃくちゃになります。	
C06318	SSS5/214:68A	대사:FE	1	信じられない。	
C06319	SSS5/214:69C	대사:FD	1	　　だけど、一体どうして\nそんな事が起き始めたんだ?	
C06320	SSS5/214:6C1	대사:00	1	理由は、わかりません。	
C06321	SSS5/214:6D6	대사:FC	1	ギャゥ!?	
C06322	SSS5/214:6E2	대사:00	1	その龍　　	
C06323	SSS5/214:6F7	대사:FE	1	{05:02}が、どうかして?	
C06324	SSS5/214:708	대사:00	1	その龍からは、異世界の\n波動を感じます。	
C06325	SSS5/214:731	대사:FD	1	異世界の波動!?	
C06326	SSS5/214:75F	대사:FD	1	なんだそれ?	
C06327	SSS5/214:773	대사:00	1	もしかしたら、その龍は、別世界から\n来た物かも、と、言う事ですよ。	
C06328	SSS5/214:7A3	대사:FE	1	もし、{05:02}が別世界から\n来たんだったら?	
C06329	SSS5/214:7BF	대사:00	1	この異変に、関係があるのかも\nしれません。	
C06330	SSS5/214:7E5	대사:FD	2	{05:02}が!?	
C06331	SSS5/214:7F8	대사:FD	1	何言ってんだ、そんな事\nあるわけないじゃん!	
C06332	SSS5/214:818	대사:00	1	信じていませんね。	
C06333	SSS5/214:826	대사:FD	1	当たり前だろ?	
C06334	SSS5/214:836	대사:00	1	とにかく、その龍を、それ以上\n育ててはなりません。	
C06335	SSS5/214:85D	대사:FE	1	育てるなって　　	
C06336	SSS5/214:86F	대사:FE	1	それじゃ、{05:02}を\n殺せって言うの!?	
C06337	SSS5/214:887	대사:00	1	　　そうです。	
C06338	SSS5/214:8A0	대사:FE	1	この子は、私の命の恩人だし{0A}今では、もう家族の一員よ!	
C06339	SSS5/214:8CC	대사:00	1	おそらく騒動の原因は{0A}その龍にあります。	
C06340	SSS5/214:8EC	대사:00	1	生き物が、生きるには、何かしらを\nエサにしなければ、なりません。	
C06341	SSS5/214:917	대사:00	1	あなた方の仙獣は、ちいさな陽気を\nエサにしている様ですが	
C06342	SSS5/214:93D	대사:00	1	その龍は、違いますよ。	
C06343	SSS5/214:958	대사:FD	1	考え過ぎだろ?	
C06344	SSS5/214:96B	대사:00	1	　　確かに、私の考えが\n絶対だとは言いません{09}ですが――	
C06345	SSS5/214:999	대사:FD	1	――わかった。	
C06346	SSS5/214:9A9	대사:FE	1	{05:00}。	
C06347	SSS5/214:9DD	대사:FD	1	あんたの言いたい事が\nよくわかった。	
C06348	SSS5/214:9F8	대사:FD	1	だけど、これは俺達の問題だよ。	
C06349	SSS5/214:A0F	대사:FD	1	{05:02}をどうするかは{0A}俺達で考える。	
C06350	SSS5/214:A2E	대사:00	1	あなた方だけの問題では\nありません。	
C06351	SSS5/214:A47	대사:00	1	あなたは、先ほどの事を\nもう、お忘れになったんですか?	
C06352	SSS5/214:A6C	대사:FD	1	{05:02}とは、関係無いと\n思うけど　　	
C06353	SSS5/214:A8A	대사:00	1	いいでしょう。	
C06354	SSS5/214:A95	대사:00	1	あなたがそこまで言うのなら\nもうしばらく様子を見る事に\nします。	
C06355	SSS5/214:AC1	대사:FE	1	わかってくれたのね。	
C06356	SSS5/214:ACF	대사:00	1	言葉の責任をとっていただく\nだけですよ。	
C06357	SSS5/214:AEE	대사:00	1	もう一度警告します。その龍を\n育てるなら、その先は――	
C06358	SSS5/214:B14	대사:FD	1	――先は?	
C06359	SSS5/214:B1E	대사:00	1	破滅です。	
C06360	SSS5/214:B79	대사:FD	1	やくそく{03:01}　{03:01}　	
C06361	SSS5/214:B8E	대사:FE	1	そんなわけないよね。	
C06362	SSS5/214:B9F	대사:FD	1	大丈夫さ!	
C06363	SSS5/214:BB5	대사:FC	2	ギャウ?	
C06364	SSS5/214:BF8	대사:00	1	その光は　　あなた方、種を\n見つけたのですか!?	
C06365	SSS5/214:C26	대사:FD	1	光!?{03:02}カオスシードの事か?	
C06366	SSS5/214:C3F	대사:00	1	驚きです、共鳴している様ですね。	
C06367	SSS5/214:C5A	대사:FD	1	俺とカオスシードがか?	
C06368	SSS5/214:C7E	대사:FE	1	共鳴ってどういう事?	
C06369	SSS5/214:C95	대사:00	1	あなたなら、カオスシードを復活\nさせる事が、出来ると言う事です。	
C06370	SSS5/214:CC4	대사:FE	1	復活って!?	
C06371	SSS5/214:CD0	대사:00	1	カオスシードは、神仙界から人間界に\n落ちてくる時に、貯えられた養分を\n全て無くしているのです。	
C06372	SSS5/214:D14	대사:FD	1	だから、効力が無いって事だよな。	
C06373	SSS5/214:D38	대사:00	1	しかし、無くした物を補う事が{0A}出来れば、どうでしょうか?	
C06374	SSS5/214:D61	대사:FD	1	そんな事が、出来るのか?	
C06375	SSS5/214:D74	대사:00	1	あなたなら。	
C06376	SSS5/214:D7E	대사:FD	1	補うって、何をすればいいんだ!	
C06377	SSS5/214:D96	대사:00	1	私にもわかりませんよ。	
C06378	SSS5/214:DAA	대사:00	1	フフ、カオスシードと龍ですか　　\n面白い組み合わせですね。	
C06379	SSS5/214:DD3	대사:00	1	助けたかいが、ありましたよ。	
C06380	SSS5/214:DF1	대사:00	1	龍の事は、一時貴方に任せましょう。	
C06381	SSS5/214:E0D	대사:00	1	いずれまた　　	
C06382	SSS5/214:E4B	대사:FD	1	あいつ、見た目は子供だったけど\nとてつもない力を持ってた。	
C06383	SSS5/214:E84	대사:FE	1	変な街に、飛ばされたのって、本当に\n{05:02}のせいなのかしら?	
C06384	SSS5/214:EAD	대사:FD	1	さーね、俺は、枯れた龍脈の\n影響だと思うけど。	
C06385	SSS5/214:ECF	대사:FD	1	それにもし、それが本当の事でも\n俺が、なんとかしてみせるよ!	
C06386	SSS5/214:EF8	대사:FE	3	そうよね。	
C06387	SSS5/214:FAA	검증필요	1	せ{p}ゾいるェ{00}	
C06388	SSS5/214:FD3	대사:FD	1	むっ! ここから、龍穴炉へ\n戻れそうだぞ。	
C06389	SSS5/214:FF4	글	1	龍穴炉へ戻る\nやめる	
C06390	SSS5/214:106D	안내:07	2	{05:00}は倒れた{09} \nその後、{05:01}と{05:02}の\n \n行方を知る者は誰もいない　　。	
C06391	SSS5/216:132	대사:FD	1	古い遺跡みたいだ。	
C06392	SSS5/216:142	대사:FE	1	不気味なところね。	
C06393	SSS5/216:157	대사:FD	1	邪精に気をつけて奥に進もう。	
C06394	SSS5/217:70	검증필요	1	お{0A}Qとす{00}	
C06395	SSS5/219:115	대사:FD	1	あれ? ここは、上りの\n階段部屋だな。	
C06396	SSS5/219:135	대사:FC	1	どうして、階段部屋が二つあるの?	
C06397	SSS5/219:14E	대사:FD	1	さぁ　　でも、めずらしいな。	
C06398	SSS5/219:162	대사:FC	1	この階段の先はどこに\nつながってるのかしら?	
C06399	SSS5/219:17F	대사:FD	1	仙窟のどこかだろう{09}おそらく、次に階段部屋が\n現れれば、ここにつながると\n思うな。	
C06400	SSS5/219:1B5	대사:FC	1	まだつながってないの?	
C06401	SSS5/219:1C4	대사:FD	1	ああ。ここはまだ行き止まりだよ。	
C06402	SSS5/219:1E2	대사:FD	1	やっぱり、さっきの階段部屋に\n出たな。	
C06403	SSS5/219:202	대사:FC	1	本当だわ。	
C06404	SSS5/219:211	대사:FD	1	あれ、この部屋の感じ　　前回の\n階段部屋と似てるな。	
C06405	SSS5/219:24A	대사:FD	1	もしかしたら、この洞窟は\n他の階段部屋とつながってる\nかもしれないぞ。	
C06406	SSS5/219:2C1	대사:FC	1	がう! がう!	
C06407	SSS5/219:2DC	대사:FC	1	どこに行くのよ{08}待って!	
C06408	SSS5/219:2F8	대사:FD	1	一人で動くのは\n危険だ!	
C06409	SSS5/219:330	대사:FC	1	この階段は、まだつながって\nないんじゃなかったっけ?	
C06410	SSS5/219:350	대사:FD	1	ああ、そうだった。	
C06411	SSS5/219:37D	영문	1	?{00}	
C06412	SSS5/219:383	글	1	』{00}	
C06413	SSS5/219:3A9	대사:00	1	このあたりに洞仙がいるに\n違いない!	
C06414	SSS5/219:3D0	대사:00	1	なんだぁ? この龍は?	
C06415	SSS5/219:3E0	대사:01	1	将軍。さがって下さい{09}危険かもしれません。	
C06416	SSS5/219:3FE	대사:00	1	がはははっ! 心配無用だ{08}こんなちいさな龍など{0A}わしがけちらしてくれるわ!	
C06417	SSS5/219:42C	대사:04	1	が　　がぅぅぅぅふぅ。	
C06418	SSS5/219:464	대사:FD	1	いたか?	
C06419	SSS5/219:46C	대사:05	1	いないわ。後は、調べてないのは{0A}この上の階段部屋だけだけど　　。	
C06420	SSS5/219:4A0	글	1	うわぁーーー!!!!	
C06421	SSS5/219:4B6	대사:FD	1	階段部屋からだ!	
C06422	SSS5/219:506	대사:00	1	うっ、うぁうわーー!!	
C06423	SSS5/219:524	대사:06	1	大丈夫だった!?	
C06424	SSS5/219:53D	대사:06	1	よかったー{09}もう、一人で歩いちゃダメよ!	
C06425	SSS5/219:559	대사:04	2	がぅー。	
C06426	SSS5/219:563	대사:FD	1	今のは、雷淹将軍だ{09}　　勇猛でならしたあの将軍が\nあそこまで脅えていたなんて。	
C06427	SSS5/219:59A	대사:FD	1	　　この龍。	
C06428	SSS5/219:5AE	대사:06	1	　　どうしたの? 恐い顔して。	
C06429	SSS5/219:5C8	대사:FD	1	えっ!? いや、なんでもない{09}　　それより、街に行かないか?	
C06430	SSS5/219:5EE	대사:06	1	ホント{08}　　でも、どうして急に?	
C06431	SSS5/219:605	대사:FD	1	うん　　まぁ気分転換　　かな{09}行きたくない?	
C06432	SSS5/219:628	대사:06	1	行きたい!	
C06433	SSS5/219:632	대사:FD	1	よし。それじゃ決まりだ!	
C06434	SSS5/219:643	대사:06	1	うわー!	
C06435	SSS5/219:655	대사:04	1	がう!! がう!! がう!!	
C06436	SSS5/219:66D	대사:06	1	ど、どうしたのよ{09}そんな、恐い声出して　　。	
C06437	SSS5/219:694	대사:06	1	もう、変な子ね。	
C06438	SSS5/219:6A5	대사:FD	1	　　とにかく、行こうか。	
C06439	SSS5/220:67	대사:01	1	なんか、変な場所にまよい\nこんじゃったなぁ　　。	
C06440	SSS5/220:88	대사:01	1	やっぱり、近道なんてしないで\nいつもの道を通ればよかった　　。	
C06441	SSS5/220:C5	대사:01	1	きゃ{08}な、なんなのあれ!?	
C06442	SSS5/220:D9	대사:01	1	と、とにかく、逃げよう。	
C06443	SSS5/220:145	대사:01	1	えっ、えっ、えっ!	
C06444	SSS5/220:193	대사:01	1	えっ!? た、たまご?	
C06445	SSS5/220:1CE	대사:01	1	り、龍!?	
C06446	SSS5/220:1D8	대사:02	2	ガウ!	
C06447	SSS5/220:209	대사:02	1	ガゥゥ!	
C06448	SSS5/220:223	대사:02	1	ガァァウゥゥ!	
C06449	SSS5/220:242	대사:02	1	ガァ!	
C06450	SSS5/220:2BD	대사:01	1	な、なによ{08}みんなを追い払って{0A}一人で私を食べようってつもり!	
C06451	SSS5/220:2E9	대사:02	3	がぅ　　。	
C06452	SSS5/220:2F4	대사:01	1	わ、私なんて食べてもおいしく\nないわよ{08}やせてるし、胸だってないし　　。	
C06453	SSS5/220:321	대사:02	1	がぅがぅ。	
C06454	SSS5/220:33D	대사:01	1	な、なんなの{07}私を食べる気じゃないの?	
C06455	SSS5/220:36D	대사:01	1	ひょ、ひょっとして{0A}私を助けてくれたの?	
C06456	SSS5/220:387	대사:02	1	がぅん!	
C06457	SSS5/220:38F	대사:01	1	　　ありがとう{09}私は、{05:01}。	
C06458	SSS5/220:3A7	대사:01	1	あなたは　　って話せるわけないか。	
C06459	SSS5/220:3CD	대사:01	1	あなたの名前は、そうねぇ――	
C06460	SSS5/220:423	대사:01	1	うん。あなたの名前は{0A}{05:02}にしましょう。	
C06461	SSS5/220:447	대사:01	1	気に入った?でも、不思議ねぇ{09}あなた言葉がわかるみたい　　。	
C06462	SSS5/220:472	대사:02	1	　　。	
C06463	SSS5/220:47E	대사:01	1	とにかく、私のウチに行きましょう{09}今夜は、ごちそうを作るから!	
C06464	SSS5/223:13	검증필요	1	れろ{p}ろゅ{p}ゾ{00}	
C06465	SSS5/225:31F	대사:FD	1	こいつら、いつの間に生えて\n来やがったんだ!	
C06466	SSS5/225:360	대사:FD	1	扉の封印が消えた　　のか?	
C06467	SSS5/225:377	대사:FD	1	でも、龍穴炉がおかしくなった\n原因は、今の奴等じゃないな。	
C06468	SSS5/225:3CD	대사:FD	1	この奥か?	
C06469	SSS5/225:40B	글	1	■	
C06470	SSS5/225:472	대사:1C	1	さて、酒も飲んだし、そろそろ\n洞仙をたいじに行くか!	
C06471	SSS5/225:495	대사:12	1	あら、明紅さん、もう\nお出かけですか?	
C06472	SSS5/225:4AF	대사:1C	1	ちょっと、野暮用でね。	
C06473	SSS5/225:5AB	대사:F9	1	ふん、ちんけな仙窟だね!	
C06474	SSS5/225:5CB	대사:F9	1	どんな、洞仙にだって負けや\nしないわよ。	
C06475	SSS5/225:5EB	검증필요	1	サシけ{p}ご{00}	
C06476	SSS5/225:603	대사:F9	1	こんなところで　　やられやしない　　	
C06477	SSS5/225:6C1	대사:00	1	ふふん、こんな、穴蔵深くに隠れてる\nなんて、なかなかずるがしこい洞仙ね。	
C06478	SSS5/225:6EF	대사:00	1	探すのに時間がかかちゃったわよ!	
C06479	SSS5/225:73A	대사:FD	1	俺は用事があって、ここに来たんだ{09}別に隠れてる訳じゃない。	
C06480	SSS5/225:762	대사:00	1	言い訳は、よくないわね。	
C06481	SSS5/225:779	대사:00	1	洞仙っていえば、龍穴炉に\nいるもんでしょ。	
C06482	SSS5/225:79A	대사:FD	1	大きなお世話だい!	
C06483	SSS5/225:7AA	대사:00	1	あなたの技と、私の玄華拳\nどっちか上か勝負よ!	
C06484	SSS5/225:7FD	대사:FD	1	ち、{03:02}ちょっと、待てよ。	
C06485	SSS5/225:847	검증필요	1	ちQ!衰ンァゴ{00}	
C06486	SSS5/225:896	대사:FD	1	これで、どっちの技が上か\nはっきりしただろ。	
C06487	SSS5/225:8B2	대사:00	1	ちくしょう{03:01}　{03:01}　{03:01}	
C06488	SSS5/225:8FA	대사:FD	1	おい、大丈夫か?	
C06489	SSS5/225:917	대사:00	1	洞仙の情けは、受けないわ　　	
C06490	SSS5/225:943	대사:FD	1	そんなに洞仙に、恨みがあるのかい?	
C06491	SSS5/225:95E	대사:00	1	父の仇よ!	
C06492	SSS5/225:96B	대사:FD	2	　{03:01}　{03:01}　{03:01}　{03:01}	
C06493	SSS5/225:984	대사:FD	1	そうか洞仙は、お父さんの仇か　　\nでも、君の技は、始めて見る動きだ。	
C06494	SSS5/225:9B5	대사:00	1	だから{03:01}　{03:01}　{03:01}あなたは父の仇では無いと	
C06495	SSS5/225:9D5	대사:FD	1	そうだと思う。	
C06496	SSS5/225:9E7	대사:00	1	私の目的は綜ての洞仙を、この世から\nたたき出す事よ!	
C06497	SSS5/225:A1A	대사:FD	1	そんな、ムチャクチャな。	
C06498	SSS5/225:A30	대사:00	1	今日は、私の負け{09}でも、次は負けない。	
C06499	SSS5/225:A63	대사:00	1	私の名は、公明紅	
C06500	SSS5/225:A87	대사:00	1	{05:00}ね、覚えておくわ!	
C06501	SSS5/225:AC3	대사:FD	1	復讐に生きる拳士か　　	
C06502	SSS5/225:AE7	대사:FD	1	龍穴炉の逆流の原因を探してる\n途中だったんだっけ!	
C06503	SSS5/225:B0E	대사:FD	1	はやく、探さなきゃ!	
C06504	SSS5/225:B1D	대사:FC	1	がうぅ!	
C06505	SSS5/225:D71	대사:FD	1	これは、封印の扉を開ける\n開封の宝珠だ!{00}	
C06506	SSS5/225:DE1	대사:FD	1	すごい、エネルギーだ!	
C06507	SSS5/225:E36	대사:FD	1	さてはこいつらが、龍脈の流れを\n止めてたのか!	
C06508	SSS5/225:EB2	대사:FD	1	邪精を呼び出し\nやがったか!	
C06509	SSS5/225:F3E	대사:FD	1	これで、龍穴炉に陽気を\n入れられるハズだ!	
C06510	SSS5/226:6C	대사:FD	1	あ、ああ　　。	
C06511	SSS5/226:79	대사:00	1	ここには花が咲くのよ{09}外は誰も住めない世界に\nなったのに　　。	
C06512	SSS5/226:C4	대사:FD	1	あ、ああ。	
C06513	SSS5/226:E8	대사:FD	1	えっ? いや、俺は　　。	
C06514	SSS5/226:FB	대사:00	1	だって、地上の人なら、みんな\n知ってるはずよ{09}あの事を知らないのは、地上に\n住んでいなかった人だけだって。	
C06515	SSS5/226:169	대사:00	1	お兄ちゃん　　やっぱり\n天空の人だったんだ!	
C06516	SSS5/235:E6	대사:FD	1	ここは!?	
C06517	SSS5/235:EF	대사:FD	1	黒い龍に出会った場所に\nそっくりだ　　	
C06518	SSS5/235:111	대사:FE	1	ねえ、{05:00}\nさっきの蒼幻の話。	
C06519	SSS5/235:127	대사:FD	1	時間が無い、先を急ごう!	
C06520	SSS5/235:15E	대사:FE	1	ねえ、{05:00}\n蒼幻が言った事　　	
C06521	SSS5/235:177	대사:FD	1	やってみなくちゃ、どうなるかわからないさ。	
C06522	SSS5/235:1A4	대사:FE	2	どうして!?	
C06523	SSS5/235:1AE	대사:FE	1	どうして、こんな事になっちゃったの。	
C06524	SSS5/235:1C8	대사:FD	1	進まなきゃ!	
C06525	SSS5/235:1D6	대사:FE	1	わたしもう、行きたくない。	
C06526	SSS5/235:1E8	대사:FE	1	{05:02}も{05:00}も\nどっちも大切なの。	
C06527	SSS5/235:201	대사:FE	1	なのに　　	
C06528	SSS5/235:20E	대사:FD	1	大切だからこそ行かなきゃ!	
C06529	SSS5/235:222	대사:FD	1	ここで、{05:02}に会わなかったら\nあいつを助ける事は、二度と出来ない。	
C06530	SSS5/235:276	대사:FE	1	{05:00}、{05:00}、{05:00}	
C06531	SSS5/235:282	대사:FE	1	種を与えてしまったら、あなたが\nどうなるか、わからないのよ!	
C06532	SSS5/235:2A9	대사:FD	1	やってみなきゃ、わからないさ。	
C06533	SSS5/235:2C2	대사:FE	1	よく考えたの?	
C06534	SSS5/235:2D4	대사:FD	1	誰もやった事のない\n事なんだろ?	
C06535	SSS5/235:2EB	대사:FD	1	考えても、仕方が無いさ。	
C06536	SSS5/235:302	대사:FD	1	少しでも可能性の在る方向に\n動かなきゃ、駄目なんだ!	
C06537	SSS5/235:338	대사:FD	1	俺は、単純なのかもしれない　　	
C06538	SSS5/235:350	대사:FD	1	でも、何もせずに、あきらめる\n事なんか出来ないよ。	
C06539	SSS5/235:37C	대사:FD	1	これ以上、進めないなら\nここで待っていてくれ。	
C06540	SSS5/235:3A2	대사:FE	1	私、貴方を失いたくないの　　	
C06541	SSS5/235:3C1	대사:FD	1	俺は大丈夫、どんな事になっても\n必ず戻るよ。	
C06542	SSS5/235:3F3	대사:FE	1	待って	
C06543	SSS5/235:404	대사:FD	1	いそいで!残された時間は{0A}長くは、無いはずだ　　	
C06544	SSS5/238:47	대사:FD	4	こ、ここは　　。	
C06545	SSS5/238:5E	대사:FD	1	凄い殺気を感じる!{08}来る!!	
C06546	SSS5/238:11B	대사:FD	1	宝箱!?{00}	
C06547	SSS5/238:13B	안내:08	2	{05:00}は敗れた{09} \nその後、{05:01}と{05:02}の\n \n行方を知る者は誰もいない　　。	
C06548	SSS5/238:189	대사:FD	1	これは!!	
C06549	SSS5/238:192	대사:FD	1	知恵の種じゃないか!?	
C06550	SSS5/238:1A9	대사:FD	1	とにかく、{05:01}の\n所へ戻ろう。	
C06551	SSS5/239:62	검증필요	1	ゾ\nェブャ	
C06552	SSS5/239:109	글	1	ここってなんだか、不思議な場所ね{09}でも、やっぱり私も上に行きたいなぁ	
C06553	SSS5/239:13A	대사:FD	2	駄目だよ!	
C06554	SSS5/239:14E	글	1	ねえ、上についていってもいい?	
C06555	SSS5/239:165	대사:FD	1	だめだめ!	
C06556	SSS5/239:171	글	1	がうぅぅ{00}	
C06557	SSS5/239:1CD	대사:FD	1	部屋神様が、言ったとおり\nここに龍穴炉があったのか。	
C06558	SSS5/239:220	대사:FD	1	一段落した所で、家に\n戻るとするか!	
C06559	SSS5/239:250	안내:0A	1	今日一日の仕事を終え{0A} \n{05:00}は家路についた。	
C06560	SSS5/239:29D	대사:FE	1	{05:02}がいないわ。	
C06561	SSS5/239:2A9	대사:FE	1	どうしよう、何処にいったの\nかしら　　	
C06562	SSS5/239:2C4	대사:FD	1	なんか、悩んでたみたい\nだからなぁ。{00}	
C06563	SSS5/239:34A	글	1	龍穴炉に入れる\n街に出かける\n何もしない	
C06564	SSS5/239:370	글	1	大地の加護\n街に出かける\n何もしない	
C06565	SSS5/239:455	대사:FD	1	街に行くよ!	
C06566	SSS5/239:468	대사:FD	1	カオスシードを取り戻す!	
C06567	SSS5/239:482	대사:FE	1	街に行くのね。	
C06568	SSS5/239:613	글	1	何もしない\n{05:02}の食事	
C06569	SSS5/239:6D2	안내:08	1	  陽気を振り込んだ後に\n \nもういちど、Cボタンを押すと\n \n龍に食事をあげる事ができます。	
C06570	SSS5/239:75B	대사:FD	1	そういえば、しばらく食事して\nなかったな!	
C06571	SSS5/239:7C4	대사:14	1	食事の時間ね。	
C06572	SSS5/239:81D	대사:FE	1	今日もごきげんね。	
C06573	SSS5/239:833	대사:FE	1	食事の時間よ♡	
C06574	SSS5/239:84A	대사:FE	1	{05:02}、調子が悪そうね。	
C06575	SSS5/239:862	대사:FE	1	{05:02}、つかれてる\nみたいね?	
C06576	SSS5/239:87A	대사:FE	1	ごきげんななめね。	
C06577	SSS5/239:88F	대사:FE	1	きちんと、食べてないのかしら　　	
C06578	SSS5/239:8AE	대사:FE	1	{05:02}、すごく怒ってるみたい　　	
C06579	SSS5/239:8EE	대사:FC	1	ハウハウ!	
C06580	SSS5/239:8F7	대사:FE	1	もしかして　　カオスシードが\n食べたいの?	
C06581	SSS5/239:91C	대사:FE	1	そうみたい　　どうする?	
C06582	SSS5/239:932	글	1	食べさせようか{08}だめだよ!	
C06583	SSS5/239:945	대사:FD	1	そんなに食べたいなら{0A}食べさせてみるか?	
C06584	SSS5/239:963	대사:FD	1	だめだよ!	
C06585	SSS5/239:975	대사:FD	1	ほら、エネルギーと仙丹どっちを\n食べたいんだ?	
C06586	SSS5/239:9B3	대사:FD	1	おいおいどうした?	
C06587	SSS5/239:9C0	대사:FE	1	おなか滅ったの?	
C06588	SSS5/239:9D6	대사:FD	1	あっ!カオスシード食べちゃった　　	
C06589	SSS5/239:A02	대사:FE	1	もう　　なんて事するの!	
C06590	SSS5/239:A51	대사:FE	1	よかったね。	
C06591	SSS5/239:AA9	대사:FD	6	さて、どっちをあげようかな?	
C06592	SSS5/239:AC7	대사:FE	3	仙丹が、欲しいのね。	
C06593	SSS5/239:ADC	글	3	仙丹\nエネルギー	
C06594	SSS5/239:AEB	대사:FD	6	エネルギーを、どの位食べさせようかな?	
C06595	SSS5/239:B15	글	2	300食べさせる\n400食べさせる\n500食べさせる\nあげない	
C06596	SSS5/239:B3C	대사:FD	6	仙丹を、どの位食べさせようかな?	
C06597	SSS5/239:B5C	글	2	40食べさせる\n50食べさせる\n60食べさせる\nあげない	
C06598	SSS5/239:C61	글	2	200食べさせる\n300食べさせる\n400食べさせる\nあげない	
C06599	SSS5/239:CA8	글	2	30食べさせる\n40食べさせる\n50食べさせる\nあげない	
C06600	SSS5/239:DAD	글	2	100食べさせる\n200食べさせる\n300食べさせる\nあげない	
C06601	SSS5/239:DF4	글	2	20食べさせる\n30食べさせる\n40食べさせる\nあげない	
C06602	SSS5/239:F38	대사:FC	2	ぐがが!!	
C06603	SSS5/239:F41	대사:FD	2	やべ、足りなかった!	
C06604	SSS5/239:FC1	대사:FE	3	エネルギーが、欲しいのね。	
C06605	SSS5/239:FD7	글	3	エネルギー\n仙丹	
C06606	SSS5/242:33	안내:0C	1	今から数ヶ月前のとある山中	
C06607	SSS5/250:53	글	1	NEXT\n1ヒロイン石になる\n2主人公ぼーぜんとする{05:00}\n3龍A逃げる人々現れる龍	
C06608	SSS5/250:93	글	1	NEXT\n4龍穴炉に戻り振り込む\n5龍人々が倒れているバザー\n6大地A	
C06609	SSS5/250:D0	글	1	NEXT\n7大地B\n8ヒロイン酒場にいる玲蘭に話し掛ける\n9龍B追われる龍	
C06610	SSS5/250:10D	글	1	NEXT\n10龍閉じこもる龍\n11ヒロイン家の前で倒れる\n12龍C例の通路を歩く龍	
C06611	SSS5/250:14F	글	1	NEXT\n13一人家に入っていく主人公\n14よるになる　　\n通し	
C06612	SSS5/251:A4	글	1	NEXT\n1戻って来て部屋で料理を作っているヒロイン\n2蒼幻そのまま\n3雷漢天転戻ってくる。	
C06613	SSS5/251:ED	글	1	NEXT\n4明紅とレイランそのまま\n5異次元の街\n6仏像の老師振り向く	
C06614	SSS5/251:129	글	1	NEXT\n7夕日をバックから戻る主人公\n8がけから見下ろす捜神\n9戻る主人公	
C06615	SSS5/251:16B	글	1	NEXT\n10黒画面\n11家の中から出てくるヒロイン\n12大聖樹の前	
C06616	SSS5/352:3E	대사:FD	1	ここの土地は、倉庫部屋が\n作れないんだったな。	
C06617	SSS5/352:76	대사:FD	1	まあ、それ以外には\n大きな問題は無しと　　	
C06618	SSS5/352:97	대사:FD	1	さて、今日の修行の始まりだ!	
C06619	SSS5/352:BD	안내:0C	1	破壊された仙窟を、全て修理するまで\n \n 仙窟から離れる事は、出来ません。	
C06620	SSS5/352:101	안내:0E	1	仙窟の修理が、全て終わりました。	
C06621	SSS5/353:2B	대사:1F	1	さぁ、出来たわ!	
C06622	SSS5/353:90	대사:1F	1	{05:02}の分も、もちろん\nあるわよ。	
C06623	SSS5/353:A5	대사:1E	1	がぅ	
C06624	SSS5/353:AE	대사:1F	1	ちゃんとさましておいたから\n大丈夫だと思うけど　　。	
C06625	SSS5/353:D5	대사:1F	1	それじゃ、食べましょう{09}いただきまーす!	
C06626	SSS5/353:100	대사:1F	1	食べないの?	
C06627	SSS5/353:118	대사:1F	1	やっぱり人間の料理じゃ\nだめなのかなぁ　　。	
C06628	SSS5/353:145	대사:1F	2	ごめんね。	
C06629	SSS5/353:151	대사:1F	1	明日、街に行って本を調べてみるわ{09}それに、材料も買ってくるからね。	
C06630	SSS5/353:18A	대사:1F	1	今日はがまんしてね。	
C06631	SSS5/353:1AC	안내:0C	1	翌日、{05:01}は街へと出かけた。	
C06632	SSS5/353:1F9	대사:1F	1	これも、食べないの?	
C06633	SSS5/353:208	대사:1E	2	がぅぅ　　。	
C06634	SSS5/353:214	대사:1F	1	とり肉もブタ肉も野菜もダメか　　{09}一体、何を食べるんだろう。	
C06635	SSS5/353:242	대사:1E	1	がぅぅぅぅ　　。	
C06636	SSS5/353:25D	대사:1F	1	このまま、何も食べなかったら\nあなた、死んじゃうわよ。	
C06637	SSS5/353:27F	대사:1E	1	がぅ。	
C06638	SSS5/353:286	대사:1F	1	　　ごめんなさい{09}私には、どうする事も出来ないわ{09}龍に詳しい知り合いも――	
C06639	SSS5/353:2B9	대사:1E	1	がぅ?	
C06640	SSS5/353:2C3	대사:1F	1	もしかして、洞仙って人なら\nなにか知ってるかも　　。	
C06641	SSS5/353:2EA	대사:1F	1	でも、洞仙って悪い人だって\n街のみんな言ってたわ　　。	
C06642	SSS5/353:314	대사:1E	1	がう、がう!!!	
C06643	SSS5/353:320	대사:1F	1	えっ? どうしたの{0A}恐い声、出して?	
C06644	SSS5/353:339	대사:1E	1	がぅぅぅぅぅ!!!	
C06645	SSS5/353:346	대사:1F	1	どうしたのよ{09}そんな、声だしたって、あなたが\n何もしない事くらい私は――	
C06646	SSS5/353:37E	대사:1F	1	そうよね! 龍だって、普通の人なら\n恐がるわ。でも、あなたはちがった。	
C06647	SSS5/353:3AA	대사:1F	1	自分で、確かめもしないで{0A}悪い人だと決めつけるのは\nまちがいよね。	
C06648	SSS5/353:3D5	대사:1E	1	がぅ、がぅ。	
C06649	SSS5/353:3DF	대사:1F	1	明日、洞仙さんに会いに\n行ってみましょう。	
C06650	SSS5/353:417	안내:0A	1	そして、次の日。	
C06651	SSS5/354:2C	안내:01	1	その　　りゅ　　育て　　\nな　　らない　。	
C06652	SSS5/354:55	대사:FC	1	ね、ねぇ!{08}今の声、聞こえた!?	
C06653	SSS5/354:6F	대사:FD	1	あ、ああ{09}空耳じゃなさそうだな。	
C06654	SSS5/354:85	대사:FC	1	なんて言ってたかしら?	
C06655	SSS5/354:95	대사:FD	1	ほとんど聞き取れなかった\nからなぁ　　。	
C06656	SSS5/354:B1	대사:FC	1	気味が悪いわ　　。	
C06657	SSS5/354:101	대사:FC	1	ど、どうしたの?	
C06658	SSS5/354:11F	영문	2	{05:02}!	
C06659	SSS5/354:12E	대사:FD	1	　　だめだ{09}死んでる。	
C06660	SSS5/354:14F	대사:FD	1	エサが足りなかったか{0A}与え方がまずかったのか　　{09}どっちにせよ、それが原因だ。	
C06661	SSS5/354:184	대사:FC	1	そんな　　。{05:02}!	
C06662	SSS5/354:193	대사:FD	1	すまない　　。	
C06663	SSS5/354:1B6	안내:07	1	{05:02}は死んでしまった{09} \nその後、{05:01}は{05:00}の\n \n元をさり、行方を知る者は誰もいない。	
C06664	SSS5/355:4C	대사:00	2	　　気味が悪い場所ね。	
C06665	SSS5/355:62	대사:FD	1	とにかく先に行ってみよう。	
C06666	SSS5/355:AA7	대사:FD	1	行くよ!	
C06667	SSS5/356:AB	대사:FD	1	賞金稼ぎだな!	
C06668	SSS5/356:BB	대사:05	1	問答無用、かかれ!	
C06669	SSS5/356:FD	대사:FD	1	まだ残ってるな!	
C06670	SSS5/356:11C	대사:FD	1	出てこい!	
C06671	SSS5/356:134	대사:14	1	来ちゃった♡	
C06672	SSS5/356:143	영문	4	{05:01}?	
C06673	SSS5/356:156	대사:FD	1	驚いた!どうやってここまで\n来たんだ!?	
C06674	SSS5/356:19D	대사:14	1	へへ飛天石で来たの。	
C06675	SSS5/356:1DD	대사:14	1	{05:02}元気になったのね!	
C06676	SSS5/356:249	대사:FD	1	来ちゃ危ないって言ったのに　　	
C06677	SSS5/356:26A	대사:14	1	だって、心配だったし	
C06678	SSS5/356:2A0	대사:14	1	どうしてもいっしょに\nいたいの。	
C06679	SSS5/356:2B7	대사:FD	1	そんな事言わないで、家に帰ろう。	
C06680	SSS5/356:2FC	대사:14	1	じゃあここで待ってる!!	
C06681	SSS5/356:30D	대사:14	1	上よりは安全そうだし{0A}何かあってもすぐ来れるでしょ?	
C06682	SSS5/356:33E	대사:14	1	それにここは、なんだか\n安全って感じがするの。	
C06683	SSS5/356:35E	대사:FD	1	大地の陽気の流れが分かるのかな?	
C06684	SSS5/356:395	대사:FD	1	もし誰かが、入って来ても隠れて\nじっとしてるんだよ。	
C06685	SSS5/356:3E6	대사:14	1	なんだか、大地があったかく\nなってきたわね。	
C06686	SSS5/356:402	대사:FD	1	わかる?	
C06687	SSS5/356:41C	대사:14	1	なんとなくね。	
C06688	SSS5/356:432	대사:FD	1	もしかしたら、{05:01}\n仙術の才能あるかもね。	
C06689	SSS5/356:455	대사:14	2	ホント♡	
C06690	SSS5/356:45E	대사:14	1	だったら、私も{05:00}の\nお手伝いするわよ。	
C06691	SSS5/356:47C	대사:FD	1	き、急には覚えられないよ。	
C06692	SSS5/356:495	대사:14	1	難しいのね。	
C06693	SSS5/356:4A0	대사:FD	1	じゃあ、また後でね。	
C06694	SSS5/356:4D9	대사:14	1	回復の仙術だけでも、使える様に\nならないかしら?	
C06695	SSS5/356:4FE	대사:FD	1	基本的なやつならちょっと修行すれば\n使えると思うけど・・	
C06696	SSS5/356:527	대사:14	1	じゃあ教えてよぉ	
C06697	SSS5/356:537	대사:FD	1	教えると、絶対仙窟について\n来るでしょ?	
C06698	SSS5/356:55B	대사:14	1	手伝いたいから教えて\n欲しいんだもん。	
C06699	SSS5/356:576	대사:FD	1	それじゃあ、だめだよ。	
C06700	SSS5/356:58F	대사:14	1	いいもん、一人で覚えるから。	
C06701	SSS5/356:614	대사:1B	1	キィキィ	
C06702	SSS5/356:62F	대사:FD	1	てめーら{03:03}覚悟しやがれ!	
C06703	SSS5/356:694	대사:FD	3	大丈夫?	
C06704	SSS5/356:6B5	대사:FD	1	しゃべらないで、とにかく\n地上に戻ろう。	
C06705	SSS5/356:7A2	대사:FD	1	龍脈の陽気が逆流してる\nのか　　	
C06706	SSS5/356:7C2	대사:FD	1	大きな力を感じる　　	
C06707	SSS5/356:7DE	대사:FD	1	なんだこいつら!	
C06708	SSS5/356:810	대사:FD	1	こりゃ、どっかで邪精が\n巣を食ってるな。	
C06709	SSS5/356:841	대사:FD	4	どうした?	
C06710	SSS5/356:84F	대사:FD	1	向こうから、おかしな\n気配がする。	
C06711	SSS5/356:86E	대사:FD	1	階段部屋の方か、行ってみよう!	
C06712	SSS5/356:88A	대사:FD	1	さては、もう一つ階段部屋が\nあるのか!	
C06713	SSS5/356:8AD	대사:FD	1	エネルギーが入らない?	
C06714	SSS5/356:8BD	대사:FD	1	龍脈の流れが、妨害され\nてるのか?	
C06715	SSS5/356:8DE	대사:FD	2	また、こいつらか!	
C06716	SSS5/356:904	대사:FD	1	こいつらの発生する元をつぶさないと\n駄目みたいだな!	
C06717	SSS5/356:940	대사:FD	1	さっきの階段部屋の奥が\n怪しいのか!	
C06718	SSS5/356:95F	대사:FD	1	とりあえず、部屋を掘ってみて\n階段部屋を探すか。	
C06719	SSS5/356:9CC	대사:00	1	もう元気になったのよ。	
C06720	SSS5/356:9DD	대사:FD	1	こんな所に来て危ないよ。	
C06721	SSS5/356:9F0	대사:00	1	ねえ、{05:00}約束覚えてる?	
C06722	SSS5/356:A0C	대사:FD	1	約束って、お願いがどうとかって\n事だっけ　　	
C06723	SSS5/356:A2F	대사:FD	1	まさか仙術教えてとか　　	
C06724	SSS5/356:A44	대사:FD	1	それとも、怪我させた事を怨んで\n無茶なお願いとか　　	
C06725	SSS5/356:A6B	대사:FD	1	覚えていても、ロクな事\n無さそうだな　　	
C06726	SSS5/356:A88	대사:FD	1	なんて答えよ?	
C06727	SSS5/356:A9A	글	1	もちろん覚えてるよ{08}や、約束って、なんだっけ?	
C06728	SSS5/356:ABF	대사:FD	1	や、約束って、なんだっけ?	
C06729	SSS5/356:AEB	대사:00	1	む、とぼける気ね!	
C06730	SSS5/356:B0E	대사:00	1	{05:00}、約束した\nじゃない　　	
C06731	SSS5/356:B27	대사:FD	1	そ、そうだっけ?	
C06732	SSS5/356:B33	대사:00	1	私を看病してくれた時にまくら元で{0A}どんな願い事でも大丈夫だって。	
C06733	SSS5/356:B64	대사:00	1	言ったのに　　	
C06734	SSS5/356:B79	대사:FD	1	まずいな、どうしよう。	
C06735	SSS5/356:B8E	글	1	思い出したと言う\nとぼける	
C06736	SSS5/356:BA9	대사:FD	1	そういえば、思い出したよ。	
C06737	SSS5/356:BC9	대사:00	1	もう、いい加滅ね。	
C06738	SSS5/356:BD8	대사:FD	1	で、なんだい?	
C06739	SSS5/356:C14	대사:FD	4	なんだい?	
C06740	SSS5/356:C25	대사:00	1	思い出した?	
C06741	SSS5/356:C34	대사:FD	1	お願いって、元気になった時って\n約束じゃなかったっけ?	
C06742	SSS5/356:C62	대사:00	1	しっかり、覚えてるぅ!	
C06743	SSS5/356:C75	대사:FD	1	しまった!	
C06744	SSS5/356:CC9	대사:FD	1	もちろん覚えてるよ!	
C06745	SSS5/356:CDE	대사:00	1	私、あなたのお手伝いしたいの♡	
C06746	SSS5/356:CFB	대사:FD	1	ええ!?	
C06747	SSS5/356:D03	대사:FD	1	俺の{03:01}　{03:01}　{03:01}駄目だよ!	
C06748	SSS5/356:D1E	대사:FD	1	危ないし、この前みたいなことに\nまたなるかも知れないんだよ。	
C06749	SSS5/356:D46	대사:00	1	元気になったら、どんな事でも\nきいてくれるって	
C06750	SSS5/356:D64	대사:00	1	約束したよ。	
C06751	SSS5/356:D89	대사:00	1	わたしあなたと一緒にいたい!	
C06752	SSS5/356:DC6	대사:FD	1	じゃあ、基本的な仙術を\n教えてあげるよ。	
C06753	SSS5/356:DE7	대사:00	1	ホント!	
C06754	SSS5/356:E13	안내:08	1	こうして{05:00}と{05:01}は\n \n    一緒に仙窟を\n \n  作る事になりました。	
C06755	SSS5/356:E68	대사:FD	1	基本的な事は、大体これで終わりだよ。	
C06756	SSS5/356:E85	대사:FE	1	これで、足をひっぱらずに\nすみそうね。	
C06757	SSS5/356:EA2	대사:FD	1	とにかく、{05:01}に怪我させ\nないように、気をつけなきゃ!	
C06758	SSS5/356:ED0	대사:FE	1	よーし、{05:02}も一緒に\nがんばりましょ!	
C06759	SSS5/356:EF8	대사:FD	1	じゃあ、出発だ!	
C06760	SSS5/356:F22	대사:FD	1	だいぶエネルギーが、集まってきたね。	
C06761	SSS5/356:F39	대사:FE	6	そうね。	
C06762	SSS5/356:F41	대사:FD	1	一段落したから家に戻ろうか?	
C06763	SSS5/356:F59	검증필요	2	（ゼジ（ジゼぼ{08}{00}	
C06764	SSS5/356:F65	대사:FE	1	そうしましょう♡	
C06765	SSS5/356:F7E	대사:FD	2	よーし!	
C06766	SSS5/356:1015	안내:08	2	今日一日の仕事を終え{0A} \n{05:00}と{05:01}{0A} \n{05:02}は家路についた。	
C06767	SSS5/356:1239	대사:FE	3	なに!?	
C06768	SSS5/356:1241	대사:FD	1	扉が、開いた。	
C06769	SSS5/356:1254	대사:FC	1	ガウゥゥ	
C06770	SSS5/356:125F	대사:FE	1	こんな処に扉があったんだ　　	
C06771	SSS5/356:127F	대사:FD	1	まるで、龍穴炉のエネルギーに\n反応しているみたいだ。	
C06772	SSS5/356:12A9	대사:FE	1	どうするの?	
C06773	SSS5/356:12D3	대사:FC	1	ギャブルルル	
C06774	SSS5/356:12EA	대사:FD	1	{05:02}の様子、最近なんだか\n変な気がする　　	
C06775	SSS5/356:130B	대사:FD	1	蒼幻の言っていた事ほど、おおげさじゃ\nないにしても　　なんか心配だな。	
C06776	SSS5/356:133A	대사:FD	1	{05:01}は、どう思って\nいるんだろう?	
C06777	SSS5/356:135F	대사:FE	1	どうしたの心配ごと?	
C06778	SSS5/356:136F	대사:FC	1	ギュルルゥ	
C06779	SSS5/356:1384	대사:FD	1	少し気になる事があるんだ　　	
C06780	SSS5/356:13AF	대사:FE	1	あの蒼幻って子の言葉?	
C06781	SSS5/356:13C3	대사:FD	1	カオスシードの事なんだ　　	
C06782	SSS5/356:13DC	대사:FE	1	調べ物とか?	
C06783	SSS5/356:13E8	대사:FD	1	う、うん	
C06784	SSS5/356:13F7	대사:FE	1	分からない事は、図書館で\n調べるのが一番よ。	
C06785	SSS5/356:1419	대사:FD	1	図書館?	
C06786	SSS5/356:1424	대사:FE	1	{05:02}の食べ物事も\n図書館で調べたのよ。	
C06787	SSS5/356:1449	대사:FE	1	全然役に立たなかったけどね。	
C06788	SSS5/356:1469	대사:FD	1	へーっ、図書館か	
C06789	SSS5/356:1478	대사:FE	1	洞天の街にあるのよ?	
C06790	SSS5/356:1490	대사:FD	1	街か、じゃあ二人で行ってみない?	
C06791	SSS5/356:14B4	대사:FC	2	グルルゥ	
C06792	SSS5/356:14C8	대사:FE	1	{05:02}も行きたいって!	
C06793	SSS5/356:14DE	대사:FD	1	駄目だよ、こんな大きくなった\n{05:02}を連れて行ったら\n大騒ぎになるよ!	
C06794	SSS5/356:1512	대사:FE	1	そうねえ♡	
C06795	SSS5/356:1523	대사:FE	1	じゃあお留守番していて。	
C06796	SSS5/356:153D	대사:FC	1	ググググ	
C06797	SSS5/356:1545	대사:FE	1	じゃあ行きましょ!	
C06798	SSS5/357:49	안내:08	1	{05:01}の怪我は{0A} \n幸い重くはなかった。	
C06799	SSS5/357:64	안내:08	1	しかし、大事をとって家で\n \n 休ませる事となった。	
C06800	SSS5/357:CC	대사:09	1	ずっと、そこに?	
C06801	SSS5/357:D8	대사:0A	8	ぎゃうぎゃう!	
C06802	SSS5/357:E5	대사:09	1	{05:02}にも、心配かけ\nちゃったかしら?	
C06803	SSS5/357:10C	대사:FD	1	回復の仙術も万能って{0A}ワケじゃないからさ。	
C06804	SSS5/357:12B	대사:FD	1	しばらく寝てないと、良く\nならないよ。	
C06805	SSS5/357:146	대사:09	1	うん、わかった。	
C06806	SSS5/357:155	대사:FD	1	早く元気にならないとね。	
C06807	SSS5/357:174	대사:FD	1	うん、なに?	
C06808	SSS5/357:182	대사:09	1	仙窟は、大丈夫?	
C06809	SSS5/357:1A4	대사:FD	1	確かに　　{05:01}も\n気になるけど、仙窟も　　	
C06810	SSS5/357:1CA	대사:FD	2	どうしよう　　	
C06811	SSS5/357:1DB	글	1	{05:01}と一緒にいる{09}気になるので仙窟に戻る。	
C06812	SSS5/357:210	대사:FD	1	{05:01}の怪我は、俺の\n修行不足のせいだ　　	
C06813	SSS5/357:231	대사:FD	1	でも、仙窟にも行かなきゃ\n大地は蘇らない。	
C06814	SSS5/357:270	대사:09	1	やっぱり、仙窟の事が\n気になるのね?	
C06815	SSS5/357:298	대사:FD	1	いや、今日は{05:01}を\n一日看病しよう。	
C06816	SSS5/357:2B4	대사:FD	1	それが、俺に出来る唯一の\n罪滅ぼしだよな。	
C06817	SSS5/357:2E5	대사:FD	1	一日ぐらい修行さぼったって\n大丈夫だろ。	
C06818	SSS5/357:304	대사:FD	1	だいいち、{05:01}が怪我したのは\n俺のせいだしな。	
C06819	SSS5/357:339	대사:FD	1	今は、俺の仙窟の事より、自分の\n体を治す事だけ考えてねっ。	
C06820	SSS5/357:37E	대사:FD	1	心配しなくても、仙獣達がうまく\nやってるって!	
C06821	SSS5/357:3A0	대사:FD	1	気にしない、気にしない。	
C06822	SSS5/357:3B4	대사:09	1	やさしいんだ♡	
C06823	SSS5/357:3C9	대사:FD	1	それに、最近ずっと仙窟にいたから\n今日ぐらい休んだって大丈夫さ。	
C06824	SSS5/357:3F9	대사:FD	1	じゃあ、メシでも作ってくるよ。	
C06825	SSS5/357:455	대사:FD	1	ケガ人だから、よーく身体の事を考えて{0A}作らないとね。	
C06826	SSS5/357:482	대사:FD	1	おかゆなんかが、いいのかな?	
C06827	SSS5/357:499	대사:FD	1	この、おコメと	
C06828	SSS5/357:4A9	대사:FD	1	ヨモギと	
C06829	SSS5/357:4B8	대사:FD	1	ウイキョウと	
C06830	SSS5/357:4CA	대사:FD	1	ニラを加えて、ささっと　　	
C06831	SSS5/357:4EC	안내:0A	1	{05:00}は、怪しげな漢方おかゆを\n \n    作り始めた　　	
C06832	SSS5/357:531	안내:08	1	    それから、数時間後\n \n世にも珍妙な、おかゆが出来上がった!	
C06833	SSS5/357:5A5	대사:FD	1	おまたせ。{05:00}特製の\n料理だよ!	
C06834	SSS5/357:5C4	대사:09	1	わー、楽しみ♡	
C06835	SSS5/357:607	안내:08	1	{05:00}がフタを開けたとたん\n \nすごい臭いが部屋中に充満した!{08} \n（作った本人は、わからないらしい）	
C06836	SSS5/357:668	대사:09	1	す、すごい香り	
C06837	SSS5/357:698	대사:09	1	なんか、にがからいと言うか\nあましょっぱいと言おうか　　	
C06838	SSS5/357:6C0	대사:09	1	な、なんて言うか	
C06839	SSS5/357:6D1	대사:09	1	{05:00}の心が、こもっていて\nお、おいしいよぉ♡	
C06840	SSS5/357:6ED	대사:FD	2	おかわりもあるよ!	
C06841	SSS5/357:6FE	대사:09	1	も{03:02}も{03:02}お、おなかいっぱいよ。	
C06842	SSS5/357:715	대사:FD	1	いっぱい食べて、早く\n良くならないとね。	
C06843	SSS5/357:735	대사:09	1	わたしが元気になったら\nお願いがあるんだけど\n聞いてくれる?	
C06844	SSS5/357:75B	대사:FD	1	元気になったら、何だって\n聞いてあげるよ。	
C06845	SSS5/357:7B3	대사:FD	1	{05:01}、寝た\nみたいだな　　	
C06846	SSS5/357:7E6	대사:FD	1	なんか、すっかり巻き込んじゃったなぁ。	
C06847	SSS5/357:801	대사:FD	1	やっぱ{05:01}に、洞仙って\nバラしたのが、まずかったのかなぁ?	
C06848	SSS5/357:82C	대사:FD	1	それより、仙術の一つも教えとけば\n邪精なんかに、怪我させられる事も\n無かったのに　　	
C06849	SSS5/357:88F	대사:FD	1	後悔しても始まらないか。	
C06850	SSS5/357:8BB	안내:0C	2	次の日	
C06851	SSS5/357:8DA	대사:FD	1	さて今日は、どうしよう。	
C06852	SSS5/357:8F1	대사:FD	1	さすがに、二日も仙窟を開けるのは\nまずいよなぁ。	
C06853	SSS5/357:912	대사:FD	1	でも、{05:01}の事も\n気になるし　　	
C06854	SSS5/357:938	글	1	今日も、{05:01}と一緒にいる\n仙窟に出かける	
C06855	SSS5/357:96B	대사:FD	1	まだ、{05:01}の側にいて\nあげた方がよさそうだな。	
C06856	SSS5/357:9AF	대사:FD	1	気分はどんな?	
C06857	SSS5/357:9C2	대사:09	1	おはよう。	
C06858	SSS5/357:9D2	대사:09	1	おかげさまで、だいぶ良く\nなったわ。	
C06859	SSS5/357:9F9	대사:09	1	{05:00}、今日も仙窟に行かなくて\nだいじょうぶなの?	
C06860	SSS5/357:A57	대사:0A	1	ぎゃうぅ	
C06861	SSS5/357:A61	대사:FD	1	今回は仙窟設計が、ばっちり\nだったんだ!	
C06862	SSS5/357:A81	대사:FD	1	設計が、しっかり出来た仙窟だと{0A}仙獣達だけでも十分管理できる　　\nハズだよ。	
C06863	SSS5/357:AC3	대사:09	1	ホントに大丈夫なのね。	
C06864	SSS5/357:AD5	대사:FD	1	今日もここにいるよ。	
C06865	SSS5/357:AF5	대사:09	1	じゃあ、甘えちゃおうかしら?	
C06866	SSS5/357:B08	대사:FD	1	そんじゃあ、メシの支度をしてくるけど\n今日は何が食べたい。	
C06867	SSS5/357:B38	대사:09	1	も、{03:01}もう大丈夫よ\n急に元気になってきた!	
C06868	SSS5/357:B58	대사:09	1	食事の支度くらい出来るわ。	
C06869	SSS5/357:B7A	대사:FD	1	完全に治るまで、動いちゃ\n良くないよ。	
C06870	SSS5/357:B98	대사:09	1	　　　　♡	
C06871	SSS5/357:BA6	대사:FD	1	ささ、お好みのお食事は?	
C06872	SSS5/357:BBB	대사:09	1	き{03:02}、昨日のとはちがう奴に\nして欲しいなぁ　　	
C06873	SSS5/357:BDD	대사:FD	1	わかった!おかゆ以外の食べ物ね。	
C06874	SSS5/357:BFE	대사:09	1	昨日のは、おかゆだったの!	
C06875	SSS5/357:C6B	대사:FD	1	身体によさそうで、おかゆ\n以外の食べ物か?	
C06876	SSS5/357:C95	대사:FD	1	野菜なんかいいかな?	
C06877	SSS5/357:CDB	대사:FD	1	この辺に生えてるので、身体に\n良くて食べれるのは～	
C06878	SSS5/357:D07	글	1	ニガウリ\nモリモリ草\nサワヤカドクダミ\nアロエパパイヤ	
C06879	SSS5/357:D2C	대사:FD	1	そうだ!ニガウリにしよう!	
C06880	SSS5/357:D3F	대사:FD	1	ささっとゆがいて!	
C06881	SSS5/357:D56	대사:FD	1	サクサク斬って!	
C06882	SSS5/357:D66	대사:FD	1	貴重品だけど、シオをバサバサ	
C06883	SSS5/357:D7F	대사:FD	1	素材のうまみをそのまま生かした\nニガウリ料理の完成だ!	
C06884	SSS5/357:DAB	대사:FD	1	そうだ!モリモリ草にしよう!	
C06885	SSS5/357:DC0	대사:FD	1	手でちぎって	
C06886	SSS5/357:DD5	대사:FD	1	ぶちっぶちってね!	
C06887	SSS5/357:DE5	대사:FD	1	更に特製、仙宝業効のタレを\nこうべべーっとかけて!	
C06888	SSS5/357:E0B	대사:FD	1	モリモリ料理の完成だ!	
C06889	SSS5/357:E24	대사:FD	1	そうだ!サワヤカドクダミにしよう!	
C06890	SSS5/357:E3D	대사:FD	1	手で良くほぐして	
C06891	SSS5/357:E55	대사:FD	1	すじは食べれないから取ってと!	
C06892	SSS5/357:E6D	대사:FD	1	これにサンショと、にんじんの\nにじるをからめて　　	
C06893	SSS5/357:E8E	대사:FD	1	サワヤカドクダミ洞天風の\n完成だ!	
C06894	SSS5/357:EB0	대사:FD	1	そうだ!せっかくだから\n珍味アロエパパイヤを\n食べさせてあげよう!	
C06895	SSS5/357:EDC	대사:FD	1	中をくりぬいて	
C06896	SSS5/357:EF2	대사:FD	1	ちょっと、きつい臭いがするけど\nこれが業効の元だからな。	
C06897	SSS5/357:F19	대사:FD	1	くりぬいた所に、カラカラを\nまぶして　　	
C06898	SSS5/357:F36	대사:FD	1	珍味アロエパパイヤの\n完成だ!	
C06899	SSS5/357:F84	안내:0A	1	{05:00}が、出かけてから\n \nたちまち、数時間が経過した　　	
C06900	SSS5/357:FCE	대사:FD	1	よっ、待たせたな!	
C06901	SSS5/357:FE4	대사:FD	1	よし、作るか!	
C06902	SSS5/357:1034	대사:FD	1	これをおいしく食べるコツは	
C06903	SSS5/357:108E	대사:FD	1	これでよし!{00}	
C06904	SSS5/357:109B	대사:0A	1	ギャゥゥ	
C06905	SSS5/357:10B1	대사:FD	1	{05:02}には、難しい\n味だったかな?	
C06906	SSS5/357:10D6	대사:0A	1	グゥゥゥゥ	
C06907	SSS5/357:10DF	대사:FD	1	さてと!	
C06908	SSS5/357:114A	대사:FD	1	食事が出来たよ。	
C06909	SSS5/357:1166	대사:09	1	何か、またまたやな香り!	
C06910	SSS5/357:117A	대사:FD	1	栄養いっぱい、病気も怪我も\nはだしで逃げ出す特製野菜盛りだ!	
C06911	SSS5/357:11DC	대사:09	1	私も逃げ出したいわよぉ	
C06912	SSS5/357:11F0	대사:09	1	な{03:01}なんか、ツーンってするんだけど・・	
C06913	SSS5/357:120A	대사:FD	1	大丈夫だって、臭いはきついけど\n業効は、保証済みさ。	
C06914	SSS5/357:1235	대사:09	1	また業効って言ってるぅ	
C06915	SSS5/357:1249	대사:FD	2	どう?	
C06916	SSS5/357:1250	대사:09	1	どうって、言われても　{03:01}　{03:01}	
C06917	SSS5/357:126B	대사:09	1	くらくらするくらい、おいしい\n　{03:01}　{03:01}様な気がする。	
C06918	SSS5/357:1291	대사:09	1	わ{03:01}、悪気はないのよね{09}きっと{03:01}　{03:01}　	
C06919	SSS5/357:12B3	대사:09	1	レもなんか、ピリピリするよ。	
C06920	SSS5/357:12C7	대사:FD	1	それは業効成分が効いて\nきたんだよ。	
C06921	SSS5/357:12EF	대사:09	1	もォ、おなかいっぱいラョ　　	
C06922	SSS5/357:131F	대사:FD	1	もう寝ちゃったの　　	
C06923	SSS5/357:1355	대사:FD	1	よし、今日は仙窟に行こう!	
C06924	SSS5/357:136B	대사:FD	1	とりあえず、{05:01}の\n様子を見ていかないと。	
C06925	SSS5/357:13B9	대사:09	2	おはよう、{05:00}	
C06926	SSS5/357:13C4	대사:FD	2	{05:01}、身体の調子はどう?	
C06927	SSS5/357:13D8	대사:09	2	もう、大丈夫よ!	
C06928	SSS5/357:13E7	대사:09	2	まだ寝てなきゃ駄目なの?	
C06929	SSS5/357:13FA	대사:FD	2	そりゃ、完全に治るまではね。	
C06930	SSS5/357:1415	대사:FD	1	このままじゃ、やっぱり\nまずいよな!	
C06931	SSS5/357:142B	대사:FD	1	正直に言おう。	
C06932	SSS5/357:144C	대사:FD	1	実は、ちょっと仙窟の方が\n心配なんだ　　	
C06933	SSS5/357:1470	대사:09	1	私は、もう大丈夫だから\n{05:00}は、仙窟に行って。	
C06934	SSS5/357:1494	대사:FD	1	じゃあ、お言葉に甘えさせて\nもらうよ。	
C06935	SSS5/357:14C4	대사:09	1	気をつけて!	
C06936	SSS5/357:14DE	대사:FD	1	{05:02}行くぞ!	
C06937	SSS5/357:14EC	대사:0A	2	ぎゃぅぎゃぅ	
C06938	SSS5/357:1505	대사:FD	1	ほら、早くしろよ。	
C06939	SSS5/357:1516	대사:0A	3	うぅぅぅ	
C06940	SSS5/357:1529	대사:FD	1	行くって!	
C06941	SSS5/357:1545	대사:09	1	{05:02}、{05:00}と仲良くね。	
C06942	SSS5/357:1556	대사:0A	1	ぐぅぅぅぅ	
C06943	SSS5/357:1591	안내:08	1	{05:00}は、{05:01}を残して\n \n  仙窟に戻る事にした。	
C06944	SSS5/357:15F3	대사:FD	1	よし、{05:01}の分まで\nがんばるぞ!	
C06945	SSS5/358:29	대사:FD	1	うーん、今日で三日目か　　	
C06946	SSS5/358:93	대사:FD	1	さすがに、仙窟に行かないと\nまずいよーな気がするけど　　	
C06947	SSS5/358:B9	대사:FD	1	とりあえず、{05:01}の様子を\n見てから行こうか。	
C06948	SSS5/358:108	대사:FD	1	おやっ!	
C06949	SSS5/358:113	대사:09	1	あっ、{05:00}	
C06950	SSS5/358:11F	대사:0A	2	ぎゃぅぎゃぅ!	
C06951	SSS5/358:12A	대사:FD	1	起きても大丈夫なの?	
C06952	SSS5/358:13C	대사:09	1	うん、寝てばかりって\n退屈なんだもん。	
C06953	SSS5/358:159	대사:0A	2	ぎゃぅぅ	
C06954	SSS5/358:173	대사:FD	1	まだ、寝てなきゃ駄目だよ。	
C06955	SSS5/358:193	대사:09	1	ねぇ♡{05:00}、おとといの\n約束覚えてる?	
C06956	SSS5/358:1B3	대사:FD	1	お願いがあるって事でしょ?	
C06957	SSS5/358:1C6	대사:FD	1	覚えてるよ。	
C06958	SSS5/358:1D1	대사:FD	1	でも、元気になったらって\n約束だったでしょ?	
C06959	SSS5/358:207	대사:FD	1	なんか顔色があんまり良くないよ	
C06960	SSS5/358:220	대사:FD	1	ほら!	
C06961	SSS5/358:23D	안내:0A	1	{05:00}は、{05:01}を無理矢理\n \n  寝かしつけてしまった。	
C06962	SSS5/358:283	대사:FD	1	このぶんじゃ、{05:01}{0A}おとなしく、寝てないだろうなぁ。	
C06963	SSS5/358:2B7	글	1	{05:01}の様子を見守る{09}さすがにまずいので、仙窟に行く	
C06964	SSS5/358:2EA	대사:FD	1	居ないと、起き出しそう\nだしなぁ。	
C06965	SSS5/358:30E	대사:09	1	今日も仙窟に行かないの?	
C06966	SSS5/358:323	대사:FD	1	まだ、{05:01}の怪我が\n治ってないからね。	
C06967	SSS5/358:33D	대사:09	1	でも、もう3日目でしょ?	
C06968	SSS5/358:35D	대사:09	1	私の怪我を、気にして\nくれてるのね?	
C06969	SSS5/358:383	대사:FD	1	そりゃあ、気にしてるけど、	
C06970	SSS5/358:395	대사:FD	1	なんて言おう?	
C06971	SSS5/358:3A5	글	1	ちょっとひねくれる{09}素直に気にしてるって言う。	
C06972	SSS5/358:3CA	대사:FD	1	ここは、素直にいってみるか。	
C06973	SSS5/358:3E7	대사:FD	1	うん、正直いって気になるよ。	
C06974	SSS5/358:3FE	대사:09	1	ごめんね、お仕事邪魔しちゃって　　	
C06975	SSS5/358:419	대사:FD	1	まあ、ちょうどいい息抜きになったから\n気にしなくていいって!	
C06976	SSS5/358:44E	대사:FD	1	君の事なんかじぇんじぇん\n気にしてないよ!	
C06977	SSS5/358:46C	대사:09	1	むっ!	
C06978	SSS5/358:475	대사:09	1	じゃあどうして、仙窟に\n行かないの?	
C06979	SSS5/358:48E	대사:FD	1	修行にも、たまには休みが\n必要なの!	
C06980	SSS5/358:4AB	대사:09	1	もお、ひねくれてるんだから!	
C06981	SSS5/358:4C4	대사:FD	1	なんか怒ってるみたいだ　　\n素直に言っておけば良かった。	
C06982	SSS5/358:4F2	대사:FD	1	じゃあ、食事のしたくをしてくるよ。	
C06983	SSS5/358:518	대사:FD	1	今日は何が食べたいの?	
C06984	SSS5/358:533	대사:09	1	おかゆと野菜盛り以外の物を\nお願いしたいんだけど　　	
C06985	SSS5/358:55A	대사:FD	1	トカゲのツクダニにとか?	
C06986	SSS5/358:573	대사:09	1	それ、すんごく{03:03}食べたくない!	
C06987	SSS5/358:58D	대사:FD	1	じゃあ、なに食べたいの?	
C06988	SSS5/358:5A7	대사:09	1	普通のおまんじゅうなんかが{0A}食べたいなぁ{03:01}　{03:01}　{03:01}なんて。	
C06989	SSS5/358:5DB	대사:FD	1	そんなんじゃ、元気にならないよ!	
C06990	SSS5/358:606	대사:FD	1	元気になる食べ物にしよう。	
C06991	SSS5/358:633	대사:09	1	お業みたいな食べ物{0A}食べたくないよぉ。	
C06992	SSS5/358:689	대사:FD	1	とは、言ったけど{0A}もしかして　　	
C06993	SSS5/358:6B4	대사:FD	1	{05:01}の口に合って\nないのかな?	
C06994	SSS5/358:6D0	대사:FD	1	いやそんな事は無いよな?	
C06995	SSS5/358:726	대사:FD	1	もしかして!	
C06996	SSS5/358:730	대사:FD	1	{05:01}苦いのが\n嫌いなのかな?	
C06997	SSS5/358:74C	대사:FD	1	{05:02}もそう思うか!	
C06998	SSS5/358:75D	대사:0A	1	ぎゃぅ!	
C06999	SSS5/358:767	대사:FD	1	今日は、甘いクコシでも\n持っていくか!	
C07000	SSS5/358:79E	안내:0A	1	例によってそれから数時間後　　	
C07001	SSS5/358:7EC	대사:09	1	ひょえーっ!	
C07002	SSS5/358:7F6	대사:09	1	き、今日は、どんな食事なんだろ?	
C07003	SSS5/358:817	대사:FD	1	{05:01}寝てるの?	
C07004	SSS5/358:82F	대사:09	1	あ、{05:00}{0A}おかえりなさい。	
C07005	SSS5/358:844	대사:09	1	わ{03:01}、悪いんだけど\n食欲がないのよ。	
C07006	SSS5/358:878	대사:09	1	ドキドキ!	
C07007	SSS5/358:885	대사:FD	1	そう言えば、なんかやつれてる\nみたいだけど　　	
C07008	SSS5/358:8A3	대사:09	1	なんかおなかの調子が良くないのよ。	
C07009	SSS5/358:8C4	대사:FD	1	せっかくクコシ取ってきたのに　　	
C07010	SSS5/358:8E2	대사:09	1	クコシって、あの赤くて\n甘いの?	
C07011	SSS5/358:8FB	대사:FD	1	緑の苦いのが、よかった?	
C07012	SSS5/358:90D	대사:09	1	いや、{05:00}って\nこういうの食べるの?	
C07013	SSS5/358:924	대사:FD	1	俺は、あんまり食べないけど　　	
C07014	SSS5/358:940	대사:FD	1	{05:01}なんか苦いもの食べたく\nなさそうだったからさ!	
C07015	SSS5/358:96D	대사:09	1	いじわる。	
C07016	SSS5/358:976	대사:FD	1	どうして意地悪なのサ!	
C07017	SSS5/358:98A	대사:FD	1	涙ぐむことないだろ　　	
C07018	SSS5/358:99E	대사:09	1	食べるからちょうだい。	
C07019	SSS5/358:9AE	대사:FD	1	はいどうぞ。	
C07020	SSS5/358:9C7	안내:08	1	{05:01}は、クコシを\n \nおいしそうに食べたあと\n \n  寝てしまった。	
C07021	SSS5/358:9EF	안내:0C	1	結局、今日も仙窟には、行けなかった{03:01}　{03:01}　{03:01}	
C07022	SSS5/358:A2A	안내:0C	1	そして、次の日	
C07023	SSS5/359:63	대사:24	3	はぁ	
C07024	SSS5/359:6F	대사:24	1	最近、めっきり依頼がへったわね。	
C07025	SSS5/359:90	대사:23	1	そりゃあ、あんだけ悪い噂が\n広まっちゃあ。	
C07026	SSS5/359:B4	대사:23	1	誰もあんたに、仕事を頼もう\nなんて考えないよ。	
C07027	SSS5/359:DE	대사:24	1	何ですって!!	
C07028	SSS5/359:16B	대사:23	1	怒ったってしかたないべさ{09}店を壊さないでくれよ。	
C07029	SSS5/359:194	대사:23	1	そ{03:01}、そおだ。	
C07030	SSS5/359:1AB	대사:24	1	なによ、依頼でも思い出したの?	
C07031	SSS5/359:1EC	대사:24	1	安いやつだったら、こっちから\n願い下げよ。	
C07032	SSS5/359:208	대사:23	1	依頼じゃないべ。	
C07033	SSS5/359:21D	대사:23	1	街外れに洞仙が来てるの知ってるべ?	
C07034	SSS5/359:238	대사:24	1	ええ、何でも妖怪と組んで\n大地を荒らす　　	
C07035	SSS5/359:25A	대사:24	1	武闘派の仙人とかって。	
C07036	SSS5/359:26E	대사:24	1	私には、ぜんぜん関係ないけどね。	
C07037	SSS5/359:285	대사:23	1	あいつに結構な賞金が{0A}懸かってるって知ってっか?	
C07038	SSS5/359:2B6	대사:24	1	それじゃあ、兵舎で説明を\n聞いてくればいいのよね。	
C07039	SSS5/359:2D8	대사:23	1	んだ。	
C07040	SSS5/359:2DF	대사:24	1	そうと決まれば、早く\n行かなきゃ!	
C07041	SSS5/359:334	대사:11	1	本当に大丈夫ですか?	
C07042	SSS5/359:34F	대사:0E	1	洞仙なんて、赤子の手をひねるより\n簡単に退治してみせますわ。	
C07043	SSS5/359:37A	대사:14	1	期待してるぞ!	
C07044	SSS5/359:38A	대사:0E	1	この玲蘭に任せてください。	
C07045	SSS5/359:3AA	대사:0E	1	では♡	
C07046	SSS5/359:3F9	대사:09	1	ん、なんだ?	
C07047	SSS5/359:423	대사:0E	1	もう、邪魔よ!!	
C07048	SSS5/359:452	대사:0E	2	賞金	
C07049	SSS5/359:46C	대사:0E	1	賞金♡	
C07050	SSS5/359:47B	대사:0E	1	賞金♡♡	
C07051	SSS5/359:49D	대사:09	1	まったく世の中、金ばかりでも\nあるまいに　　	
C07052	SSS5/359:4CC	대사:09	1	も{03:02}、戻って来た　　	
C07053	SSS5/359:4E9	대사:0E	1	聞えたわよ!	
C07054	SSS5/359:4F4	대사:09	1	お金、お金って、はしたないですよ。	
C07055	SSS5/359:514	대사:0E	1	そんなんだから、いつまでたっても\n番兵なのよ!	
C07056	SSS5/359:531	대사:0E	1	スカぽら!	
C07057	SSS5/359:55B	대사:09	1	ぐえっ!	
C07058	SSS5/359:5F9	대사:F9	1	　{03:01}　{03:01}まだまだよ　　	
C07059	SSS5/359:64C	대사:FD	1	また来やがったか{0A}賞金稼ぎが!	
C07060	SSS5/359:6B7	대사:FD	1	また来やがったか　　	
C07061	SSS5/359:6CD	대사:03	1	あら、私はここに来たのは\n始めてよ!	
C07062	SSS5/359:6EB	대사:FD	1	滅らず口たたくなぁ!	
C07063	SSS5/359:700	대사:FD	1	すぐに、たたき出してやる!	
C07064	SSS5/359:73F	대사:03	1	貴方に出来るかしら?	
C07065	SSS5/359:772	대사:FE	1	ちょっと待ってよ{08}{05:00}	
C07066	SSS5/359:795	대사:03	1	なによ貴方、私の賞金を\nよこ取りする気!	
C07067	SSS5/359:7BA	대사:FE	1	そんな訳ないでしょ!	
C07068	SSS5/359:7DF	대사:FE	1	ねえ、{05:00}戦う前に	
C07069	SSS5/359:7EE	대사:FE	1	洞仙が大地の為に働いてるって{0A}きちんと説明しなくちゃ!	
C07070	SSS5/359:827	대사:FD	1	こいつにか?	
C07071	SSS5/359:831	대사:FD	1	説明したって分からないよ。	
C07072	SSS5/359:848	대사:FE	1	そんな、話す前から\nあきらめてちゃ駄目よ!	
C07073	SSS5/359:868	대사:FD	1	話し合いか　　	
C07074	SSS5/359:889	대사:FD	1	そんじゃあ、俺の名は{05:00}!	
C07075	SSS5/359:8B9	대사:FE	1	えと、私は{05:01}\nあなたの名前は?	
C07076	SSS5/359:8DD	대사:03	1	私の名前は林玲蘭!	
C07077	SSS5/359:8FA	대사:03	1	さあ行くわよ高額賞金首!	
C07078	SSS5/359:90F	대사:FD	1	ケッ、相手にとって不足だが\n勝負してやる!	
C07079	SSS5/359:957	대사:03	1	それは、こっちのセリフよ!	
C07080	SSS5/359:98C	대사:03	3	なによ!	
C07081	SSS5/359:9A5	대사:FE	1	もう、{05:00}何も\n説明してないじゃない!	
C07082	SSS5/359:9DD	대사:FE	1	私たちの目的は、大地を蘇らせる\nことなのよ。	
C07083	SSS5/359:A0B	대사:FD	1	と言う事だ。	
C07084	SSS5/359:A20	대사:FE	1	おうちゃくしないでよぉ!	
C07085	SSS5/359:A40	대사:03	1	私の目的は、あんた達にかけられた\n賞金をいただく事よ♡	
C07086	SSS5/359:A6A	대사:03	1	そんじゃあ、行くわよ!	
C07087	SSS5/359:ABB	대사:FE	1	あなた達、ちょっとは人の話し\n聞きなさいよ!	
C07088	SSS5/359:ADE	대사:FD	1	俺もか?	
C07089	SSS5/359:AEA	대사:FE	1	だから{03:01}　{03:01}　{03:01}話し合いで{0A}解決しなきゃ!	
C07090	SSS5/359:B2D	대사:FD	1	こいつに俺の目的を理解して\nもらうって事?	
C07091	SSS5/359:B5A	대사:03	1	理解したら賞金倍額?	
C07092	SSS5/359:B79	대사:FE	1	それはないと思うけど　　	
C07093	SSS5/359:B8F	대사:03	1	じゃあ、話しても無駄ね。	
C07094	SSS5/359:BB7	대사:FD	1	あいつ、聞く気ぜんぜん無いから\n説得なんて、無理だよ。	
C07095	SSS5/359:BDD	대사:03	1	だって、お金にならないもん。	
C07096	SSS5/359:BF0	대사:03	1	もう、気が済んだ?	
C07097	SSS5/359:C27	대사:03	1	問答無用の生死問わずよ!	
C07098	SSS5/359:C41	대사:FD	3	行くぜ!	
C07099	SSS5/359:C9E	대사:FE	1	もう勝手にしてよ!	
C07100	SSS5/359:CD7	대사:03	1	な、なかなかやるわね。	
C07101	SSS5/359:D37	대사:03	1	こんなに疲れて、あれっぽちの\n賞金じゃ割に合わないわ。	
C07102	SSS5/359:D60	대사:03	1	私が悪かったわ。	
C07103	SSS5/359:D71	대사:FE	1	解ってくれたの?	
C07104	SSS5/359:D81	대사:03	1	なんとかの為に働くってこと?	
C07105	SSS5/359:D98	대사:FE	1	大地の為よ!	
C07106	SSS5/359:DAB	대사:03	1	いま全て、理解できたって感じ!	
C07107	SSS5/359:DC5	대사:FD	1	ホントか?	
C07108	SSS5/359:DCE	대사:03	1	じゃあ急いで、地上の人たちに\n知らせて来なきゃ♡	
C07109	SSS5/359:E1C	대사:FD	1	ありゃ全然理解してないな。	
C07110	SSS5/360:2E	대사:FD	1	そろそろ、半分くらいだね。	
C07111	SSS5/360:41	대사:FE	1	大地の力は、戻って来たかしら?	
C07112	SSS5/360:59	대사:FD	1	多分　　	
C07113	SSS5/360:A3	대사:FD	1	でも、なんだか大地の復活が\nにぶい様な　　気のせいか。	
C07114	SSS5/360:DF	대사:FD	1	家に戻って休もうか?	
C07115	SSS5/360:207	대사:FD	1	{05:01}の作った料理\nホントおいしかったよ。	
C07116	SSS5/360:239	대사:00	1	じゃあ、あとかたずけするから。	
C07117	SSS5/360:24C	대사:FD	1	俺も手伝うよ。	
C07118	SSS5/360:261	대사:00	1	ホント、じゃあ二人でやりましょう。	
C07119	SSS5/360:28A	안내:0C	1	その日の夜更け　　	
C07120	SSS5/360:2E4	대사:FD	1	{05:01}と一緒にいると\n楽しいけど　　修行サボってる\nみたいな感じだ。	
C07121	SSS5/360:314	대사:FD	1	この様子、老師が見たら何て\n言うだろう?	
C07122	SSS5/360:33A	대사:FD	1	怒るかな?	
C07123	SSS5/360:344	대사:FD	1	それとも、それもまた修行なんて\n言うかも　　	
C07124	SSS5/360:365	대사:FD	1	って、そんな都合のいいこと\n言う訳ないか!	
C07125	SSS5/360:38D	대사:FD	1	洞仙の仕事なんざぁ、誰も解りゃ\nしないって老師は言ってたけど　　	
C07126	SSS5/360:3BC	대사:FD	1	{05:01}は違ってた。	
C07127	SSS5/360:3D0	대사:FD	1	{05:01}が来てから{0A}ずいぶんいろんな事があったな。	
C07128	SSS5/360:415	대사:00	1	寝れないの?	
C07129	SSS5/360:42D	대사:FD	1	いろいろと考えていたのさ。	
C07130	SSS5/360:43F	대사:00	1	どんなこと。	
C07131	SSS5/360:449	대사:FD	1	何がきっかけで、君とこうして\n一緒にいるのかな、ってさ。	
C07132	SSS5/360:46D	대사:00	1	そおねぇ{03:01}　{03:01}　{03:01}	
C07133	SSS5/360:486	대사:00	1	運命的な出会いが、あったから\nじゃないかな♡	
C07134	SSS5/360:4B0	대사:FD	1	運命的な出会い?	
C07135	SSS5/360:4C1	대사:FD	1	もしかして、あの時のあれ?	
C07136	SSS5/360:4D3	대사:00	1	♡♡♡♡	
C07137	SSS5/360:4DF	대사:FD	1	あの驚いて、逃げ出した事が\n運命的な出会い?	
C07138	SSS5/360:509	대사:00	1	もぉ!	
C07139	SSS5/360:510	대사:00	1	驚いたのは、仙獣なんか見たこと\n無かったからよ。	
C07140	SSS5/360:538	대사:00	1	でも、その事も、あなたのコト\n忘れられなくなった理由の\n一つだったのかも?	
C07141	SSS5/360:56D	대사:FD	7	ふーん。	
C07142	SSS5/360:57E	대사:00	1	もう、気の無い返事ね。	
C07143	SSS5/360:593	대사:FD	1	でも、あの時、なんであんな\n山の中にいたの?	
C07144	SSS5/360:5B0	대사:00	2	それは　　	
C07145	SSS5/360:5C2	대사:00	1	わたしの家って、お父さんもお母さんも\n死んじゃっていないの。	
C07146	SSS5/360:5E8	대사:00	1	それで、弟と二人で暮らしてたんだ。	
C07147	SSS5/360:608	대사:FD	1	苦労したんだ。	
C07148	SSS5/360:615	대사:00	1	私たち兄弟が、暮らしていく{0A}くらいの蓄えはあったから。	
C07149	SSS5/360:640	대사:00	1	でも弟は、病気がちで　　	
C07150	SSS5/360:655	대사:00	1	あの時も、業を買いに隣の町に\n行った時だったの。	
C07151	SSS5/360:678	대사:FD	1	弟は、今はどうしているの?	
C07152	SSS5/360:697	대사:00	1	　{03:02}　{03:02}　{03:02}　{03:02}	
C07153	SSS5/360:6B0	대사:FD	8	そうか　　	
C07154	SSS5/360:6C7	대사:FD	1	でも、君が亡くなった弟の分まで\n幸せになればいいんだよ。	
C07155	SSS5/360:71B	대사:00	1	違うの、誤解を招く言い方で\nごめんなさい。	
C07156	SSS5/360:749	대사:FD	1	じゃあ、弟さん亡くなった\n訳じゃないんだ。	
C07157	SSS5/360:771	대사:00	1	それが、死んでは、いないん\nだけど　　	
C07158	SSS5/360:78B	대사:00	1	自分が病弱なのは、修行が足りない\nからだって言って　　	
C07159	SSS5/360:7B4	대사:00	1	家を飛び出してしまったの。	
C07160	SSS5/360:7D0	대사:FD	1	どのくらい前の話?	
C07161	SSS5/360:7E6	대사:00	1	一年以上前の話よ。	
C07162	SSS5/360:7F9	대사:00	1	あれこれ手をつくして、捜したんだけど\n結局、見つからなかったの。	
C07163	SSS5/360:822	대사:FD	1	まあ、便りが無いのは、元気な\n証拠って事で!	
C07164	SSS5/360:850	대사:00	1	それよりも、{05:00}は?	
C07165	SSS5/360:85E	대사:FD	1	俺の家族?	
C07166	SSS5/360:899	대사:FD	1	家族の記憶なんて、無いけどなぁ\n気がついたら老師と一緒で。	
C07167	SSS5/360:8CB	대사:FD	1	そんでもって、めちゃくちゃな修行\nさせられてた様な気がする。	
C07168	SSS5/360:8FF	대사:00	1	子供の頃から?	
C07169	SSS5/360:914	대사:FD	1	そうそう、おまえには仙骨があるなんて\n言われてさ、他にする事なかったし。	
C07170	SSS5/360:947	대사:FD	1	修行も別に、つらくなかったしね。	
C07171	SSS5/360:95E	대사:00	1	へぇー	
C07172	SSS5/360:965	대사:FD	1	まあ老師が、親代わりってわけさ。	
C07173	SSS5/360:988	대사:00	1	じゃあ、おじいちゃん子って事ね。	
C07174	SSS5/360:9A5	대사:FD	1	そうなるのかなぁ?	
C07175	SSS5/360:A07	대사:FD	1	今日も張り切って、行こうか!	
C07176	SSS5/360:A25	대사:04	1	ええ、がんばりましょう。	
C07177	SSS5/360:A35	대사:05	1	ググゥガガァ	
C07178	SSS5/360:A50	대사:FD	1	どおしたんだ{07}調子悪いのか?	
C07179	SSS5/360:A93	대사:05	1	ウウウゥ	
C07180	SSS5/360:AA1	대사:04	1	甘えんぼうさんねぇ。	
C07181	SSS5/360:AC6	대사:04	1	大丈夫みたい。	
C07182	SSS5/360:ADC	대사:FD	1	わかった、仙窟に出かけよう!	
C07183	SSS5/360:C23	대사:FD	1	まただ、陽気を入れられない　　	
C07184	SSS5/360:C42	대사:FE	1	やっぱり、原因ってこの奥に\nあるのかしら　　	
C07185	SSS5/360:C64	대사:FD	1	探索してみるしかない様だね。	
C07186	SSS5/361:31	검증필요	1	Kめンウ{00}	
C07187	SSS5/361:6C	대사:0E	1	というわけでして・・	
C07188	SSS5/361:81	대사:04	1	ふむ、今回の洞仙が手強いのは\n分かった。	
C07189	SSS5/361:AA	대사:04	1	して現状はどうじゃ?	
C07190	SSS5/361:BA	대사:11	1	現在の仙窟撃滅部隊の損害率は\n6割あまり。死者は無いのですが{0A}負傷者は多数です。	
C07191	SSS5/361:101	대사:14	1	それよりも問題なのは、兵達が\n再び仙窟に向かうのを恐れている\nという事です。	
C07192	SSS5/361:135	대사:04	1	我が軍の屈強な兵達がか?	
C07193	SSS5/361:14B	대사:14	1	なんでも、恐ろしい龍が\nいるとかいないとかで　　	
C07194	SSS5/361:16B	대사:04	1	龍じゃと　　まさか黒い龍では?	
C07195	SSS5/361:183	대사:14	1	私もそう思い調べた所、黒い龍では\nありませんでした。	
C07196	SSS5/361:1AE	대사:04	1	今回はワシが直接出よう。	
C07197	SSS5/361:1C6	대사:11	1	将軍自らかですか・・	
C07198	SSS5/361:213	대사:07	1	くっ、なかなかやるな　　	
C07199	SSS5/361:25A	대사:07	1	天転を倒したという噂は\n嘘ではないようだな。	
C07200	SSS5/361:280	대사:FD	1	誰と戦ったなんて、いちいち\n覚えて無いよな。	
C07201	SSS5/361:490	대사:FD	1	{05:02}もう止めろ!	
C07202	SSS5/361:4C3	대사:FE	1	もうこの人と戦わなくて\nいいのよ!	
C07203	SSS5/361:4DD	대사:FC	1	グルルルゥゥ	
C07204	SSS5/361:59D	대사:FD	1	ま、{03:02}まただ　　	
C07205	SSS5/361:5AC	대사:FC	1	{05:00}大地を蘇らせる\nんじゃなかったの?	
C07206	SSS5/361:5D9	대사:FD	1	また、話せるように\nなったのか!?	
C07207	SSS5/361:601	대사:FD	1	し・しゃべれるのか!?	
C07208	SSS5/361:614	대사:FE	1	{05:02}!あなた話せるの?	
C07209	SSS5/361:632	대사:FC	1	{05:01}のおかげでね。	
C07210	SSS5/361:648	대사:FC	1	{05:00}、どうしていつも\nこいつらを帰してしまうんだ!	
C07211	SSS5/361:667	대사:FD	1	どういう意味だ!?	
C07212	SSS5/361:676	대사:FC	1	こいつは、仙窟をあらす\n極悪人だよ!	
C07213	SSS5/361:691	대사:FC	1	だから、殺さないと　　	
C07214	SSS5/361:737	대사:FD	1	やめろ!	
C07215	SSS5/361:747	대사:07	1	グフッ、ここは引かせてもらおう。	
C07216	SSS5/361:75F	대사:FC	1	逃がさない!	
C07217	SSS5/361:783	대사:FD	1	追うな!	
C07218	SSS5/361:89B	대사:FC	1	どうして邪魔するんだ!	
C07219	SSS5/361:8B3	대사:FD	3	どうしてって　　	
C07220	SSS5/361:8C8	대사:FC	1	あいつらを帰すと、また\n邪魔しに来るんだ!	
C07221	SSS5/361:8E5	대사:FD	1	それは、分かってる。	
C07222	SSS5/361:8FB	대사:FD	1	だからって、殺す訳には{0A}いかないんだよ!	
C07223	SSS5/361:915	대사:FC	1	なぜなんだ?	
C07224	SSS5/361:932	대사:FC	1	あいつらは、敵だろ?	
C07225	SSS5/361:94B	대사:FE	1	敵って訳じゃないのよ　　	
C07226	SSS5/361:96F	대사:FC	1	敵だ!	
C07227	SSS5/361:98C	영문	8	{05:02}	
C07228	SSS5/361:9A2	대사:FE	1	あなたと、お話できる日が\n来るなんて思いもよらなかったわ。	
C07229	SSS5/361:9D8	대사:FC	1	僕もだ	
C07230	SSS5/361:9E7	대사:FE	1	あの人たちは、何も知らないの　　	
C07231	SSS5/361:A07	대사:FE	1	話しても分かってはくれないし。	
C07232	SSS5/361:A23	대사:FC	1	だから敵でしょ?	
C07233	SSS5/361:A37	대사:FE	1	違うの　　	
C07234	SSS5/361:A4E	대사:FC	1	分からない　　	
C07235	SSS5/361:A63	대사:FE	1	私達は、地上の人たちに\n怖がられてるの。	
C07236	SSS5/361:A88	대사:FE	1	雷漢さん達は、私たちを追い出して\n地上の人たちを安心させようと\nしていたの。	
C07237	SSS5/361:ABD	대사:FE	1	本当は、悪い人たちじゃないのよ。	
C07238	SSS5/361:AD5	대사:FE	1	ただ、ちょっとだけ立場が\n違うだけ　　	
C07239	SSS5/361:AF1	대사:FC	1	敵だけど悪く無いって事?	
C07240	SSS5/361:B05	대사:FE	1	敵じゃないのよ　　	
C07241	SSS5/361:B21	대사:FD	1	まあ、そういうこった。	
C07242	SSS5/361:B80	대사:FD	1	邪魔者も去ったし仙窟に\n戻るか!	
C07243	SSS5/361:BB5	대사:FC	1	仙窟には戻れない!!	
C07244	SSS5/361:BDE	대사:FC	1	やっぱり僕には、分からない。	
C07245	SSS5/361:C01	대사:FE	1	どうするの　　	
C07246	SSS5/361:C15	대사:FC	1	少しここに残って\n考えていい?	
C07247	SSS5/361:C32	대사:FD	1	そんな事、言うなよ{07}一緒に行こう。	
C07248	SSS5/361:CB0	대사:FE	1	きゃーっ!	
C07249	SSS5/361:CCE	대사:FE	2	だいじょうぶ	
C07250	SSS5/361:CED	대사:FC	1	ダメなんだ!!	
C07251	SSS5/361:CFF	대사:FC	1	とにかく考えさせてくれ。	
C07252	SSS5/361:D64	대사:FD	1	好きにしろ	
C07253	SSS5/361:D80	대사:FD	1	腹がへったら帰って来いよ。	
C07254	SSS5/361:ED5	대사:1F	1	これは　　まさか知恵の実の種か!!	
C07255	SSS5/361:EF9	대사:20	1	知恵の実じゃと!?	
C07256	SSS5/361:F10	대사:1F	1	間違いありません。	
C07257	SSS5/361:F26	대사:FE	1	それをどうする気なの!	
C07258	SSS5/361:F36	대사:1F	1	黙れ、娘!	
C07259	SSS5/361:F41	대사:1F	1	おい洞仙、何処でこれを手に入れた?	
C07260	SSS5/361:FAC	대사:FD	1	お、{03:01}教えてたまるか!	
C07261	SSS5/361:FC4	대사:20	1	止めよ。	
C07262	SSS5/361:FD2	대사:20	1	貴様を殺すのは、今日の所は\n止めておこう。	
C07263	SSS5/361:FF2	대사:20	1	貴様の命の代わりに、それを\nいただいて行く。	
C07264	SSS5/361:1011	대사:20	1	奪え!	
C07265	SSS5/361:1019	대사:1F	1	ハッ!	
C07266	SSS5/361:1038	대사:22	1	それでは遺恨を残すことになります。	
C07267	SSS5/361:1057	대사:20	1	奪う時は殺さぬ。殺す時には奪わぬ。	
C07268	SSS5/361:107B	대사:22	1	その様なことおっしゃられても　　	
C07269	SSS5/361:1092	대사:20	1	この程度の洞仙であれば、いつでも\n相手をしてやるわい。	
C07270	SSS5/361:10B7	대사:20	1	これ以上の悪さをできぬ様、仙窟は\nすべて破壊しておけ!	
C07271	SSS5/361:10E8	대사:20	1	今回は命はとらん、早々に{0A}この土地から出ていくがいい!	
C07272	SSS5/361:1116	대사:22	1	娘よ、次は無いと伝えるんだぞ。	
C07273	SSS5/361:11B8	대사:FD	1	くそぉ　　	
C07274	SSS5/361:11D4	대사:FD	1	奴が、あんなに強いなんて　　	
C07275	SSS5/361:11EA	대사:FE	1	{05:02}にあげるはずだった\nカオスシード　　取られちゃったわね。	
C07276	SSS5/361:121D	대사:FD	1	{05:02}の為にも\n絶対に奪い返す。	
C07277	SSS5/361:124B	안내:08	1	 破壊された仙窟を、全て修理するまで\n \n      街に行く事と{0A} \n龍穴炉に陽気を振り込む事は、出来ません。	
C07278	SSS5/361:12BC	안내:0A	1	破壊された仙窟を、全て修理するまで\n \n 陽気を振り込む事は、出来ません。	
C07279	SSS5/361:12FF	대사:FD	1	仙窟の修理は、終わった。	
C07280	SSS5/361:131A	대사:FD	1	さあ、カオスシードを取り\n戻しに行くぜ!	
C07281	SSS5/361:133D	대사:FE	1	{05:00}カオスシードを奪われてから\n人が変わったみたい　　	
C07282	SSS5/361:1367	대사:FE	1	でも　　雷漢将軍に勝てるの?	
C07283	SSS5/361:1380	대사:FD	1	あの時の俺とは違う!	
C07284	SSS5/361:13D2	대사:FD	1	カオスシードを取り戻すまでは\n仙窟での作業は、集中できない!	
C07285	SSS5/361:144D	글	1	あなたに大地の加護が\nありますように	
C07286	SSS5/364:62	대사:24	1	なんと、雷漢殿が、負けて\nしまったとな!	
C07287	SSS5/364:7E	대사:23	1	なんでも、洞仙ってのは恐ろしく\n強いらしいべ!	
C07288	SSS5/364:9D	대사:23	1	その上、狂暴な龍を連れて\nるらしいべ。	
C07289	SSS5/364:B9	대사:24	1	ほう、龍とな。	
C07290	SSS5/364:C5	대사:23	1	それでも、洞仙退治に乗り\n換えるべか?	
C07291	SSS5/364:E7	대사:24	1	ちと迷っている所じゃな。	
C07292	SSS5/364:100	대사:23	1	弱い相手に将軍は負けないべ。	
C07293	SSS5/364:12A	대사:24	1	それでは、ひとつ手合わせ\nして参ろうかのう?	
C07294	SSS5/364:193	대사:F9	2	さて、まずは洞仙を探さねばな。	
C07295	SSS5/364:1BE	대사:F9	3	ここかのう	
C07296	SSS5/364:21C	대사:03	1	おぬしが洞仙じゃな	
C07297	SSS5/364:22B	대사:FD	1	また、賞金稼ぎか?	
C07298	SSS5/364:23B	대사:03	1	さてさて	
C07299	SSS5/364:243	대사:03	1	拙者、そんなのんきな者では\nござらんぞ!	
C07300	SSS5/364:28E	대사:FD	1	そんじゃ何の用だ?	
C07301	SSS5/364:29D	대사:03	1	拙者の用件かな。	
C07302	SSS5/364:2D1	대사:FE	1	私たち大地を蘇らせる為に\nがんばっているのよ。	
C07303	SSS5/364:2F4	대사:FE	1	賞金稼ぎじゃなければ{0A}帰って欲しいの　　	
C07304	SSS5/364:313	대사:03	1	そうはいかん。	
C07305	SSS5/364:354	대사:03	1	まずは、拙者の生き様聞いて\nいだだこう。	
C07306	SSS5/364:37E	대사:03	1	東に戦の種あれば	
C07307	SSS5/364:397	대사:03	1	駆け付け双方、両成敗!	
C07308	SSS5/364:3B9	대사:03	1	西に強者噂を聞けば	
C07309	SSS5/364:3D3	대사:03	1	駆け付け真剣、果たし合い!	
C07310	SSS5/364:3F3	대사:03	1	天下無双の漢との	
C07311	SSS5/364:41A	대사:03	1	勝負が拙者のメシの種	
C07312	SSS5/364:44D	대사:03	1	流れ渡ったこの国で、ついに\n見つけた好敵手	
C07313	SSS5/364:46F	대사:03	1	って、なところなのでな。	
C07314	SSS5/364:493	대사:FE	1	勝手に好敵手とか行ってるわよ\nあの人	
C07315	SSS5/364:4BA	대사:03	1	あの人ではござらん。	
C07316	SSS5/364:4D3	대사:03	1	いやいや、申し遅れたのは\n拙者の非礼か	
C07317	SSS5/364:4F3	대사:03	1	拙者、捜人死郎と申す。	
C07318	SSS5/364:50C	대사:FD	1	俺は洞仙、{05:00}	
C07319	SSS5/364:51D	대사:FE	15	私は{05:01}	
C07320	SSS5/364:526	대사:03	1	フフフ、噂は聞き及んでいる。	
C07321	SSS5/364:53E	대사:03	1	拙者、雷漢殿と戦おうと思い{0A}この国に渡ってきたんじゃが　	
C07322	SSS5/364:568	대사:03	1	その雷漢殿が、{05:00}殿に\n負けたと聞き及び	
C07323	SSS5/364:587	대사:03	1	この仙窟なる場所に、参上したしだい。	
C07324	SSS5/364:5AD	대사:03	1	勝負、受けて下さるな?	
C07325	SSS5/364:5CC	대사:FD	1	まあいいけど　　	
C07326	SSS5/364:5DA	대사:03	1	承知	
C07327	SSS5/364:60B	대사:FD	1	はぁはぁ	
C07328	SSS5/364:65A	대사:FE	1	いきなりなんて、ずるいわよ!	
C07329	SSS5/364:66F	대사:03	1	双方納得の死会い、怨むのは\n筋違いじゃと思うがな。	
C07330	SSS5/364:698	대사:FE	2	ゆるさない!	
C07331	SSS5/364:6C5	대사:00	2	待て!!	
C07332	SSS5/364:6CE	영문	2	{05:02}!?	
C07333	SSS5/364:6D6	대사:03	1	ほほう、おぬしがウワサの\n邪龍だな。	
C07334	SSS5/364:756	검증필요	2	Zさァゴ{00}	
C07335	SSS5/364:781	대사:00	1	借りを返しに来たんだ。	
C07336	SSS5/364:793	대사:FE	1	借り?	
C07337	SSS5/364:79B	대사:FD	1	一緒に戦ってくれるのか?	
C07338	SSS5/364:7B8	대사:00	8	グルルルゥ	
C07339	SSS5/364:7E2	대사:03	2	死ぬがいい妖怪!	
C07340	SSS5/364:83E	대사:03	2	拙者も、まだまだ修行が\nたらんでござるな。	
C07341	SSS5/364:877	대사:03	2	ここは、引かせてもらうでござる。	
C07342	SSS5/364:88C	대사:FE	2	はやく帰って!	
C07343	SSS5/364:8B6	대사:FE	2	もういいの、あの人は帰って\nいったのよ。	
C07344	SSS5/364:8EE	대사:FC	2	あぶない所だったな\n{05:00}。	
C07345	SSS5/364:900	대사:FD	2	助かったよ。	
C07346	SSS5/364:911	대사:FC	2	これで育ててもらった\n借りは、返せたか?	
C07347	SSS5/364:93A	대사:FD	2	借りとか貸しとか　　\n俺達は仲間だろ?	
C07348	SSS5/364:959	대사:FC	1	僕はもう、{05:00}達と\nー緒にいることは出来ない。	
C07349	SSS5/364:979	대사:FC	2	最後に育ててもらった恩を\n{05:00}に返したかったんだ!	
C07350	SSS5/364:99E	대사:FD	1	最後って、どういう事だい?	
C07351	SSS5/364:9B5	대사:FC	1	王蒼幻の言葉、忘れたのか　　\n僕を育ててはいけないっていう。	
C07352	SSS5/364:9F2	대사:FE	1	いったいどうしたの?	
C07353	SSS5/364:A00	대사:FE	1	何があったの?	
C07354	SSS5/364:A13	대사:FC	1	{05:01}、前に言ってたよね。	
C07355	SSS5/364:A25	대사:FC	1	雷漢達と{05:00}って{0A}ちょっとだけ立場が違うって。	
C07356	SSS5/364:A46	대사:FC	1	立場が違う雷漢達と{0A}話せば分かりあえる?	
C07357	SSS5/364:A6B	대사:FE	1	いつか、必ず解りあえる日は来るわ。	
C07358	SSS5/364:A8B	대사:FC	1	{05:00}、邪精とは\n解りあえる?	
C07359	SSS5/364:AA3	대사:FD	1	どうして、そんな事聞くんだ?	
C07360	SSS5/364:AB9	대사:FC	1	いいから正直に答えてよ{09}邪精と解りあえるかどうか	
C07361	SSS5/364:AEA	대사:FD	1	無理だろうな。	
C07362	SSS5/364:B13	대사:FC	3	グウゥ	
C07363	SSS5/364:B28	영문	5	{05:02}!!	
C07364	SSS5/364:B39	대사:FD	1	様子がおかしい\n追いかけよう!	
C07365	SSS5/364:BBF	대사:13	3	ついて来るな!	
C07366	SSS5/364:BE3	대사:13	1	もう、一緒にいることは\n出来ないんだ!	
C07367	SSS5/364:BFE	대사:FE	1	さっきからいったい\nどうしちゃったの?	
C07368	SSS5/364:C15	대사:13	1	蒼幻の言っていたことは\n本当なんだ　　	
C07369	SSS5/364:C33	대사:13	1	この地の龍脈がおかしくなったのは{0A}僕のせいなんだ　　	
C07370	SSS5/364:C60	대사:FD	2	なんだって?	
C07371	SSS5/364:C6A	대사:13	1	いまだって{05:00}が\n命懸けで集めた陽気が　　	
C07372	SSS5/364:CAE	대사:13	1	少しずつ僕の身体に取り込まれて\nいるんだ　　	
C07373	SSS5/364:CEE	대사:13	1	邪精達と同じなんだ!	
C07374	SSS5/364:D00	대사:13	1	大地の陽気を取らなきゃ\n生きられないんだ!	
C07375	SSS5/364:D1F	대사:13	1	どうする?{05:00}。	
C07376	SSS5/364:D2B	대사:13	1	僕を殺さない限り大地は元には\n戻らないんだ!!	
C07377	SSS5/364:D57	대사:FE	1	どうしたらいいの　　	
C07378	SSS5/364:D71	대사:13	1	どうにもならないんだ　　\n僕の身体は、大地の陽気を\n取り込む様に出来ている。	
C07379	SSS5/364:DB0	대사:13	1	そうしなければ、生きられ\nないんだ　　	
C07380	SSS5/364:DCA	대사:FE	1	{05:02}　　	
C07381	SSS5/364:DFB	대사:13	1	僕を殺すか!	
C07382	SSS5/364:E10	대사:13	1	それとも、雷漢達みたいに\nてきとうにあしらうかい?	
C07383	SSS5/364:E62	대사:FD	1	俺は　　どうしたらいいんだ　　	
C07384	SSS5/364:F14	대사:FD	1	二人ともいなくなった　　	
C07385	SSS5/364:F2B	대사:FD	2	扉の向うか?	
C07386	SSS5/364:F89	글	2	　　　　{p}大地の加護を	
C07387	SSS5/365:193	대사:FD	1	また、成長したのか!?	
C07388	SSS5/365:1A9	대사:FE	1	なんか、今度はすんごく\n大きくなったわよ!	
C07389	SSS5/365:1C5	대사:FE	1	これなら、どんな進入者も簡単に\n追い出せるわね。	
C07390	SSS5/365:1F0	대사:02	1	ギャブルルルゥ	
C07391	SSS5/365:214	안내:0A	1	{05:02}は、より強力な姿に成長しました。	
C07392	SSS5/365:245	대사:FD	1	また成長した　　	
C07393	SSS5/365:26D	대사:02	1	どうして、種を僕に食べさせて\nくれないんだ　　	
C07394	SSS5/365:2A9	대사:FE	1	{05:02}がしゃべった!?	
C07395	SSS5/365:2B7	대사:FD	1	おまえ、しゃべれる様になったのか!!	
C07396	SSS5/365:2DC	대사:02	1	{05:00}種をくれよ	
C07397	SSS5/365:2F9	대사:FE	1	どうして種が欲しいの?	
C07398	SSS5/365:30A	대사:02	1	それを食べると、自分の力を\n押さえられる様な気がするんだ。	
C07399	SSS5/365:33A	대사:FD	1	力を押さえる?	
C07400	SSS5/365:34C	대사:02	1	種をくれよ!	
C07401	SSS5/365:360	대사:FD	1	{05:01}、カオスシードに養分って\n行き渡っているの?	
C07402	SSS5/365:385	대사:FE	1	まだ、半分くらいよ	
C07403	SSS5/365:394	대사:02	1	それでもいい、とにかく食べさせて　　	
C07404	SSS5/365:3B6	글	3	食べさせない\n食べさせる	
C07405	SSS5/365:3DB	대사:FD	1	駄目だよ　　食べるなら完全に\nなってからじゃなきゃ。	
C07406	SSS5/365:40D	대사:02	1	{05:00}は、やっぱり僕の事を\nぜんぜん分かってくれてない。	
C07407	SSS5/365:432	대사:02	1	すぐに必要なんだ!	
C07408	SSS5/365:453	대사:02	1	{05:01}お願いだ、僕に\nその種を　　	
C07409	SSS5/365:47F	대사:FE	1	{05:00}、とにかく食べさせて\nあげましょう?	
C07410	SSS5/365:4BF	대사:FD	1	駄目だよ、中途半端な物には\n効果は、無いだろうし　　	
C07411	SSS5/365:4E9	대사:FD	1	それに副作用で、おかしな事に\nなるかもしれない。	
C07412	SSS5/365:50B	대사:02	1	グルルゥ!	
C07413	SSS5/365:520	대사:FE	1	おかしな事になら、もうなってるわ。	
C07414	SSS5/365:539	대사:FE	1	どうしても駄目なの?	
C07415	SSS5/365:56B	대사:FD	1	駄目だよ。	
C07416	SSS5/365:579	대사:FD	1	食べさせるなら、完全な物に\nなってからだ!	
C07417	SSS5/365:5AC	대사:02	1	もう、{05:00}とは\n一緒には、いられない。	
C07418	SSS5/365:5CD	대사:FD	1	完全になったら、やるって言ってるだろ!	
C07419	SSS5/365:5E7	대사:02	1	違うんだ{03:01}　{03:01}　{03:01}もういい\n終わりだ。	
C07420	SSS5/365:616	대사:02	1	だって、僕と{05:00}とは\n敵どうしなんだよ。	
C07421	SSS5/365:639	대사:FE	1	敵どうしって、どういう事?	
C07422	SSS5/365:651	대사:02	1	蒼幻の言っていた事を、覚えている?	
C07423	SSS5/365:67F	대사:02	1	あいつが言っていたことは、本当なんだ{09}二人が、おかしな世界に放り出され\nそうになったのも{03:01}　{03:01}　{03:01}	
C07424	SSS5/365:6C9	대사:02	1	この地の龍脈が、おかしくなったのも\nみんな僕のせいなんだ!!	
C07425	SSS5/365:6F9	대사:02	1	いまだって{05:00}が命懸けで\n集めた陽気が、少しずつ僕の身体に\n吸い込まれているんだ　　	
C07426	SSS5/365:734	대사:02	1	どうする{05:00}、僕を殺さない限り\n大地は元には戻らないんだ!!	
C07427	SSS5/365:768	대사:FD	1	ほんとなのか?	
C07428	SSS5/365:776	대사:02	1	ウソで、こんな事言える訳ないだろ!	
C07429	SSS5/365:796	대사:FE	1	どうしたらいいの?	
C07430	SSS5/365:7A7	대사:02	1	どうにもならないんだ　　\n僕の身体は、大地の陽気を吸い上げて\n生きる様に出来ている。	
C07431	SSS5/365:7E4	대사:02	1	僕がこの世界で、生きるって事は\n大地を滅ぼすって事なんだ。	
C07432	SSS5/365:817	대사:FD	1	陽気を吸い上げるの止められないのか?	
C07433	SSS5/365:841	대사:02	1	止められるなら止めてるよ!	
C07434	SSS5/365:859	대사:FD	1	それで、カオスシードを\n欲しがったのか　　	
C07435	SSS5/365:87B	대사:02	1	そうさ、その種は、神通力の得られる\nすごい種なんだろ、それを食べれば\nもしかしたらって思ったんだ　　	
C07436	SSS5/365:8BB	대사:02	1	でももう遅い　　	
C07437	SSS5/365:8CA	대사:02	1	二人に全て知られてしまったから　　	
C07438	SSS5/365:8E5	대사:02	1	だから、もう　　{05:00}とは\n一緒にいられない。	
C07439	SSS5/365:90C	대사:02	1	ククク	
C07440	SSS5/365:913	대사:02	1	さしずめ僕に裏切られた感情{0A}憎しみってとこかい?	
C07441	SSS5/365:956	대사:FE	1	ちがうわ{03:01}　{03:01}　{03:01}哀しみよ	
C07442	SSS5/365:96F	대사:02	1	馬鹿にするな!	
C07443	SSS5/365:97C	대사:02	1	どうするんだ{05:00}{08}僕を殺すか!	
C07444	SSS5/365:991	대사:02	1	それとも、バカな人間達みたいに\nてきとうにあしらうかい?	
C07445	SSS5/365:9B7	대사:FD	1	俺はどうしたらいいんだ。	
C07446	SSS5/365:A74	대사:FD	2	追いかけよう!	
C07447	SSS5/365:B2E	대사:FE	1	この中に入って行っちゃった　　	
C07448	SSS5/365:B49	대사:FE	1	この扉開かないの　　	
C07449	SSS5/365:B6A	대사:FD	1	解封呪でも使わない限り、開かない扉を\n{05:02}の奴どうやって開けたんだ。	
C07450	SSS5/365:B99	대사:FE	1	解封呪を使えば開けられるの?	
C07451	SSS5/365:BB3	대사:FD	1	大丈夫、解封呪は、たとえ大地が\n蘇らなくも陽気が満ちれば必ず使える。	
C07452	SSS5/365:BE7	대사:FE	1	たとえ、大地が蘇らなくても　　	
C07453	SSS5/365:BFF	대사:FE	1	蒼幻が言ってた事、本当に\nなっちゃったわね。	
C07454	SSS5/365:C1F	대사:FD	1	忘れたの、奴はカオスシードの\n事も言ってだろ。	
C07455	SSS5/365:C42	대사:FE	1	じゃあ、完全になった種を食べさせれば\n{05:02}を助けられるの?	
C07456	SSS5/365:C73	대사:FD	1	必ず、助けられる。	
C07457	SSS5/365:C91	대사:FE	1	そうよね、信じるわ。	
C07458	SSS5/365:CA5	대사:FE	1	でも私、あの子が苦しんでるなんて\n全然わからなかったの。	
C07459	SSS5/365:CCA	대사:FE	1	友達失格よね。	
C07460	SSS5/365:CDC	대사:FD	1	友達に資格なんてないさ。	
C07461	SSS5/365:CFF	대사:FD	1	とにかく、{05:02}に会う為にも早く\n龍穴炉に陽気を入れなきゃ!	
C07462	SSS5/365:D41	대사:FD	1	わかったよ	
C07463	SSS5/365:D4A	대사:02	1	ホントか!?	
C07464	SSS5/365:DB4	대사:FE	1	{05:02}　　小さく\nなっちゃった。	
C07465	SSS5/365:DCA	대사:FD	2	大丈夫か?	
C07466	SSS5/365:DDB	대사:00	2	ぎゃうぎゃう?	
C07467	SSS5/365:DE6	대사:FD	1	今度は、しゃべれなくなったのか!?	
C07468	SSS5/365:E1A	안내:0A	1	{05:02}は、元の大きさに\n \n  戻ってしまった　　	
C07469	SSS5/365:E58	대사:FD	1	いったい、どうなって\nいるんだろう　　	
C07470	SSS5/365:E76	대사:FE	1	ねえ、ホントに種を食べさせて\nよかったのかしら?	
C07471	SSS5/365:E9E	대사:FC	2	ぎゃう?	
C07472	SSS5/365:EA6	대사:FE	1	力を押さえる為に、種を欲しいって\n言ってたのよね。	
C07473	SSS5/365:ECC	대사:FD	1	ああ。いったい　　力って\n何の事だったんだろう?	
C07474	SSS5/365:F16	대사:FD	1	これで、ひと安心って事で\nいいのかな?	
C07475	SSS5/365:F30	대사:FE	1	そうよね　　きっと全て\n上手くいくわ。	
C07476	SSS5/365:F59	대사:FD	1	そんじゃあ、気を取りなおして行こうか!	
C07477	SSS5/365:F7A	대사:FC	1	ぎゃう♡	
C07478	SSS5/365:107D	대사:FE	1	{05:02}が大きくなったわ。	
C07479	SSS5/365:1092	대사:FD	1	成長した!?	
C07480	SSS5/365:10B6	안내:0A	1	{05:00}達が見守るなか\n \n{05:02}はひとまわり\n \n大きな姿に成長しました。	
C07481	SSS5/366:71	글	1	大地の加護により、倉庫部屋が\n       作れるようになりました。	
C07482	SSS5/366:A5	대사:FD	2	龍穴炉に陽気は満ちたん\nだけど　　	
C07483	SSS5/366:13A	대사:FD	1	大地は、蘇らない　　	
C07484	SSS5/366:14D	대사:FD	1	やはり、{05:02}の言った\n通りなのか?	
C07485	SSS5/366:16B	대사:FD	1	俺は、{05:02}に会って\n何て言えばいいんだ　　	
C07486	SSS5/366:18A	대사:FD	1	解封呪が使えても、とても行く\n気にはなれない　　	
C07487	SSS5/366:1B3	대사:FD	1	いや、{05:01}もいるんだ\nすぐに行かなきゃ!	
C07488	SSS5/366:1F2	대사:FD	1	会えば何とかなる　　	
C07489	SSS5/366:204	대사:FD	1	必ず、いい方法があるはずだ。	
C07490	SSS5/366:26D	글	2	解封呪を使う{09}まだ使わない!	
C07491	SSS5/366:2C5	대사:FD	1	だけど　　、こんな気持ちのままじゃ\n永久に扉を開く事が出来ないよ。	
C07492	SSS5/366:602	대사:FD	2	王蒼幻!	
C07493	SSS5/366:60D	대사:08	1	何処に行くのです・・\n{05:00}?	
C07494	SSS5/366:631	대사:FD	1	決まってるだろ!{05:01}と\n{05:02}を迎えにだよ!	
C07495	SSS5/366:64C	대사:08	1	せっかくの助言を無視して、無駄に\n龍を育てたからでしょう。	
C07496	SSS5/366:678	대사:FD	3	うるさい!	
C07497	SSS5/366:684	대사:08	1	貴方は、これ以上進む必要も\n資格もありません。	
C07498	SSS5/366:6AF	대사:08	1	龍は、もう答えを出して\nいるのです。	
C07499	SSS5/366:6C8	대사:FD	1	何の答えだよ!	
C07500	SSS5/366:6D8	대사:08	1	龍がこの世界で、生きる為には\n様々な犠牲が必要なのです。	
C07501	SSS5/366:703	대사:08	1	だから、自分を受け入れて\nくれる世界に行くのです。	
C07502	SSS5/366:72A	대사:FD	1	仙獣界か?	
C07503	SSS5/366:736	대사:08	1	何処に行くつもりなのかは\n知りませんよ。	
C07504	SSS5/366:752	대사:08	1	重要なのは大地の陽気を奪う龍が{0A}いなくなれば、大地は救われる\nという事でしょう?	
C07505	SSS5/366:78D	대사:08	1	私も、あの龍が自分からいなくなって\nくれるなら助かりますよ。	
C07506	SSS5/366:7CD	대사:08	1	しかし、大地を守る事を教えられ{0A}自分の存在に罪悪感を感じてしまう。	
C07507	SSS5/366:7FF	대사:08	1	龍にとって残酷な話ですが　　	
C07508	SSS5/366:81A	대사:08	1	約束どおり貴方は、責任を\n取ったんですよ。	
C07509	SSS5/366:83D	대사:FD	1	俺の責任の取り方は、そんな\nやり方じゃ無い!	
C07510	SSS5/366:861	대사:08	1	全ては、終わった事です。	
C07511	SSS5/366:874	대사:08	1	もう、あの龍に会う必要は\n無いんですよ。	
C07512	SSS5/366:898	대사:FD	1	いいや!今からでも{0A}間に合う。	
C07513	SSS5/366:8AE	대사:08	1	いったい、誰が何に\n間に合うのですか?	
C07514	SSS5/366:8C9	대사:08	1	龍は、もう別の世界に\n旅立つのです。	
C07515	SSS5/366:8E5	대사:08	1	あきらめて帰りなさい。	
C07516	SSS5/366:8FA	대사:FD	1	{05:02}と{05:01}を\nほっとく訳にはいかないんだ!	
C07517	SSS5/366:914	대사:FD	1	絶対に帰ることなんて出来ない!	
C07518	SSS5/366:934	글	1	解封呪を使い、二人に会いに行く{08}とりあえず帰ると約束する。	
C07519	SSS5/366:964	대사:FD	1	分かった。	
C07520	SSS5/366:975	대사:08	1	理解していただけましたか?	
C07521	SSS5/366:988	대사:FD	1	{05:02}が、自分の世界に戻るなら{0A}{05:01}はどうなるんだ?	
C07522	SSS5/366:9AD	대사:08	1	さあ、一緒に連れて行くつもり\nなんでしょうね。	
C07523	SSS5/366:9D2	대사:FD	1	何処に?	
C07524	SSS5/366:9E6	대사:08	1	さあ?	
C07525	SSS5/366:9F3	대사:FD	1	解封呪は絶対使う!そして{0A}今すぐ{05:02}に会う!	
C07526	SSS5/366:A1C	대사:08	1	貴方が会いに行けば、状況は必ず\n悪い方に変わるでしょう。	
C07527	SSS5/366:A46	대사:08	1	行かせる訳には、いきません。	
C07528	SSS5/366:A5A	대사:FD	1	悪い方にだって!	
C07529	SSS5/366:A75	대사:FD	1	すべて、見透かした様な口の\nききかたしやがって!	
C07530	SSS5/366:A9F	글	1	お前を、ぶち倒して龍に会いに行く\nじゃあ、どうすればよかったんだ!	
C07531	SSS5/366:AD7	대사:FD	1	じゃあ、どうすれば\n良かったんだ!	
C07532	SSS5/366:AF8	대사:08	1	あなたは、種を手に入れ\nましたよね。	
C07533	SSS5/366:B11	대사:FD	1	カオスシードの事か?	
C07534	SSS5/366:B2E	대사:08	1	あれを上手く使えば、あるいは別の\n結果になっていたかも知れませんね。	
C07535	SSS5/366:B5E	대사:FD	1	人間界じゃ何処に植えても\n生えて来ないんだろ!	
C07536	SSS5/366:B8E	대사:08	1	苗床なら話しは別なんですよ。	
C07537	SSS5/366:BA7	대사:FD	1	苗床?龍穴炉にでも植えれば\n良かったのかよ!	
C07538	SSS5/366:BCF	대사:08	1	龍穴炉では駄目でしょう{09}もっと純粋な陽気の結晶でなければね。	
C07539	SSS5/366:BFF	대사:FD	1	わかんないよ!	
C07540	SSS5/366:C15	대사:08	1	フフフ、あの龍ですよ。	
C07541	SSS5/366:C2E	대사:FD	1	龍から知恵の実、だから　　	
C07542	SSS5/366:C72	대사:FD	1	桃の木が、どばーっと\n生えたりするのか?	
C07543	SSS5/366:C92	대사:08	1	龍から木が生えたりはしません。	
C07544	SSS5/366:CAB	대사:08	1	しかし、あの種はスカスカ\nでしたからね。	
C07545	SSS5/366:CC4	대사:08	1	種に、養分となる心を満たさねば{0A}ならなかったのです。	
C07546	SSS5/366:CED	대사:FD	1	意味が分からない事ばっかり\n言いやがって!	
C07547	SSS5/366:D18	대사:08	1	わかりませんか?	
C07548	SSS5/366:D24	대사:08	1	あれは、種が満たされるまで食べ\nさせては、いけなかったのですよ。	
C07549	SSS5/366:D51	대사:FD	1	もういい、理屈はたくさんだ!	
C07550	SSS5/366:D65	대사:FD	1	邪魔するなら、お前をぶち倒して{0A}二人の所に行く!	
C07551	SSS5/366:D8C	대사:08	1	おや、親切にいろいろ教えて差し\n上げた、私と戦うというのですか?	
C07552	SSS5/366:DB7	대사:FD	1	うるさい、このお子様が!	
C07553	SSS5/366:DD3	대사:08	1	未発達なのは、あなたなの\n頭の方でしょう!	
C07554	SSS5/366:DF1	대사:FD	1	老師は手を出すなって\n言ってたが　　	
C07555	SSS5/366:E0E	대사:FD	1	かんべんならねえ!	
C07556	SSS5/366:E1E	대사:08	1	自然体の構え　　	
C07557	SSS5/366:E30	대사:08	1	なるほど三界の弟子\nだったんですか。	
C07558	SSS5/366:E4A	대사:08	1	にしては、身の程を\n知らない様ですね。	
C07559	SSS5/366:F2D	대사:08	1	驚きの強さです。	
C07560	SSS5/366:F3B	대사:08	1	仕方ないでしょう。	
C07561	SSS5/366:F4D	대사:08	1	龍に会うなり、帰るなり\n好きにして下さい。	
C07562	SSS5/366:F6E	대사:08	1	私では、貴方を止めることは\n出来ませんからね。	
C07563	SSS5/366:F92	대사:08	1	しかし、次に逢う時には、この幼い\n身体も少しは成長しているでしょう。	
C07564	SSS5/366:FC6	대사:08	1	私を驚かせる意外な結末を\n期待していますよ。	
C07565	SSS5/366:FE8	대사:08	1	では・・	
C07566	SSS5/366:1561	대사:08	1	本当に種を蘇らせてしまうとは!	
C07567	SSS5/366:1578	대사:FD	1	王蒼幻　　	
C07568	SSS5/366:158E	대사:FE	1	何の用よ、私たち急いでるんだから!	
C07569	SSS5/366:15B5	대사:08	1	私の忠告を無視して龍を育てて\nしまったからでしょう?	
C07570	SSS5/366:15E6	대사:FD	1	事情を知ってるなら、黙って\n行かせてくれ!	
C07571	SSS5/366:1607	대사:FD	1	早く行ってやらないと、{05:02}を\n助けられなくなっちまうんだ!	
C07572	SSS5/366:1636	대사:08	1	やはり、あの龍の為にカオスシードを\nお使いになる、つもりなんですか?	
C07573	SSS5/366:166D	대사:08	1	止めておいた方がいいでしょうね。	
C07574	SSS5/366:168F	대사:FE	2	どうしてなの?	
C07575	SSS5/366:16A7	대사:08	1	種に満たした養分は、あなたの感情\nそのものです。	
C07576	SSS5/366:16D4	대사:08	1	補ったのではなく、心を\n取り込まれたんですよ。	
C07577	SSS5/366:16F6	대사:FD	1	俺の心が、この種の中に入って\nいるとでもいうのか?	
C07578	SSS5/366:1718	대사:08	1	その通りですよ!	
C07579	SSS5/366:1725	대사:FD	1	何言ってるんだ!俺は、怒る事だって\n笑う事だって出来る!	
C07580	SSS5/366:174E	대사:08	1	それは、貴方がそれを持って\nいるからですよ。	
C07581	SSS5/366:1775	대사:FE	1	そういえば　　将軍にカオスシードを\n取られちゃった時　　	
C07582	SSS5/366:179E	대사:FE	1	{05:00}の様子って{0A}なんだか変だった。	
C07583	SSS5/366:17C4	대사:08	1	フフフ、どうやら貴女には\n心あたりが、あるようですね。	
C07584	SSS5/366:17FC	대사:08	1	心を他者に与えたら、与えた者は\nどうなってしまうんでしょう　　	
C07585	SSS5/366:182A	대사:08	1	興味深いですね。	
C07586	SSS5/366:183C	대사:08	1	それでも、種を与えるというなら{0A}私は、止めませんがね?	
C07587	SSS5/366:18B1	대사:FD	1	時間がない、すぐに行こう!	
C07588	SSS5/367:3F	검증필요	1	（{03:FD}（{04:FD}ァズ{04:5A}ぺ{p}ほ{07}ズ{00}	
C07589	SSS5/367:69	대사:FD	1	{05:01}、{05:02}!	
C07590	SSS5/367:7B	대사:03	2	どうして来たんだ!!	
C07591	SSS5/367:A8	대사:03	2	僕は、この世界では\n暮らせないんだ　　	
C07592	SSS5/367:C5	대사:03	2	僕が生きてるだけで、龍脈は\n枯れ大地は死んでしまう。	
C07593	SSS5/367:EB	대사:03	2	邪精達と同じさ。	
C07594	SSS5/367:FB	대사:03	1	この世界では、僕はいては\nいけない存在なんだ。	
C07595	SSS5/367:11E	대사:03	1	それを知っていて\n来たのか?	
C07596	SSS5/367:13D	대사:FD	1	　　そんな事ないよ。	
C07597	SSS5/367:14E	대사:FD	1	少なくとも俺は、おまえを\n必要としている。	
C07598	SSS5/367:174	대사:03	1	ウソだ!	
C07599	SSS5/367:187	대사:FD	1	ウソじゃない!	
C07600	SSS5/367:195	대사:03	1	大地を復活させる為に働いている\n洞仙が、大地を滅ぼす僕を必要と\nしている?	
C07601	SSS5/367:1CC	대사:03	1	いいかげんな事、言うなよ!	
C07602	SSS5/367:1DF	대사:FD	1	いいかげんな気持ちで、言ってる\n訳じゃない!	
C07603	SSS5/367:1FD	대사:FD	1	悩んでいる仲間を、見捨てる事なんて\n出来ないんだ!	
C07604	SSS5/367:222	대사:03	1	情けなんていらない!	
C07605	SSS5/367:239	대사:FD	1	完全じゃないけど　　{05:02}が\n欲しがってたカオスシードだ。	
C07606	SSS5/367:25F	대사:03	1	もう、遅い!	
C07607	SSS5/367:26A	대사:FD	1	試してみなくちゃ!	
C07608	SSS5/367:278	대사:03	1	なんで、全てが終わってから\nそんな物、持って来るんだ!	
C07609	SSS5/367:2A7	대사:03	1	もう　　元には戻れない　　	
C07610	SSS5/367:2C5	대사:FD	1	一緒に、お前の身体をなんとかする\n方法をさがそう。	
C07611	SSS5/367:2EC	대사:04	1	{05:00}なら、きっと\n何とかしてくれるわ。	
C07612	SSS5/367:304	대사:03	1	何とか?	
C07613	SSS5/367:30D	대사:03	1	無理だよ　　	
C07614	SSS5/367:326	대사:03	1	龍穴炉に陽気を満たして\n大地は蘇ったかい?	
C07615	SSS5/367:35A	대사:03	1	大地は蘇らなかっただろ!	
C07616	SSS5/367:386	대사:03	2	僕だって、大地の為に働いて\nいたつもりだったんだ!	
C07617	SSS5/367:3AC	대사:03	2	{05:00}や{05:01}の力に\nなろうと必死でがんばった。	
C07618	SSS5/367:3C9	대사:03	2	戦って、僕は成長した。	
C07619	SSS5/367:3DC	대사:03	2	言葉も覚えた。	
C07620	SSS5/367:3EA	대사:03	2	そして気がついたのさ。	
C07621	SSS5/367:407	대사:03	2	自分が大地の陽気を奪ってると　　	
C07622	SSS5/367:429	대사:03	2	おかしいだろ!ぜんぜん気が\nつかなかったんだ。	
C07623	SSS5/367:445	대사:03	2	{05:00}達の本当の敵は\n僕だったんだ!	
C07624	SSS5/367:478	대사:FD	2	敵なんて言葉、使わないでくれ!	
C07625	SSS5/367:495	대사:04	2	{05:02}は、悪くないよ。	
C07626	SSS5/367:4A4	대사:03	2	そうさ、僕だって{05:00}に\nさえ育てられなければ　　	
C07627	SSS5/367:4C4	대사:03	2	こんな罪悪感を、感じる事は\nなかったんだ!	
C07628	SSS5/367:4F6	대사:FD	1	あきらめないで、お前の身体を\n何とかする方法を探そう。	
C07629	SSS5/367:56C	대사:03	1	無駄だよ!	
C07630	SSS5/367:577	대사:03	1	すべてが間違いだったんだ!	
C07631	SSS5/367:58D	대사:FD	1	じゃあ、どうして\n欲しかったんだ!	
C07632	SSS5/367:5A6	대사:03	1	蒼幻に言われたとおり、何も知らない\n僕を殺せばよかったんだ!	
C07633	SSS5/367:5DF	대사:03	1	それなら僕は、苦しまなかった。	
C07634	SSS5/367:5FC	대사:04	1	それは、違うわよ。	
C07635	SSS5/367:60A	대사:03	1	でも、もういいんだ!	
C07636	SSS5/367:61B	대사:03	1	僕は自分が、暮らせる世界に\n行くことに決めた。	
C07637	SSS5/367:641	대사:FD	1	勝手にしろ!	
C07638	SSS5/367:65B	대사:FD	1	帰ろうぜ!{05:01}	
C07639	SSS5/367:66A	대사:03	1	{05:01}は、僕と\n暮らすんだ。	
C07640	SSS5/367:69A	대사:FD	1	行くなら、一人で行けよ!	
C07641	SSS5/367:6B5	대사:03	1	やっぱり本音は、そんなもんだろ?	
C07642	SSS5/367:6D9	대사:03	1	{05:00}が僕を追っかけて\nきたのは、{05:01}が僕と\n一緒にいたからだろ!	
C07643	SSS5/367:713	대사:FD	1	本気でそんな事、思っているのか!	
C07644	SSS5/367:731	대사:03	1	じゃあ、僕らを止めないでくれ!	
C07645	SSS5/367:74C	대사:FD	1	それとこれとは、別だろ!	
C07646	SSS5/367:76D	대사:04	1	二人とも、もう止めてよ。	
C07647	SSS5/367:79C	대사:04	1	{05:02}も別の世界に\n行くなんて言わないで　　	
C07648	SSS5/367:7C6	대사:04	1	{05:00}も、もう少し\n{05:02}の気持ちを\n考えてあげて　　	
C07649	SSS5/367:7EC	대사:03	1	{05:01}には、こんな虚言\nだらけの世界は似合わないよ。	
C07650	SSS5/367:812	대사:03	1	一緒に、仙獣の世界に行こう。	
C07651	SSS5/367:845	대사:04	1	仙獣の世界には行けないわ。	
C07652	SSS5/367:85D	대사:03	1	どうしてなんだ!!	
C07653	SSS5/367:86A	대사:03	1	仙獣の世界なら、僕は妖怪\n呼ばわりされない。	
C07654	SSS5/367:88C	대사:03	1	それに大地を滅ぼす事も\n無いんだ!	
C07655	SSS5/367:8A6	대사:03	1	人間の世界の事なんか忘れて\n仙獣の世界に行こう。	
C07656	SSS5/367:8D0	대사:04	1	あなたが人間の世界で暮らせる\n方法は、きっとあるわ。	
C07657	SSS5/367:8F5	대사:04	1	{05:00}を信じましょう。	
C07658	SSS5/367:906	대사:03	1	{05:01}は僕の事\nキライなの?	
C07659	SSS5/367:91F	대사:04	1	ちがうわ、そうじゃないの　　	
C07660	SSS5/367:941	대사:03	1	それならどうして?	
C07661	SSS5/367:964	대사:03	1	{05:00}なんだね　　	
C07662	SSS5/367:97D	대사:03	1	いつも、いつも、邪魔ばかりする!	
C07663	SSS5/367:99E	대사:04	1	違うわ!	
C07664	SSS5/367:9A7	대사:03	1	{05:00}が消えてしまえば　　	
C07665	SSS5/367:9BC	대사:03	1	僕も、{05:01}も仙獣の世界で\n幸せに暮らせる。	
C07666	SSS5/367:B16	영문	2	{05:02}!!!	
C07667	SSS5/367:B4E	대사:FD	1	止めろよ!おまえとは\n戦いたくない	
C07668	SSS5/367:B67	대사:03	1	それは僕も同じだよ\n{05:00}!	
C07669	SSS5/367:BB8	대사:04	1	やめてよ!	
C07670	SSS5/367:BC1	대사:03	1	消えて無くなっちゃえ!	
C07671	SSS5/367:CCC	검증필요	1	ほ{05:FD}ザ\n{04:E0}Z{p}ほ{05:FD}グゼ{05:E0}Z{p}ほ{05:FD}{0A}{04:00}げZ{p}ほ{05:FD}ズグ	
C07672	SSS5/367:D01	검증필요	1	{04:F1}ゾ!ゴつ{00}	
C07673	SSS5/367:E7B	대사:03	1	なっ!	
C07674	SSS5/367:E8E	대사:FD	1	{05:01}　　。	
C07675	SSS5/367:E99	대사:03	1	そ、そんな　　。	
C07676	SSS5/367:EB2	대사:FD	1	おい! {05:01}を\nどこにやったんだ!?	
C07677	SSS5/367:EC8	대사:03	1	平行世界の彼方に　　	
C07678	SSS5/367:EDE	대사:FD	1	そ、それじゃ、{05:01}は\nどうなるんだ!!	
C07679	SSS5/367:EF5	대사:03	1	僕にもわからない!!	
C07680	SSS5/367:F04	대사:FD	1	なんて事しやがったんだ!	
C07681	SSS5/367:F17	대사:03	4	なんだと!	
C07682	SSS5/367:F20	대사:03	1	元はと言えば、{05:00}が\n彼女を仙獣界に連れてゆく事に\n反対したからじゃないか!	
C07683	SSS5/367:F55	대사:FD	1	そんな理屈が通用するか!	
C07684	SSS5/367:F6B	대사:03	1	ちがう! 全部、{05:00}が\n悪いんだ!	
C07685	SSS5/367:F83	대사:03	1	そうだ、お前さえいなければ　　。	
C07686	SSS5/367:F9A	대사:FD	2	まだやる気か!	
C07687	SSS5/367:FA8	대사:03	1	お前だけは許せない!	
C07688	SSS5/367:1345	대사:FD	2	く、黒い龍　　	
C07689	SSS5/367:1370	대사:01	1	今度こそ、あとかたもなく\n消し去ってやる!	
C07690	SSS5/367:1390	대사:FD	1	もう、かんべんならねぇ!	
C07691	SSS5/367:1407	대사:01	1	死ね!	
C07692	SSS5/367:140F	대사:FD	1	なめるな!!	
C07693	SSS5/367:1440	대사:FD	1	やったのか　　?	
C07694	SSS5/367:145D	대사:FD	1	いや、違う!	
C07695	SSS5/368:20	글	1	面白いから話を合わせる{09}いいかげんにしてと言う。	
C07696	SSS5/368:4F	대사:FD	1	いいかげんにしてくださいよぉ!	
C07697	SSS5/368:77	대사:FD	1	はいはい、そりゃちょっとくらいは\n息抜きしますけど・・	
C07698	SSS5/368:A6	대사:18	1	ムムムム	
C07699	SSS5/368:174	대사:0A	1	ご老人、お静かに・・	
C07700	SSS5/368:18A	대사:18	1	す、{03:01}すまぬ。	
C07701	SSS5/368:1AA	대사:FD	1	今度は、なんですか?	
C07702	SSS5/368:1C1	대사:18	1	{05:01}という名じゃったな。	
C07703	SSS5/368:1D8	대사:18	1	おぬしかなりの仙骨を秘めているぞ!	
C07704	SSS5/368:1FC	대사:18	1	そこの{05:00}程ではないが{0A}修行すればかなりの術を使い\nこなせる様になるぞ!	
C07705	SSS5/368:22A	대사:18	1	どうじゃ、ワシと一緒に\n修行してみんか?	
C07706	SSS5/368:255	대사:FD	1	老師が直々に教えてくれるなんて\nめったに無い機会だぜ!	
C07707	SSS5/368:2A0	대사:FE	1	私、術を習いたくて{05:00}と\n一緒にいるわけじゃないんです。	
C07708	SSS5/368:2DB	대사:18	1	フォッフォッ、わかっとるわかっとる。	
C07709	SSS5/368:2F4	대사:18	1	すこしからかっただけじゃ。	
C07710	SSS5/368:30F	대사:FE	1	もう、いじわるなんですね。	
C07711	SSS5/368:327	대사:18	1	じゃが、おぬしに秘めた力が\nあるのは本当じゃ	
C07712	SSS5/368:354	대사:FD	1	どうして断っちゃうのもったいない。	
C07713	SSS5/368:37E	대사:18	1	おぬし、相変わらず\nじゃのう　　	
C07714	SSS5/368:3A7	대사:18	1	ところで、おぬし達こんな所で\n何をしとるんじゃ?	
C07715	SSS5/368:3D0	대사:FD	1	老師カオスシードって\n知ってますよね?	
C07716	SSS5/368:3EB	대사:18	1	ふむ、神仙界にはえちょる\n桃の種じゃろ。	
C07717	SSS5/368:41A	대사:18	1	まさか、見つけたのか?	
C07718	SSS5/368:42D	대사:FD	1	この街の地下で　　	
C07719	SSS5/368:44B	대사:18	1	この街の地下　{03:01}　{03:01}桃源郷か。	
C07720	SSS5/368:468	대사:FD	1	老師、桃源郷をご存知なんですか?	
C07721	SSS5/368:483	대사:18	1	もちろんじゃ	
C07722	SSS5/368:48D	대사:18	1	神仙界に桃源郷か、ずいぶん\nなつかしい話じゃのう。	
C07723	SSS5/368:4B1	대사:18	1	確かに、この街の地下になら\nカオスシードがあっても\nおかしくないわい。	
C07724	SSS5/368:4E2	대사:18	1	それで、種はどうした?	
C07725	SSS5/368:4F5	대사:FD	1	いやー、それが　　	
C07726	SSS5/368:504	대사:FD	1	{05:01}が連れてきた龍が\n欲しがったんで、食べさせ\nちゃいました。	
C07727	SSS5/368:55E	대사:18	1	なんとまあ、もったいないことを。	
C07728	SSS5/368:572	대사:18	1	使い方は、いろいろあったんじゃが。	
C07729	SSS5/368:58F	대사:FD	1	えーっ、もっと早く言って下さいよ!	
C07730	SSS5/368:5AE	대사:18	1	もっとも、おぬしが持っていたところで\nあまり役にたたんがな。	
C07731	SSS5/368:5EF	대사:FD	1	それと、カオスシードを食べた\n龍の話なんですが	
C07732	SSS5/368:60E	대사:18	6	ふむ	
C07733	SSS5/368:614	대사:FD	1	人間界で姿形まで、成長する\n仙獣って知ってますか?	
C07734	SSS5/368:63B	대사:18	1	おらんことは無いが、まあめずらしい\n仙獣じゃろうな。	
C07735	SSS5/368:669	대사:FE	1	{05:02}って\nめずらしい仙獣なんだ。	
C07736	SSS5/368:686	대사:FE	1	おヨメさん捜すの大変そうね。	
C07737	SSS5/368:6A8	대사:FD	1	その龍を育てていたいた時\n俺達に警告をしてきた道士\nがいたんです。	
C07738	SSS5/368:6D6	대사:18	1	警告じゃとな?	
C07739	SSS5/368:6E6	대사:FD	1	王蒼幻と言う道士を知っていますか?	
C07740	SSS5/368:70B	대사:18	1	しっとる。	
C07741	SSS5/368:71B	대사:18	1	おぬしの仙窟に入って来たのか?	
C07742	SSS5/368:739	대사:FD	1	いいえ。	
C07743	SSS5/368:748	대사:18	1	じゃったらワシがいえる事は一つじゃ	
C07744	SSS5/368:774	대사:18	1	蒼幻には近づくな。	
C07745	SSS5/368:796	대사:18	1	桃源郷、知恵の実の種、蒼幻　　	
C07746	SSS5/368:7B4	대사:18	1	まさか!成長する龍というのは{0A}あの黒い龍では、あるまいな。	
C07747	SSS5/368:7DC	대사:FD	1	いわれてみれば、時封呪を拾った時の\n黒い龍に似てるよな　　	
C07748	SSS5/368:807	대사:FD	1	でも、あれとはちょっと違うよな。	
C07749	SSS5/368:825	대사:FD	1	違いますよ。	
C07750	SSS5/368:837	대사:FE	1	金色の龍なんです。	
C07751	SSS5/368:847	대사:18	1	金色?	
C07752	SSS5/368:850	대사:18	1	確かにめずらしい龍じゃな。	
C07753	SSS5/368:86A	대사:18	1	邪気はあるのか?	
C07754	SSS5/368:87F	대사:FD	1	最近は多少。	
C07755	SSS5/368:894	대사:18	1	それは、おぬしの心がけが\n悪いんじゃろう?	
C07756	SSS5/368:8AF	대사:18	1	人間界に呼ばれた仙獣は術者の\n影響を受けやすいのじゃ。	
C07757	SSS5/368:8E0	대사:FE	1	それじゃあ、{05:02}の心が\nすさんでいるっていうのは・・	
C07758	SSS5/368:901	대사:18	1	近くの人間の心がすさんで\nいるって事じゃ。	
C07759	SSS5/368:928	대사:FE	1	気をつけなきゃ!	
C07760	SSS5/368:93C	대사:FD	1	俺の事じゃないよな　　	
C07761	SSS5/368:95D	대사:FD	1	黒い龍と桃源郷の関係って?	
C07762	SSS5/368:97C	대사:18	1	黒い龍が、桃源郷を無くしたんじゃ。	
C07763	SSS5/368:99E	대사:FD	1	その事と蒼幻って関係あるんですか?	
C07764	SSS5/368:9C8	대사:FD	2	蒼幻の話なんですけど。	
C07765	SSS5/368:9E4	대사:18	1	奴の話は、聞きたくないわ!{08}とにかく関わりあいになるな。	
C07766	SSS5/368:A10	대사:FD	1	はい、はい。	
C07767	SSS5/368:A21	대사:FD	1	でも、俺の仙窟に入ってきたら\n容赦はしませんからね。	
C07768	SSS5/368:A4C	대사:18	1	戦う時はワシの名を出せ{09}さすれば殺されはしないだろう。	
C07769	SSS5/368:A73	대사:FD	1	ばかにしてるんですか!	
C07770	SSS5/368:A85	대사:18	1	とにかくじゃ、奴と関わり合いに\nなるんじゃ無いぞ!	
C07771	SSS5/368:AB8	대사:FE	1	老師はこの後、どうするんですか?	
C07772	SSS5/368:AD6	대사:18	1	西の国にすごい仙宝があるんじゃ\nそれを探しにな。	
C07773	SSS5/368:AFE	대사:FD	1	また道楽ですか?	
C07774	SSS5/368:B0C	대사:18	1	今度のはすごいぞ!	
C07775	SSS5/368:B31	대사:18	1	ワシは行くが、くれぐれも\n蒼幻とは関わり合いになるなよ。	
C07776	SSS5/368:B56	대사:FD	1	分かりましたって!	
C07777	SSS5/368:B64	대사:18	1	じゃあ、{05:01}\n{05:00}と仲良くな。	
C07778	SSS5/368:B80	대사:FE	1	はい♡	
C07779	SSS5/368:BA0	대사:FD	1	もうすこし、話をきいておけば\nよかった。	
C07780	SSS5/368:BC0	대사:FE	1	でも、老師って\nゆかいな人ね。	
C07781	SSS5/368:BDD	대사:FD	1	いつも、あの調子なんだよ{09}俺の事すぐ忘れるしさ。	
C07782	SSS5/368:C01	대사:FE	3	クスクス	
C07783	SSS5/368:C10	대사:FE	1	でも、不思議ねこの光!?	
C07784	SSS5/368:C2B	대사:FD	1	光って、俺には見えないよ。	
C07785	SSS5/368:C42	대사:FE	1	えっ!そうなの	
C07786	SSS5/368:C4D	대사:FD	1	実は、蒼幻が何に驚いたか{0A}分からなかったし　　	
C07787	SSS5/368:C80	대사:FE	1	{05:00}から出てきた物だから\n{05:00}には、見えないのかな?	
C07788	SSS5/368:CD3	대사:FD	1	さて本を調べるか。	
C07789	SSS5/368:D09	대사:18	1	今なんか光ったぞ!	
C07790	SSS5/368:D1B	대사:FD	1	光りました?	
C07791	SSS5/368:D2C	대사:FE	1	{05:00}、種よ!	
C07792	SSS5/368:D3A	대사:FD	1	ああ、これ?	
C07793	SSS5/368:D4D	대사:18	1	オヌシそれは、知恵の実の　　	
C07794	SSS5/368:D6A	대사:FD	1	種ですよ。	
C07795	SSS5/368:D77	대사:18	1	そうじゃ、カオスシードではないか!	
C07796	SSS5/368:D8D	대사:FD	1	地下の遺跡でひろったんですよ。	
C07797	SSS5/368:DD1	대사:18	1	桃源郷か!	
C07798	SSS5/368:DE0	대사:FD	1	さすが老師、よくご存知で!	
C07799	SSS5/368:DF5	대사:18	1	それより、今、種が共鳴したぞ!	
C07800	SSS5/368:E0C	대사:FD	1	共鳴って何なんですか?	
C07801	SSS5/368:E1E	대사:18	1	種に必要な養分が補われたんじゃ!	
C07802	SSS5/368:E38	대사:18	1	おそらくカオスシードが、おぬしの\n感情のエネルギーを養分として\nため込んだんじゃろう。	
C07803	SSS5/368:E73	대사:FD	1	お、俺の感情をですか?	
C07804	SSS5/368:E88	대사:FD	1	蒼幻が言っていた共鳴って\nこの事だったのか。	
C07805	SSS5/368:EB4	대사:18	1	蒼幻!?	
C07806	SSS5/368:EBE	대사:18	1	まさか、王蒼幻か!	
C07807	SSS5/368:ED1	대사:FD	1	地下の遺跡で会ったんですよ。	
C07808	SSS5/368:EE8	대사:FD	1	俺達が異空間に、放り出されそうに\nなった時に、助けてくれたんですよ。	
C07809	SSS5/368:F17	대사:18	1	蒼幻がか{03:02}　{03:02}　{03:02}	
C07810	SSS5/368:F34	대사:FD	1	老師、お知り合いなんですか?	
C07811	SSS5/368:F4D	대사:18	1	まあな　　	
C07812	SSS5/368:F58	대사:18	1	で、奴はどんな姿じゃった。	
C07813	SSS5/368:F7D	대사:FE	1	男の子の姿でしたよ。	
C07814	SSS5/368:F91	대사:18	1	子供か　　どうやら新しい身体に\n転生したばかりの様じゃのう。	
C07815	SSS5/368:FC2	대사:FD	1	転生って?	
C07816	SSS5/368:FD0	대사:18	1	生まれ変りの術じゃ。奴は転生を繰り返し\n知識を集めとる、不死の術者なんじゃ。	
C07817	SSS5/368:1009	대사:18	1	奴に目をつけられたとすると\nやっかいじゃな。	
C07818	SSS5/368:1025	대사:18	1	で、蒼幻はなんと。	
C07819	SSS5/368:1037	대사:FD	1	{05:01}が連れてきた龍が{0A}この土地の異変の原因だって言って。	
C07820	SSS5/368:106C	대사:18	1	龍とな!	
C07821	SSS5/368:1075	대사:18	1	まさか、その龍とは、例の\n黒い龍ではなかろうな?	
C07822	SSS5/368:1095	대사:FD	1	違いますよ、金色の龍ですよ?	
C07823	SSS5/368:10BC	대사:FD	1	龍脈の陽気が足りないせいで{0A}おかしな現象が、起きているんですよ。	
C07824	SSS5/368:10E8	대사:FD	1	それを蒼幻は、その龍のせいにして\n龍を殺せって言うんです。	
C07825	SSS5/368:111A	대사:FD	1	俺達の問題だから口を出すなって言った\n直後に、カオスシードの話が出て　　	
C07826	SSS5/368:1150	대사:FD	1	「龍の事は任せましょう」と言って\n居なくなってしまったんです。	
C07827	SSS5/368:1187	대사:FD	1	ところで老師?	
C07828	SSS5/368:1197	대사:FD	1	養分が補われたって事は、種は\n復活したんですか?	
C07829	SSS5/368:11BA	대사:18	1	ふむ、まだまだじゃろう。	
C07830	SSS5/368:11CA	대사:18	1	だいたい完全なカオスシードを{0A}手にした者はおらん。	
C07831	SSS5/368:11EC	대사:18	1	だから、ワシでも、よく解らん\nというのが本当じゃ。	
C07832	SSS5/368:120F	대사:FE	1	やっぱり完全になると、光が\nすごく強くなるんでしょうね。	
C07833	SSS5/368:123E	대사:FD	1	えっ、光?	
C07834	SSS5/368:1250	대사:18	1	ほほう、カオスシードの光が\n見えるのか!	
C07835	SSS5/368:1275	대사:FE	1	種の一部が、光ってます。	
C07836	SSS5/368:1307	대사:18	1	光が見えるなら、これでどんな感情が\n入ったか見える様になったはずじゃ。	
C07837	SSS5/368:134B	대사:FE	1	ホントだ、さっきカオスシードに溜め込まれた\n感情は　　嬉しいだって。	
C07838	SSS5/368:137C	대사:FE	1	{05:00}老師と逢えて嬉しかったんだね。	
C07839	SSS5/368:13A6	대사:18	1	まあエネルギーを補い続ければ{0A}そのうち復活するじゃろうな!	
C07840	SSS5/368:13DE	대사:FE	1	でも、感情を養分とするなんて\nなんか気持ちの悪い種ね。	
C07841	SSS5/368:1424	대사:18	1	ところで、完全に復活したら\n種をワシにくれんかのう?	
C07842	SSS5/368:144E	대사:FD	1	あげるって言ったら手伝いに\n来てくれるかな?	
C07843	SSS5/368:146C	대사:FD	1	でも、約束しても老師の事だから\n忘れちゃうよな。	
C07844	SSS5/368:1496	대사:FD	1	あげません。	
C07845	SSS5/368:14A0	대사:18	1	おぬし意外にケチじゃのぉ	
C07846	SSS5/368:14B5	대사:FD	1	そう言えば気になっていたんですが　　\n老師、蒼幻とお知り合いなんですか?	
C07847	SSS5/368:14E7	대사:18	1	まあな、じゃが　　	
C07848	SSS5/368:14F6	대사:FD	1	じゃが、なんでしょう?	
C07849	SSS5/368:150C	대사:18	1	蒼幻には近づくな　　	
C07850	SSS5/368:151F	대사:18	1	ワシが、教えられる事は\nそれだけじゃ。	
C07851	SSS5/369:FD	대사:23	1	こりゃ、ちゃんと修行しとるか?	
C07852	SSS5/369:115	대사:23	1	街でのおぬしの話、少々気になってな。	
C07853	SSS5/369:146	대사:FD	1	助けに、来てくれたんですか?	
C07854	SSS5/369:15C	대사:23	1	様子を見に来ただけじゃよ。	
C07855	SSS5/369:194	대사:23	1	ところで、例の龍は\nいったい何処じゃ?	
C07856	SSS5/369:1D1	안내:0C	1	俺は老師に、これまでのいきさつを話した。	
C07857	SSS5/369:209	대사:24	1	そうか　　すでに、いなくなって\nおったのか。	
C07858	SSS5/369:225	대사:FD	1	カオスシードを食べさせれば{0A}{05:02}を助ける事が\n出来るのでしょうか?	
C07859	SSS5/369:264	대사:24	1	正直、ワシにもわからん　　	
C07860	SSS5/369:28F	대사:24	1	じゃが、種を欲しがったのは、陽気を\n奪いたくないからと、言ったのじゃな。	
C07861	SSS5/369:2C7	대사:24	1	龍が、心底そう考えているのなら\nなんとか、なるやも知れぬ。	
C07862	SSS5/369:2FA	대사:FE	1	ホントですか?	
C07863	SSS5/369:30B	대사:24	1	仙獣界の生き物ならば、龍脈の陽気を\n奪い、生きるなんて事は、考えられん。	
C07864	SSS5/369:346	대사:FD	1	それなら、どうして{05:02}は　　	
C07865	SSS5/369:35D	대사:24	1	何らかの邪悪な力が、身体の中に\n宿っているんじゃ。	
C07866	SSS5/369:385	대사:FE	1	邪悪な力!?	
C07867	SSS5/369:392	대사:24	1	完全な種を食べさせれば、あるいは\nそれに打ち勝てるやもしれん。	
C07868	SSS5/369:3BE	대사:FD	1	完全なカオスシードを、与えれば\nいいのですね。	
C07869	SSS5/369:3F3	대사:24	1	じゃが、様子を聞くと残された時間は{0A}少ないと見える。	
C07870	SSS5/369:41C	대사:24	1	一刻も早く種を与えねば{0A}手後れになってしまうぞ。	
C07871	SSS5/369:442	대사:FD	1	残された時間はどのくらいですか?	
C07872	SSS5/369:459	대사:24	1	もってあと、5ターンじゃろう。	
C07873	SSS5/369:46C	대사:24	1	その間に龍を見つけ出し、復活した\nカオスシードを食べさせるんじゃ?	
C07874	SSS5/369:49C	대사:FE	1	でも、{05:02}は、封印された扉の\n向うにいるんです。	
C07875	SSS5/369:4BC	대사:24	1	ならば、龍穴炉に陽気を注ぎ\n解封呪を使うがよかろう。	
C07876	SSS5/369:4E7	대사:FD	1	全てを5ターン以内に\nすべて解決せよと　　	
C07877	SSS5/369:507	대사:24	1	出来るか?	
C07878	SSS5/369:524	대사:FD	1	やるしかないんでしょ?	
C07879	SSS5/369:536	대사:24	1	龍を助けるにはな。	
C07880	SSS5/369:54E	대사:24	1	それと、倉庫部屋を作れなくては\n苦しいじゃろう?	
C07881	SSS5/369:685	대사:24	1	これで、綜ての部屋が作れるように\nなったはずじゃ	
C07882	SSS5/369:6B0	대사:24	1	ワシに手伝えるのは、ここまでじゃ。	
C07883	SSS5/369:6C7	대사:FD	2	ありがとうございます。	
C07884	SSS5/369:6E1	대사:24	1	さあ、残された時間は少ないぞ!	
C07885	SSS5/370:26	글	1	最初から\nぶんき後 BUT\nぶんき後 GOOD	
C07886	SSS5/370:4D	글	1	NEXT\n龍穴炉発見から\n龍穴炉の出会い\n邪精	
C07887	SSS5/370:7D	글	1	NEXT\n1回目家でのイベント1日目\n1回目家でのイベント2日目\n1回目家でのイベント3日目	
C07888	SSS5/370:CA	글	1	NEXT\n明紅イベント 前振り\n明紅イベント 戦闘\n2回目家に帰るイベント	
C07889	SSS5/370:10B	글	1	NEXT\n玲蘭侵入\n玲蘭龍穴炉\n3回目家に帰るイベント	
C07890	SSS5/370:141	글	1	NEXT\n扉開くイベント\n洞天福一カオスシードGET一\n（BUT）蒼幻との出会い	
C07891	SSS5/370:183	글	1	NEXT\n（BUT）4回目家に戻るイベント{09}（BUT）成長イベント\n（BUT）最終龍の成長イベント	
C07892	SSS5/370:1CF	글	1	NEXT\n（BUT）街イベント老師\n（BUT）雷漢侵入\n（BUT）雷漢龍穴炉	
C07893	SSS5/370:20F	글	1	NEXT\n（BUT）捜神侵入\n（BUT）捜神龍穴炉\n（BUT）満ちた龍穴炉一解封呪	
C07894	SSS5/370:256	글	1	NEXT\n（BUT）ラストイベント\n（GOOD）街イベント 老師\n（GOOD）街イベント 捜神	
C07895	SSS5/370:29B	글	1	NEXT\n（GOOD）街イベント ヒロイン\n（GOOD）雷漢龍穴炉\n（GOOD）街  ヒロインとの別れ	
C07896	SSS5/370:2E4	글	1	NEXT\n（GOOD）兵舎 捜神との出会い\n（GOOD）兵舎 決戦雷漢!{08}（GOOD）兵舎 捜神との別れ	
C07897	SSS5/370:336	글	1	NEXT\n（GOOD）街  ヒロイン\n（GOOD）リュウ出ていくイベント 重要\n（GOOD）老師イベント	
C07898	SSS5/370:37F	글	1	NEXT\n（GOOD）捜神龍穴炉\n（GOOD）捜神龍穴炉 BUTへ\n（GOOD）王蒼幻との闘い	
C07899	SSS5/370:3C9	글	1	NEXT\n（GOOD）ラストイベント1\n（GOOD）ラストイベント2\n（GOOD）ラストイベント3	
C07900	SSS5/370:40A	글	1	NEXT\n（GOOD）ラストイベント4\n（GOOD）エンディング\n（BUT）エンディング	
C07901	SSS5/370:444	글	1	NEXT\n（BUT）ラストバトル\n（GOOD）蒼幻	
C07902	SSS5/370:4E5	글	1	（BUT）\n（GOOD）	
C07903	SSS5/371:120	대사:FD	1	大地は、蘇らない　　急がなきゃ!	
C07904	SSS5/371:185	대사:24	1	かーっ!おやじ退屈だ!	
C07905	SSS5/371:19B	대사:23	1	そういえば、雷漢将軍が、洞仙に\n襲われたって話し聞いたべか?	
C07906	SSS5/371:1E1	대사:24	1	し、しらんなぁ?	
C07907	SSS5/371:1F6	대사:23	1	あんた、何か知ってるんじゃ\nないだろうね。	
C07908	SSS5/371:219	대사:24	1	初耳じゃ!!	
C07909	SSS5/371:225	대사:23	1	あんなに御執心だった、将軍が\nやられたってのに　　	
C07910	SSS5/371:249	대사:23	1	あんた初耳って　　	
C07911	SSS5/371:25A	대사:24	1	ど{03:01}、洞仙にやられたのか?	
C07912	SSS5/371:26E	대사:23	1	噂ではね。	
C07913	SSS5/371:281	대사:24	1	ふむ、洞仙か、退屈しのぎに\nなるやもしれんなぁ。	
C07914	SSS5/371:2A4	대사:23	1	まさか、仙窟に行くだべか?	
C07915	SSS5/371:2BE	대사:24	1	退屈しのぎに、ちと出かけて\n来るわい!	
C07916	SSS5/371:3C9	대사:F9	1	なんのこれしき　　	
C07917	SSS5/371:42D	대사:03	2	久しぶりじゃな、{05:00}殿	
C07918	SSS5/371:441	대사:FD	2	あんたは捜神死郎!	
C07919	SSS5/371:4E6	대사:FD	1	いったい、どういうつもりだ{08}賞金稼ぎにでもなったのかい。	
C07920	SSS5/371:50C	대사:03	1	つれないでござるな。	
C07921	SSS5/371:51A	대사:03	1	勝負を挑みに来たんでござるよ。	
C07922	SSS5/371:543	대사:FE	1	勝負?	
C07923	SSS5/371:554	대사:FD	1	悪いけど、今は、勝負どころじゃ\nないんだ!	
C07924	SSS5/371:571	대사:03	1	それは好機でござるなぁ。	
C07925	SSS5/371:58E	대사:FE	1	本当にそれどころじゃ無いんです{09}帰って下さい　　	
C07926	SSS5/371:5B8	대사:03	1	これは、いつぞやの娘さん{09}貴方も術の使い手であったか!	
C07927	SSS5/371:5EC	대사:FD	1	とにかく帰ってくれ!	
C07928	SSS5/371:607	대사:03	1	ふむ、しからばごめん!	
C07929	SSS5/371:63F	검증필요	1	ろA{p}づズ{00}	
C07930	SSS5/371:68D	대사:03	1	クックッ強いねぇ!	
C07931	SSS5/371:69B	대사:03	1	わくわくしてくるよ。	
C07932	SSS5/371:6A9	대사:03	1	今から本気で行かせてもらうぜ!	
C07933	SSS5/371:6C0	대사:FD	1	はったりだろ!	
C07934	SSS5/371:6CB	대사:03	1	はったりかどうかは、その身で\n確かめるがいい!	
C07935	SSS5/371:732	대사:03	1	どうやら拙者、まだまだ修行が\n足りないと見える。	
C07936	SSS5/371:754	대사:03	1	今日の所は、拙者の負けだな。	
C07937	SSS5/371:76F	대사:03	1	忙しい所悪かったな!	
C07938	SSS5/371:7A1	대사:FE	1	なんか悪い人なのか、良い人なのか\n全然解らない人ねぇ	
C07939	SSS5/371:7D3	대사:FE	1	さっき、カオスシードが\n光ったわよ。	
C07940	SSS5/371:7EE	대사:FD	1	えっ、そうなの?	
C07941	SSS5/371:830	대사:FE	1	えーと、憎らしいって!	
C07942	SSS5/371:84B	대사:FD	1	そりゃ、突然襲われれば\n腹も立つよ!	
C07943	SSS5/371:871	대사:FE	1	でもおかげで、カオスシードに\n養分が補えたじゃない?	
C07944	SSS5/371:8A0	대사:FD	1	憎しみも、人の感情って事か　　	
C07945	SSS5/371:8BD	대사:FD	1	それよりも{05:02}を急いで捜そう{09}老師の言った5ターンにはまだ間に合ってる。	
C07946	SSS5/371:C91	대사:FD	2	なんだ!?	
C07947	SSS5/371:CBF	대사:FE	1	カオスシードよ	
C07948	SSS5/371:CF3	대사:FE	1	カオスシードに光りが満ちてる{09}すごい、今までとは全く違う\n感じがするわ。	
C07949	SSS5/371:D4A	대사:FE	1	まるで、生きてるみたな光りね。	
C07950	SSS5/371:D62	대사:FD	1	なんか、身体が軽くなった感じがする{09}これなら、どんな事が起きても平気だ!	
C07951	SSS5/371:D9B	대사:FD	1	扉の奥に、{05:02}はいるはずだ!	
C07952	SSS5/371:DB1	대사:FE	1	でも、扉の封印が　　	
C07953	SSS5/371:DCA	대사:FD	1	大丈夫、龍穴炉が満ちてる。	
C07954	SSS5/371:DE5	대사:FE	1	えーと!?	
C07955	SSS5/371:DEE	대사:FD	1	解封呪が使える!	
C07956	SSS5/371:E04	대사:FE	1	あっそうか!	
C07957	SSS5/371:E17	대사:FD	1	さあ行こう!	
C07958	SSS5/371:EB8	대사:FD	1	まだ俺には　　{05:02}に\n会う勇気は　　{00}	
C07959	SSS5/371:EE9	검증필요	1	ゴS{p}メケ{00}	
C07960	SSS5/371:F00	대사:FE	1	よくもやったわね!	
C07961	SSS5/371:F4B	대사:03	1	ほほう、これが噂の邪龍か。	
C07962	SSS5/371:FF2	대사:00	1	育ててもらった借りを返しに来た。	
C07963	SSS5/371:100A	대사:00	1	とにかく奴を追い出そう。	
C07964	SSS5/371:11E3	대사:FD	1	お前が欲しがったカオスシードも\nもう少しで完全になる。	
C07965	SSS5/371:1210	대사:FC	1	完全な種を、他人に使うって事が{0A}どういう事か分かってないね。	
C07966	SSS5/371:123E	대사:FE	3	どういう事なの?	
C07967	SSS5/371:124E	대사:FC	1	それも、もうどうでもいい事さ。	
C07968	SSS5/371:127E	대사:FC	1	時間切れだ。	
C07969	SSS5/371:128B	대사:FC	1	僕は、もうどうやっても、この世界で\n生きられない身体になってしまった。	
C07970	SSS5/372:23C	대사:03	1	みんな、みんな無くなって\nしまえばいい!!	
C07971	SSS5/372:26C	대사:FD	1	そうか、苦しんだんだな。	
C07972	SSS5/372:27D	대사:FD	1	だけど、もう大丈夫だよ!	
C07973	SSS5/372:290	대사:FD	1	ほら、欲しがっていた完全な\nカオスシードだ!	
C07974	SSS5/372:2AE	대사:FD	1	これを食べれば、もう苦しむ事も\n無くなるさ。	
C07975	SSS5/372:2CC	대사:03	1	もう遅いんだ　　	
C07976	SSS5/372:5BF	대사:FD	1	カオスシードが　　	
C07977	SSS5/400:7C	대사:FD	1	さて、食事だけど、どうしようか?	
C07978	SSS5/400:92	대사:FC	1	ぎゃぅぅ?	
C07979	SSS5/400:9E	대사:FD	1	じゃあ、こうしよう!	
C07980	SSS5/400:AC	대사:FD	1	ここを真ん中にして	
C07981	SSS5/400:D2	대사:FD	1	おまえが、こっちに行ったら仙丹	
C07982	SSS5/400:FF	대사:FD	1	こっちに行ったらエネルギーって	
C07983	SSS5/400:12A	대사:FD	2	どうだい?	
C07984	SSS5/400:14E	대사:FD	1	解ったみたいなだな。	
C07985	SSS5/400:15D	대사:FD	1	じゃあ、龍穴炉に陽気を振り込む時が\n食事の時間って事にしよう!	
C07986	SSS5/400:1BA	안내:07	1	    「{05:02}のご機嫌」\n \n{05:02}は{05:00}の行動を見たり{0A} \n 食事をする事でご機嫌が変化します。	
C07987	SSS5/400:1FC	안내:0A	1	ご機嫌を知る方法は、いくつかありますが\n \n  ひとつは、様子をよく見る事です。	
C07988	SSS5/400:231	안내:03	1	もうひとつは、{05:01}の言葉です{09} \n上機嫌\n 「食事の時間よ♡」\n 「調子が悪そうね。」\n     ・\n     ・\n 「きちんと、食べてないのかしら　」\n 「すごく怒ってるみたい　」\nご機嫌ななめ	
C07989	SSS5/400:2B4	안내:05	1	機嫌は、正しい食事を多く与えると\n \n      回復します{09} \nあまり機嫌が悪いと「ある行動」を\n \nしてしまうので、注意が必要です。	
C07990	SSS5/402:4B	안내:0A	1	ここは、カオスシードによって結ばれた\n \n  あなたと{05:02}の心の世界	
C07991	SSS5/402:7C	안내:0A	1	あなたは、あなたの全てを引き換えにしでも\n \n   この龍を、助けたいのですか?	
C07992	SSS5/402:B3	글	2	はい\nいいえ	
C07993	SSS5/402:C0	안내:0C	2	フフ、やはりそうでしょう	
C07994	SSS5/402:D6	안내:0C	2	正しき因果律の中に身をゆだねなさい　　	
C07995	SSS5/402:126	안내:0C	1	ならば、心を開きなさい{03:01}　{03:01}　{03:01}	
C07996	SSS5/402:160	대사:FE	1	ここは、何処かしら?	
C07997	SSS5/402:170	대사:FD	1	わからない　　それより\n{05:02}は!?	
C07998	SSS5/402:187	영문	4	{05:02}?	
C07999	SSS5/402:1E1	대사:FE	1	あら、いつの間に?	
C08000	SSS5/402:1FD	대사:FE	1	ねえ、ここが何処だか知ってる?	
C08001	SSS5/402:213	대사:0F	1	ケケケ	
C08002	SSS5/402:221	대사:FE	1	フフ、おかしな笑い方をする\n子達ね。	
C08003	SSS5/402:2E7	안내:0C	1	姿が変わると{03:01}　{03:01}　{03:01}恐い?	
C08004	SSS5/402:316	대사:FD	1	ふう、びっくりした!	
C08005	SSS5/402:332	대사:FE	1	そうね!	
C08006	SSS5/402:38D	안내:0A	1	みんなと、同じ事だけしてればいいんだ{09} \n   それ以上は、必要ないのさ	
C08007	SSS5/402:3FE	대사:61	1	早く村から出てけ!	
C08008	SSS5/402:41F	대사:61	1	洞仙なんかと通じやがって{08}おまえそれでも人間か!	
C08009	SSS5/402:44A	대사:63	1	死んじゃえ!	
C08010	SSS5/402:469	대사:68	1	早くここから出てけ!	
C08011	SSS5/402:496	대사:FE	1	あなた達!	
C08012	SSS5/402:4A0	대사:68	1	よるなぁ!	
C08013	SSS5/402:4C6	대사:67	1	ひーっ!殺される。	
C08014	SSS5/402:4E4	대사:FE	1	誰もいなくなっちゃった　　	
C08015	SSS5/402:50C	대사:FE	1	君は逃げないのね。	
C08016	SSS5/402:56E	대사:FE	1	意気地なし!	
C08017	SSS5/402:5A6	안내:0C	1	余計な事をして、うとまれる　　	
C08018	SSS5/402:5E5	대사:11	1	　　しょせん、人の一生ですから。	
C08019	SSS5/402:600	대사:10	1	では、毒でも盛るか?	
C08020	SSS5/402:61C	대사:11	1	それでは、あまりに単純すぎます。	
C08021	SSS5/402:632	대사:10	1	確かに、もっと苦しめてやらねばな　　	
C08022	SSS5/402:67A	대사:11	1	この世の終わりが来ようとも{0A}つき果てぬ業を背負い	
C08023	SSS5/402:69D	대사:10	1	ぬれた地べたを永遠に、はいずりまわる{09}臭く、醜く、矮小で　　その上たちが悪い。	
C08024	SSS5/402:6D3	대사:11	1	皆、居なくなってしまえばいい　　	
C08025	SSS5/402:734	대사:10	1	聞かぬが良いことを　　	
C08026	SSS5/402:747	대사:11	1	人は、何度でも過ちを繰り\n返します。	
C08027	SSS5/402:763	대사:11	1	いっそ、無くなってしまった方が\nいいとは、思いませんか?	
C08028	SSS5/402:786	대사:10	1	ホッホッホッ	
C08029	SSS5/402:7D8	안내:0C	1	いつだって、そうだった　　	
C08030	SSS5/402:954	대사:04	1	うん、夢を　　	
C08031	SSS5/403:3C	안내:0A	1	夢{03:01}　{03:01}　{03:01}そう、全てが夢かもしれない\n \n   今、この瞬間さえ{03:01}　{03:01}　	
C08032	SSS5/403:2A0	대사:FD	1	夢!?	
C08033	SSS5/403:2EB	대사:00	1	おかえりなさい!	
C08034	SSS5/403:306	대사:FD	1	ここは、いったいどこなんだ?	
C08035	SSS5/403:31A	대사:00	1	クスクス、{05:00}たら\n何言ってるの?	
C08036	SSS5/403:331	대사:00	1	あなたの家でしょ?	
C08037	SSS5/403:348	대사:00	1	ちょっと待って、したく\nしてくるからね♡	
C08038	SSS5/403:3D2	영문	1	{05:02}!!{00}	
C08039	SSS5/403:3F8	대사:FD	1	これは、カオスシードの光り　　	
C08040	SSS5/403:42C	대사:FD	1	俺には、見えないはず\nだったのに?	
C08041	SSS5/403:4E7	대사:06	1	フフ、どうしたの?	
C08042	SSS5/403:4F4	대사:FD	1	どうしたも、こうしたもないよ。	
C08043	SSS5/403:507	대사:FD	1	元の世界に帰ろう!	
C08044	SSS5/403:530	대사:07	1	{05:01}は、渡さない!	
C08045	SSS5/403:541	대사:06	1	そうよ、私は{05:02}の方がいいもん	
C08046	SSS5/403:56E	대사:08	4	ギャウギャウ	
C08047	SSS5/403:590	대사:09	1	だって、{05:00}\nいいかげんなんだもん!	
C08048	SSS5/403:5A9	대사:07	1	自己中心的だよな。	
C08049	SSS5/403:5CB	대사:06	1	みんなの事なんて、どうだって\nいいのよね。	
C08050	SSS5/403:5E8	대사:07	1	他人を信じることが\n出来ないだろ!	
C08051	SSS5/403:605	대사:09	1	私の事だって、信じてるかどうか　　	
C08052	SSS5/403:637	대사:0A	1	ま、要は自分の思うがままに\nしたいだけだろ!	
C08053	SSS5/403:658	대사:09	1	フフ、いやらしいのね♡	
C08054	SSS5/403:66B	대사:07	1	その上、修行の事しか\n考えてないんだろ?	
C08055	SSS5/403:68B	대사:06	1	私と遊びましょうか?	
C08056	SSS5/403:6D9	대사:FD	1	黙れ、黙れ、ニセモノ!	
C08057	SSS5/403:70F	대사:09	1	貴方だって人の事、言えないのにね。	
C08058	SSS5/403:72C	대사:06	1	あなたと違って、私たちは\n壊れやすいのよ。	
C08059	SSS5/403:74B	대사:07	1	私たちが恐いの?	
C08060	SSS5/403:75C	대사:08	1	いつも、意地ばかりはって疲れない?	
C08061	SSS5/403:782	대사:0A	1	むきになっても、いい事ないわよ。	
C08062	SSS5/403:79A	대사:0B	1	肩の力を抜きましょ?	
C08063	SSS5/403:836	대사:0C	1	そのほうが楽よ♡	
C08064	SSS5/403:8B8	검증필요	1	ンあン4{00}	
C08065	SSS5/403:918	대사:FD	1	戻った{03:01}　{03:01}　{03:01}のか?	
C08066	SSS5/403:961	대사:00	1	どうしたの、{05:00}{07}{05:02}がおびえてるわよ。	
C08067	SSS5/403:99A	대사:FD	1	この状況が見えないの?	
C08068	SSS5/403:9B3	대사:00	1	{05:00}ったら、かわいい♡\nそんな事で慌てるなんてぇ	
C08069	SSS5/403:9D2	대사:00	1	だって、いつもの事でしょ?	
C08070	SSS5/403:9E4	대사:06	1	ぎゃう!	
C08071	SSS5/403:9EE	대사:FD	1	俺は、殺しちゃいない。	
C08072	SSS5/403:A06	대사:06	1	聞いて聞いて、僕は殺すよ!	
C08073	SSS5/403:A25	대사:06	1	だってそうしないと、殺され\nちゃうもん!	
C08074	SSS5/403:AE3	대사:FD	1	うざってー	
C08075	SSS5/403:AEF	대사:FD	1	茶番は、終わりだ!!!	
C08076	SSS5/403:B14	대사:00	1	止めましょう。	
C08077	SSS5/403:BDD	대사:03	1	ぎゃう	
C08078	SSS5/403:BE4	대사:FD	1	カオスシードが欲しいんだろ?	
C08079	SSS5/403:C94	대사:02	1	愚かなギゼン者!	
C08080	SSS5/403:CA8	대사:FD	1	黒い龍?	
C08081	SSS5/403:CB9	대사:02	1	お前が余計な事をしなければ　　	
C08082	SSS5/403:CD2	대사:02	1	簡単にとって変われたものを　　	
C08083	SSS5/403:D04	대사:FD	1	お前が{05:02}に取り付く\n邪悪な力か!	
C08084	SSS5/403:D1F	대사:02	1	邪悪な力とは、心外だな{09}素直なだけだよ。	
C08085	SSS5/403:D5E	대사:02	1	立派に育ててくれた礼を\nしなければな。	
C08086	SSS5/403:D7C	대사:FD	1	お前にゃ、俺は倒せないよ!	
C08087	SSS5/403:DBF	대사:FD	1	さあ、戻ろう?	
C08088	SSS5/403:DCB	대사:02	1	殺してやる!	
C08089	SSS5/403:E60	대사:03	1	僕を倒したつもりだろうな。	
C08090	SSS5/403:E73	대사:03	1	「僕」が「黒い僕」の存在を{0A}いくら、こばんでも　　	
C08091	SSS5/403:E9B	대사:03	1	「僕」が、この世界に居る限り\nまた逢う事になるよ。	
C08092	SSS5/403:EC3	대사:03	1	悲しいけど{03:01}　{03:01}　{03:01}そうなる様に\n作られたんだから。	
C08093	SSS5/403:FBE	대사:FD	1	カオスシード	
C08094	SSS5/403:FC9	대사:FD	1	これをあげるって約束だったな。	
C08095	SSS5/403:FE8	대사:05	1	これを僕に渡すと　　	
C08096	SSS5/403:FFA	대사:05	1	{05:00}の心が、なくなっちゃうよ?	
C08097	SSS5/403:100E	대사:05	1	それでもいいの?	
C08098	SSS5/403:1020	글	1	かまわない{08}やっぱり　　それじゃあ、困るなぁ	
C08099	SSS5/403:103E	대사:FD	1	やっぱり　　それじゃあ、困るなぁ	
C08100	SSS5/403:1057	대사:05	1	そうだよね　　	
C08101	SSS5/403:1066	대사:05	1	当然だよね	
C08102	SSS5/403:1073	대사:05	1	僕と{05:00}は敵なんだもん　　	
C08103	SSS5/403:10E1	대사:FD	1	かまわないさ!	
C08104	SSS5/403:10F6	대사:FD	1	それで、約束が果たせるなら　　\nまた三人で仲良くやろうな。	
C08105	SSS5/403:114C	대사:FD	1	ほら、おたべ	
C08106	SSS5/403:1168	검증필요	3	Mづ{05:00}グ{0A}{05:00}な{00}	
C08107	SSS5/404:81	대사:FE	1	{05:00}、{05:00}\nお願いだから　　起きてよ!	
C08108	SSS5/404:A5	대사:FD	1	ダイジョウブ	
C08109	SSS5/404:B1	대사:FE	1	ほんとに大丈夫?心配したんだから!	
C08110	SSS5/404:E0	대사:FD	1	チイサクナッタ	
C08111	SSS5/404:EB	대사:FE	1	うん、私が気がついた時はもう。	
C08112	SSS5/404:190	대사:FD	1	ダイチガ、ヨミガエッタ	
C08113	SSS5/404:1A3	대사:FE	1	じゃあ、{05:02}の身体は、もう\n大丈夫なのね?	
C08114	SSS5/404:1DD	대사:FD	1	スベテ、カイケツ	
C08115	SSS5/404:1EA	대사:FE	1	良かった♡	
C08116	SSS5/404:1FC	대사:FE	1	蒼幻にあんな事言われて、どうなちゃう\nかと思ったけど。	
C08117	SSS5/404:22C	대사:FE	1	二人とも無事でホント良かった。	
C08118	SSS5/404:24A	대사:FE	1	でも、{05:00}、どうしたの{07}なんか、変なしゃべり方して	
C08119	SSS5/404:2AA	대사:07	1	どうやら、終わってしまった\n様ですね。	
C08120	SSS5/404:2C3	대사:FD	1	カイケツシタ	
C08121	SSS5/404:2EB	대사:07	1	そうですか、全て解決しましたか。	
C08122	SSS5/404:302	대사:FD	1	アア	
C08123	SSS5/404:30B	대사:07	1	やはり、カオスシードを龍に与えて\nしまったのですね。	
C08124	SSS5/404:32C	대사:FD	1	ヤクソク、シタカラ	
C08125	SSS5/404:355	대사:07	1	彼は、自分の喜怒哀楽と引き換えに{0A}黒い龍を封じたんですよ。	
C08126	SSS5/404:389	대사:FE	1	それって{03:01}　{03:01}　{03:01}どういう事なの?	
C08127	SSS5/404:3A7	대사:FE	1	{05:00}、どうなちゃうの?	
C08128	SSS5/404:3BD	대사:07	1	フフ、これ以上は、どうもなりませんよ{09}ごらんの通りです。	
C08129	SSS5/404:41E	대사:FD	1	マタ、サンニンデ\nクラセル。	
C08130	SSS5/404:44C	안내:0A	1	大地を復活させるという目的を、一応果たし\n \n    三人は、仙窟を後にした{03:01}　{03:01}　	
C08131	SSS5/404:490	안내:0C	3	そして　　	
C08132	SSS5/404:4CB	대사:06	1	どうでしょう?	
C08133	SSS5/404:4D6	대사:11	1	喜怒哀楽が、無くなったといわれても\nよくわからんな　　	
C08134	SSS5/404:504	대사:FD	1	オレ、キニナラナイ。	
C08135	SSS5/404:51E	대사:11	1	わしらが気にするんじゃ\nこのバカ弟子!	
C08136	SSS5/404:539	대사:11	1	ちょっとは後先、考えんかい!!	
C08137	SSS5/404:556	대사:FD	1	カンガエタ	
C08138	SSS5/404:56E	대사:11	1	だめだこりゃ!	
C08139	SSS5/404:583	대사:06	1	{05:02}の方は、いかがでしょう?	
C08140	SSS5/404:5A3	대사:11	1	まさか、こいつが、あの黒い龍じゃとは　　	
C08141	SSS5/404:5BF	대사:11	1	ふむ、邪気は無いし、今の所\n何の問題もないじゃろ。	
C08142	SSS5/404:61F	대사:11	1	おーよしよし	
C08143	SSS5/404:668	대사:00	1	ありゃ、あかんのう。	
C08144	SSS5/404:685	대사:01	1	そんなぁ	
C08145	SSS5/404:68D	대사:00	1	ワシもまさか、こんな事になるとは　　	
C08146	SSS5/404:6A6	대사:00	1	とにかく奴は、あの調子だし{09}もう、駄目かもしれんのう。	
C08147	SSS5/404:6E3	대사:01	1	無責任な事、言わないでください!!	
C08148	SSS5/404:737	대사:01	1	あなたのせいじゃ、ないのよ　　	
C08149	SSS5/404:799	대사:FD	1	ジャマスルナ	
C08150	SSS5/404:7A3	대사:2B	1	くそ、覚えてろ!	
C08151	SSS5/404:7C9	대사:FD	1	シゴト!	
C08152	SSS5/404:7F0	대사:01	1	もう、{05:00}元に戻らない\nのかしら　　	
C08153	SSS5/404:82E	안내:0A	1	そして、{05:02}の事件があってから\n \n   数ヶ月が過ぎた、ある日	
C08154	SSS5/404:87C	대사:00	1	それじゃ、お買い物してくるから\n二人ともまっててね。	
C08155	SSS5/404:8C6	안내:08	1	{05:00}は、{05:02}に引かれ\n \n  くち果てた老木の前に\n \n   連れてこられた　	
C08156	SSS5/404:927	대사:FD	1	シャベレルノカ	
C08157	SSS5/404:940	대사:00	1	僕は、仙獣の世界に行こうと\n思うんだ。	
C08158	SSS5/404:95E	대사:FD	1	ドウシテ	
C08159	SSS5/404:971	대사:00	1	{05:01}を見ているのが、辛く\nなったから　　	
C08160	SSS5/404:999	대사:00	1	それと、やっぱりこの世界は、僕が暮らす\nには無理があるみたいだ　　	
C08161	SSS5/404:9CD	대사:00	1	{05:00}、あの大きな樹\n知ってる?	
C08162	SSS5/404:9F4	대사:00	1	あの樹も僕と同じように、大昔に\n作られた物なんだ　　	
C08163	SSS5/404:A1B	대사:00	1	人の身勝手でつくられ、そして\n忘れられた存在　　	
C08164	SSS5/404:A40	대사:00	1	昔の僕はきっと、人が恐かったんだ。	
C08165	SSS5/404:A59	대사:00	1	でも、{05:00}と{05:01}に\n逢って僕は変わった　　	
C08166	SSS5/404:A77	대사:00	1	{05:00}の思いが、僕を変えて\nくれたんだ。	
C08167	SSS5/404:AFA	대사:00	1	いっしょに暮らした間、本当に\n楽しかったよ　　	
C08168	SSS5/404:B1E	대사:FD	1	ソウカ	
C08169	SSS5/404:B2C	대사:00	1	おかしいね、僕の方が悲しくなって\nきちゃったよ　　	
C08170	SSS5/404:B6D	대사:00	1	{05:01}には黙って行くけど　　\nゆるしてもらえるかな?	
C08171	SSS5/404:B90	대사:FD	1	ワカラナイ。	
C08172	SSS5/404:B9C	대사:00	1	行く前にこれを返さなくっちゃ!	
C08173	SSS5/404:BCF	대사:FD	1	カオス{03:01}シード	
C08174	SSS5/404:BDE	대사:00	1	{05:00}の心	
C08175	SSS5/404:BE7	대사:00	1	とっても、あたたかかったよ。	
C08176	SSS5/404:C44	대사:00	1	あの樹の魂が呼んでる。	
C08177	SSS5/404:C5D	대사:00	1	さよなら、{05:00}	
C08178	SSS5/404:CA3	대사:00	1	{05:01}を泣かすなよ。	
C08179	SSS5/404:D7E	대사:FD	1	　{03:02}　{03:02}{05:02}	
C08180	SSS5/405:A0	대사:09	1	雷漢将軍の出陣だ!	
C08181	SSS5/405:B8	대사:09	1	洞天軍に、えいこうあれ!!	
C08182	SSS5/405:D1	대사:09	1	洞仙に天誅を!!	
C08183	SSS5/405:E6	대사:09	1	勝つまで、負けるなぁ!	
C08184	SSS5/405:FC	대사:09	1	平和な大地を取り戻せ!	
C08185	SSS5/405:17E	대사:F9	1	ここが仙窟か!	
C08186	SSS5/405:1A3	대사:F9	2	ここが龍穴炉の様だな。	
C08187	SSS5/405:1CD	대사:F9	2	この程度では　やられはせん　ぞ　	
C08188	SSS5/405:315	대사:05	1	大丈夫ですか!	
C08189	SSS5/405:387	대사:07	1	見つけたぞ洞仙め!	
C08190	SSS5/405:3A0	대사:FD	1	腰抜け洞天軍か!	
C08191	SSS5/405:3CB	대사:04	1	なめられた、ものだな　　	
C08192	SSS5/405:3EB	대사:05	1	あれが、例の龍です将軍。	
C08193	SSS5/405:412	대사:07	1	ほう、それがウワサの龍か。	
C08194	SSS5/405:428	대사:07	1	聞いているより、ずいぶんと\n小さいな。	
C08195	SSS5/405:448	대사:FE	1	将軍って!	
C08196	SSS5/405:456	대사:FE	1	{05:00}あの人雷漢将軍よ	
C08197	SSS5/405:46E	대사:07	1	{05:00}?どこかで\n聞いた名だな・・	
C08198	SSS5/405:49F	대사:05	1	思い出しました。	
C08199	SSS5/405:4AD	대사:05	1	東天転を倒した洞仙です。	
C08200	SSS5/405:4C9	대사:07	1	こやつがか　　	
C08201	SSS5/405:4E0	대사:07	1	ならば相手にとって不足はないわ!	
C08202	SSS5/405:556	대사:FD	1	不足があるとか、ないとか勝手な\n事ばっか、いいやがって!	
C08203	SSS5/405:585	대사:FD	1	お前らまとめてたたき出してやる。	
C08204	SSS5/405:59F	대사:FC	1	ガゥゥゥ	
C08205	SSS5/405:5B7	대사:FE	1	なんか、洞仙の正当性を説明する\nヒマは無さそうね。	
C08206	SSS5/405:5E5	대사:07	1	死ぬがいい	
C08207	SSS5/406:5E	대사:04	1	でも、どうやって洞仙さんを\n捜したらいいのかしら?	
C08208	SSS5/406:7E	대사:04	1	まさか自分から、洞仙だよって\n名乗ってくれるわけ無いし　　	
C08209	SSS5/406:B5	대사:04	1	それにしても、聞いた人みんな\nスゴイ反応だったのよ　　	
C08210	SSS5/406:101	대사:03	1	洞仙を知ってるかだって?	
C08211	SSS5/406:114	대사:03	1	あんな恐ろしい奴{0A}見たこと無いよ!	
C08212	SSS5/406:16A	대사:0A	1	すみません	
C08213	SSS5/406:173	대사:0A	1	洞仙が住んでる所って\n知ってますか?	
C08214	SSS5/406:19D	대사:08	2	洞仙!!	
C08215	SSS5/406:25C	대사:04	1	洞仙さんって、ほんとに\n良い人なのかなぁ　　	
C08216	SSS5/406:292	대사:04	1	あなたも心配してるの?	
C08217	SSS5/406:2A6	대사:05	1	がう、がうぅ　　。	
C08218	SSS5/406:2B5	대사:04	1	向こうに誰かいるの?	
C08219	SSS5/406:310	대사:04	1	{05:02}を見たら\n誰でも、きっと驚くわよねぇ	
C08220	SSS5/406:33B	대사:04	1	かくれなきゃ!	
C08221	SSS5/406:36B	대사:FD	1	最近、この地の龍脈が弱って\nきている。	
C08222	SSS5/406:38B	대사:FD	1	　　でも、どうしてなんだろう?	
C08223	SSS5/406:3A3	대사:FD	1	とにかく、仙窟を作って\n龍脈を活性化しなければ\n死の大地になってしまう　　。	
C08224	SSS5/406:3E5	대사:04	1	あの人は、　ずっと以前　　\n私を助けてくれた人!?	
C08225	SSS5/406:40E	대사:04	1	そういえば、あの人、妖怪と\n一緒にいたわよね　　	
C08226	SSS5/406:431	대사:04	1	もしかして洞仙って　　	
C08227	SSS5/406:4A7	대사:04	1	今のは仙術!	
C08228	SSS5/406:4B7	대사:04	1	あの人が洞仙だったのね!	
C08229	SSS5/406:4D4	대사:04	1	あの人なら・・きっと{05:02}を育てる\n方法を教えてくれるわ。	
C08230	SSS5/406:4FE	대사:05	1	がう～。	
C08231	SSS5/406:516	대사:04	1	でも、どこ行っちゃったのかしら?	
C08232	SSS5/406:555	대사:FD	1	{05:01}がいない!	
C08233	SSS5/406:56C	대사:FD	1	まさか、洞天軍の奴等に連れて\n行かれたんじゃ	
C08234	SSS5/406:5A2	대사:14	1	おい大変だ!将軍が襲われて\n種が奪われたらしいぞ!	
C08235	SSS5/406:5CF	대사:09	1	何だって!	
C08236	SSS5/406:5E7	대사:FD	2	どうしたんだろう?	
C08237	SSS5/406:63D	대사:14	1	こんな奴に、将軍がやられる\nわけ無いよな。	
C08238	SSS5/406:6E5	대사:10	1	よかった、ぶじだったのね。	
C08239	SSS5/406:709	대사:10	1	種が光ってる!	
C08240	SSS5/406:73F	대사:FD	1	こ、{03:02}こんどは何て光ったの?	
C08241	SSS5/406:77E	대사:10	1	えっとね。	
C08242	SSS5/406:7E6	대사:10	1	ナイショよ{03:01}♡	
C08243	SSS5/406:864	대사:FD	1	カ、{03:01}カオスシードを取り戻せたのが\n嬉しいって事かな?	
C08244	SSS5/406:8A5	대사:10	1	でも、なんだか、{05:00}が\n笑うのって、ずいぶん久しぶりね。	
C08245	SSS5/406:8D5	대사:10	1	あら、もうひとつ、増えてるわよ。	
C08246	SSS5/406:912	대사:10	1	悔しいって{03:01}　{03:01}　{03:01}	
C08247	SSS5/406:926	대사:10	1	もしかして奪われる寸前に\n光った物かしら?	
C08248	SSS5/406:947	대사:10	1	あの時って、よっぽど\n悔しかったのね。	
C08249	SSS5/406:960	대사:FD	1	そりゃ悔しかったさ。	
C08250	SSS5/406:977	대사:FD	1	{05:02}の事も心配だし\n戻ろうか。	
C08251	SSS5/407:32	글	1	わしを呼ぶのは、どなたかのう?	
C08252	SSS5/407:46	글	1	お{03:01}お{03:01}お{03:01}?	
C08253	SSS5/407:5B	대사:FD	1	{05:00}ですよ。	
C08254	SSS5/407:65	대사:FD	1	弟子の顔を、忘れてましたね。	
C08255	SSS5/407:82	글	1	おお、覚えておるぞ{05:00}!	
C08256	SSS5/407:93	대사:FD	1	もう。	
C08257	SSS5/407:A1	대사:FE	1	この人が{05:00}の師匠?	
C08258	SSS5/407:BA	글	1	ワシは、洞仙の三界じゃ!	
C08259	SSS5/407:F7	대사:FD	1	いや違うんですよ、洞仙に関する本を\n探しているんですよ。	
C08260	SSS5/407:12E	대사:FD	1	ちょっとあちらに行きましょう。	
C08261	SSS5/407:16C	대사:18	1	いったい何じゃ?	
C08262	SSS5/407:181	대사:FD	1	まずいでしょあんな所で	
C08263	SSS5/407:198	대사:18	1	おおそうじゃったな。	
C08264	SSS5/407:1A8	대사:18	1	で、こちらの娘さんは?	
C08265	SSS5/407:1CB	대사:FE	1	はじめまして、私は、{05:01}	
C08266	SSS5/407:1E3	대사:FE	1	いつも{05:00}には\nお世話になっています。	
C08267	SSS5/407:20C	대사:18	1	ふむ、どこで知り合ったんじゃ\nこの果報者が!!	
C08268	SSS5/407:22C	대사:FD	1	へへへ♡	
C08269	SSS5/407:238	대사:18	1	ところでちゃんと修行しとるか?	
C08270	SSS5/407:257	대사:FD	1	もちろん	
C08271	SSS5/407:269	대사:18	1	いちゃついて修行さぼっとらんか?	
C08272	SSS5/407:286	대사:FD	1	修行してますよぉ	
C08273	SSS5/407:2A9	대사:18	1	ホントかのう?	
C08274	SSS5/407:2B4	대사:FE	1	ホントです。	
C08275	SSS5/407:2C5	대사:18	1	ちょびっとは、いちゃいちゃ\nしとらんか?	
C08276	SSS5/407:2EF	대사:FE	1	内緒だけど、ちょっと♡	
C08277	SSS5/407:31F	대사:18	1	どうじゃ!	
C08278	SSS5/407:32A	대사:FD	1	どうじゃって　　老師のペースに\n合わせてると話が、すすまないん\nだよね。	
C08279	SSS5/407:493	대사:02	1	ボ、ボクは絶対に許さない。	
C08280	SSS5/407:4A9	대사:02	1	{05:00}さえ、現れなければ\n{05:01}とずっと一緒にいれ\nたんだ　　。	
C08281	SSS5/407:4D9	대사:FD	1	その{05:01}を消し\n飛ばしたのは、お前だろ!	
C08282	SSS5/407:4F4	대사:02	1	お前さえ、お前さえいなければ!	
C08283	SSS5/407:509	대사:FD	1	だまれ!!!	
C08284	SSS5/407:513	대사:02	1	お前が悪いんだ!!!	
C08285	SSS5/407:554	대사:FD	1	悪いのは　　	
C08286	SSS5/407:573	대사:FD	1	　お前だろ　	
C08287	SSS5/407:592	대사:FD	1	　　消えてしまえ!	
C08288	SSS5/407:8ED	대사:FD	1	今のは　　	
C08289	SSS5/407:8F9	대사:FD	1	まさか時封呪?	
C08290	SSS5/407:913	대사:FD	1	お{03:02}、俺がやってしまったのか?	
C08291	SSS5/437:113	안내:0A	1	 老師の話を聞いてからすでに\n \n6ターンが経過してしまいました。	
C08292	SSS5/437:166	대사:FC	1	ぐうがが　　	
C08293	SSS5/437:178	대사:FD	1	食事にしたいのか?	
C08294	SSS5/437:187	대사:FC	1	がうがう!{00}	
C08295	SSS5/437:195	검증필요	1	（ジズづジ{00}	
C08296	SSS5/437:359	대사:FE	1	ねぇ、{05:02}の様子が変よ{08}急いでエサをあげないと{0A}死んじゃいそうよ!	
C08297	SSS5/437:3C6	안내:08	1	蒼幻から聞いた話が、家路につく\n \n{05:00}たちの足取りを\n \n重くしていた。	
C08298	SSS5/437:73B	글	1	この下に、古い地下通路がある{09}そこから邪精の気配がするぜ!	
C08299	SSS5/437:790	글	2	この部屋の地下に古い地下\n通路があります。{p}邪精の気配があるので、気を\nつけて進んで下さい。	
C08300	SSS5/437:812	글	1	待っておったぞ!{p}ここの地下には、邪精が\n巣食っているんじゃ。	
C08301	SSS5/437:875	글	1	来てくれたのね、洞仙。{p}この部屋の地下には邪精が\n巣食っているの。	
C08302	SSS5/437:8C2	글	1	全ては、あなたに\nかかっています。	
C08303	SSS5/437:967	대사:FD	1	まかせて下さいって!	
C08304	SSS6/005:66	글	1	この仙獣界では\n私みたいな皮肉屋は\n異端者なんですよ。{p}そんなつもりは全然ないのに\nケンカを売っていると\n思われるんですよね。{p}これでも私は平和的な\n日和見主義者だと\n思っているんですがねえ。{00}	
C08305	SSS6/005:E1	글	2	あなたは二人のケンカを\nどう思いますか?	
C08306	SSS6/005:100	글	2	まったくくだらん{09}いいんじゃないのお?	
C08307	SSS6/005:118	대사:FD	2	まったくくだらんね!	
C08308	SSS6/005:126	대사:FD	1	あんなのが政治家なんだったら\n俺なんか皇帝陸下ができるよ。{p}そうでしょう\nそうでしょう。{p}やってみては\nいかがですか?	
C08309	SSS6/005:173	대사:FD	2	俺が?	
C08310	SSS6/005:17B	대사:FD	2	皇帝陸下に?	
C08311	SSS6/005:189	대사:FD	2	なれって?{p}そうですよ。	
C08312	SSS6/005:1AE	대사:FD	2	いいかもな{08}やってみるよ。{p}そうこなくっちゃ。	
C08313	SSS6/005:1CC	글	1	お手伝いさせて\nいただきますよ。	
C08314	SSS6/005:1F0	대사:FD	2	べつにい　　　\nいいんじゃないのお?{p}　　　　　{p}そうですか　　　{p}あなたならあの二人に代わって\nこの世界を治めることが出来ると\n見込んでいたのですが　　　	
C08315	SSS6/005:25A	대사:FD	1	えええっ!?{p}仕方ありませんね\nあなたにその気が\nないのでは{p}無理をいうわけにも\nいきませんから　　　	
C08316	SSS6/005:29C	대사:FD	2	あっ、待って待って!	
C08317	SSS6/005:2AD	글	2	この仙獣界の統治者に\nなっていただけますか!?	
C08318	SSS6/005:2CE	대사:FD	1	は、はい。{p}ほんとですね、きっとですよ{0A}さっそく準備にかかりましょう。{p}お手伝いさせて\nいただきますよ。	
C08319	SSS6/005:315	대사:FD	2	　　　ははは　　　　{00}	
C08320	SSS6/005:340	글	1	あたしたち姉妹も\nケンカ中よ。{00}	
C08321	SSS6/005:354	글	1	あたし、緑の多い所が好き。{p}食べられる植物は\nもっと好き。{00}	
C08322	SSS6/005:37B	글	2	あなたはパセリは好き{07}あたしは大好きなの。	
C08323	SSS6/005:39E	글	2	好き{09}嫌い{09}分からないなあ。	
C08324	SSS6/005:3B2	글	1	話の分かる人ね!{p}食事を残さず食べる人じゃないと\nなかなか分からない味よね。{p}あたしあなたが\n村長さんになるの\n賛成よ。{p}がんばってね!{00}	
C08325	SSS6/005:406	글	1	そうなの{07}ふーん　　　　{p}小さな事でもちゃんと\n自分の意見を言えるのって\nエラいわよね。{p}あたしあなたなら\nこの国を一つにできると\n思うわ。{p}がんばってね!{00}	
C08326	SSS6/005:464	글	1	へーえ。{p}何でもしんちょうに\n答えるのね。{p}あなたならきっと\n誰からも信用される\nいい村長さんになれるわ。{p}がんばってね!{00}	
C08327	SSS6/005:4AA	글	1	みんなあなたのうわさで\nもちきりよ、この\n有名人。{00}	
C08328	SSS6/005:4C8	글	2	帰っちゃうの?{p}あなたわりといい男だから\nなんだかちょっともったいない。	
C08329	SSS6/005:4F2	대사:FD	1	ははは、よくいわれるんだ。{p}アタマは\n悪そうだけど。	
C08330	SSS6/005:511	대사:FD	4	　　　　　。{00}	
C08331	SSS6/005:533	글	1	ケンカってけっこう\n面白いのよね。{00}	
C08332	SSS6/005:548	글	1	あたし、人間界って\nごみごみしていて\nいろんなにおいがして嫌い。{p}でもね、野菜のスープの\nいいにおいは大好きなの。{00}	
C08333	SSS6/005:58C	글	1	へびさんと何を\n話していたの?{p}うれしそうにおうちに\n帰ってったから。	
C08334	SSS6/005:5B6	대사:FD	1	まだないしょだよ。{p}村長さんに\nなるんでしょ?	
C08335	SSS6/005:5D3	대사:FD	1	その先は\nないしょ。{00}	
C08336	SSS6/005:5E0	글	1	村長さん村長さん、{p}カミの短い女の子は\n好き? 嫌い?{p}今のうちに\nおしゃべりして\nおきたいの。{p}小屋に帰っちゃったら\n仕事でいそがしくなって\n会えなくなりそーう。	
C08337	SSS6/005:64E	글	2	カミの短い子が好き{09}カミの長い子が好き{09}カミなんて関係ない{09}君には関係ない。	
C08338	SSS6/005:684	대사:FD	1	どっちかというと\n短い髪がいいかな。{p}ほんとほんと?{p}ねえねえ\nあたしぐらい?	
C08339	SSS6/005:6B3	대사:FD	1	どこまでが\n髪なんだろう\n　　　　。	
C08340	SSS6/005:6D0	대사:FD	1	あ、ああ\nまあね。{p}うふふっ。{00}	
C08341	SSS6/005:6E3	대사:FD	2	どっちかというと\n長い髪がいいかな。{p}へーえ、そうなんだあ\nそれじゃあね、えっと{p}でーとするなら\n海と山どっちが　　	
C08342	SSS6/005:727	대사:FD	2	じゃあ俺\n急ぐんで　　{p}あーん{0A}また来てねー。{00}	
C08343	SSS6/005:747	대사:FD	1	髪の長さなんて\n関係ないよ、その子に\n似合っていればいいのさ。{p}　　　　　　{p}そうね、でもね\nそんな言い方\nしなくったって。	
C08344	SSS6/005:798	대사:FD	2	えっっ!?俺、なんか\nまずいこと言った??	
C08345	SSS6/005:7B3	글	1	まずくはないのかも\nしれないけどさ、{p}そんなことが\nききたかったんじゃ\nないんだもん。{p}あたしの話を\nしてほしいのに。	
C08346	SSS6/005:7F3	글	2	いーーだ。	
C08347	SSS6/005:7FC	대사:FD	2	　　　　??{00}	
C08348	SSS6/005:80A	대사:FD	1	君には関係ないよ。{p}あー、てれちゃってる\nかわいいかわいい{09}今度たいぷを教えてね。	
C08349	SSS6/005:848	글	2	　　　　{p}また来て、ね。	
C08350	SSS6/005:85D	대사:FD	2	ああ。{00}	
C08351	SSS6/005:877	글	1	あんまりくわしくは\n知らねえんだけどよ{p}人間のケンカって\n他人を巻き込んでまで\n命を取り合うって　　　{p}ほんとか?{p}ここの人間は\n普通のやつらで\n良かったなあ。{00}	
C08352	SSS6/005:8DB	글	2	俺は蛇の奴とちがって\n平和主義ってきらいだね。{p}わざわざ平和って言うのは\n殺し合いのケンカの時との\n区別のためだろ?{p}だったら平和なんて言葉\nないほうが自然だよ。{00}	
C08353	SSS6/005:943	글	1	俺と同じくらいの相手だったら\nなぐり合いのケンカもいいもん\nなんだけどな{p}どっちかの気持ちを動かすためには\nどっちも同じ条件で勝負すんのさ。{p}相手の拳を受けるのが\nくだらないような勝負なら\nやめちまえってことさ。{00}	
C08354	SSS6/005:9C2	글	2	おまえも皇帝なら皇帝らしく\n城でどっしりとすわってれば?{p}ちょろちょろしてまわって\n落ち着きがねえ奴だな、もう。{p}シンさんとかキンさんとか\nゴインキョとでも呼べってか?{00}	
C08355	SSS6/005:A21	글	1	あーははははは。{p}やめちゃったっ\nつったって\n何が変わるわけでもなし{p}安心して帰んな{0A}蛇のこたあ気にすんなよ。{p}じゃあな。{00}	
C08356	SSS6/005:A7C	글	1	平和が一番でやんすよ。{p}怒るのなんて\nみっともないじゃあ\nないですか、ねえ。{00}	
C08357	SSS6/005:AA9	글	2	おれっちみたいな芸人なんて\nケンカの真っ最中には\nお呼びでないすからね。{p}せいぜいケンカの後にでも\n活躍させてもらいましょ。{00}	
C08358	SSS6/005:AF2	글	2	おれっちのしんせきが\n月で業をついてんですがね\n　　もちじゃないっすよ、{p}どうにももうけが\n悪いっつってね、{p}月での商売はおれっちの\nあこがれだってのに{p}がんばってるといっつも\n水さすんだから。{00}	
C08359	SSS6/005:B5E	글	2	おや、そろそろ\n始まるんすか、仕事。{p}いいもんですやね{0A}初仕事の前の緊張感。{p}初心を忘れずがんばってくださいよ!{00}	
C08360	SSS6/005:BA5	글	1	おっす、おつかれっす{09}お帰りになるんでやしょ?{p}無理はよくないっすよ{0A}人間の場合は特にね{09}元気が一番、ほなさいなら。{00}	
C08361	SSS6/005:C02	글	1	俺が一番嫌いなのは\n自分の言ったことに\n責任を持たない奴だ。{00}	
C08362	SSS6/005:C2D	글	1	俺だってもともとは\n無口だった。{p}だが、やかましい奴らに\n文句を言ってるうちに\nこうなっちまった。{p}これじゃもう他人を\nやかましいなどと言えた\n立場じゃないからな。{p}もっと別なことに\n文句を言うようにしてる。{00}	
C08363	SSS6/005:CA7	글	1	俺が一番嫌いなのは\n自分の言ったことに\n責任を持たない奴だ。{p}お前はそんな事は\nないだろうな。{00}	
C08364	SSS6/005:CE5	글	1	何だと、お前に神殿の二人を\n説きふせるだけの実力が\nあったというのか?{p}俺としてはどうも\nふに落ちないんでな。	
C08365	SSS6/005:D2B	대사:FD	1	失礼しちゃうぜ{0A}いまに俺様の神殿を見て\nおどろくなよこの野郎。{00}	
C08366	SSS6/005:D55	글	1	そうか、やっと分かった{0A}じゅうなんな思考、つまり\nりん機応変さの重要性が。	
C08367	SSS6/005:D87	대사:FD	1	　　　　　\nいやみか?{00}	
C08368	SSS6/006:63	글	2	ここは水辺の神殿。{p}拙者ここの姫ぎみにつかえる者。{p}この中には拙者以上の猛者もいる{09}勝手な行動はつつしまれよ。{00}	
C08369	SSS6/006:AF	글	1	姫ぎみには恩義があるゆえ\n姫ぎみに敵対する者はすなわち\n拙者の敵と見なす。{p}勝負を挑まれたら正々堂々\n戦う覚悟でござる。{00}	
C08370	SSS6/006:102	글	1	個性というものは\nまわりとの調和の中で\n初めて価値を持つ。{p}姫ぎみの御主張は\nけっして調和を\n乱してはござらぬ。{p}まさかとは思うがおぬしは\n単なるわがままかどうかも\n区別できぬのではなかろうな。{00}	
C08371	SSS6/006:179	글	1	拙者のように\n忠誠をちかえる\n主君を持てた者は{p}幸福なのかも\nしれぬ。{p}そうまでに値する\n主君というものに\nおぬし、なれるかな?{00}	
C08372	SSS6/006:1C8	글	1	まあよかろう{09}きまぐれな人間よ\nできることをやれ。{p}きまぐれさえも\n大事な要素だ。{00}	
C08373	SSS6/006:20E	글	1	この村の二つの神殿に住まう\n二人の統治者は両方とも人間だ。{p}人間というのは支配欲が\n強いらしいな。{p}まあ、私達と違って\n限りある時間をより良く\n生きたいからなのだろう。{p}世界の息吹きを助けるための\n努力であるのなら\n正しいことだと思う。{00}	
C08374	SSS6/006:2AB	글	1	生きるものの「強さ」というのは\n他者への影響力の強さの事だ。{p}食物連鎖の観点から言うと\n生物はみな平等の強さを持っている\nということになるだろう。{00}	
C08375	SSS6/006:30E	글	1	他者を食い、他者に食われ\n母より生まれ、土にかえる限り{p}世界には何一つとして\n卑下されてよい命などない。{p}しかし生物としての中に\n愛情と憎悪とが存在することと{p}それによって命をかけ合うことが\n結果として破壊力を競うことに\nなるという事実については・・{p}今の私には\n正しいと認めることは\nできない。{00}	
C08376	SSS6/006:3CE	글	1	迷うことこそ生きるものの\n生きる生き方だと言った\n人間がいたが{p}私自身の根本的な\n疑問の解決にはならない。{00}	
C08377	SSS6/006:417	글	2	すべては決まった\n運命なのだとしても{p}世の中の理を知れば\n自我は自由であることが\n自ずと分かるだろう。{p}自分にかかわるすべてを\n大事にしたいものだな。	
C08378	SSS6/006:477	대사:FD	2	どうでもいいけど\nまたな、ねえちゃん。	
C08379	SSS6/006:48E	대사:FD	1	おもひてまなばざるは\nええと、{p}危うし、か{09}ああ\n気をつけよう。{00}	
C08380	SSS6/006:4C7	글	2	誰かの強さから受ける感銘が\n「かっこよさ」を「うらやむ」で{p}はかなさや弱さから受ける感情が\n「愛らしさ」を「いとおしむ」で{p}そのどちらも含み、どちらも超えた\n感動が「美しさ」を「たたえる」\nだとおもうんですよ。{00}	
C08381	SSS6/006:54D	글	1	空を悟るということは\n虚無の道理を悟ること\nなんだそうです。{p}いえね、そこの\nさるじいさんが{p}孫悟空って方と\n知り合いだったって\nいうもんだから。{00}	
C08382	SSS6/006:5A5	글	1	虚無っていったい\n何なんでしょうね{p}ずうっと西の方の生物の住めない砂漠に\n「虚無の四分の一」という\n名前がついてるそうです。{p}面白い言い方ですね。{00}	
C08383	SSS6/006:607	글	1	ゼロはいくら乗じても\nゼロなんでしょう?{p}ところで虚数って\n何なんですか?{p}私に分かるように\n説明しちゃあ\nもらえませんか?	
C08384	SSS6/006:651	대사:FD	2	じ、じゃあな俺\n急ぐからこれで　　{00}	
C08385	SSS6/006:668	글	2	まだまだ分からないことには\n畏怖の気持ちをいだいても\nしかたありませんよね。{p}大僧正さんをあまり\n責めないでやってください{0A}あの人まじめな人なんだから。	
C08386	SSS6/006:6C3	대사:FD	1	かばってやることなんか\nないんだよ、あいつは\n修行が足んねえんだ。{p}というとあなたは\n修行のお手伝いを\nしていたんですか。	
C08387	SSS6/006:70B	대사:FD	1	げええ、ちっ{0A}ちがうちがう!{00}	
C08388	SSS6/006:730	글	2	山林の神殿のじいさん\n栗まんじゅうが好き。{p}おいらとおんなじ。{00}	
C08389	SSS6/006:757	글	1	ヒツジの姉妹\n草が好き。{p}おいら草は\n好きじゃない。{00}	
C08390	SSS6/006:779	글	1	おいしいもの好きだけど{0A}まずいもの捨てるのだめだめ。{p}姫さま魔法で\nまずいものおいしくする\nすごいすごい。{00}	
C08391	SSS6/006:7B5	글	2	ここで暮らす{07}遊んで遊んで。{p}そのあとで「また後で」って言って。{00}	
C08392	SSS6/006:7DE	글	2	おうちへ帰る、なんだかすごく\nやさしい響き。{p}さよならね。	
C08393	SSS6/006:801	대사:FD	2	また後でな。{p}うん。うんうん。{00}	
C08394	SSS6/006:828	글	1	　　　　　{p}ひとはきもち\nちゃんという。{p}ちゃんとしゃべる。{p}　　　　　　{p}　　　　　ね。{00}	
C08395	SSS6/006:867	글	2	つきひーほし\nほいほいほい。{p}つちくって、むしくって\nしぶーい。{00}	
C08396	SSS6/006:889	글	2	せんじゅうかいひろい\nはてのないせかい{p}わたりのとりつよい\nとりのとぶつよい{p}とどまるとりつよい\nさむさしのぐつよい{p}ひとつくるとくい{07}ひとまなぶとくい?{00}	
C08397	SSS6/006:8D8	글	2	せかいはだれでもある\nみんなのてのなかみ{p}せかいせいふくが\nごしゅみなの?	
C08398	SSS6/006:901	대사:FD	1	いやあ、別に\nシュミという\nほどでは　　	
C08399	SSS6/006:91C	대사:FD	2	ははは　　　{00}	
C08400	SSS6/006:927	글	2	にんげんかい、ふしぎなところ\nいっしょうけんめいのすてきなところ{p}いってらっしゃい。{00}	
C08401	SSS6/006:968	글	1	そりゃあ、ぼくたちは\nケンカのことは放っといて\nいますけど{p}ええと、{p}国政に関心がないわけでは\nありませんよ。{p}誤解しないでくださいね。{00}	
C08402	SSS6/006:9B5	글	2	お姫さんもおじいさんも\nいい人だったでしょう?{p}基本的仙獣権を\n尊重してくれてね。{00}	
C08403	SSS6/006:9EA	글	1	どっちの言い分も\n分かるんですよね。{p}ええと、{p}進歩を願うか\n持続を願うか\n　　　え、{p}それがきっかけだったんじゃ\nないんですか?{00}	
C08404	SSS6/006:A39	글	2	なさねばならぬ{0A}挑戦者の心得は立派ですね。{p}正しい判断さえ\nできりゃいいんです。{00}	
C08405	SSS6/006:A6D	글	1	住み慣れた国へ帰るのですね{0A}正しい判断です。{p}また観光に\n来てください。{00}	
C08406	SSS6/006:AB2	글	1	ケンカはケンカでも\nくちゲンカなんじゃから\nやらせとくのが良かろうよ。{p}わしゃあ正しい方の味方じゃ。{00}	
C08407	SSS6/006:AEB	글	1	この世界は\nうんざりするほど自由じゃよ。{p}もう少し秩序正しくても\nよさそうなもんじゃ。{00}	
C08408	SSS6/006:B20	글	1	神殿にいる二人もお前さんも\n倫理だの人徳だのちゅう難しい事を\n言わんところは一緒じゃの。{00}	
C08409	SSS6/006:B5C	글	2	あんたに秩序だの治安だのが\n分かるんかいな?	
C08410	SSS6/006:B7B	대사:FD	1	分かるか分からんか\nやってみなけりゃ\n分からんぜ。{p}ふーむ、なるほど。{00}	
C08411	SSS6/006:BA3	글	2	勝手な奴め、もう\n帰っちまうんかい。{p}また来い。{00}	
C08412	SSS6/007:B6	글	1	こんちわ!{p}この村には\n西に水辺の神殿が\n東に山林の神殿があるっす。{p}あ、ゆっときますけどね{p}おれっちはどっち派でも\nありませんよ。{00}	
C08413	SSS6/007:106	글	2	何て言うんですかね{0A}おれっちなんかさ{p}真剣になればなるほど\nお笑いなんすよ。{p}ケンカなんかできそうも\nないっすよね。{00}	
C08414	SSS6/007:147	글	2	うわあ、これから\n神殿の二人とケンカっすか?{p}どっちかがケガしなきゃ\nおさまらないんっすか?{p}ほどほどにしといて\nくださいよ、ねえ。{00}	
C08415	SSS6/007:18F	글	1	いやあ、だんな{09}とうとうここの\n王様ですかい!{p}するとあそこの小屋に\nお住みになるんで?{p}たまに遊びにいっても\nいいっすかね?えへへ。{00}	
C08416	SSS6/007:1DA	글	2	帰っちゃうんすね{0A}残念っすよ。	
C08417	SSS6/007:1F0	대사:FD	2	俺がまた来る時までに\n面白いはなし家にでも\nなっててくれよ、な。{p}ええっ?そいつは\nごたいそうな宿題だ!{p}山林の神殿まで\n教わりに行かなきゃ。{00}	
C08418	SSS6/007:25C	글	2	この神殿のおじいさんは\n人間界にいた頃は\n仙人と呼ばれていたそうですが{p}ここに来たばかりの頃は\nにこにこしているだけで\nつまらない人だったんですよ。{p}やっと最近、面白い人に\nなってきましたけどね。{00}	
C08419	SSS6/007:2D1	글	2	神殿のじいさんは\nいつからっだったかぼく達に\n昔話をするようになって、{p}さるじいさんたら\n神殿のじいさんの影響で\nお説教くさくなったんですよ。{00}	
C08420	SSS6/007:325	글	2	パナンペとペナンペの話って\nほんとにみんなに\n聞かせたりするのかしら?{p}神殿の鳥たちがみんなで\nおぼえちゃったらやだなあ。{00}	
C08421	SSS6/007:36D	글	2	おじいさんというのは\nお話が上手ですよね。{p}独特のふんいきが\nありますよね。{p}ほんとうのおじいさんに\nなるためにはやっぱり\n寿命がなくちゃだめかな?{00}	
C08422	SSS6/007:3C0	글	2	人間界ではきっと教えを\n受けたくなるような立派な\nご老人が多いんでしょうね。{p}大事にしてあげて\nくださいよ。{00}	
C08423	SSS6/007:419	글	2	だいたいにしてからにじゃな、{p}悟りを開いて俗世間を離れる\nということ自体がおかしいんじゃ。{p}人間同士助け合うことをせずに\n山にこもって独りで暮らすことの\nどこが悟りだと言うんじゃ。{p}なあ、みんなも\nそう思うじゃろう?{00}	
C08424	SSS6/007:49B	글	1	仲間の中で\nやるべきことを\nやって{p}自分の身のほどを\nわきまえて{p}出来そうな事を\n成し遂げるために\n努力する。{p}自分も仲間も\n大事にする。{p}そのバランス調節こそ\n面白いのじゃ。{p}りんごの皮をどこまで薄く\nむけるかという事じゃな。{p}赤くならんように。{00}	
C08425	SSS6/007:535	글	1	他人の中では常に\n自分を学ぶことが\n出来るということじゃ。{p}人間の教えの\nうけうりじゃがな。{00}	
C08426	SSS6/007:571	글	2	人間の書いた本というのは\nこれがなかなか面白くてな。{p}たいしたことのない話でも\n書こうという熱意が伝わって\n味のあるものになっとるんじゃ。{p}本にかぎらず昔語りにしても\nじいさんの口調がこれがまた\n味のあるものになっとるんじゃ。{00}	
C08427	SSS6/007:5F6	글	2	おっ、こんなとこまで\nあいさつに来よったか\n見直したわい、感心感心。{p}達者でな。{00}	
C08428	SSS6/007:63E	글	2	この神殿、人間建てた。{p}この神殿、山林の神殿。{00}	
C08429	SSS6/007:662	글	1	さるじい\n眠いと言ってた。{p}それからが\nおせっきょう\n本番。{p}面白いから\n聞く。{00}	
C08430	SSS6/007:693	글	1	神殿の人間も\nお話、得意。{p}みんなでよく聞く。{00}	
C08431	SSS6/007:6B4	글	2	ほずく、ほずく{09}大事な言葉?{00}	
C08432	SSS6/007:6C8	글	2	人間物作る好き{09}物作る跡残す好き。{p}でも諸行無常{0A}会うは別れのはじめ{p}覚えておくから\nばいばい。{00}	
C08433	SSS6/007:720	글	2	村の西にある水辺の神殿には\nもう行きましたか?{p}あの神殿を作ったおじょうさんは\nなかなか気丈な美人さんです。{p}なんでも「浮世離れ」してることに\n相当誇りを持っていたらしいですよ。{00}	
C08434	SSS6/007:792	글	2	自分の家を持っているという\n蛇さんには会いましたか?{p}あの方はわりと何でも\n自分でやらないふりして\n自分でやってしまうんです。{p}面白いことはないか\nなければ作る、と言ってますし\nあんがいがんばりやですよね。{00}	
C08435	SSS6/007:80B	글	2	あなたは二人のケンカを\nとめるつもりなんですか?	
C08436	SSS6/007:82D	글	2	できればね{09}そんなことしないよ。	
C08437	SSS6/007:842	대사:FD	2	できればね。{p}やめたほうがいいですよ{09}あれでほんとにけっこう\n楽しんでいるんだから。{p}ほんとに怒ってるとしても\nそういうとき他人が何を言っても\n聞いてくれないものでしょう。	
C08438	SSS6/007:8A3	대사:FD	2	ケンカをしかるつもりはないよ{0A}ただ二人が話すきっかけに\nなればいいと思ってね。	
C08439	SSS6/007:8D2	대사:FD	1	それでこじれるなら\nこじれた方がいいじゃないか。{p}あらりょうじ\nなんですねえ。	
C08440	SSS6/007:8FE	대사:FD	2	無責任とも言うね。{00}	
C08441	SSS6/007:90F	대사:FD	2	そんなことしないよ{0A}面倒くさい。	
C08442	SSS6/007:925	대사:FD	1	俺はただこの国を手に入れるだけだよ{09}それがきっかけで誰がどうなろうと\n俺がとやかく言われたくはないね。{p}あなたはひょっとして\n蛇さんに負けずおとらずの\n照れ屋さんなのでは?{00}	
C08443	SSS6/007:988	글	2	やっぱり蛇さんは、わたしの\n言った通りの方だったでしょう。{p}あなたも負けずに\nがんばってくださいね。{00}	
C08444	SSS6/007:9C1	글	1	そもそもここで\n自然にしていられる\nあなたって人は{p}人間の中でも特殊な\n人なんですよね{0A}だったら人間らしく\nなくて当然だ。{p}いやなに、こんなに\nしゃべりやすいのも\nめずらしいんですよ{p}また来てください。{00}	
C08445	SSS6/007:A4B	글	2	　　　　　{p}人間か。{00}	
C08446	SSS6/007:A5E	글	2	　　　　　{p}闘いか　　。{00}	
C08447	SSS6/007:A74	글	2	強さは自信より来たる{09}自信は強さより来たる。{p}常日頃の鍛錬とは{0A}己を信じ己に克つこと。{00}	
C08448	SSS6/007:AB2	글	2	つちかったものは\n手放しがたいもの。{p}ある意味、そこにこそ弱さがある。{00}	
C08449	SSS6/007:ADC	글	2	　　　　　{p}さらば。	
C08450	SSS6/007:AEF	대사:FD	2	さらば、	
C08451	SSS6/007:AF7	대사:FD	2	またな。	
C08452	SSS6/007:AFF	대사:FD	2	元気でな。	
C08453	SSS6/007:B0A	대사:FD	2	かぜひくなよ。	
C08454	SSS6/007:B15	대사:FD	1	ちったあ\n会話しろよ{0A}もう!{00}	
C08455	SSS6/007:B3C	글	2	もう聞きましたか?	
C08456	SSS6/007:B4E	글	2	何のこと{07}ああ、知ってるよ。	
C08457	SSS6/007:B61	글	1	この世界には\n統治者が二人いて{p}その二人がこの村の東西に分かれて\nケンカを続けているということです。{p}いやはや、何とも{p}面白い話じゃありませんか。	
C08458	SSS6/007:BC0	대사:FD	2	はあ、	
C08459	SSS6/007:BC7	대사:FD	2	そうなんですか。{00}	
C08460	SSS6/007:BD1	글	2	おや、これはこれは、{p}出すぎた事をいたしました。{00}	
C08461	SSS6/007:BED	글	2	私の兄に会いましたか?{p}兄はちょっと変わっていて\n自分の家を持っているんです。{00}	
C08462	SSS6/007:C21	대사:FD	1	おーい、兄貴には\nまいっちゃったぞぅ。{p}はーい、兄貴には\nまいっちゃってて\nくださいな。	
C08463	SSS6/007:C55	대사:FD	2	おーい　　{00}	
C08464	SSS6/007:C5E	글	1	いかがですか{0A}調子の方は。{p}存分に\n活躍なさって\n下さいよ。{00}	
C08465	SSS6/007:C86	글	1	もう少し\n遊んでいったら\nどうですか?	
C08466	SSS6/007:CA3	글	2	エンリョしとく{09}どうしようかな。	
C08467	SSS6/007:CB8	대사:FD	1	エンリョしとくよ{09}今度は君と、悪の教団の\n教祖にでもなるんだろ?{p}わあ、みごとな\n予知能力!!	
C08468	SSS6/007:CF7	대사:FD	2	さ、さいなら!{00}	
C08469	SSS6/007:D02	대사:FD	2	どうしようかな。	
C08470	SSS6/007:D0E	대사:FD	2	何か面白いことがあるなら\n今度来たときにでもまたな。{p}きっとですよ!{00}	
C08471	SSS6/007:D4D	글	2	ピューチチチ、ピリリリリ。{p}夕闇の河のほとり\n藍色の甘い水{00}	
C08472	SSS6/007:D75	안내:00	2	ピューチチチ、ピリリリリ。{p}ほたるのまたたきにも似た\n浮世のともしび{00}	
C08473	SSS6/007:D9E	글	2	ピューチチチ、ピリリリリ。{p}時の河に身をたゆたわせ\n月のめぐるも星の散るも{00}	
C08474	SSS6/007:DCD	글	2	ピューチチチ、ピリリリリ。{p}くこの種のまじないでさえ\n変えられぬ世の景色{00}	
C08475	SSS6/007:DFA	글	2	ピューチチチ、ピリリリリ。{p}おみおくり、おみおくり{09}きをつけて、きをつけて。	
C08476	SSS6/007:E26	대사:FD	2	さんきゅ、さんきゅ。{00}	
C08477	SSS6/008:389	검증필요	2	Z{03:25}ズ貯ズ	
C08478	SSS6/008:494	글	2	あ、おとなりのおにいちゃん\nこんにちは。{00}	
C08479	SSS6/008:4AA	글	2	{05:00}おにいちゃん{0A}どうせんって知ってる?{00}	
C08480	SSS6/008:4C1	글	2	{05:01}おねえちゃんが\n笛の練習をしてたのよ。{p}いいなあ、あたしも\n吹けるようになりたいなあ。{00}	
C08481	SSS6/008:4F4	글	2	おにいちゃん、あのさあ{0A}いろんな人といろんな\nおしゃべりをするのって{p}すっごくおもしろいね。{00}	
C08482	SSS6/008:52D	글	2	よう、にいちゃん\nけいきはどうだい。{p}ところでけいきって\nなんだかわかる?{00}	
C08483	SSS6/008:554	글	2	よう、にいちゃん。{p}めいかいって\nなんだかわかる?{00}	
C08484	SSS6/008:56F	글	2	よう、にいちゃん。{p}いんがおうほうって\nなんだかわかる?{00}	
C08485	SSS6/008:591	글	2	いやあ、じつに\nのんびりとした\n所だなあ。{p}洞仙なんて\nどうでもいいよなあ\nあははははは。{00}	
C08486	SSS6/008:5C3	글	2	ちょっと人が増えてきたんで{0A}今までのようにのんびりして\nいられなくなるな、残念だ。{00}	
C08487	SSS6/008:603	글	2	ふーむ、洞仙ってのは\nけっこう頭がいいかも知れん。{p}こんないなかじゃたくさんの兵士を\n寝泊まりさせられないからな。{p}本格的に攻め込むには\n準備にもうしばらく\nかけなければならんな。{00}	
C08488	SSS6/008:66E	글	2	上官がやっと\n飛天石の設置を\n要請したらしい。{00}	
C08489	SSS6/008:692	글	2	飛天石と言えば、洞窟の飛天石は\n昔は仙窟ではなく、別の場所に\nつながってたらしいぞ。{p}まあ、単なる噂だけどな。{p}確かめたかったら、一人で行って\nみるといいかもしれないな。{00}	
C08490	SSS6/008:6FE	글	2	うーむ、あの人物も\n負けたのか　　　{00}	
C08491	SSS6/008:719	글	2	俺って他人より少食なのに\n宿代はまけてもらえないんだよ{0A}絶対損してるぜー。{00}	
C08492	SSS6/008:74A	글	2	酒場の連中の\n臭いはたまらん。{00}	
C08493	SSS6/008:760	글	2	モンスターが\n恐いのではないぞ、{p}中のじいさんの話によればだな{0A}荒れ地に掘った洞窟なので\nいつくずれるかもしれんのだ。{00}	
C08494	SSS6/008:7A5	글	2	これほど多くの者が挑んで\n未だ倒せた者がいないとは{p}洞仙とは、よほどの\n妖術使いなのであろう。{00}	
C08495	SSS6/015:1BC	대사:00	4	{05:00}、まってよ～	
C08496	SSS6/015:1CC	대사:FD	2	おいてっちゃうよ!	
C08497	SSS6/015:220	안내:0A	2	 この場所は世界で最も\n \n大きいと言われている龍脈。	
C08498	SSS6/015:248	안내:08	1	どんな洞仙も蘇らす事が出来なかった\n \n  ここ山外村の龍脈を蘇らす事\n \n  それが今回の俺の仕事だった。	
C08499	SSS6/015:2BE	대사:03	2	ははっ!	
C08500	SSS6/015:2CB	대사:FD	2	おや、誰か来てるのかな?	
C08501	SSS6/015:2DF	대사:03	2	皆が、あきらめた龍脈じゃろ\nほんとに出来るかのぉ?	
C08502	SSS6/015:301	대사:02	2	{05:00}ならきっとできるわ。	
C08503	SSS6/015:338	대사:01	2	おお、{05:00}\n元気そうじゃな。	
C08504	SSS6/015:35A	대사:00	2	いまちょうど{05:00}のこと\n話してたのよ。	
C08505	SSS6/015:37F	대사:01	2	ところでおぬし、仙窟に\n行っておったんじゃ\nなかったのか?	
C08506	SSS6/015:3A3	대사:FD	2	ええ、	
C08507	SSS6/015:3AD	대사:FD	2	もう龍穴炉も見つけましたよ。	
C08508	SSS6/015:3C9	대사:01	2	じゃが、おぬし家の中から\n出て来た様な　　　　	
C08509	SSS6/015:3F3	대사:00	2	ええ、{05:00}ったらこの家と\n仙窟をつなげちゃったんです。	
C08510	SSS6/015:41B	대사:FD	2	ええ、このほうが便利でしょ。	
C08511	SSS6/015:442	대사:01	2	あいかわらず、やる事がムチャクチャ\nじゃのう。	
C08512	SSS6/015:461	대사:FD	2	そうかな～	
C08513	SSS6/015:46B	대사:01	2	村人におぬしが洞仙とばれたら\n大変じゃぞ!!	
C08514	SSS6/015:48E	대사:FD	2	はははっ	
C08515	SSS6/015:499	대사:FD	2	それは大丈夫、みんな俺の顔なんか\n覚えてないからへいきですよ!	
C08516	SSS6/015:4C2	대사:01	2	そうかのぉ	
C08517	SSS6/015:4CE	대사:00	2	私もそう思うけど。	
C08518	SSS6/015:4E3	대사:01	4	へっ!!	
C08519	SSS6/015:500	대사:01	3	まあよい。	
C08520	SSS6/015:509	대사:01	2	この場所の龍脈は大きい{09}それを目覚めさせるには{0A}時間がかかるはずじゃ。	
C08521	SSS6/015:540	대사:01	2	まあ、気長にやる事じゃのぉ。	
C08522	SSS6/015:555	대사:01	2	それでは、わしは引き上げるぞ。	
C08523	SSS6/015:56A	대사:FD	2	もう、おかえりですか?	
C08524	SSS6/015:579	대사:01	2	うむ、気をつけてな。	
C08525	SSS6/015:598	대사:00	2	さよなら。	
C08526	SSS6/015:5B7	대사:00	2	{05:00}、仙窟に\n出かけましょう♡	
C08527	SSS6/015:5D4	대사:FD	2	えっ、やっぱり{05:01}も\n行くつもりなの?	
C08528	SSS6/015:5FF	안내:07	2	{05:01}を仲間にした場合「通常」\n \n{05:01}を仲間にしないと「バトル」\n \n   シナリオになります。	
C08529	SSS6/015:655	글	2	私を連れてってくれる?	
C08530	SSS6/015:66F	글	2	一緒に世界一の仙窟を作ろう{08}うーん、しばらく考えさせて。	
C08531	SSS6/015:6A0	대사:FD	1	仕方がないなあ	
C08532	SSS6/015:6B4	대사:00	2	外から回る時は死の大地を\n抜けていくのよね。	
C08533	SSS6/015:6D5	대사:00	3	それから、池を渡れば宿屋に\n行けるよ。	
C08534	SSS6/015:6F1	대사:00	2	宿屋に{05:00}の噂を\n聞きつけていろんな人が\n集まってたわよ。	
C08535	SSS6/015:726	검증필요	1	Jるぱゼぱゾ{00}	
C08536	SSS6/015:733	대사:FD	1	うーん、しばらく考えさせて。	
C08537	SSS6/015:750	대사:00	2	でも一度でも仙窟に入ってしまうと\n私を仲間にできないんで気をつけてね。	
C08538	SSS6/015:7A5	글	1	別に変わった事はないわ。	
C08539	SSS6/015:95A	글	2	よっス、旦那	
C08540	SSS6/015:966	대사:FD	2	こんにちわ!	
C08541	SSS6/015:970	대사:FD	2	今日は、お客がおおいね。{p}洞仙の噂を聞きつけて\n賞金稼ぎが増えてきたんですよ。{p}あそこの兵隊なんて強そうだね。{00}	
C08542	SSS6/015:9B9	글	2	旦那、仙獣の世界って\n知ってるかい?{p}この国のどこかにあるって\n話なんだ。	
C08543	SSS6/015:9EB	대사:FD	2	仙獣の世界ね～{p}まあ、聞き流してくれよ。{00}	
C08544	SSS6/015:A08	글	2	なんでも、今度は大がかりな仙窟\n壊滅作戦が行われるらしいよ。{p}これで、洞仙もおわりだね。	
C08545	SSS6/015:A44	대사:FD	2	ホントかい?{00}	
C08546	SSS6/015:A4C	글	2	なんでも洞天の街から玲蘭が来てる\nそうだよ、お目当ては何だろうね。	
C08547	SSS6/015:A7A	대사:FD	2	誰だいレイランって?{p}おや{05:00}の旦那\n知らないのかい?{p}都から山奥の村まで\n玲蘭って言えば知らない奴は\nいないってくらい有名な{p}あの賞金稼ぎの玲蘭だよ?	
C08548	SSS6/015:ADE	대사:FD	2	賞金稼ぎか　　{03:02}ふーん。{00}	
C08549	SSS6/015:AF2	글	2	あの玲蘭も洞仙に\n負けたんだそうですよ。{p}洞仙ってのはずいぶんと\n手強い奴なんですねえ。{00}	
C08550	SSS6/015:B2A	글	2	こりゃあますます\nたくさんの連中が洞仙を倒しに\nやって来るんだろうなあ。{p}そうなるとうちは大繋盛だ\nこいつはいいや、あっはっは。{p}おっと、いまのは\nここだけの話ですよ{00}	
C08551	SSS6/015:B8D	글	2	今日は、{05:01}ちゃんは\nどうしてるんです?{p}最近あんまり見かけないから。{00}	
C08552	SSS6/015:BB7	글	2	今日は、旦那一人かい?{00}	
C08553	SSS6/015:BDD	글	2	こんなドいなかに\n飛ばされちゃってよう{p}洞仙なんか相手にしなきゃ\nなんないなんてよう{0A}俺はなんてついてないんだ。{00}	
C08554	SSS6/015:C1E	글	2	おまえは気楽そうでいいなあ{0A}いったい何の仕事についてんだ?{00}	
C08555	SSS6/015:C42	글	2	早くよめさん見つけて　　{p}でも俺って気が弱いし　　{00}	
C08556	SSS6/015:C66	글	2	なんかよくわかんないけど{0A}最近にぎやかになってきたなあ。{00}	
C08557	SSS6/015:C86	글	2	うん、なんかさ、ここは\n今や第一線なんだよな\nしっかりしなきゃな。{00}	
C08558	SSS6/015:CB5	글	2	あっちの荒れ地に洞仙が仙窟を\n作ってるらしいのじゃ!{p}この辺はただでさえ、荒れ地が\n多いのに仙窟なんて作られたら\n大変な事になるぞい。{00}	
C08559	SSS6/015:D0B	글	2	うむむう、まあ\nにぎやかになるのも\n悪くはないかの。	
C08560	SSS6/015:D2A	대사:06	2	じいさんは一目で\n琴ひきのねえさんを\n気に入ったんだよなあ。{p}う、うるさいわい。{00}	
C08561	SSS6/015:D59	글	2	くそっ、油断した!{p}あの時もっと落ち着いて\n攻撃をしかければ勝てたんだ!{00}	
C08562	SSS6/015:D8B	글	2	最近雇われた者です{0A}以後よろしくごひいきに。{00}	
C08563	SSS6/015:DA9	글	2	どんどん繋盛\nしてますわ。{00}	
C08564	SSS6/015:DBA	글	2	けっこう有名になってるらしいぜ{0A}ここの洞仙の強さはな。{p}まだまだ多くの兵士が\n派遣されてくるぞ。{00}	
C08565	SSS6/015:DF6	글	2	俺は昔、鉱山で\n働いていた。{p}ここだけの話だが　　{p}洞仙とやらの洞窟は\n整備がゆきとどいていて\n実にすばらしいと思った。{p}洞仙は生け捕りにして\n祖国へ連れ帰りたいものだ。	
C08566	SSS6/015:E70	글	2	それと洞仙が連れている\nあのモンスター{p}なんでも人の言葉を話すそう\nじゃないか。{p}ここだけの話、どこかに\n仙獣の世界につながる場所が\nあるらしいんだ	
C08567	SSS6/015:ECC	대사:FD	2	それは、どこなんですか?{p}俺のかんだと、あの飛天石ってのが\nあやしいと思うんだ。	
C08568	SSS6/015:EFD	대사:FD	2	ホントですか?{p}ウソだと思ったら今度一人で行って\nみたらどうだい?{p}始めから一人でだよ。{00}	
C08569	SSS6/015:F35	글	2	軽い気持ちで下見に行ったら\nあっさりやられちゃったわ。{p}私って戦士にむいて\nいないのかしら。{00}	
C08570	SSS6/015:F6E	글	2	洞窟の中はまるで\n観光名所のような\n混雑ぶりだよ。{p}みんななんか\nかんちがいしちゃ\nいないかい?{00}	
C08571	SSS6/015:FA9	글	2	この国では強い者は\n洞窟にたてこもるのが\nならわしなのでござるか?{00}	
C08572	SSS6/015:1016	글	2	三界も良い弟子を\n持ったものですね。{p}今度ばかりは完敗を\n認めないわけには\nいきませんよ。{00}	
C08573	SSS6/015:1050	글	2	うむ、強かった{08}実に良い手合わせだった。{p}あの洞仙とやらを{0A}そう簡単に倒せる者は\nなかなか居まい。{00}	
C08574	SSS6/015:108F	글	2	あーあ、あんな子に\n負けちゃったのね、私。{p}お父さん、早くここに\n来ないかしら。{00}	
C08575	SSS6/015:10BF	글	2	何とも情けない話だな　　\n英雄の称号を持つ者が\n返り討ちにあってしまった。	
C08576	SSS6/015:10F7	글	2	冥界に　{03:02}　{03:02}	
C08577	SSS6/015:110B	글	2	いや失礼、あなたには\n関係ない事だ。{00}	
C08578	SSS6/015:1124	글	2	んんー、残念{08}絶対うまくいくと\n思ったのに!!{00}	
C08579	SSS6/015:1142	글	2	くそっ!洞仙め!{p}お主も仙窟に行くのか?{00}	
C08580	SSS6/015:115E	글	2	あんた、洞仙　　　　{p}いや人違いか、こんな所に洞仙が\nいる訳ないよね。{00}	
C08581	SSS6/016:AB	대사:00	1	時の潮が満ちるまで\n人間界には\nつながりませんよ。	
C08582	SSS6/016:DB	대사:FD	2	げげっ!!	
C08583	SSS6/016:F1	대사:FD	2	どうして大僧正がここに!?	
C08584	SSS6/016:105	대사:01	6	ああ、	
C08585	SSS6/016:10C	대사:01	1	あなたは\nいつぞやの\n洞仙では!	
C08586	SSS6/016:122	대사:FD	1	うわあ{0A}やっぱり\n本人だ!	
C08587	SSS6/016:135	대사:01	2	ははあ　　	
C08588	SSS6/016:140	대사:01	2	やはりここは、洞仙の仲間の\n魔物の世界でしたか。	
C08589	SSS6/016:164	대사:FD	2	あん?	
C08590	SSS6/016:16B	대사:FD	1	おいこら\nちょっと待てよ\n何て言った!?	
C08591	SSS6/016:186	대사:01	1	私をだますために魔物に\nあんなしおらしいことを\n言わせたんですね。	
C08592	SSS6/016:1AF	대사:FD	2	あのなあ!	
C08593	SSS6/016:1B8	대사:FD	1	俺は、ここに来るのは\n初めてなんだぞ	
C08594	SSS6/016:1D1	대사:FD	2	ここは仙獣界じゃあ\nないのか!?	
C08595	SSS6/016:1E8	대사:FD	2	仙獣を魔物呼ばわりするのも\n許せないが、それ以上に	
C08596	SSS6/016:20D	대사:FD	2	お前がここにいることの方が\nものすごく許せないぞ!?	
C08597	SSS6/016:22E	대사:FD	2	いったいぜんたい何だって\nお前とこんなとこで会うはめに\nなんなくちゃならないんだ!?	
C08598	SSS6/016:27C	대사:03	2	おめでとうございます{0A}ご主人様。　　いえ、	
C08599	SSS6/016:29A	대사:03	2	皇帝陸下。	
C08600	SSS6/016:2C0	대사:FD	1	留守番\nサンキュー。	
C08601	SSS6/016:2D1	대사:FD	1	早速だが\n作業を\n始めるぞ	
C08602	SSS6/016:2E7	대사:FD	2	仙窟の内装に\nついてなんだが　　　	
C08603	SSS6/016:303	대사:03	1	お待ちください\n皇帝陸下。	
C08604	SSS6/016:31F	대사:03	1	神殿のご建立も\n大切ですが\nその前に。	
C08605	SSS6/016:33D	대사:FD	2	その前に?	
C08606	SSS6/016:347	대사:03	2	統治者が新しくなったことを\nより一層印象づけるために	
C08607	SSS6/016:36D	대사:03	1	新しく法律を\n作ってください。	
C08608	SSS6/016:390	대사:FD	2	　　　ええっ　　?	
C08609	SSS6/016:3A2	대사:03	1	今までにない新しい統治\nというものを\nアピールしなければ	
C08610	SSS6/016:3C7	대사:03	1	政権をうばってまで\n皇帝陸下になる意味が\nないじゃないですか。	
C08611	SSS6/016:3FE	대사:03	2	それにはまず	
C08612	SSS6/016:408	대사:03	1	今までのものと\nどこがどのように\n違うのか、とか	
C08613	SSS6/016:426	대사:03	1	どんな問題点を\nどんな形で\n改善したのか、とか	
C08614	SSS6/016:447	대사:FD	2	面倒くさそうだね。	
C08615	SSS6/016:459	대사:03	1	どんなところが\nお得になったのか{0A}などということが　　	
C08616	SSS6/016:47D	대사:FD	2	さんまを売るわけじゃ\nあるまいに　　　	
C08617	SSS6/016:49B	대사:03	1	効果的に\nあらわれるように	
C08618	SSS6/016:4B6	대사:03	1	法律を作り変えて\nいただきますよ{0A}聞いてますか!?	
C08619	SSS6/016:4DD	대사:FD	2	はいはいはいはい。	
C08620	SSS6/016:4EA	대사:03	2	では、	
C08621	SSS6/016:4F1	대사:03	1	作業に\nとりかかり\nましょう。	
C08622	SSS6/016:506	대사:FD	2	ふわーい。	
C08623	SSS6/016:57B	안내:0A	2	数日後・・・いや、数週間{0A} \nひょっとすると数カ月経ってるのかも\n \nしれなかった・・・・	
C08624	SSS6/016:5D6	대사:FD	1	あのさあ{0A}ワトソン君。	
C08625	SSS6/016:5E6	대사:03	2	誰ですかそれは。	
C08626	SSS6/016:5F3	대사:FD	1	釣りにでも\n行かないか?	
C08627	SSS6/016:605	대사:03	2	この前行ったでしょう。	
C08628	SSS6/016:616	대사:FD	1	だいぶ前じゃあ\nなかったかな。	
C08629	SSS6/016:62A	대사:03	1	仕事はちっとも\n進んでませんよ?	
C08630	SSS6/016:641	대사:FD	2	そ、そうかなあ。	
C08631	SSS6/016:664	대사:03	1	次の仕事も\nつまっているん\nですからね。	
C08632	SSS6/016:67F	대사:FD	2	何の仕事?	
C08633	SSS6/016:68E	대사:03	1	税金の取り立てを\nてっていするために\n住民の調査を行って	
C08634	SSS6/016:6BA	대사:03	1	召喚中の仙獣への\n所得税率についての\n見直しと　　　	
C08635	SSS6/016:6F0	대사:FD	1	なあんかそのへん\nいまいち良く\n分からないんだよな。	
C08636	SSS6/016:713	대사:03	2	皇帝陸下!!	
C08637	SSS6/016:721	대사:FD	1	はあーい{0A}仕事仕事。	
C08638	SSS6/016:735	대사:03	2	そしてその次に、	
C08639	SSS6/016:747	대사:FD	2	まだあるの?	
C08640	SSS6/016:751	대사:03	1	山道の整備や\n橋の建設の\n進行です。	
C08641	SSS6/016:779	대사:03	2	誰かをやとうか、そうでなければ\nご自身で指揮をなさってください。	
C08642	SSS6/016:7A2	대사:FD	2	はあああ?	
C08643	SSS6/016:7B3	대사:03	2	誰かをやとうにしても\n給料を払えるだけの税金は\nたまってませんよ。	
C08644	SSS6/016:7EC	대사:03	2	今まであまりにも\n何もしてなさ過ぎましたからね{0A}働きがいがあるでしょう。	
C08645	SSS6/016:818	대사:FD	2	　　　ええ　　　	
C08646	SSS6/016:82A	대사:FD	2	とっても　　　	
C08647	SSS6/016:863	안내:0A	2	やーめた。	
C08648	SSS6/016:8CC	대사:03	1	今なにか\nおっしゃいましたか{0A}皇帝陸下。	
C08649	SSS6/016:8E9	대사:FD	2	皇帝陸下やめた。	
C08650	SSS6/016:8F9	대사:FD	1	もとどおり\nねえちゃんとじいさんに\nこの国返す。	
C08651	SSS6/016:929	대사:FD	2	俺{0A}穴掘りたいんだ。	
C08652	SSS6/016:93A	대사:FD	1	政治家なんて\nやってられっか。	
C08653	SSS6/016:950	대사:03	4	はーあ。	
C08654	SSS6/016:958	대사:03	1	せっかく\nのってたのになあ。	
C08655	SSS6/016:96A	대사:03	2	もう飽きちゃったんですか。	
C08656	SSS6/016:97C	대사:FD	2	ごめんな。	
C08657	SSS6/016:985	대사:03	1	ちぇっ{0A}だったら　　　	
C08658	SSS6/016:997	대사:03	1	この家返して\nもらいますよ。	
C08659	SSS6/016:9AB	대사:FD	2	うん{0A}サンキュー。	
C08660	SSS6/016:9C0	대사:03	2	　　　ハハハ。	
C08661	SSS6/016:9CE	대사:FD	4	ははは。	
C08662	SSS6/016:9D6	대사:03	2	ま、いいでしょ。	
C08663	SSS6/016:9E2	대사:FD	1	俺、そろそろ\n人間界に帰るわ。	
C08664	SSS6/016:9FA	대사:03	2	そうですか。	
C08665	SSS6/016:A04	대사:03	1	じゃあそのついでにでも\n水辺の神殿と山林の神殿に\nよっていってくださいね。	
C08666	SSS6/016:A35	대사:FD	2	うん、そうする。	
C08667	SSS6/016:A41	대사:03	1	それじゃあ\nお気をつけて。	
C08668	SSS6/016:A53	대사:FD	2	お前も元気でな。	
C08669	SSS6/016:A80	대사:04	2	おっそーーい!!	
C08670	SSS6/016:A8C	대사:FD	2	な、何だ何だ!?	
C08671	SSS6/016:A9A	대사:04	2	迎えに来ちゃったわよう!	
C08672	SSS6/016:AB6	대사:04	1	知らないけど\n追いかけて\n来ていたの。	
C08673	SSS6/016:AD0	대사:FD	2	何だそりゃ?	
C08674	SSS6/016:ADB	대사:04	1	そうそう、途中で\n大僧正さんに\n会ったわ。	
C08675	SSS6/016:AFA	대사:FD	2	あっそう。	
C08676	SSS6/016:B03	대사:04	2	何でもねえ、	
C08677	SSS6/016:B0E	대사:04	2	あやつの連れている\n獣たちよりも、	
C08678	SSS6/016:B25	대사:04	2	あやつ本人の方が\nよっぽど、	
C08679	SSS6/016:B3A	대사:04	1	人々をおびやかす\n邪悪な存在だ{0A}ですって。	
C08680	SSS6/016:B67	대사:04	2	当たってはいないけど\n間違ってもいないかもね。	
C08681	SSS6/016:B85	대사:FD	2	何だよ、それは!	
C08682	SSS6/016:B92	대사:04	2	あなたはね、	
C08683	SSS6/016:B9C	대사:04	2	人を心配させる\n意地悪な存在なのよ!	
C08684	SSS6/016:BBA	대사:04	1	さあ{0A}帰りましょ!!	
C08685	SSS6/016:BDA	대사:FD	1	あーっ、今\n小屋の外で笑った奴\n誰だあああ!!!	
C08686	SSS6/016:C10	대사:04	1	今度またわたしと一緒に\n遊びに来たときで\nいいでしょ、	
C08687	SSS6/016:C4A	대사:04	1	ふかしてある肉まんが\nさめないうちに\n帰るったら帰る!	
C08688	SSS6/016:C86	대사:02	2	ばいばーい。	
C08689	SSS6/023:37	글	1	ここは\n水辺の神殿で\nございます。{p}姫さまは中に\nいらしゃいますわ。{00}	
C08690	SSS6/023:61	글	1	姫さまにあこがれてるのは\n殿方たちだけでは\nございませんのよ。{p}姫さまは\nどんなお方と\n話されるときでも{p}ご自身の態度を\n変えない方なの。{p}ご立派だと\n思いません?{00}	
C08691	SSS6/023:C4	글	1	あなたも\n態度の変わらない\n方ですのね{p}いつも\nひょうひょうと\nしてらして{p}図々しくても\nにくめませんわ。	
C08692	SSS6/023:103	대사:FD	2	ほめてるわけじゃ\nないんだね　　?{p}ええ。{00}	
C08693	SSS6/023:11C	글	1	ほんとに態度の\n変わらない方\nですのね。{p}でもやっぱり\nにくめないという\nだけですけど。{00}	
C08694	SSS6/023:14E	글	1	ものごとを\nご自分の意志で\nお決めになるのは\n大切ですわ。{p}　　勝手な人ね{08}たとえこんなふうに\nののしられようともね。	
C08695	SSS6/023:199	대사:FD	2	ほめてるわけじゃ\nないんだね　　?{p}ほめてましてよ?{00}	
C08696	SSS6/024:8E	글	1	わたくしの神殿へようこそ\nおいでくださいました。{p}まさかとは思いますが　　{p}なんで神様を\nまつってるわけじゃないのに\n神殿なんて言うんだろう　　　{p}だなんて{0A}思っていませんわよね。	
C08697	SSS6/024:FA	대사:FD	1	　　　　　{p}別にわたくし　　　{p}わたくしのことを\nあがめおがめたてまつって\nもらいたいだなんて{p}思ってなんか\nおりませんでしてよ。	
C08698	SSS6/024:149	대사:FD	1	　　　。	
C08699	SSS6/024:154	대사:FD	1	そ、そうですかい。{p}そもそもですね、{p}おじいさまが\n言い出したこと\nなんですのよ。	
C08700	SSS6/024:183	대사:FD	1	はあ。{p}おじいさまがね{p}スウコウでゲンシュクな\n雰囲気といったら\n「神殿」しかないじゃろう{p}　　だ、なーんて\nおっしゃるものだから。	
C08701	SSS6/024:1D2	대사:FD	1	ふーん　　　{p}それなのに{p}おじいさまご本人はちっとも\nスウコウでもゲンシュクでも\nないんですもの。{p}いつからあんなふうに\nちゃらんぽらんになって\nしまったのかしら。	
C08702	SSS6/024:22D	대사:FD	1	ちゃらんぽらんねえ　　。{p}わたくしには、あんなにうるさく\n行儀作法をしつけておいて{p}ご自分だっておりんごを\nまるのままかじって\nおいでだったわ。	
C08703	SSS6/024:281	대사:FD	1	ご自分、だって{0A}って　　　	
C08704	SSS6/024:297	대사:FD	2	あんたもまるごと\nかじったってことか。{p}そうですわ。	
C08705	SSS6/024:2B5	대사:FD	1	そりゃあ、ちょっと\n注意したくなるぞ。{p}どうしてですの?{p}サベツじゃ\nありませんこと!?	
C08706	SSS6/024:2E8	대사:FD	2	いやいや、だからね{p}ダンソンジョヒじゃあ\nありませんこと!?	
C08707	SSS6/024:30B	대사:FD	2	だからね!!	
C08708	SSS6/024:315	대사:FD	1	男と女にゃ\n向き不向きが\nあるだろが!!{p}女にだってりんごは\nかじれますわ!	
C08709	SSS6/024:345	대사:FD	2	似合わなくて、みっともないから\nやめてほしかったんだろ!!	
C08710	SSS6/024:368	대사:FD	1	美人なねえちゃんは\nそんなことしちゃ\nだめだって!!{p}　　　　　{p}むーーーー。	
C08711	SSS6/024:39A	대사:FD	1	むくれたって\nダメ!	
C08712	SSS6/024:3B3	글	2	かじるのがいいんですもの{08}しかたがなかったわ!!	
C08713	SSS6/024:3CF	대사:FD	1	そうかいそうかい。{p}いいんですもの{0A}今はそれなりに\n楽しくやっていますわ。	
C08714	SSS6/024:3FA	대사:FD	1	　　　　　\nそうかい。	
C08715	SSS6/024:410	대사:FD	2	なーんかどうも\n憎めないんだよな。	
C08716	SSS6/024:427	글	1	いいんですもの。{p}あやまるつもりは\nございませんわ。{p}わたくしの\n大事にしまっておいた\nケン玉だって{p}ご自分でだまって\n持ち出したくせに　　　	
C08717	SSS6/024:47C	대사:FD	1	ぐちぐち\n言ってんな!	
C08718	SSS6/024:48C	대사:FD	1	まったく\nしょうがねえ\n女だな。{00}	
C08719	SSS6/024:4B5	대사:FD	1	おい、ねえちゃん!{p}まあ!{p}どうなさったの{0A}恐いお顔で。	
C08720	SSS6/024:4DD	글	2	俺と勝負しろ!{08}政権をもらってっていいか{07}お前には統治者の資格はない!!	
C08721	SSS6/024:511	대사:FD	2	俺と勝負しろ!!	
C08722	SSS6/024:520	대사:FD	1	勝ったら俺がこの国の\n皇帝陸下になる!!{p}　　　　まあ!!{p}　　　　　{p}　　　　　{p}わたくし何か\nお気に触るようなこと\nいたしまして?	
C08723	SSS6/024:58D	대사:FD	2	いや、	
C08724	SSS6/024:594	대사:FD	1	ただ、俺がたまたま\n欲しいものは自分で\n勝ち取りたがる奴だったのさ。{p}　　　　　{p}わたくしこれ以上\nほかの方とケンカなんか\nしたくありませんわ。	
C08725	SSS6/024:5EF	대사:FD	1	えーっ{0A}そんなあ。	
C08726	SSS6/024:5FC	대사:FD	2	それじゃあ俺、どうすれば\n皇帝陸下になれるんだ?{p}ご勝手に何にでもなれば\nよろしいじゃありませんか。	
C08727	SSS6/024:63A	대사:FD	2	え、それじゃ　　　{p}あなたにこの国を\nおまかせいたします。	
C08728	SSS6/024:65F	대사:FD	2	ホント!?{p}わたくしに二言は\nございません。	
C08729	SSS6/024:67B	대사:FD	1	ホントだね{0A}やった!!	
C08730	SSS6/024:68A	대사:FD	2	かえさないからね。{p}　　　　　{p}けっこうでしてよ。{00}	
C08731	SSS6/024:6AC	대사:FD	2	政権をもらってっていいか?{p}はあ?	
C08732	SSS6/024:6C3	대사:FD	1	君に代わって\nこの国を統一して\n皇帝陸下になるんだ。	
C08733	SSS6/024:6EA	대사:FD	2	もう決めちゃった。{p}まあ。{p}決めちゃったのですか。	
C08734	SSS6/024:709	대사:FD	2	うん、決めちゃった。{p}それでは仕方ありませんわね。	
C08735	SSS6/024:729	대사:FD	1	うん、仕方ないね。{p}ここにいる者たちに\n力くらべで勝って\nいただきますわ。	
C08736	SSS6/024:757	대사:FD	1	んえ?{p}闘っていただきます。{p}んえ{07}　　　じゃ\nありませんわ。	
C08737	SSS6/024:7A0	대사:FD	1	うひゃー\n手厳しい　　	
C08738	SSS6/024:7BF	대사:FD	2	お前には統治者の\n資格はない!!{p}　　　　　	
C08739	SSS6/024:7E4	대사:FD	2	だからこれからは俺が\nこの世界を統治する。	
C08740	SSS6/024:802	대사:FD	2	俺が皇帝陸下になるんだ。	
C08741	SSS6/024:817	대사:FD	1	邪魔はさせないぜ{0A}お前はゆっくり\n隠居してな。{p}　　　　　{p}　　　　　{p}ここにいる者たちの\n安全を保証して\nくださるのでしたら、{p}いいですわ{0A}やってごらんなさいな。	
C08742	SSS6/024:881	대사:FD	2	えっ、いいの?{p}ええ、どうぞ。	
C08743	SSS6/024:8A2	대사:FD	2	サンキュー。{p}どういたしまして。	
C08744	SSS6/024:8C4	대사:FD	2	　　あのさあ、{p}はい?	
C08745	SSS6/024:8D5	대사:FD	2	俺って実はものすごく\nばかなことをやってない?{p}さあ。	
C08746	SSS6/024:902	글	1	おじいさまには\n乱暴なことを\nなさらないで。{p}怒りましてよ。	
C08747	SSS6/024:927	대사:FD	2	　　　はーい　　{00}	
C08748	SSS6/024:936	글	2	おじいさまのほうも\n説得なさったんですか。	
C08749	SSS6/024:959	대사:FD	2	気になる?{p}いいえべつにどうして!!	
C08750	SSS6/024:989	대사:FD	4	あ、そう。{00}	
C08751	SSS6/024:990	글	1	人間界にお戻りに\nなられるんですってね。{p}　　　　　{p}結局おじいさまとは\nケンカを続けることに\nなりましたの。{p}いろいろとお世話に\nなっておりながら{p}そろってごあいさつも\nできなくて\n申し訳ないのですけど{p}あの　　\nどうかお身体に\n気をつけて　　　	
C08752	SSS6/024:A28	대사:FD	2	ああ、なるほど{p}　　　は?	
C08753	SSS6/024:A3C	대사:FD	1	いつもみたいに\nつっかかって来て\nくれないとさ、	
C08754	SSS6/024:A59	대사:FD	1	なんだか照れくさくって\nしゃべれなくなっちゃうな{09}きっとあのじいさんも　　{p}ええ、それは\nわたくしも\n同じなんです。{p}ほほ。	
C08755	SSS6/024:A9F	대사:FD	2	はは。	
C08756	SSS6/024:AA6	대사:FD	2	んじゃあな。{p}さよなら。{00}	
C08757	SSS6/024:AC9	글	1	姫ぎみはとても\nむくなお方に\nあらせられる。{p}ご発言には\n気をつけられたし所存。{00}	
C08758	SSS6/024:AFA	글	1	人間には人間の\n作法というものも\nあろうがな{p}おぬしにいましめられても\nいまひとつ納得ゆかぬ。{00}	
C08759	SSS6/024:B33	글	2	また来たのか!!{p}毎度毎度姫ぎみのごきげんを\nそこねるようなことばかり!	
C08760	SSS6/024:B6F	대사:FD	1	お前ら{0A}過保護だぞ。{p}　　　　　{p}おぬしが\nぶしつけ過ぎるので\nあろうが!!	
C08761	SSS6/024:BA3	대사:FD	2	そっか?{00}	
C08762	SSS6/024:BA9	글	2	何だっておぬしはそう\n挑戦的なのだ、{p}そのうえ行動に\nとりとめがない。	
C08763	SSS6/024:BD6	대사:FD	1	相手に先を\n読まれないための\n手段だよ。{p}　　　またしても\nいいかげんなことを\n　　　	
C08764	SSS6/024:C11	대사:FD	2	へへへっ。{00}	
C08765	SSS6/024:C18	글	1	むう、{p}最後までおぬしは\nわけのわからん\n御人であった。{00}	
C08766	SSS6/024:C4F	글	2	人間ならば、姫ぎみのご不満\nご理解いただけるだろうか。{p}拙者たちではちっとも\nおなぐさめできぬ。{00}	
C08767	SSS6/024:C8A	글	1	山林の神殿の\n御老人のようすは\nいかがであろうか。{p}いつだったか将棋の\n勝負をいたしてな、{p}白熱したものだった。{00}	
C08768	SSS6/024:CD1	글	1	よくここに\n参られるな{0A}まめなことだ。{p}人間は\nせっかちで\nあるからな。{p}食休みぐらいは\nお取りなされた方が\n良かろうと思うが。{00}	
C08769	SSS6/024:D1C	글	1	はっはっは。{p}見かけによらず\n度胸のある\n方ではないか。{p}これからが\n楽しみだな。{00}	
C08770	SSS6/024:D4C	글	1	姫ぎみのお話し相手が\nいなくなられるのは\n残念ではあるが{p}おぬしのことだ、{p}また気まぐれで\n来られることも\nあろう。{p}達者で行かれよ。{00}	
C08771	SSS6/024:DB1	글	1	　　　　　{p}水、{p}みなもとを\nあらわす。{p}清きもの。{00}	
C08772	SSS6/024:DD4	글	2	我、影。{p}姫、光。{00}	
C08773	SSS6/024:DE3	글	1	我、戦う{0A}己がため{p}姫、己が心臓{0A}己がため守る。{00}	
C08774	SSS6/024:E06	글	1	水、山、静の教え{09}心、同じ行方{09}国、元々一つ。	
C08775	SSS6/024:E2D	대사:FD	1	何が言いたい\nこの野郎。{00}	
C08776	SSS6/024:E3F	글	1	貴様、静の心\n似合わぬ。{p}立ち去れ。	
C08777	SSS6/024:E5D	대사:FD	1	この野郎{0A}生意気な奴め!{00}	
C08778	SSS6/024:E86	글	1	ヒメサマ\nオリョウリ\nオトクイ。{p}ヤサシイ\nオアジ。{p}デモ{p}シャベルコト\nカラクチ。{00}	
C08779	SSS6/024:EB4	글	1	ヒメサマ\nオサイホウハ\nチョットダメ。{p}コノマエ\nレンシュウ\nシテタ、{p}ンン{0A}ナサッテタ。{00}	
C08780	SSS6/024:EE4	글	1	アナタハ\nヒメサマ\nイジメル?	
C08781	SSS6/024:EF7	대사:FD	1	いじめて\nないない。{00}	
C08782	SSS6/024:F03	글	1	オレモット\nシャベレル\nナリタイ。{p}ヒメサマ\nコエ\nスキ。	
C08783	SSS6/024:F25	대사:FD	1	がんばれ{0A}なかなかうまいぞ。	
C08784	SSS6/024:F37	대사:FD	2	じゃあな。{00}	
C08785	SSS6/024:F53	글	1	どのくらい昔だったか\n覚えていないんですけど{p}お姫さんがね、{p}もっと明るくてきれいな\n台所にしたかったって\n大騒ぎしちゃって。{p}じいさん\n困ってましたよ。{00}	
C08786	SSS6/024:FAB	글	1	このまえ、いつだったか\nミミズが入ってきてねえ{p}大騒ぎしちゃって。{p}私のことじゃ\nありませんよ。{00}	
C08787	SSS6/024:FE1	글	1	いやあまったく\n珠ころがすかのような\nすずやかな声で{p}　　笑ってくださるうちは\nいいんですがねえ、{p}おこられちゃったりねええ{09}いやあ、こわいんだから!{00}	
C08788	SSS6/024:1033	글	1	私は面白おかしく\n生きる主義です。{p}なんなら苦しみだって\n楽しんでみせますよ。{p}人間の方々によろしく\nお伝え願います{0A}絶望なんて時間の無駄だ、と。{00}	
C08789	SSS6/024:10C0	대사:FD	2	勝ったぜ!	
C08790	SSS6/024:10CA	대사:FD	2	さあ、これでいいんだろ?	
C08791	SSS6/024:10DA	대사:01	2	いいでしょう、	
C08792	SSS6/024:10E5	대사:01	1	あなたの強さは\nここにいる皆が\n認めます。	
C08793	SSS6/024:1101	대사:01	1	どうかこの国を\nよろしくお願い\nいたします。	
C08794	SSS6/024:111D	대사:FD	2	おう、まかせろ!{00}	
C08795	SSS6/024:113E	대사:01	2	残念でしたわね{0A}さようなら旅の方。	
C08796	SSS6/024:115B	안내:0A	2	{05:00}は遠い遠い異世界で{03:08}\n \nその神秘の旅を終えたのだった。{03:08}	
C08797	SSS6/029:3E	글	1	ぴ、ピ。{p}ココ{0A}サンリンノ\nシンデン。{p}おじいさんノ\nシンデン。{00}	
C08798	SSS6/029:63	글	1	おじいさんハ\nうたヲオシエテ\nクダサイマス{p}ことばハ\nムズカシクテモ\nしらべナラ\nダイジョウブ。{00}	
C08799	SSS6/029:98	글	1	はなみずきノ\nサクコロト{p}さるすべりノ\nサクコロデハ{p}ドチラガオスキ{07}ドチラモオスキ?{00}	
C08800	SSS6/029:C8	글	1	ムカシムカシ\nアルところニ{p}おじいさんト\nおひめさまガ。{00}	
C08801	SSS6/029:E6	글	1	ツギノせかいガ\nミエテイルノ?{p}ミエナクテモユクノ{07}ナニガキコエルノ?{00}	
C08802	SSS6/029:120	글	1	ピ、ぴ{p}ここ{0A}さんりんの\nしんでん。{p}オジイサンの\nしんでん。{00}	
C08803	SSS6/029:142	글	1	「こたえるためではなく\nうたうべきことがあるから」\nトリはうたう。{p}オヒメサマに\nきかせてあげたい\nワタシたちみんな{00}	
C08804	SSS6/029:180	글	2	デアイとワカレは\nタマゴとニワトリ{p}どちらがさきで\nどちらがあとやら。{00}	
C08805	SSS6/029:1A6	글	2	たくさんのコトバ\nたくさんのハナシ{p}たくさんのネガイ\nたくさんのオモイ。{00}	
C08806	SSS6/029:1CD	글	1	つたえてね、だれかに{09}とんでるときは\nきづかなかったこと{p}こもれびはちいさな\nたいようのかたち。{p}おさんぽの\nすばらしさ。{00}	
C08807	SSS6/030:72	글	1	山林の神殿に\nようこそいらっしゃった。{p}人間界の様子は\nどうじゃね。{p}んー?	
C08808	SSS6/030:A5	대사:FD	2	んー、	
C08809	SSS6/030:AC	대사:FD	1	どうっていわれてもなあ{p}ああ、いやいや{p}ええんじゃ、ええんじゃ。{p}相変わらずなら\nええんじゃ、ええんじゃ。{p}んー。{p}んー?{p}何じゃ、おぬし{p}何かわしに\n聞きたいことでも\nあるんかな?	
C08810	SSS6/030:116	글	2	ケンカのこと\n昔の仙獣界のこと\n別に何もない	
C08811	SSS6/030:135	글	1	んーーーーーー。{p}わしがあの娘となあ\nケンカしとるのにはなあ{p}まあ、いくつか\nわけがあるんじゃのう。{p}んー、{p}直接の原因はなあ{p}お茶受けのおかしが\n栗まんじゅうじゃあ\nなかったからじゃった。{p}　　　いやいや、{p}わしがおっくうがって\nあんま機に座ったまま\nしゃべっとったからかな。{p}んーで、{p}それからいろいろと\n作りたい法律がくいちがうことが\n分かってってなあ{p}　　　　　{p}始めにちゃんと\n約束したのになあ。{p}一緒にこの世界を\n治めていこうなって。{p}んー。{p}んまあ、{p}いっか。{p}これはこれで\nなんとかなっとるし。{p}んなあ。{p}んなあ?{00}	
C08812	SSS6/030:25E	글	1	んー?{p}昔　　　?{p}んにゃあ　　　{p}今とまあ\n似たような\nもんじゃったい。{p}　　　　　{p}わしが来たころもなあ{p}　　　　　{p}わしゃあ\n昔からここに\nおったしのう。{p}んー、ん。{00}	
C08813	SSS6/030:2CB	글	2	そうかいそうかい。{p}んー。{p}そうかいそうかい。{00}	
C08814	SSS6/030:2EA	글	1	んー、{p}わしゃあちょっとは\n考えとるぞいよ、{p}もし仲直りを\nすることに\nなったらな、{p}もしもの\n話じゃがなあ、{p}栗まんじゅうは\n自分で用意を\nするつもりじゃ。{p}ん。{p}んじゃがな、{p}あの娘はな、{p}怒ってるときも\nなかなか\n美人なんじゃい。{p}ん。{p}んじゃからな、{p}もうちっとだけ\nケンカしとっても\nええかな、なんて{p}思ってみて\nしまうんじゃいな。{00}	
C08815	SSS6/030:3A5	글	2	なぞなぞじゃ。{p}ゆく道がふたつにわかれていて\nその両方に石像が立っとった。{p}どちらかの道はがけに消える{0A}正しい道を石像に聞きたい。{p}どっちかの石像はうそしか言えず{0A}もうひとつは本当のことしか言えない{p}問いかけられるのはただ一度\nどっちかの石像だけ。{p}どんな質問をすればよいか{0A}答えはまた今度。{00}	
C08816	SSS6/030:46C	대사:FD	1	やっほー\nじいさん!{p}んんにゃ?{p}なんじゃらほい。	
C08817	SSS6/030:48F	글	2	俺、皇帝陸下になってもいいかな{07}欲しいものがあるんだけどな{08}殺されたくなかったら言うことを聞け!	
C08818	SSS6/030:4CD	대사:FD	1	俺、皇帝陸下に\nなってもいいかな?{p}ええぞい。	
C08819	SSS6/030:50D	대사:FD	2	どうも。{p}ん。{00}	
C08820	SSS6/030:518	대사:FD	1	欲しいものが\nあるんだけどな!{p}そうかいそうかい。	
C08821	SSS6/030:54F	대사:FD	1	いや、だから\nじいさん。{p}ん?	
C08822	SSS6/030:562	대사:FD	1	俺のお願い\n聞いてくんない?{p}んん。{p}きいとるぞいな。	
C08823	SSS6/030:584	대사:FD	2	あのな、	
C08824	SSS6/030:58C	대사:FD	1	この国の\n行政権が\n欲しいんだ。	
C08825	SSS6/030:5A5	대사:FD	2	ちょうだい。{p}んな?	
C08826	SSS6/030:5B3	대사:FD	1	この国の\n行政権!{p}はーー。{p}ふむふむ。{p}お前も\nもう　　　{p}そんな物が\n欲しい年頃に\nなったかのう。	
C08827	SSS6/030:5F6	대사:FD	1	おいおい\nじいさん	
C08828	SSS6/030:603	대사:FD	1	俺たちこの前\n初めて\n会ったんだぜ?{p}ふー。	
C08829	SSS6/030:62F	대사:FD	2	いいけどね　　　{p}よし。	
C08830	SSS6/030:642	대사:FD	2	えっ!?{p}ええじゃろ。{p}やるぞい。	
C08831	SSS6/030:657	대사:FD	1	ほんとか\nじいさん!{p}んああ。{p}大事にせい。	
C08832	SSS6/030:673	대사:FD	1	やったあ\nありがとう!!{p}なーになに、{p}ええんじゃ、ええんじゃ。{00}	
C08833	SSS6/030:697	대사:FD	2	殺されたくなかったら\n言うことを聞け!{p}ほへ!?	
C08834	SSS6/030:6B6	대사:FD	1	この俺様に\n統治者の権限を\nよこすんだ!!{p}ひゅわわっ　　　	
C08835	SSS6/030:6E2	대사:FD	1	今日から俺様が\nこの仙獣界の\n皇帝陸下になるのだ!{p}し、しえええっ　　	
C08836	SSS6/030:716	대사:FD	2	そしてお前たちは\n　　　　　{p}うひゃおおお　　　	
C08837	SSS6/030:73B	대사:FD	2	　　あのね\n　　　　　{p}どしゃああっっ　　	
C08838	SSS6/030:75D	대사:FD	2	もしもし　　?{p}ぐひいい　　　、{p}ぐ、ごほごほっ、{p}うえっほえっほんごほん。	
C08839	SSS6/030:78C	대사:FD	2	だ、大丈夫か!?{p}こんこん。	
C08840	SSS6/030:7A1	대사:FD	1	あーほら\nよしよし。{p}んん、おお。	
C08841	SSS6/030:7B6	대사:FD	2	やれやれ　　　	
C08842	SSS6/030:7D2	대사:FD	1	してやられたなあ。{p}んほっ。{p}いやいや、{p}わしはおまえが\nそんな悪い奴だなんて\n思っとらんかったからな。{p}いやいや、{p}なになに、{p}やさしい統治者が\n生まれるのなら{p}わしゃあ\nこの上なく\n嬉しいぞ。	
C08843	SSS6/030:841	대사:FD	2	え、じゃあ　　　{p}そうじゃ、お前さんに\nこの国をまかせる。	
C08844	SSS6/030:867	대사:FD	2	おおっ!!	
C08845	SSS6/030:870	대사:FD	1	ほ、ほんとに俺\n皇帝陸下に\nなっちゃうよ!?{p}んー。{p}わしは許す。{p}ここの者らが証人じゃ。	
C08846	SSS6/030:8AA	대사:FD	2	あ、ありがとう!{00}	
C08847	SSS6/030:8B4	글	1	さっきのなぞなぞの\n答えじゃが。{p}どちらの石像でもいい{0A}こう聞くんじゃ。{p}「この道が正しい道か?」と\nきかれたら、あんたは\n「はい」と答えますか?{p}ってな。「はい」と言ったら\nそれが正しい道じゃ{09}むずかしかったかの?{00}	
C08848	SSS6/030:939	글	1	あの娘とも\n話をつけなさったかい。{p}そうかいそうかい。{p}それではとうとう\n皇帝かいのう。{p}んー。{p}そうかいそうかい。{00}	
C08849	SSS6/030:979	글	1	なんじゃあもう\n帰るのかあ、{p}つまらんなあ。	
C08850	SSS6/030:994	대사:FD	1	いろいろと\n楽しかったぜ\nじいさん。{p}また今度来るときは\n栗まんじゅうを\nもってこいなあ。	
C08851	SSS6/030:9CA	대사:FD	2	分かった分かった。{p}んー。{00}	
C08852	SSS6/030:9F0	글	1	トリサントッテモ\nウタガスキ{00}	
C08853	SSS6/030:A00	글	1	アッタコト\nソレトモ{p}ナカッタコト\nナノカ{00}	
C08854	SSS6/030:A17	글	2	イシノナカ\nチャラチャラ{00}	
C08855	SSS6/030:A25	글	1	ニシカラハ\nキイロガウマレタ{p}キタカラハ\nクロガウマレタ\nホカニナニモナカッタ{00}	
C08856	SSS6/030:A4E	글	2	ワタシハココニイテ\nアナタハソコニイル{00}	
C08857	SSS6/030:A78	글	1	そとにいるのは\nおねえさん{p}いちばんうえの\nおねえさん{00}	
C08858	SSS6/030:A95	글	1	おはなしに\nしようかな{p}それともねむって\nしまおうか{00}	
C08859	SSS6/030:AB1	글	1	ぎんのしずく\nふるふるまわりに{00}	
C08860	SSS6/030:AC2	글	1	はじまりはじまり\nひがしからは\nしろがうまれた{p}みなみからは\nあおがうまれた{00}	
C08861	SSS6/030:AEA	글	2	このものがたりはみやこへいって\nあなたたちはうちへかえった{00}	
C08862	SSS6/030:B1E	글	1	いちばんうえの\nおねえさん{p}いちばんうたが\nとくいとくい{00}	
C08863	SSS6/030:B3C	글	1	このまえにじが\nおりてきた{p}おみずをのみに\nおりてきた{p}いつものつぼにおさけをいれたら\nにじはすっかりよっぱらい{00}	
C08864	SSS6/030:B76	글	2	なんとのほしと\nほくとのほしの{p}つむぐいのちの\nたゆむことなき{00}	
C08865	SSS6/030:B97	글	2	くにやぶれて\nさんがあり。{p}とおくのごかぞく\nおげんきかしら?	
C08866	SSS6/030:BBA	대사:FD	1	　　　?{07}な、何でそんなこと\nきくんだ?{p}ぴっぴぴっ。{00}	
C08867	SSS6/030:BDB	글	2	かえりかたをまちがえて\nうらしまにならないでね。{00}	
C08868	SSS6/030:C0A	글	2	ピュッツツーイ、ピイ。{p}ユウーヤミノーカワ　　{00}	
C08869	SSS6/030:C27	글	2	ピュッツツーイ、ピイ。{p}ホー、ホータ、	
C08870	SSS6/030:C40	대사:FD	1	がんばれ。{p}ホ、タルノー\nマタタ、キニモー\nニタウーキヨノ{00}	
C08871	SSS6/030:C5F	글	2	クィクァイマニマニ\nマニマニダスキー{p}クィクァイコー\nクィクァイカム	
C08872	SSS6/030:C86	대사:FD	1	なにそれ{07}どうしたんだよ\nお前　　　　。{p}ピュッツツーイ、ピイ。{00}	
C08873	SSS6/030:CAF	글	2	ピュッツツーイ、ピイ。{p}イロイロトクイフトクイ{p}クコノータネノーマジナイ{00}	
C08874	SSS6/030:CD7	글	2	オヤスミナサイ。	
C08875	SSS6/030:D05	글	1	おじいちゃんがね{p}あたしに\n「かいちゅうどけい」を\nくれたのよ。{p}たからものよ。{00}	
C08876	SSS6/030:D31	글	1	わすれちゃったのよ\nおひめさまのすきな\nいこくのしんわを。{p}おもいだすまでは\nあえないんじゃないかな{00}	
C08877	SSS6/030:D65	글	1	おじいちゃんによくあいにくるのに\nおはなしはきいていかないの?{p}もっといろんな\nなぞなぞとか\nあるのにな。{00}	
C08878	SSS6/030:D9C	글	1	おうさま{0A}なぞなぞのこたえ\nわかった?{p}こたえをきいても\nわかんないわよね?{p}あんないいかたで\nいいくるめられたら\nたまんないわよねえ。{00}	
C08879	SSS6/030:DE2	글	2	ねえ、こんどくることがあったらさ、{p}「はとどけい」っていうのを\nもってきてくれないかな。{p}いちどみてみたいのよ{0A}よろしくね。{00}	
C08880	SSS6/061:E3	글	2	あんた、ここの\n近所の者か?{p}洞仙についてなにか\n知ってることがあったら\n教えてくれよ。{00}	
C08881	SSS6/061:118	글	2	去年の夏はあんなに\nせみがうるさかったのに\n今年は静かだった。{p}洞仙のせいに違いない。{00}	
C08882	SSS6/061:14E	글	2	おまえ、洞仙か?{p}って聞いて、あわてる奴が\n怪しいと思うんだが　　\nこんなとこにはいないかな。{00}	
C08883	SSS6/061:187	글	2	どう見たって洞窟のせいで\n木がかれてきてるんだと思うが　　{p}洞窟はまだできてからそれほど\nたっていないというのだ。{00}	
C08884	SSS6/061:1CB	글	2	あの洞窟の入口を見たかい{07}何だってあんないかつい顔の像を\n立てとくんだろうなあ、{p}趣味の悪い!{00}	
C08885	SSS6/061:208	글	2	祖国の芸術は完成され、すでに行きづ\nまりを感じていたが、この国に来て\nから目のさめる思いをした。{p}あの入口の二つの像の猛々しさを\n祖国の宮廷画家達に見せてやりたい。{00}	
C08886	SSS6/061:276	글	2	さて、名高い洞仙のお宝は\nどれだけ俺を楽しませて\nくれるのかな。{p}どんな罠をしかけようとも\nお宝を前にした俺を\n止めることはできないぜ。{00}	
C08887	SSS6/061:2C8	글	2	おおう、ここが有名な\nモンスターの巣窟か?{p}　　　その仏頂面は\n貴様の地顔か?{00}	
C08888	SSS6/061:2FF	글	2	すっかり出遅れてしまった。{p}まだ生きておるかな\n洞仙とやらは。{00}	
C08889	SSS6/068:1AD	안내:0C	2	仙窟とは、違う場所に向かっています。	
C08890	SSS6/068:1D0	글	2	面白そうだから、このまま向かう{09}仙窟に帰る。	
C08891	SSS6/073:FC	글	1	あの洞仙に、ケチつけられてから\nいい事無しだ!{p}全く気にいらねえ{08}あんたもそう思うだろ?{p}　　って、こんな田舎の道士に\nグチっても仕方ないか。	
C08892	SSS6/073:15B	글	1	道士さん、あんた修行の壁って\n感じた事あるかい?{p}　　でもね、壁ってのは乗り越える\n為にあるんだよね。{p}きっとそうさ。	
C08893	SSS6/073:1AC	글	1	奴程の洞仙、初めてじゃ。{p}かくなる上は、いかなる策を使ってでも\n奴を倒してみせよう。	
C08894	SSS6/073:1E5	글	1	おぬしらも安心して見ているがいい。	
C08895	SSS6/073:202	글	1	まったく、噂につられて、こんな田舎に\n来るんじゃなかったわ!{p}大赤字よ!	
C08896	SSS6/073:236	글	1	いったい、いつになったら冥界への\n手がかりをつかめるのだろう　　{p}いや、なんでも無いです。	
C08897	SSS6/073:272	글	1	お父さんは来ないし、ケブレスも\nどっかに行っちゃったし。{p}それより、洞仙ってホントに\n悪人なのかしら?	
C08898	SSS6/073:2B2	글	1	って貴方にぼやいても、仕方ないのよね。	
C08899	SSS6/073:2D2	글	1	あんた、派手な服装の女魔道士を\n見なかったか?	
C08900	SSS6/073:2F7	글	1	まったく、いったい何処に行ったんだ　　	
C08901	SSS6/073:318	글	1	確かに今回は負けたが、将軍には第二\n第三の策があると思う　　たぶん。{p}だから、洞仙はオレ達に任せて{0A}あんたらは、仕事にせいを出してくれ!	
C08902	SSS6/073:37A	글	1	強い男と戦うと、さすがに満足するわい　　	
C08903	SSS6/073:39A	글	1	クク、皆をだませても、ワシはだまされんよ{09}何の事かは、言わぬが華であろう?	
C08904	SSS6/073:3C9	글	1	な♡	
C08905	SSS6/073:3D5	글	1	あの、捜神って男、私の全財産持って\n逃げちゃったの!	
C08906	SSS6/073:3FD	글	1	ま、まったく、私からお金を盗むなんて\n信じられないわ。	
C08907	SSS6/073:425	글	1	奴の強さ、アレックスに匹敵するのか?{p}いや、本気のアレックスにかなう者は\nこの世にいないハズだ　　	
C08908	SSS6/073:469	글	1	フフ、なかなかやりますね。{p}まあ、いいでしょう。	
C08909	SSS6/080:184	검증필요	1	れ{p}{p}龍穴炉\nデバッグ	
C08910	SSS6/080:19A	검증필요	1	コ{p}{p}デバッグ\nエンディング	
C08911	SSS6/080:481	안내:08	2	こうして、「山外村」の仙窟の噂は\n \n どんどん広がっていきました。	
C08912	SSS6/083:84	대사:FD	1	おまえは、あの時の　　	
C08913	SSS6/083:96	대사:00	2	俺の名はアレックス	
C08914	SSS6/083:B4	대사:00	1	シャスタとケブレスを倒したんだって	
C08915	SSS6/083:CE	대사:FD	1	ああ、連中だろ。	
C08916	SSS6/083:DF	대사:FE	1	私たち　　大地の復活の為に\n働いているんです。	
C08917	SSS6/083:106	대사:FE	1	別に、悪い事をしようと思って\nここにいる訳じゃないんです。	
C08918	SSS6/083:12F	대사:00	3	なるほど　　	
C08919	SSS6/083:13E	대사:FE	1	それに、もう仕事は終わりました　　	
C08920	SSS6/083:158	대사:FE	1	だから、私たちが戦う理由なんて\nないんです。	
C08921	SSS6/083:179	대사:00	1	でも、街の人達は、違う事を言っていたよ{07}洞仙は悪い仙人で　　大地を滅ぼすって。	
C08922	SSS6/083:1B7	대사:FE	1	それは誤解です　　	
C08923	SSS6/083:1CB	대사:FD	2	いいだろう。	
C08924	SSS6/083:1D8	대사:FD	2	この仙窟で戦う最後の相手は\nあんたに決まりだ!	
C08925	SSS6/083:1FE	대사:00	1	俺と、戦うって事かい?	
C08926	SSS6/083:210	대사:FD	1	はなから、そのつもりだろ?	
C08927	SSS6/083:221	대사:00	1	フフ、おかしな男だ　　	
C08928	SSS6/083:24D	대사:00	2	しかし、決戦の場にしては\n少し味気ないな。	
C08929	SSS6/083:26C	대사:00	2	もう少し盛り上がる\n場所に移動するか!!	
C08930	SSS6/083:29C	대사:FD	2	何するんだ!	
C08931	SSS6/083:2A7	대사:00	2	思い出の場所に、移動ってね!	
C08932	SSS6/083:507	대사:FD	2	ここは　　　　	
C08933	SSS6/083:516	대사:00	2	お気に召してくれた?	
C08934	SSS6/083:526	대사:00	2	それじゃあいくぜ!!	
C08935	SSS6/083:554	대사:FD	2	俺の勝ちのようだな!	
C08936	SSS6/083:A2B	대사:FD	2	復活しやがった!	
C08937	SSS6/083:A70	대사:FD	1	勝負あったようだな。	
C08938	SSS6/083:A86	대사:FD	1	当たり前だ、俺は、大地を\n守らなきゃならないんだぜ!	
C08939	SSS6/083:AAA	대사:FD	1	俺が負けたら大地が、滅びちまうからな。	
C08940	SSS6/083:AD2	대사:FD	1	そんなの、考えたこともないぜ!	
C08941	SSS6/083:B2D	대사:FC	2	だいじょうぶかしら、あの人	
C08942	SSS6/083:B42	대사:FD	2	あんなじょうぶな奴\n見たことないぜ。	
C08943	SSS6/083:B72	대사:FC	2	ところで、どうやって\n帰りましょうか?	
C08944	SSS6/083:B8D	대사:FD	2	こんな時は、飛天功ってね!!	
C08945	SSS6/083:DDA	대사:FC	2	やったわね、{05:00}\n龍脈が蘇ってきたわ。	
C08946	SSS6/083:DF4	대사:FD	2	ああ、俺達ついにやったな!	
C08947	SSS6/083:E0F	대사:FD	2	よくがんばったね。	
C08948	SSS6/083:E1C	대사:FC	2	うん、{05:00}と一緒なら\nなんだって平気よ♡	
C08949	SSS6/083:E4C	대사:FD	2	ついにやったぜ!	
C08950	SSS6/083:E58	대사:FD	2	さて{05:01}は家で、おとなしく\n待っててくれてるかな?	
C08951	SSS6/083:F00	대사:FD	8	ただいま、{05:01}	
C08952	SSS6/083:F0B	대사:04	2	あっ、{05:00}\nおかえりなさい	
C08953	SSS6/083:F1C	대사:FD	2	あ～今日もつかれた。	
C08954	SSS6/083:F32	대사:04	2	ねえねえ、{05:00}	
C08955	SSS6/083:F3D	대사:04	2	今日も、白い服のおじさんが家の\n周りをうろうろしてたのよ!	
C08956	SSS6/083:F66	대사:FD	2	そんな奴、仙窟じゃあ\n見ないけどな!	
C08957	SSS6/083:F92	대사:15	2	ほっほっほっ!	
C08958	SSS6/083:FA6	대사:04	2	あーっ、この人よ!	
C08959	SSS6/083:FB4	대사:15	2	そなた、いま何処でワシを\n見ないと申した?	
C08960	SSS6/083:FD3	대사:FD	2	ドキッ!!	
C08961	SSS6/083:FE1	대사:FD	2	わすれちゃった。	
C08962	SSS6/083:FED	대사:15	2	他の者をごまかして、いい気に\nなっておるようじゃが　　　　	
C08963	SSS6/083:1015	대사:15	2	洞仙とは、猿なみの知恵しか\nないようじゃな。	
C08964	SSS6/083:1037	대사:FD	2	俺を馬鹿にするのか!	
C08965	SSS6/083:1048	대사:15	2	ほう、ワシは洞仙を馬鹿にしたのに\nなぜそなたが怒るのじゃ?	
C08966	SSS6/083:107C	대사:04	2	突然、人の家に入って来て\n洞仙の悪口いうなんて、おかしな人ね?	
C08967	SSS6/083:10B1	대사:04	2	ね、{05:00}。	
C08968	SSS6/083:10BA	대사:FD	2	ああ、思わず俺が馬鹿にされたのかと\n思っちゃった。	
C08969	SSS6/083:10DC	대사:15	2	ほっほっほっ!!!	
C08970	SSS6/083:10EC	대사:04	2	わかってくれた?	
C08971	SSS6/083:10F8	대사:15	2	もうおそいわ。	
C08972	SSS6/083:1103	대사:15	2	時空転!!	
C08973	SSS6/083:113F	대사:FD	2	うおーっ!!なんだここは?	
C08974	SSS6/083:116B	대사:00	2	ほっほっほっ!!	
C08975	SSS6/083:1177	대사:FD	2	家にもどせ!!	
C08976	SSS6/083:1183	대사:00	2	友達を紹介してやるぞ{0A}ここで仲良く暮らすがよい!	
C08977	SSS6/083:11A6	대사:FD	2	友達って、まさか　　	
C08978	SSS6/083:11EE	대사:FD	2	あの妖獣と、どうやって暮らすんだ?	
C08979	SSS6/083:1206	대사:FD	2	あのおやじ、何処に行ったんだ?	
C08980	SSS6/083:1288	안내:08	2	起きてよ!{03:08}{05:00}!!	
C08981	SSS6/083:12BD	대사:FD	2	いてて　　	
C08982	SSS6/083:12CD	대사:FD	2	あのおやじ来なかった?	
C08983	SSS6/083:12DD	대사:04	2	光が消えたあと、私だけに\nなっちゃったの。	
C08984	SSS6/083:12F9	대사:04	2	そのあと突然{05:00}が\n降って来て。	
C08985	SSS6/083:1313	대사:FD	2	いったい、どこに行ったんだろう?	
C08986	SSS6/083:1328	대사:04	2	とにかく、気をつけないとね。	
C08987	SSS6/083:133B	대사:FD	2	{05:01}もね。	
C08988	SSS6/083:1344	대사:04	2	うん{00}	
C08989	SSS6/083:142E	검증필요	2	Z{p}ほ{07}ズミミ	
C08990	SSS6/086:94	글	1	部分\nエンド1	
C08991	SSS6/086:F8	글	1	NEXT\n場面1メイホン\n場面2ライカン\n場面3リン	
C08992	SSS6/086:125	글	1	NEXT\n場面4イザナギ\n場面5そうじん\n場面6ワン!!	
C08993	SSS6/086:154	글	1	NEXT\n場面7シャスタ・ケブレス\n場面11\n場面12	
C08994	SSS6/086:184	글	1	NEXT\n10天転\n11大僧正\n12雑魚	
C08995	SSS6/086:1A8	글	1	NEXT\n13 仙獣	
C08996	SSS6/089:77	대사:00	1	山外村に洞仙が現れたって話です。	
C08997	SSS6/089:9E	대사:6A	1	あんなへんぴな所にか　　	
C08998	SSS6/089:BD	대사:6A	1	面白い、向かってみるか!	
C08999	SSS6/089:D0	대사:00	3	ハイ!	
C09000	SSS6/089:115	대사:0C	1	住民のみなさーん!	
C09001	SSS6/089:126	대사:0D	1	洞仙討伐部隊がやってきましたよ!	
C09002	SSS6/089:143	대사:02	1	がんばれー	
C09003	SSS6/089:155	대사:0B	1	税金分は働けよ!	
C09004	SSS6/089:1D4	대사:F9	1	さて、行くぜ!	
C09005	SSS6/089:1F6	대사:F9	1	見つけたぜ!	
C09006	SSS6/089:21C	대사:F9	1	くそ!はってでも洞仙の所に\n行ってやる!	
C09007	SSS6/089:2B8	대사:FD	2	侵入者か!	
C09008	SSS6/089:306	대사:01	1	隊長　　無事ですか。	
C09009	SSS6/089:339	대사:01	1	隊長こそ!	
C09010	SSS6/089:344	대사:00	1	この程度で倒れては、洞天軍の\n名折れだからな。	
C09011	SSS6/089:36A	대사:FD	1	思いっきり倒れてるよ!	
C09012	SSS6/089:3E1	대사:00	1	つ、ついに見つけたぜ!	
C09013	SSS6/089:3F1	대사:00	1	洞天・西湘の借りを返してやる!	
C09014	SSS6/089:40E	대사:FE	1	{05:00}、この人\nこの間の変な人よ	
C09015	SSS6/089:428	대사:FD	1	なんか、やな奴に覚えられちゃったな。	
C09016	SSS6/089:45A	대사:0D	1	ふふ、あなた方は、隊長の事を\n誤解しているようですね!	
C09017	SSS6/089:491	대사:0B	1	東隊長は、だだの変な人じゃないです。	
C09018	SSS6/089:4C1	대사:0C	1	そう、とてつもなく立派な\n変な人です。	
C09019	SSS6/089:4F1	대사:00	1	馬鹿野郎!	
C09020	SSS6/089:57A	대사:0A	1	はひー	
C09021	SSS6/089:584	대사:00	1	それじゃ、なんだかわからんだろ!	
C09022	SSS6/089:598	대사:01	1	まったくですね、天転様	
C09023	SSS6/089:5AD	대사:00	1	その名で呼ぶなと言ってるだろ!	
C09024	SSS6/089:5EF	대사:FD	1	おい、もうお前一人しかいないぞ!	
C09025	SSS6/089:609	대사:FE	1	降参して帰りなさいよ!	
C09026	SSS6/089:62C	대사:00	1	しゃきっとしろ、野郎ども!	
C09027	SSS6/089:661	대사:00	1	来来!援軍!	
C09028	SSS6/089:6EA	대사:07	1	呼ばれて参上	
C09029	SSS6/089:742	대사:00	1	ちくしょう!この程度で勝ったと思うなよ!	
C09030	SSS6/089:7C5	대사:00	1	全員地上に向け進軍開始	
C09031	SSS6/089:81C	대사:00	1	覚えてろよ!	
C09032	SSS6/089:831	대사:FE	1	なんか、先は長そうね。	
C09033	SSS6/090:62	대사:16	1	荒れてますね。	
C09034	SSS6/090:6E	대사:0D	1	まったく、最近調子が狂っちゃう\n事ばっかりでね。	
C09035	SSS6/090:90	대사:16	1	山外村の洞仙の噂話、聞きました?	
C09036	SSS6/090:C2	대사:16	1	街で噂になってますよ。	
C09037	SSS6/090:D6	대사:0D	1	そんな、田舎洞仙がどうして\n噂なんかに?	
C09038	SSS6/090:F5	대사:16	1	なんでも、あの東天転が敗れた\nらしいんですよ!	
C09039	SSS6/090:114	대사:0D	1	へーっ、あの有名な槍使いがかい?	
C09040	SSS6/090:12C	대사:16	1	ええ、そういう噂ですよ。	
C09041	SSS6/090:13F	대사:0D	1	山外村なら、ここから二・三日で\n行けるよな。	
C09042	SSS6/090:228	대사:0C	1	まったく、とんでもない田舎だね。	
C09043	SSS6/090:240	대사:02	1	とんでもない田舎ってのは\nいくらなんでも、ひどいや。	
C09044	SSS6/090:277	대사:0C	1	あっ、ごめん。	
C09045	SSS6/090:282	대사:02	1	いいよ、たぶん田舎ってのは{0A}本当の事だからさ。	
C09046	SSS6/090:2A7	대사:01	2	そうそう	
C09047	SSS6/090:2C2	대사:0D	1	雷漢将軍に報告だ!	
C09048	SSS6/090:2EE	대사:0C	1	ん、あいつは例の槍使い　　\n血相変えて、何処に行くんだろう?	
C09049	SSS6/090:322	대사:0C	1	ところで、僕たち。飛天石は\n何処にあるか、わかるかい?	
C09050	SSS6/090:347	대사:02	1	そこの荒れ地の先だよ!	
C09051	SSS6/090:35C	대사:01	1	お姉さん、洞仙をやっつけてくれるの?	
C09052	SSS6/090:375	대사:0C	1	ああ、まかせときな!	
C09053	SSS6/090:383	대사:02	1	がんばってね。	
C09054	SSS6/090:3DD	대사:F9	1	異様な気配ね、もしかして父さんの仇が　　	
C09055	SSS6/090:410	대사:F9	1	この殺気どこかで　　	
C09056	SSS6/090:43D	대사:F9	1	こんな所で、へばってたまるかい!	
C09057	SSS6/090:498	대사:FD	1	また、侵入者か!	
C09058	SSS6/090:4DA	대사:00	1	やっと、たどり着けたわね　　	
C09059	SSS6/090:50D	대사:FD	1	ん、侵入者か!	
C09060	SSS6/090:52D	대사:FE	1	ねえ、{05:00}この人\n西湘の街で戦った人よ!	
C09061	SSS6/090:555	대사:00	1	あんたは、あの時の洞仙　　	
C09062	SSS6/090:56E	대사:00	1	あんたに負けてっから{0A}ずっと調子悪いのよ!	
C09063	SSS6/090:59D	대사:FE	1	あなたの調子が悪いのなんて、私たちに\nなんの関係も無いでしょ!	
C09064	SSS6/090:5D5	대사:00	1	うるさい、父さんの仇一味に\n説教されたくないわよ!	
C09065	SSS6/090:5FB	대사:FD	1	まだそんな事、言ってるのか!	
C09066	SSS6/090:656	대사:FD	1	何度やっても、俺には勝てないよ!	
C09067	SSS6/090:671	대사:00	1	どうして　　	
C09068	SSS6/090:680	대사:FE	1	わからない?	
C09069	SSS6/090:68A	대사:FE	1	私たちは、大地を守る為に戦ってるのよ{08}復讐の為に戦う、あなたとは違うわ。	
C09070	SSS6/090:6C7	대사:FD	1	俺の方が強いから勝ったんだ!	
C09071	SSS6/090:6E6	대사:FE	1	余計な事、言わないの!	
C09072	SSS6/090:6FC	대사:FD	1	わ{03:01}、わかったよ	
C09073	SSS6/090:72C	대사:00	1	大地の為に戦う?	
C09074	SSS6/090:744	대사:FE	1	そうよ。	
C09075	SSS6/090:758	대사:00	1	あたしは知ってるんだ{08}大地を荒らしてるくせに!	
C09076	SSS6/090:78C	대사:FE	1	それは誤解よ!	
C09077	SSS6/090:799	대사:00	1	信じるもんか!	
C09078	SSS6/090:7BE	대사:FD	1	それにしても　　	
C09079	SSS6/090:7CC	대사:FD	1	人の話しぜんぜん聞かない奴だね。	
C09080	SSS6/090:7F0	대사:FE	1	人事みたいに!	
C09081	SSS6/090:800	대사:FD	1	ごめんごめん!	
C09082	SSS6/090:80E	대사:FD	1	さて、気を取りなおして仕事仕事っと	
C09083	SSS6/091:49	대사:1D	1	なんでも、雷漢将軍が山外村に\n洞仙討伐に向かったらしいぜ!	
C09084	SSS6/091:7F	대사:1E	1	あんな田舎にか?	
C09085	SSS6/091:8D	대사:1D	1	なんでも、恐ろしい洞仙が\nいるらしんだよ!	
C09086	SSS6/091:A9	대사:1E	1	ひょえー、くわばらくわばら。	
C09087	SSS6/091:EA	대사:0C	1	それで、洞仙というのは、例の西湘で\n出会った奴に、間違いないのだな!	
C09088	SSS6/091:123	대사:0C	1	洞天・西湘での借りを返す時が\n来たようだな。	
C09089	SSS6/091:149	대사:0C	1	出陣だ!	
C09090	SSS6/091:1B1	대사:F9	1	どこに隠れていても、あぶり出して\nくれるわ!	
C09091	SSS6/091:1E3	대사:F9	1	すさまじい剣気、ここに間違いない!	
C09092	SSS6/091:217	대사:F9	1	ここでワシが倒れる訳にはゆかん　　	
C09093	SSS6/091:280	대사:FD	1	また侵入者か!	
C09094	SSS6/091:2C1	대사:00	1	ぐふっ	
C09095	SSS6/091:2D7	대사:01	1	大丈夫ですか	
C09096	SSS6/091:2EF	대사:00	1	この程度　　なんの問題も\n無いわ!	
C09097	SSS6/091:32E	대사:00	1	貴様、{05:00}に間違いないな!	
C09098	SSS6/091:343	대사:FD	1	ああ、俺は洞仙の{05:00}だ!	
C09099	SSS6/091:359	대사:FD	1	そういうお前は、誰だ!	
C09100	SSS6/091:37B	대사:FE	1	雷漢将軍よ!	
C09101	SSS6/091:39F	대사:FD	1	そういえば将軍みたいだな!	
C09102	SSS6/091:3BC	대사:FE	1	みたいじゃなくて将軍よ。	
C09103	SSS6/091:3D8	대사:FD	1	気苦労でやせたか?	
C09104	SSS6/091:3EB	대사:FE	1	そういう風には見えないけど　　	
C09105	SSS6/091:416	대사:00	1	貴様の様な愚か者に　　後れを取って\nいたとは、この雷漢不覚じゃったわい!	
C09106	SSS6/091:453	대사:01	1	第一部隊突入!	
C09107	SSS6/091:4AD	대사:01	1	第二部隊突入!	
C09108	SSS6/091:4FA	대사:01	1	第三部隊!	
C09109	SSS6/091:57A	대사:00	1	どうじゃ　　これでも滅らず口が\nたたけるか!	
C09110	SSS6/091:5C5	대사:FD	1	数が多ければいいって\nもんじゃないぜ!	
C09111	SSS6/091:634	대사:FD	1	どうだい!	
C09112	SSS6/091:640	대사:00	1	洞天福での情けが、ここまで\n後を引くとは　　	
C09113	SSS6/091:662	대사:01	1	ですから、私が遺恨を残さぬ様にと　　	
C09114	SSS6/091:6F9	대사:01	1	出口に向け進軍!	
C09115	SSS6/091:73A	대사:00	1	洞仙よ、次は無いと思え!	
C09116	SSS6/091:762	대사:FD	1	何度来ても同じだよ!	
C09117	SSS6/091:777	대사:FE	1	まったく、こりない人達ね　　	
C09118	SSS6/092:4E	대사:37	1	はあ、最近さっぱり、もうから\nないわね。	
C09119	SSS6/092:74	대사:1C	1	賞金稼ぎって、そんなに\n仕事が無いのかね?	
C09120	SSS6/092:93	대사:37	1	雑魚を相手にしても、仕方が無いのよね。	
C09121	SSS6/092:B1	대사:1C	1	そういえば山外村の洞仙の噂話を聞いたべか?	
C09122	SSS6/092:D2	대사:37	1	山外村ってあの田舎村でしょ\nそんな田舎洞仙相手にしたって　　	
C09123	SSS6/092:12F	대사:37	1	スズメの涙ほどの賞金しか出ないわよ!	
C09124	SSS6/092:149	대사:1C	1	それが雷漢将軍が、負けたらしいんべ!	
C09125	SSS6/092:179	대사:37	1	その話がホントなら　　きっと\n凄い賞金が♡	
C09126	SSS6/092:19C	대사:37	1	さて、仕度、仕度と	
C09127	SSS6/092:1CF	대사:0C	1	ここの洞仙を倒せば賞金が100万\n200万って夢の様ね♡	
C09128	SSS6/092:1F9	대사:02	1	ねーちゃん景気がいいのかい?	
C09129	SSS6/092:21C	대사:0C	1	あら、坊や、いい言葉知ってるわね♡	
C09130	SSS6/092:239	대사:0C	1	でも、景気がよくなるのは、これからよん♡	
C09131	SSS6/092:27E	대사:02	1	へーっ、景気がいいって言うヒト\n久しぶりだ!	
C09132	SSS6/092:2A7	대사:0C	1	あらぁ、そうなの?	
C09133	SSS6/092:2B9	대사:01	1	兵隊さんたちは、景気が悪い悪いって\nそれしか言わないよ。	
C09134	SSS6/092:2F1	대사:0C	1	あのね、坊や達。お金は、一生懸命\n働いた人の所にしか来ないのよ。	
C09135	SSS6/092:320	대사:0C	1	あんな、昼間から酒場に入りびたって\nいる様な人達の話を、真に受けちゃ\nだめよん!	
C09136	SSS6/092:357	대사:02	1	ふーん、人生って深いね。	
C09137	SSS6/092:36D	대사:0C	1	お姉さんこれから、悪人に人生の\nなんたるかを教えてくるのよ。	
C09138	SSS6/092:395	대사:02	1	へーっ、すごい	
C09139	SSS6/092:3F0	대사:F9	1	賞金首の探索開始よ!	
C09140	SSS6/092:418	대사:F9	1	すごい陽気　　さてはここね!	
C09141	SSS6/092:449	대사:F9	1	この玲蘭様が、こんな所でへばって\nたまりますか!	
C09142	SSS6/092:4DF	대사:00	1	この程度なら、まだ黒字の範囲内よ　　	
C09143	SSS6/092:535	대사:FE	1	あっ!	
C09144	SSS6/092:53F	대사:FE	1	あなたは、玲蘭!	
C09145	SSS6/092:550	대사:00	1	私の名を呼ぶあなたは{03:01}　{03:01}　{03:01}\n誰だっけ?	
C09146	SSS6/092:577	대사:FE	1	洞天の仙窟で会ったでしょ?	
C09147	SSS6/092:5BD	대사:00	1	思い出したわ{08}私に説教した小娘ね。	
C09148	SSS6/092:5DC	대사:FD	1	小娘って　　	
C09149	SSS6/092:5ED	대사:FE	1	あの時、洞仙の仕事を理解したって\n帰ったハズでしょ!	
C09150	SSS6/092:616	대사:00	1	なに言ってんの!	
C09151	SSS6/092:623	대사:00	1	今回は、あの時の五倍の賞金よ!	
C09152	SSS6/092:645	대사:FD	1	それと、邪魔しに来たのと\n何か関係あるのかよ!	
C09153	SSS6/092:666	대사:00	1	まったく　　オツム弱いわね!	
C09154	SSS6/092:67E	대사:00	1	つまり、経費を三倍使っても\nおツリが来るって事ね。	
C09155	SSS6/092:6BD	대사:FE	1	なんなのよそれ!	
C09156	SSS6/092:6C9	대사:00	1	そーれ!	
C09157	SSS6/092:84F	대사:00	1	気に入ってもらえた{07}当社比三倍のおおばん振る舞いよ!	
C09158	SSS6/092:876	대사:00	1	お後は、助っ人登場!	
C09159	SSS6/092:8CD	대사:0B	1	玲蘭さんの頼みなら!	
C09160	SSS6/092:8DE	대사:0C	1	たとえ火の中	
C09161	SSS6/092:8EA	대사:0E	1	水の中	
C09162	SSS6/092:901	대사:0D	1	でも、キョンシーの仲間は\nなんかやだな!	
C09163	SSS6/092:932	대사:00	1	わがまま言わないの!	
C09164	SSS6/092:959	대사:0E	1	なんか、俺の他にも男が\nいっぱいいるよ!	
C09165	SSS6/092:97C	대사:0E	1	悪いけど、俺やっぱ帰るわ!	
C09166	SSS6/092:9A9	대사:00	1	あっこら!	
C09167	SSS6/092:9B5	대사:00	1	と、とにかく洞仙を殺っちゃいましょう!	
C09168	SSS6/092:9CF	대사:0D	1	おー!!	
C09169	SSS6/092:9DD	대사:FE	1	もう、勝手にすれば!	
C09170	SSS6/092:A38	대사:00	2	ちっ!	
C09171	SSS6/092:A3F	대사:00	1	てったいよっ!	
C09172	SSS6/092:A80	대사:0B	1	あっ玲蘭!	
C09173	SSS6/092:A94	대사:0C	1	愛してたのに　　	
C09174	SSS6/092:ABC	대사:FD	1	お前らも早く帰れ!	
C09175	SSS6/092:ACC	대사:0C	1	黙れ、このクソ虫!	
C09176	SSS6/092:AE1	대사:FD	1	く、くそむし!?	
C09177	SSS6/092:B0F	대사:0D	1	お助け!	
C09178	SSS6/092:B30	대사:0D	1	ひーっ!開かない!	
C09179	SSS6/092:B58	대사:0D	1	おまえら、次は無いぜ!	
C09180	SSS6/092:B71	대사:FE	1	もう、いいかげんにしてよね!	
C09181	SSS6/092:BAD	대사:FD	1	なんか、ろくでもない奴ばっかりだな。	
C09182	SSS6/092:BC6	대사:FE	1	気にせずお仕事しましょ!	
C09183	SSS6/093:62	대사:09	1	なるほど　　噂の仙窟なる場所には\nそんな秘密があったのですか　　	
C09184	SSS6/093:91	대사:06	1	我が寺に、2000年以上前から\n伝わる真実です。	
C09185	SSS6/093:B6	대사:07	1	仙窟の中は死者の国につながっていて{0A}そこから妖怪を連れてくると聞いています。	
C09186	SSS6/093:EA	대사:09	1	参考になりました。	
C09187	SSS6/093:100	대사:09	1	これで、イザナミを助ける事が\n出来ます。	
C09188	SSS6/093:13F	대사:08	1	あの若者、今の与太話を\n信じておるのかいのぉ?	
C09189	SSS6/093:17E	대사:02	3	ここが仙窟ですか。	
C09190	SSS6/093:18D	대사:02	3	冥界の入口にふさわしい\n場所ですね。	
C09191	SSS6/093:1C5	대사:00	3	やはり間違いないですね。	
C09192	SSS6/093:1D7	대사:00	1	この石からは、別の世界の\n気が感じられます。	
C09193	SSS6/093:25B	대사:F9	1	ここが仙窟ですか　　	
C09194	SSS6/093:280	대사:F9	1	見るからに怪しいですね。	
C09195	SSS6/093:2AD	대사:F9	1	この程度では{03:01}　{03:01}　{03:01}私を止められません{03:01}　{03:01}　	
C09196	SSS6/093:360	대사:FD	1	また侵入者か　　	
C09197	SSS6/093:390	대사:00	3	私の名はイザナギ	
C09198	SSS6/093:39E	대사:FD	14	俺はこの仙窟の主、{05:00}	
C09199	SSS6/093:3B1	대사:00	3	私は冥界への道を求めて来ました。	
C09200	SSS6/093:3CE	대사:FD	3	冥界への道だと{07}そんな物は、ここにはないぜ!!	
C09201	SSS6/093:3F2	대사:00	3	隠してもムダです。	
C09202	SSS6/093:401	대사:00	3	仙窟の奥に封印の扉があると\n調べはついています。	
C09203	SSS6/093:436	대사:FE	3	ホ{03:01}ン{03:01}ト{03:01}な{03:01}の{03:01}?	
C09204	SSS6/093:44D	대사:FD	1	そんな訳ないだろ!	
C09205	SSS6/093:46D	대사:00	3	その扉、それこそ冥界に続く\n封印の門のはずです。。	
C09206	SSS6/093:4B7	대사:FE	1	とびらってこれですか?	
C09207	SSS6/093:4D3	대사:FE	3	これって冥界に続いていたの?	
C09208	SSS6/093:4F4	대사:FD	3	続いているわけないだろ!!	
C09209	SSS6/093:509	대사:FE	3	そうよね～	
C09210	SSS6/093:522	대사:00	3	やはり隠すのですね。	
C09211	SSS6/093:539	대사:FE	3	隠してなんかないわよ。	
C09212	SSS6/093:549	대사:00	3	まあいいでしょう。	
C09213	SSS6/093:556	대사:00	3	あなた達を倒した後でゆっくり\n確認させてもらいますよ。	
C09214	SSS6/093:57D	대사:FD	3	そう簡単にいくかな。	
C09215	SSS6/093:5DA	대사:FD	1	俺の勝ちだな!	
C09216	SSS6/093:5EA	대사:FE	1	どうして死者の国に行きたいん\nですか?	
C09217	SSS6/093:611	대사:FD	1	たとえ通じる道が在っても　　	
C09218	SSS6/093:628	대사:FD	1	生身じゃ行けないと思うぜ!!	
C09219	SSS6/093:67A	대사:FE	1	あの人、なんだか悲しそうな\n目をしていたよ。	
C09220	SSS6/093:6A2	대사:FD	3	そりゃ俺の技が効いて\n痛かったんだろ。	
C09221	SSS6/094:6D	대사:00	1	まったくシャスタの奴\nどこに行っちまったんだ!	
C09222	SSS6/094:D0	대사:00	1	こんな所にいたのか!	
C09223	SSS6/094:E2	대사:17	1	あら、遅かったじゃない?	
C09224	SSS6/094:FF	대사:00	1	ここが噂の山外村だな。	
C09225	SSS6/094:115	대사:17	1	そうよ、それより聞いてよ!	
C09226	SSS6/094:132	대사:17	1	ここにいる洞仙って、やっぱり\nあの八面鏡の時の洞仙だったのよ!	
C09227	SSS6/094:162	대사:00	1	ホントか!	
C09228	SSS6/094:16E	대사:17	1	間違いないわ、この眼で確かめたんだもの	
C09229	SSS6/094:189	대사:00	1	この眼で、確かめたって!	
C09230	SSS6/094:19E	대사:00	1	まさか	
C09231	SSS6/094:1A8	대사:17	1	うん、また、負けちゃった。	
C09232	SSS6/094:1C9	대사:00	1	おもしれー!!	
C09233	SSS6/094:1D4	대사:00	1	ここは、俺一人で行かせてもらうぜ!	
C09234	SSS6/094:23D	대사:F9	1	すげー殺気だ　　奴はどこだ!	
C09235	SSS6/094:267	대사:F9	1	ここかい!	
C09236	SSS6/094:28B	대사:F9	1	こんな所で、やられてたまるかい!	
C09237	SSS6/094:319	대사:00	1	探したぜ　　	
C09238	SSS6/094:348	대사:FD	1	お前は、あの時の!?	
C09239	SSS6/094:362	대사:FE	1	この人も、知り合いなのね。	
C09240	SSS6/094:380	대사:FD	1	ああ、例の三人組みの一人さ	
C09241	SSS6/094:3A9	대사:00	1	借りを返しに来た。	
C09242	SSS6/094:3C4	대사:FE	1	あの、私たちは大地の為に働いているの\n邪魔しないで!	
C09243	SSS6/094:3F0	대사:00	1	大地の為?	
C09244	SSS6/094:415	대사:00	1	そんな事は、俺には関係無い!	
C09245	SSS6/094:432	대사:FE	1	えっ!!	
C09246	SSS6/094:43F	대사:00	1	お前達が、悪だろうが善だろうが\nぶっつぶす!	
C09247	SSS6/094:465	대사:FE	1	そんな、それって明紅さんより\n無茶苦茶よ!	
C09248	SSS6/094:4D7	대사:00	1	八面鏡の時よりも手強くなっていると\nいう訳か　　	
C09249	SSS6/094:4FF	대사:FD	1	まあな	
C09250	SSS6/094:509	대사:FE	1	私たちは大地を蘇らせる為に\n戦っているんです。	
C09251	SSS6/094:536	대사:FE	1	信じてください。	
C09252	SSS6/094:54B	대사:00	1	今日の所は引こう、だが次は無いぞ。	
C09253	SSS6/094:570	대사:FD	1	みんな、悪人みたいな事\n言って帰るよな。	
C09254	SSS6/094:593	대사:FE	1	みんな自分の信じる事の為に\n戦ってるから　　	
C09255	SSS6/094:5B8	대사:FD	1	奴等、素直じゃないからね。	
C09256	SSS6/094:5D0	대사:FE	1	でも、{05:00}が一番ひねくれてるわよ。	
C09257	SSS6/094:5F8	대사:FE	2	そうよ!	
C09258	SSS6/095:61	대사:6C	1	お父さんは、どうしたのかしら?	
C09259	SSS6/095:7B	대사:6B	1	わからん、いつのまにかいなくなった。	
C09260	SSS6/095:A0	대사:6C	1	どうしたら一本道で、はぐれる事が\nできるのかしら?	
C09261	SSS6/095:C1	대사:6B	1	シャスタもよくいなくなるぞ!	
C09262	SSS6/095:D3	대사:6C	1	私のは、はぐれるんじゃなくって\nよりみちよ♡	
C09263	SSS6/095:112	대사:6B	1	そういえば、山外村という所に凄腕の\n洞仙がいると噂になっているらしい。	
C09264	SSS6/095:148	대사:6C	1	凄腕ねぇ　　	
C09265	SSS6/095:16C	대사:6B	1	もしかしたら、八面鏡の時の\n洞仙かも知れない。	
C09266	SSS6/095:19D	대사:6C	1	そんなに都合よく会えるかしら?	
C09267	SSS6/095:1D6	대사:0C	1	ここが山外村ね。	
C09268	SSS6/095:1E5	대사:02	1	おう、そうだよ!	
C09269	SSS6/095:200	대사:0C	1	ねえ、僕たち?大きな剣を背負った\n男の人を見なかった?	
C09270	SSS6/095:227	대사:02	1	兵隊さんたちは、みんな\n大きな剣をもってるよ!	
C09271	SSS6/095:249	대사:0C	3	そうね　　	
C09272	SSS6/095:257	대사:0C	1	じゃあ、仙窟の入り口ってどっちかわかる?	
C09273	SSS6/095:276	대사:02	1	あっちだよ!	
C09274	SSS6/095:285	대사:0C	1	もしかしたら、ケブレスが先に\n行ってるかも知れないしね。	
C09275	SSS6/095:357	대사:F9	1	どこから、さがそうかな?	
C09276	SSS6/095:37A	대사:F9	1	ここが怪しいわね。	
C09277	SSS6/095:3A3	대사:F9	1	もう少しだけ　{03:01}　{03:01}がんばってみましょう。	
C09278	SSS6/095:437	대사:00	1	なんとか、たどり着けたわね。	
C09279	SSS6/095:463	대사:00	1	あなた、八面鏡を守っていた洞仙!	
C09280	SSS6/095:49D	대사:FD	1	あ{03:01}、あんたは、あの時の\n三人組みの一人か!	
C09281	SSS6/095:4C1	대사:00	1	シャスタよ!	
C09282	SSS6/095:4D5	대사:FE	1	{05:00}　　知り合い?	
C09283	SSS6/095:4F0	대사:FD	1	ああ、この間老師にはめられて　　\nとんでもない奴等と戦わされたんだ。	
C09284	SSS6/095:528	대사:FE	1	その時、戦った相手なの?	
C09285	SSS6/095:567	대사:00	1	私達あの後、すいぶん探したのよ!	
C09286	SSS6/095:588	대사:00	1	もちろんあなたを倒す為よ!	
C09287	SSS6/095:5A6	대사:FE	1	私たちが大地の為に、働いているって\n知ってるんですか?	
C09288	SSS6/095:5D7	대사:00	1	大地の為に働くですって?	
C09289	SSS6/095:5EB	대사:FE	1	そうよ、私たちはこの荒れ果てた大地を\n蘇らせる為に働いているのよ!	
C09290	SSS6/095:61F	대사:00	1	そうなの?	
C09291	SSS6/095:630	대사:FD	1	一応、そのつもりなんだけど　　	
C09292	SSS6/095:654	대사:FE	1	一応じゃないでしょ!	
C09293	SSS6/095:667	대사:00	1	なんだか面白そうね。	
C09294	SSS6/095:677	검증필요	1	。ゼひ、ゼぼ{08}{p}づゼ{00}	
C09295	SSS6/095:68B	대사:FE	1	解ってくれるんですか♡	
C09296	SSS6/095:6C7	대사:00	1	大地の為に働くって、どんな\n事するの?	
C09297	SSS6/095:72A	대사:02	1	だまされてはいけません!	
C09298	SSS6/095:746	대사:03	1	やい洞仙、テキトーな事ばっかり\n言いやがって!	
C09299	SSS6/095:779	대사:04	1	そうだ、そうだ!	
C09300	SSS6/095:79D	대사:01	1	実家の裏山は、お前ら洞仙のせいで\nハゲ山になったんだぞ!	
C09301	SSS6/095:7D4	대사:02	1	俺んちのイモばたけも、お前達のせいで\n今じゃ砂漠よ!	
C09302	SSS6/095:814	대사:FE	1	そんなワケないでしょ!	
C09303	SSS6/095:833	대사:03	1	国中の誰に聞いても同じ答えが\n返ってくるだろうよ!	
C09304	SSS6/095:85D	대사:01	1	洞仙は、悪い奴!	
C09305	SSS6/095:873	대사:04	1	洞仙は、大地を滅ぼす!	
C09306	SSS6/095:88F	대사:00	1	地元住民のお話は、ひじょーに\n参考になったわ。	
C09307	SSS6/095:8B4	대사:FE	1	そんな与太話を信じるの?	
C09308	SSS6/095:8CE	대사:00	1	言い訳は、よしなさい!	
C09309	SSS6/095:929	대사:00	1	八面鏡の時より更に腕をあげてるわね。	
C09310	SSS6/095:945	대사:FD	1	修行してるからな!	
C09311	SSS6/095:954	대사:00	1	フフ、今回は私の負けね。	
C09312	SSS6/095:96B	대사:FD	1	素直だな。	
C09313	SSS6/095:979	대사:00	1	不思議ね　　確かに、あなた達からは\n悪意は感じられない。	
C09314	SSS6/095:9DE	대사:02	1	そんなのデタラメだぁ!	
C09315	SSS6/095:9F1	대사:03	1	そうだ!そうだ!	
C09316	SSS6/095:9FD	검증필요	1	。ゼひづ{p}{00}	
C09317	SSS6/095:A53	대사:FE	1	大地の為に働いてるって\n信じてもらえたかしら?	
C09318	SSS6/095:A76	대사:00	1	それとこれとは、別問題ね。	
C09319	SSS6/095:A90	대사:00	1	また会いましょう。	
C09320	SSS6/095:ADB	대사:FE	1	不思議な人ね。	
C09321	SSS6/095:AEA	대사:FD	1	でも、肝心な所はぜんぜん解って\nくれなかったみたいだね。	
C09322	SSS6/096:4E	대사:18	1	山外村の洞仙の話聞いたかい?	
C09323	SSS6/096:67	대사:19	1	ああ、国内はもとより遠い外国からも	
C09324	SSS6/096:81	대사:18	1	賞金稼ぎ達が、群れをなして\n訪れているらいぜ!	
C09325	SSS6/096:A5	대사:1A	1	山外村か　　	
C09326	SSS6/096:B4	대사:1A	1	退屈しのぎに、出かけてみるか!	
C09327	SSS6/096:E8	대사:00	1	ここが噂の洞仙の仙窟か?	
C09328	SSS6/096:FD	대사:00	1	そういえば、仙窟に挑むのもずいぶん\n久しぶりじゃな。	
C09329	SSS6/096:13E	대사:00	1	今回は、どんな相手に逢える\n事やら楽しみじゃな。	
C09330	SSS6/096:1C8	대사:F9	1	まとわりつくような空気じゃな　　	
C09331	SSS6/096:1F3	대사:F9	1	ここが龍穴炉か!	
C09332	SSS6/096:21D	대사:F9	1	拙者この程度で、倒れる訳にはいかん!	
C09333	SSS6/096:27F	대사:FD	2	その声は、捜神死郎!	
C09334	SSS6/096:312	대사:FE	1	また、邪魔しに来たのね!	
C09335	SSS6/096:338	대사:00	1	おおこれは、懐かしい面々	
C09336	SSS6/096:354	대사:FE	1	ちっとも懐かしくないわよ!	
C09337	SSS6/096:374	대사:FD	1	もしかして、また勝負に来たのか!	
C09338	SSS6/096:38B	대사:00	1	フフ、御名答。	
C09339	SSS6/096:399	대사:00	1	しかし、なんという偶然かのう面白そうな\n仙窟があると聞き、訪ねればおぬしが居た。	
C09340	SSS6/096:3D4	대사:00	1	運命じゃ!	
C09341	SSS6/096:3F5	대사:FE	1	なにが運命よ、いつも話をややこしく\nするんだから!	
C09342	SSS6/096:425	대사:00	1	拙者、純粋に戦いを楽しみたいだけじゃ	
C09343	SSS6/096:457	대사:00	1	洞天・西湘からの勝負、ここで決着を\nつけるのもよかろう。	
C09344	SSS6/096:483	대사:FD	1	そうだな　　話して帰る相手じゃないし。	
C09345	SSS6/096:4E8	대사:00	1	クク、やはり強いな。	
C09346	SSS6/096:515	대사:00	1	今回は、引き上げるとしよう。	
C09347	SSS6/096:537	대사:FD	1	やけに素直だな?	
C09348	SSS6/096:54B	대사:00	1	では、さらばじゃ!	
C09349	SSS6/096:56C	대사:FE	1	さあ、気を取りなおして\nがんばりましょう。	
C09350	SSS6/097:6C	대사:0D	1	こうなったら、持てる全力で\n戦うのみじゃ!	
C09351	SSS6/097:8C	대사:0C	1	将軍、我らが力を合わせれば\n洞仙など恐れるにたりません。	
C09352	SSS6/097:BA	대사:0D	1	うむ、行くぞ!	
C09353	SSS6/097:109	글	1	゛むぉふZ	
C09354	SSS6/097:137	대사:F9	1	覚悟せい洞仙!	
C09355	SSS6/097:163	대사:F9	1	これで終りじゃ!	
C09356	SSS6/097:18B	대사:F9	1	皆の期待を背負う我ら　　\nここで倒れる訳にはいかん!	
C09357	SSS6/097:3EC	대사:01	1	引導をわたしにきたぜ!	
C09358	SSS6/097:408	대사:00	1	決着をつけようぞ!	
C09359	SSS6/097:426	대사:FE	1	だから、私たちは大地を蘇らせる為に\n働いているんだってば!	
C09360	SSS6/097:459	대사:00	1	言い訳は止めよ!	
C09361	SSS6/097:46B	대사:FD	1	ふん、人の話ぐらいは\n聞くもんだぜ、将軍。	
C09362	SSS6/097:4FD	대사:FD	1	何度やっても、俺達の勝ちだな!	
C09363	SSS6/097:518	대사:FE	1	ねえ、雷漢将軍様　　洞仙にも善い洞仙と\n悪い洞仙が、いるかも知れないって\n考えた事ありますか?	
C09364	SSS6/097:560	대사:01	1	黙れ黙れ!	
C09365	SSS6/097:571	대사:00	1	ワシらにとって貴様らは、悪い洞仙じゃ!	
C09366	SSS6/097:5A2	대사:00	1	一時、てっ退じゃ!	
C09367	SSS6/097:5BF	대사:01	1	てめーら、引き上げだ!	
C09368	SSS6/097:63D	대사:01	1	出口に向け転進だ!	
C09369	SSS6/097:68D	대사:00	1	必ず、貴様の息の根を止めてやる!	
C09370	SSS6/097:6C9	대사:FD	1	人の話を聞かない奴等だろ?	
C09371	SSS6/097:6EC	대사:FE	1	いつかきっと解ってくれる。	
C09372	SSS6/097:704	대사:FD	1	そんじゃあ、それまで\nがんばろうか!	
C09373	SSS6/098:8F	대사:00	1	あなたね「腕利き術者求む」のチラシを\n出してる捜神って人は?	
C09374	SSS6/098:BF	대사:17	1	いかにも	
C09375	SSS6/098:C7	대사:17	1	拙者どうも、洞仙の仙術というのが\n目障りでな。	
C09376	SSS6/098:F0	대사:00	1	なるほど　　足りない能力は他人で\n代用ってコスイ考えね♡	
C09377	SSS6/098:11B	대사:17	1	まあ、そういうな。	
C09378	SSS6/098:128	대사:17	1	おぬしと組めば、呪術と剣技で\n戦力倍増じゃ!	
C09379	SSS6/098:14E	대사:00	1	いいわ　　あなたなら、玲蘭様の相方\nなんとか、つとまりそうだからね!	
C09380	SSS6/098:17B	대사:00	1	で、いただく賞金の分け前は　　	
C09381	SSS6/098:197	대사:17	1	ハハハ　　	
C09382	SSS6/098:1DB	글	1	―む?ふZ	
C09383	SSS6/098:22F	대사:F9	1	{05:00}は、ここにおるぞ!	
C09384	SSS6/098:259	대사:F9	1	ここで倒れる訳にはいかん!	
C09385	SSS6/098:339	대사:FD	3	捜神!	
C09386	SSS6/098:34E	대사:FE	1	　{03:01}　{03:01}玲蘭!	
C09387	SSS6/098:372	대사:FD	1	どういう風の吹き回しだ!	
C09388	SSS6/098:388	대사:01	1	ふふ、知りたい?	
C09389	SSS6/098:3C0	대사:01	1	賢い私が、どうしてあんたみたいな{0A}洞仙に負けるのかずっと考えたの。	
C09390	SSS6/098:3EE	대사:FE	1	私の話を聞かないで、そんな事ばっかり\n考えてたの?	
C09391	SSS6/098:424	대사:01	1	この美ぼうと頭のう、そして華麗な技\nどれをとっても負ける要素は無かったわ!	
C09392	SSS6/098:459	대사:FE	1	でも、なぜか負け続けたのよね。	
C09393	SSS6/098:47D	대사:00	1	おぬし何度も負けとるのか?	
C09394	SSS6/098:4A3	대사:01	1	何度もって失礼ね。	
C09395	SSS6/098:4BA	대사:FD	1	で、その考えの果ては?	
C09396	SSS6/098:4D0	대사:01	1	見落としていた要素が在ったのよ!	
C09397	SSS6/098:4F7	대사:01	1	それは、体力よ	
C09398	SSS6/098:507	대사:01	1	やっぱり、きゃしゃな娘さんに長時間の\n戦いは、向いていなかったのよ!	
C09399	SSS6/098:536	대사:FD	1	それで、体力馬鹿の助っ人を\n呼んだってのか?	
C09400	SSS6/098:55D	대사:01	1	御名答!	
C09401	SSS6/098:56B	대사:00	1	拙者の事をバカと言うか、許さん!	
C09402	SSS6/098:5CA	검증필요	2	（ゾズァゴ{00}	
C09403	SSS6/098:5D6	대사:FD	1	結局俺の勝ちの様だな!	
C09404	SSS6/098:5FC	대사:00	1	玲蘭殿の術は何の役にも\nたたんでは無いか!	
C09405	SSS6/098:622	대사:01	1	なによ、あんただって!	
C09406	SSS6/098:63A	대사:01	1	覚えてらっしやい!	
C09407	SSS6/098:64A	검증필요	1	ゆ、{p}ゴゥ{00}	
C09408	SSS6/098:662	대사:00	1	次は拙者の勝ちじゃ!	
C09409	SSS6/098:687	대사:FE	1	やっぱり、信頼関係がない人達が\n組んでもだめよね。	
C09410	SSS6/098:6B1	대사:FE	1	私たちみたいに、息が\nぴったり合ってないと!	
C09411	SSS6/098:6D1	대사:FD	1	そうか?	
C09412	SSS6/098:6DF	대사:FE	1	そうなの!	
C09413	SSS6/098:6EE	대사:FD	1	さて、気を取りなおして\nがんばろうか!	
C09414	SSS6/099:70	대사:17	1	いくら待ってもお父さんは、現れないわね。	
C09415	SSS6/099:95	대사:18	1	我々だけで、もう一度仙窟に挑もう!	
C09416	SSS6/099:E9	대사:17	1	でも、洞仙って本当に悪い人なのかしら{07}八面鏡も返してくれたし　　	
C09417	SSS6/099:122	대사:18	1	まともな奴が、こんな事をやらかす訳はない{08}少なくとも奴は危険な力を持っている。	
C09418	SSS6/099:15B	대사:17	1	もう、負けっぱなしで悔しいのね。	
C09419	SSS6/099:176	대사:17	1	いいわ、あと一回だけ\nあなたに付き合いましょう。	
C09420	SSS6/099:1D2	글	1	!む ふZ	
C09421	SSS6/099:200	대사:F9	1	これが、最後の勝負!	
C09422	SSS6/099:24E	대사:F9	1	この程度では　　	
C09423	SSS6/099:323	대사:00	1	探したぞ!	
C09424	SSS6/099:330	대사:FD	1	また、来たのか!	
C09425	SSS6/099:342	대사:00	1	ああ、今回が最後の勝負だ!	
C09426	SSS6/099:389	대사:01	1	周りのは、わたしにまかせて。	
C09427	SSS6/099:3A3	대사:01	1	ケブレスは、洞仙と悔いの残らない\nように戦って!	
C09428	SSS6/099:40B	대사:00	1	くっ、二度ならず三度まで、この俺に\n土をつけるとは　　	
C09429	SSS6/099:43F	검증필요	1	Z{0A}ゴせ{p}メづ{p}{00}	
C09430	SSS6/099:458	대사:00	1	俺は、まだやるぜ!	
C09431	SSS6/099:466	대사:FD	1	もう止めとけよ!	
C09432	SSS6/099:4B5	대사:01	1	私たちの完敗ね。	
C09433	SSS6/099:4D3	대사:FD	1	お前らとは、守る物が違うからな　　	
C09434	SSS6/099:4EE	대사:00	1	大地を復活させるって事か?	
C09435	SSS6/099:504	대사:FD	2	そうさ。	
C09436	SSS6/099:50C	대사:FD	1	俺達が負けたら、せっかく大地に戻って来た\n命が、また死んじまう。	
C09437	SSS6/099:53C	대사:01	1	あなた達の言う事、信じて\nあげたいけど　　	
C09438	SSS6/099:55E	대사:FD	1	別に信じなくてもいいさ!	
C09439	SSS6/099:59A	대사:00	1	ふっ、俺達は、とんでもない誤解を\nしてたのかもしれないな。	
C09440	SSS6/099:5CB	대사:00	1	いつかきっと、この借りは返すぜ!	
C09441	SSS6/099:5E4	대사:FD	1	カンベンしてくれよ!	
C09442	SSS6/099:5F6	대사:01	1	それじゃあね。	
C09443	SSS6/099:60B	대사:00	1	さらば!	
C09444	SSS6/099:61D	대사:FE	1	初めて、理解されたのかしら?	
C09445	SSS6/099:635	대사:FD	1	さーね。	
C09446	SSS6/099:640	대사:FD	1	さて、もうひとがんばりだ	
C09447	SSS6/099:653	대사:FE	1	ええ、がんばりましょう!	
C09448	SSS6/100:90	대사:32	1	ついに完成しましたよ　　	
C09449	SSS6/100:BF	대사:00	1	どうやら、今回はここに仙窟を\n作っているようですね。	
C09450	SSS6/100:135	대사:F9	1	試すには、ちょうどいい場所ですね。	
C09451	SSS6/100:160	대사:F9	1	フフフ、龍穴炉ですね。	
C09452	SSS6/100:18D	대사:F9	1	この程度で、倒れる訳にはいきません　　	
C09453	SSS6/100:23E	대사:00	1	フフ、久しぶりですね。	
C09454	SSS6/100:258	대사:FD	1	お前は、王蒼幻!	
C09455	SSS6/100:26B	대사:00	1	西湘での成果を、まず、あなたに見て\nもらいたくて来ました。	
C09456	SSS6/100:295	대사:FE	1	私たちは、大地の復活の為に\n働いているんです。	
C09457	SSS6/100:2BA	대사:00	1	僕は、その事には興味はありません。	
C09458	SSS6/100:2D3	대사:00	1	それより、研究の成果を試させて下さい。	
C09459	SSS6/100:2FE	대사:FD	1	なにいってるんだよ!	
C09460	SSS6/100:4A0	대사:FD	1	なんだよ、邪精なんか呼び出して\nいったいどうするつもりだ!	
C09461	SSS6/100:4CB	대사:00	1	龍穴炉の陽気をいただきますよ!	
C09462	SSS6/100:4E3	대사:FD	1	勝手なことするなよ!	
C09463	SSS6/100:8A9	대사:FD	1	こ、こいつは土功!	
C09464	SSS6/100:8BB	대사:FE	1	なんて事するのよ!	
C09465	SSS6/100:8CC	대사:00	1	ふふ驚いた様ですね!	
C09466	SSS6/100:90A	대사:FD	1	おい、失敗してるぞ!	
C09467	SSS6/100:96B	대사:00	1	さて、実戦でどこまで戦ってくれるかが\nみものですよ!	
C09468	SSS6/100:A00	대사:00	1	まあ、こんな所ですか　　	
C09469	SSS6/100:A18	대사:FD	1	こっちの攻撃は、あんまり\n効いてないのか!?	
C09470	SSS6/100:A37	대사:00	1	まだまだ、実戦で使うレベルには達して\nいなかった様ですね。	
C09471	SSS6/100:A6A	대사:FE	1	そ、そんな事ないと思うけど。	
C09472	SSS6/100:A81	대사:00	1	そうですか?それでは、改良したら\nまた来ますよ。	
C09473	SSS6/100:AAF	대사:FE	1	もう来ないでください!	
C09474	SSS6/100:ABF	대사:00	1	そうですか?	
C09475	SSS6/100:ACC	대사:FE	1	おねがい帰って　　	
C09476	SSS6/100:AE2	대사:00	1	ずいぶんと嫌われてしまった様ですね。	
C09477	SSS6/100:AFF	대사:FD	1	当たり前だ!	
C09478	SSS6/100:B10	대사:00	1	フフ、また会いましょう。	
C09479	SSS6/100:B5B	대사:FE	1	いったい何の目的があって\nやっているのかしら?	
C09480	SSS6/100:B83	대사:FD	1	さー、俺にはわかんないよ!	
C09481	SSS6/100:BA1	대사:FE	1	洞仙だって、街の人からみれば\nわかんない仕事だもんね。	
C09482	SSS6/100:BC9	대사:FD	1	あいつの行動と一緒に\nしないでくれる?	
C09483	SSS6/326:98	대사:01	2	ここが仙窟{07}ずいぶんおおきな入口ね。	
C09484	SSS6/326:CD	대사:00	2	父の敵討ちここで\nはたしてみせるわ!	
C09485	SSS6/326:149	대사:F9	3	行くわよ妖怪ども!!	
C09486	SSS6/326:15E	대사:F9	2	ここからがあたしの実力よ\nどっかでみてるんでしょ?	
C09487	SSS6/326:192	대사:F9	3	ここがあやしいわね。	
C09488	SSS6/326:1E8	대사:00	3	あんたがここの親分だね!!	
C09489	SSS6/326:229	대사:FD	3	この仙窟に何の用だ!	
C09490	SSS6/326:247	대사:00	2	私もいろんな洞仙と戦って\n来たけど夫婦でやってるってのは\n初めてみたよ。	
C09491	SSS6/326:283	대사:FC	2	ねえ、ねえ	
C09492	SSS6/326:294	대사:FC	2	夫婦だって!!	
C09493	SSS6/326:2BE	대사:FC	2	にらむことないじゃない。	
C09494	SSS6/326:2D3	대사:FD	2	とにかく何の用だ!!	
C09495	SSS6/326:2E6	대사:00	2	私は父の敵の洞仙を捜して\n旅をしている。	
C09496	SSS6/326:305	대사:FD	2	父の敵?	
C09497	SSS6/326:30F	대사:FD	2	それ、多分おれじゃないぜ!	
C09498	SSS6/326:322	대사:FC	2	うんうん、わたしもそう思う。	
C09499	SSS6/326:337	대사:00	2	私もそんな気がして来た。	
C09500	SSS6/326:34A	대사:FD	2	人違いだろ\n帰っていいよ!	
C09501	SSS6/326:35E	대사:00	2	ところが、そうは行かないの。	
C09502	SSS6/326:37A	대사:00	2	洞仙はすべて父の敵として\n始末しているからよ。	
C09503	SSS6/326:39E	대사:FC	2	そんなのムチャクチャよ!	
C09504	SSS6/326:3B0	대사:FD	2	どうしても戦うのか。	
C09505	SSS6/326:3BF	대사:00	2	命ごいなら聞かないわよ。	
C09506	SSS6/326:3D1	대사:FD	2	戦う前に名を聞いておこう。	
C09507	SSS6/326:3E6	대사:00	2	玄華拳拳士、明紅。	
C09508	SSS6/326:3FA	대사:00	2	父の敵討たせてもらうわ!!	
C09509	SSS6/326:438	대사:FD	13	俺の勝ちだな	
C09510	SSS6/326:44C	대사:00	3	私の負けだわ。	
C09511	SSS6/326:46B	대사:00	3	私の勝ちね。	
C09512	SSS6/326:4BA	대사:01	2	洞仙ふぜいが、ごたいそうな\n入口をかまえおって!!	
C09513	SSS6/326:4F6	대사:00	2	我が国を荒らす愚か者に\n天誅を食らわそうぞ!!	
C09514	SSS6/326:57C	대사:F9	2	何じゃこの辛気臭い所は?	
C09515	SSS6/326:595	대사:F9	2	む、{03:01}妖気に満ちているわい。	
C09516	SSS6/326:5C0	대사:F9	2	強力な剣気がするわい\n洞仙はここじゃな!!	
C09517	SSS6/326:64C	대사:00	2	貴様が洞仙だな!	
C09518	SSS6/326:698	대사:00	2	人間によく似た妖怪じゃな。	
C09519	SSS6/326:6B1	대사:FC	8	なんですって!!	
C09520	SSS6/326:6BF	대사:02	2	ホント、そっくりですね。	
C09521	SSS6/326:6D6	대사:FC	2	あたしは、人間よ。	
C09522	SSS6/326:6EC	대사:00	2	バカを言うな人間のそれも娘が\nこんな所にいる訳がなかろう。	
C09523	SSS6/326:717	대사:FC	2	も～	
C09524	SSS6/326:72B	대사:FC	2	ねえ、{05:00}も何か\nこの人達に言ってやってよ。	
C09525	SSS6/326:752	글	2	この子のどこが妖怪だ!{08}{05:01}は妖怪だったのか{08}うーん	
C09526	SSS6/326:77D	대사:FD	2	この子のどこが妖怪だ!!	
C09527	SSS6/326:796	대사:FD	2	知らなかった!!	
C09528	SSS6/326:7A5	대사:FD	2	{05:01}は妖怪だったのか。	
C09529	SSS6/326:7C0	대사:FC	2	{05:00}の底抜けバカーァ!!	
C09530	SSS6/326:7DF	대사:FC	2	それなら、ここにいる\n私はなによ!!	
C09531	SSS6/326:7F6	대사:00	2	じゃから、人間によく似た\n妖怪じゃろ。	
C09532	SSS6/326:837	대사:FC	2	だいたい、何しに来たのよ!	
C09533	SSS6/326:84A	대사:00	2	知れた事、我が大地を守るために\nキサマらを倒しに来たんだ!	
C09534	SSS6/326:873	대사:FC	2	ひどい誤解ね、私達は大地の為に\n一生懸命働いてるのに。	
C09535	SSS6/326:8C4	대사:00	2	大地の為だと!	
C09536	SSS6/326:8D2	대사:00	2	大地を荒らす洞仙が　　\nよくも、ぬけぬけと!!	
C09537	SSS6/326:900	대사:FC	2	私達がくる前にぼろぼろだった\nこの地に緑が戻って来たのは\nどう説明するの?	
C09538	SSS6/326:932	대사:00	2	気のせいじゃ	
C09539	SSS6/326:9D9	대사:FD	4	あの　　	
C09540	SSS6/326:9E5	대사:FC	2	わかったわ!!	
C09541	SSS6/326:9F8	대사:FC	2	{05:00}、この人\nやっつけましょう!	
C09542	SSS6/326:A4B	대사:FD	2	やっつけるってのは、いいんだけど\nまた人数が増えてるよ。	
C09543	SSS6/326:A7A	대사:05	2	間に合いましたな将軍	
C09544	SSS6/326:A8C	대사:06	2	すけだちいたす!	
C09545	SSS6/326:A9B	대사:FC	2	あんた達、税金の無駄使いよ!	
C09546	SSS6/326:ABA	대사:FD	2	あわわ	
C09547	SSS6/326:AC4	대사:00	2	妖怪め!!	
C09548	SSS6/326:B0D	대사:00	2	くそーっ!!無念じゃ。	
C09549	SSS6/326:B1E	대사:FC	2	少しは、反省なさい。	
C09550	SSS6/326:B7F	대사:00	2	さらばじゃ!!	
C09551	SSS6/326:B9A	대사:00	2	未熟者が!!	
C09552	SSS6/326:BC5	대사:02	2	ここが、噂に名高い{05:00}の\n仙窟ね。	
C09553	SSS6/326:C24	대사:00	2	ずいぶん古ぼけた飛天石ね。	
C09554	SSS6/326:C39	대사:00	2	ずっと前からあったのかしら?	
C09555	SSS6/326:CAF	대사:F9	2	ここからが、玲蘭さんの\n腕の見せ所よ!	
C09556	SSS6/326:CCF	대사:F9	2	すごい妖気。	
C09557	SSS6/326:CE9	대사:F9	2	見っけた!	
C09558	SSS6/326:D38	대사:00	2	あなたが洞仙さん	
C09559	SSS6/326:D62	대사:00	2	へえ、洞仙っておじいさん\nばっかりだと思ってたのにね。	
C09560	SSS6/326:D8F	대사:FD	2	俺も賞金稼ぎは、むさい男ばかりだと\n思っていたんだけどね。	
C09561	SSS6/326:DCA	대사:00	2	あら、じゃあ私が相手じゃ\nひょうしぬけかしら?	
C09562	SSS6/326:DE8	대사:FD	2	いやいや	
C09563	SSS6/326:E09	대사:FD	2	俺も君みたいな、お客さんばかりなら\n楽しいんだけどね。	
C09564	SSS6/326:EAB	대사:FD	2	何やってんだ?	
C09565	SSS6/326:EB7	대사:FC	2	どう思ってるの?	
C09566	SSS6/326:ECC	대사:FC	2	えと、{03:04}大地を守ることよ!!	
C09567	SSS6/326:EE8	대사:00	2	大地を守る守らないなんて話\n私にはどうでもいいの。	
C09568	SSS6/326:F15	대사:00	2	私にとって大切なのは賞金よ!	
C09569	SSS6/326:F2C	대사:FC	2	ええ{03:02}そうね、{03:04}そうよね。	
C09570	SSS6/326:F46	대사:FD	2	なんでそうなるの?	
C09571	SSS6/326:FB6	대사:00	2	じゃあ、いくわよ。	
C09572	SSS6/326:FCC	대사:FC	2	きれいな人ね。	
C09573	SSS6/326:FEE	안내:0A	2	やっぱり、{05:00}も{03:09}\n \nきれいな人が好きなのかな?	
C09574	SSS6/326:1018	안내:0A	2	仙窟、仙窟って最近ちっとも\n \nあたしの事かまってくれないし。	
C09575	SSS6/326:104C	안내:0E	2	いつも一緒にいるのにね	
C09576	SSS6/326:105F	안내:0A	2	 私の事ホントは\n \nどう思っているのよ?	
C09577	SSS6/326:10A7	안내:0E	2	ねえ、{05:00}。	
C09578	SSS6/326:10F6	대사:00	2	あなた強いわね。	
C09579	SSS6/326:110F	대사:00	2	あなたみたいに強い人初めてよ{09}このままそばに置いてもらおうかしら。	
C09580	SSS6/326:1138	대사:FC	2	えーっ!!!!!!!!!!!!!	
C09581	SSS6/326:114C	대사:00	2	冗談よ、出直して来るわ♡	
C09582	SSS6/326:1162	대사:00	2	じゃあね。	
C09583	SSS6/326:1176	대사:FD	2	くそ!!	
C09584	SSS6/326:1184	대사:FC	2	何か言った!	
C09585	SSS6/326:1192	대사:FD	2	んん!!	
C09586	SSS6/326:11B3	대사:00	2	やったー、私の勝ち!!!!	
C09587	SSS6/326:1239	대사:00	2	この飛天石からは、別の世界の\n波動が感じられます。	
C09588	SSS6/326:12C2	대사:F9	4	霊気の流れを感じます。	
C09589	SSS6/326:12FA	대사:F9	2	これで、我が悲願が\n達成される。	
C09590	SSS6/326:141F	대사:FD	2	俺{03:01}は{03:01}知{03:01}ら{03:01}な{03:01}い{03:01}ぞ。	
C09591	SSS6/326:1480	대사:FC	2	とびらってこれ?	
C09592	SSS6/326:156B	대사:FD	2	冥界か　　　　	
C09593	SSS6/326:157C	대사:FD	2	たとえ通じる道が在っても死者の国に\n生身で乗り込める訳ないぜ!!	
C09594	SSS6/326:15B3	대사:00	2	おまえたちに私の気持ちが\nわかってたまるか!!	
C09595	SSS6/326:15DF	대사:FC	2	でも　　　　{03:02}\n何だかあの人、悲しそうな\n目をしていたよ。	
C09596	SSS6/326:164C	대사:00	2	これで冥界に　　　　	
C09597	SSS6/327:7F	대사:00	2	これが仙窟の入口か?	
C09598	SSS6/327:B9	대사:00	2	なぜ、悪覚は皆同じような\nオブジェを作るのだろうか?	
C09599	SSS6/327:DD	대사:00	2	俺には理解できん。	
C09600	SSS6/327:108	대사:00	2	洞仙の実力、どれほどの物か\n俺が確かめてやるぜ!	
C09601	SSS6/327:18A	대사:F9	2	監視されているようだな?	
C09602	SSS6/327:1AF	대사:F9	2	ここだな!!	
C09603	SSS6/327:201	대사:00	2	貴様が、ダンジョンのボスか!	
C09604	SSS6/327:233	대사:00	2	自ら名乗るとはたいした自信だな{09}噂どおりという訳だな。	
C09605	SSS6/327:25B	대사:00	2	俺の名はケブレス。	
C09606	SSS6/327:26B	대사:00	2	貴様の様な者を滅する為に\n旅をしている。	
C09607	SSS6/327:2A5	대사:00	2	洞仙とは年端もゆかぬ子供まで\n支配下に置くのか。	
C09608	SSS6/327:2CE	대사:FC	2	ちょっと、子供とは失礼ね。	
C09609	SSS6/327:2E3	대사:00	2	すでにセンノウされているのか　　	
C09610	SSS6/327:305	대사:FC	2	だいたいねえ、人の仙窟に殴りこんで\n来るのはいつもそっちでしょ!	
C09611	SSS6/327:32E	대사:FC	2	悪は、あなた達の方じゃなくって。	
C09612	SSS6/327:345	대사:00	2	なかなか面白い発想だな。	
C09613	SSS6/327:359	대사:00	2	しかし、それはそちら側の理屈\n正義とはいえない。	
C09614	SSS6/327:37A	대사:FD	2	おもしろい、ケブレスおまえの正義と\n俺の正義どちらが正しいか勝負だ!!	
C09615	SSS6/327:3AA	대사:00	2	よかろう。	
C09616	SSS6/327:3F1	대사:00	2	信じられん強さだ、おまえの強さ\nアレックスに匹敵するかもしれんな。	
C09617	SSS6/327:41B	대사:FC	2	誰その人?	
C09618	SSS6/327:426	대사:FD	2	これで、俺の正義が\n証明されたワケだな。	
C09619	SSS6/327:443	대사:00	2	おまえが勝ったからといっておまえが\n正しいとは限らんぞ!!	
C09620	SSS6/327:47B	대사:00	2	貴様の正義とは、そんなものか。	
C09621	SSS6/327:4AD	대사:00	2	噂の洞仙{05:00}の\n仙窟は、ここね。	
C09622	SSS6/327:4F0	대사:00	2	うーん	
C09623	SSS6/327:4F7	대사:00	2	どの位強いか、知らないけど\nセンスが悪いのは確かのようね。	
C09624	SSS6/327:5C5	대사:F9	2	ここがダンジョン?	
C09625	SSS6/327:5D7	대사:F9	2	モンスターの気配がすごいわね。	
C09626	SSS6/327:601	대사:F9	2	この下に洞仙がいるのね{09}洞仙って、どんな人なんでしょう?	
C09627	SSS6/327:678	대사:FD	2	俺は、{05:00}	
C09628	SSS6/327:682	대사:FD	2	この仙窟のあるじだ!	
C09629	SSS6/327:6B3	대사:00	2	あら、かわいらしい子がいるのね。	
C09630	SSS6/327:6EA	대사:00	2	ケブレスってこの子達に\n負けちゃったのかしら?	
C09631	SSS6/327:70B	대사:FD	2	俺の仙窟に何の用だ?	
C09632	SSS6/327:723	대사:00	2	ケブレスって大きな剣を持った\n無口な人が来たでしょ。	
C09633	SSS6/327:749	대사:FD	2	奴の仲間か。	
C09634	SSS6/327:758	대사:FC	2	かわいいだって	
C09635	SSS6/327:765	대사:FD	2	あいつは、なかなかの腕前だったな{0A}見た所、魔道士の様だな。	
C09636	SSS6/327:790	대사:FC	2	あんな、きれいな人が\nかわいいって言ってくれるぐらい\nだから、もしかして私って　　	
C09637	SSS6/327:7C2	대사:FC	2	将来有望かなっ!	
C09638	SSS6/327:7D4	대사:FD	2	異国の術、見せてもらおうか!!	
C09639	SSS6/327:7F2	대사:FC	2	もぉ、戦う事しか考えてないのね。	
C09640	SSS6/327:809	대사:FC	2	べつにあの人、戦いに来た\n訳じゃ無いんでしょ。	
C09641	SSS6/327:830	대사:FC	2	みてみて、あの人の服おしゃれよね。	
C09642	SSS6/327:858	대사:00	2	ほんとに?	
C09643	SSS6/327:876	대사:FD	2	こらーっ!!	
C09644	SSS6/327:880	대사:FC	2	近くでみると、もっとすてき!	
C09645	SSS6/327:893	대사:00	2	私は派手すぎかなって\n思ったんだけど　　	
C09646	SSS6/327:8DC	대사:00	2	お父様が魔法使いは{0A}この服じゃないとダメだって。	
C09647	SSS6/327:929	대사:FC	2	とても似合ってるよ。	
C09648	SSS6/327:940	대사:FC	2	いいな	
C09649	SSS6/327:951	대사:00	2	{05:01}も素敵よ	
C09650	SSS6/327:96D	대사:FD	2	も{03:01}ど{03:01}っ{03:01}て{03:01}こ{03:01}～い{03:01}!!{03:01}!!!	
C09651	SSS6/327:9B7	대사:FC	2	シャスタっていい人よ!	
C09652	SSS6/327:9C7	대사:FD	2	いい人なもんか、さっきの\nケブレスの仲間だぞ!	
C09653	SSS6/327:9EC	대사:FD	2	ケブレスの話はどうなったんだ?	
C09654	SSS6/327:A01	대사:00	2	あ、{03:04}忘れていたわ。	
C09655	SSS6/327:A2B	대사:FC	2	この人と戦うのやめようよぉ。	
C09656	SSS6/327:A3F	대사:FD	2	うぅ～ん	
C09657	SSS6/327:A48	대사:FD	2	たしかに、戦っても仕方が\nなさそうだな。	
C09658	SSS6/327:A6D	대사:00	2	洞仙、{05:01}を開放なさい。	
C09659	SSS6/327:A84	대사:FD	2	どうしてそうなるんだ!!	
C09660	SSS6/327:A96	대사:FC	2	シャスタ、ちがうのよ。	
C09661	SSS6/327:AA5	대사:00	2	{05:01}{0A}助け出してあげるからネ。	
C09662	SSS6/327:ABA	대사:00	2	いくわよ～ぉ!!	
C09663	SSS6/327:AC7	대사:FC	2	しかたないわね。	
C09664	SSS6/327:B11	대사:00	2	ケブレスが負けたの\nもうなずけるわね。	
C09665	SSS6/327:B2A	대사:FC	2	だいじょうぶ。	
C09666	SSS6/327:B35	대사:00	2	ええ、{03:02}出直して来るわ。	
C09667	SSS6/327:B5D	대사:00	2	ほんとにケブレスに勝ったの?	
C09668	SSS6/327:B8C	대사:00	2	金剛羅漢か、いい趣味をしとるな。	
C09669	SSS6/327:BA6	대사:00	2	さすが、最強と呼ばれる漢の城じゃな\n堂々としておる。	
C09670	SSS6/327:BE6	대사:00	2	久しぶりの戦いじゃ腕が\n鳴るわい!	
C09671	SSS6/327:C62	대사:F9	2	ここが仙窟か、洞仙は\nどこにおるのかな?	
C09672	SSS6/327:C82	대사:F9	2	洞仙はどこだ!{08}妖怪相手では、つまらんぞ!!	
C09673	SSS6/327:CB5	대사:F9	2	すごい殺気だな。	
C09674	SSS6/327:CC3	대사:F9	2	おもしろい!!	
C09675	SSS6/327:D32	대사:00	2	おお、お主が{05:00}殿か\n拙者、捜神ともうす。	
C09676	SSS6/327:D61	대사:00	2	ほう、洞仙と言うのは\n女までおるのか!!	
C09677	SSS6/327:D7D	대사:FD	2	{05:01}は特別だな。	
C09678	SSS6/327:D8B	대사:FD	2	あんたの国じゃあ、女は\n戦わないのかい?	
C09679	SSS6/327:DA6	대사:00	2	もちろん、それが\nしきたりというものらしい。	
C09680	SSS6/327:DC0	대사:00	2	もっとも拙者しきたりなど\n守った事はないがな。	
C09681	SSS6/327:DDF	대사:00	2	ははは	
C09682	SSS6/327:DE6	대사:FD	2	それで、ここに来た目的はなんだ?	
C09683	SSS6/327:DFD	대사:00	2	拙者、強い者と戦う事を生きがいと\nしておる。	
C09684	SSS6/327:E1E	대사:00	2	この国で最も強い洞仙が\n{05:00}殿らしいな!	
C09685	SSS6/327:E3C	대사:FD	2	いや～俺も噂になるほどになったか。	
C09686	SSS6/327:E54	대사:00	2	立ち合い{09}もちろん受けてもらえるな。	
C09687	SSS6/327:EB4	대사:00	2	まだまだ拙者も修行が足らんな。	
C09688	SSS6/327:ECC	대사:00	2	今日の所は拙者の負けという\nことにしておこう。	
C09689	SSS6/327:EED	대사:FC	2	いい、女でも修行すれば\n強くなるのよ。	
C09690	SSS6/327:F18	대사:FD	2	{05:01}は修行の\nしすぎじゃないの?	
C09691	SSS6/327:F54	대사:00	2	拙者の勝ちのようだな!	
C09692	SSS6/327:F79	대사:00	2	今の一撃は強烈だったぞ。	
C09693	SSS6/327:F8E	대사:00	2	だが拙者、まだ倒れる\n訳にはいかんのでな。	
C09694	SSS6/327:FC9	대사:00	2	ここが名高い{05:00}の\n仙窟ですか。	
C09695	SSS6/327:FE1	대사:00	2	{05:00}?はて何処かで\n聞いたような名ですね。	
C09696	SSS6/327:1019	대사:00	2	そういえば、三界の弟子に\nそんな奴がいたような　　	
C09697	SSS6/327:109C	대사:F9	2	視線を感じる。	
C09698	SSS6/327:10AA	대사:F9	2	何処かで私を見ていますね。	
C09699	SSS6/327:10CD	대사:F9	2	この感じ、やはり　　　　	
C09700	SSS6/327:1133	대사:FD	2	貴様は王蒼幻!!	
C09701	SSS6/327:1144	대사:00	2	やはり、ここの仙窟はあなたの\n物だったんですね。	
C09702	SSS6/327:1163	대사:FC	2	友達?	
C09703	SSS6/327:116C	대사:FD	2	奴は、王蒼幻おそらくこの国で、いや\nこの世界で一番恐ろしい奴さ。	
C09704	SSS6/327:119B	대사:FC	2	ぜんぜんそんな風に見えないよ。	
C09705	SSS6/327:11B7	대사:FC	2	ぼく、いくつ?	
C09706	SSS6/327:11C2	대사:00	2	くくっ	
C09707	SSS6/327:11C9	대사:00	2	{05:00}よ、面白い人と\n一緒にいますね。	
C09708	SSS6/327:11E4	대사:FD	2	見た目にだまされるな。	
C09709	SSS6/327:11F5	대사:FD	2	奴は転生の秘術を使うんだ{09}見た目はああでも、老師よりずっと\n長生きなんだぜ。	
C09710	SSS6/327:122B	대사:FD	2	それより何しに来たんだ。	
C09711	SSS6/327:123D	대사:FD	2	老師ならここにはいないぜ。	
C09712	SSS6/327:1250	대사:00	2	今日は将棋をうちにきたんじゃ\n無いですよ。	
C09713	SSS6/327:126E	대사:FD	2	では龍脈の力を奪いに来たのか?	
C09714	SSS6/327:1286	대사:00	2	いただけるのなら、奪う必要は\n無いんですが　　　　	
C09715	SSS6/327:12AB	대사:00	2	そういう訳には\n行かないんですよね?	
C09716	SSS6/327:12C3	대사:FD	2	ああ、もちろん。	
C09717	SSS6/327:12CF	대사:FC	2	あの子と戦うの?	
C09718	SSS6/327:12DD	대사:FD	2	油断してると一瞬でやられるぞ!!	
C09719	SSS6/327:1326	대사:FD	2	これ以上やっても無駄だぜ!!	
C09720	SSS6/327:1344	대사:00	2	なかなかやりますね。	
C09721	SSS6/327:1352	대사:00	2	今日の所は私の負けですね。	
C09722	SSS6/327:137D	대사:FC	2	{05:00}の方が\n蒼幻より強いんだね!!	
C09723	SSS6/327:139B	대사:FD	2	奴が子供の体じゃなかったら\nやられていたのは、俺だった\nかもな!!	
C09724	SSS6/327:13C5	대사:FC	2	勝ちは、勝ちよ!!	
C09725	SSS6/327:13ED	대사:00	2	おや、それで終わりですか{07}それでは三界がガッカリしますよ。	
C09726	SSS6/327:1440	대사:00	1	地下に大きなエネルギーが満ちてる　　	
C09727	SSS6/327:145C	대사:00	1	いったい、地下では何が\n行われているんだ?	
C09728	SSS6/327:149B	대사:00	2	シャスタ達が、いってたのは\nここだな。	
C09729	SSS6/327:1528	검증필요	1	ゴゅ{p}メ1{00}	
C09730	SSS6/331:2C	글	1	後半\nシナリオ\n演出	
C09731	SSS6/331:49	글	1	EXIT\n天転前フリ\n天転出撃\n天転出撃龍穴炉	
C09732	SSS6/331:7B	글	1	EXIT\n明紅前フリ\n明紅出撃\n明紅出撃龍穴炉	
C09733	SSS6/331:AD	글	1	EXIT\n雷漢前フリ\n雷漢出撃\n雷漢出撃龍穴炉	
C09734	SSS6/331:DF	글	1	EXIT\nリン前フリ\nリン出撃\nリン出撃龍穴炉	
C09735	SSS6/331:10B	글	1	EXIT\nイザナギ前フリ\nイザナギ出撃\nイザナギ出撃龍穴炉	
C09736	SSS6/331:13D	글	1	EXIT\nケブレス前フリ\nケブレス出撃\nケブレス出撃龍穴炉	
C09737	SSS6/331:172	글	1	EXIT\nシャスタ前フリ\nシャスタ出撃\nシャスタ出撃龍穴炉	
C09738	SSS6/331:1A4	글	1	EXIT\n捜神前フリ\n捜神出撃\n捜神出撃龍穴炉	
C09739	SSS6/331:1D6	글	1	EXIT\n蒼幻前フリ\n蒼幻出撃\n蒼幻出撃龍穴炉	
C09740	SSS6/331:208	글	1	EXIT\nアレックス前フリ\nアレックス出撃\nアレックス龍穴炉	
C09741	SSS6/331:239	글	1	EXIT\n真アレックス\nエンディング\nエンディングのみ	
C09742	SSS6/331:264	글	1	EXIT\n玲蘭＋捜神出撃\n玲蘭＋捜神ノーマル龍穴炉\n玲蘭＋捜神死んで龍穴炉	
C09743	SSS6/331:2AB	글	1	EXIT\nシャスタ＋ケブレス出撃\nシャスタ＋ケブレスノーマル龍穴炉\nシャスタ＋ケブレス死んで龍穴炉	
C09744	SSS6/331:2F5	글	1	EXIT\n天転＋雷漢出撃\n天転＋雷漢ノーマル龍穴炉\n天転＋雷漢死んで龍穴炉	
C09745	SSS6/331:6B0	글	1	時封呪プロト\n爆発サンプル	
C09746	SSS6/331:6C9	영문	1	0	
C09747	SSS6/331:6D9	영문	1	1	
C09748	SSS6/331:6E9	영문	1	2	
C09749	SSS6/331:6F9	영문	1	3	
C09750	SSS6/331:707	영문	1	4	
C09751	SSS6/331:717	영문	1	5	
C09752	SSS6/331:727	영문	1	6	
C09753	SSS6/331:735	영문	1	7	
C09754	SSS6/331:743	영문	1	8	
C09755	SSS6/331:751	영문	1	9	
C09756	SSS6/331:75F	영문	1	A	
C09757	SSS6/331:76D	영문	1	B	
C09758	SSS6/331:77B	영문	1	C	
C09759	SSS6/339:39	대사:FD	2	さて、	
C09760	SSS6/339:48	대사:FD	1	どこかな{0A}ここは。	
C09761	SSS6/339:57	안내:08	2	たどり着いたそこは	
C09762	SSS6/339:65	안내:08	2	別にどうという事はない \n \n普通の小さな小屋だった。	
C09763	SSS6/339:8B	안내:08	2	でも少し蒸し暑い。	
C09764	SSS6/339:9B	안내:08	2	よほど遠くに来てしまったのか\n \nそれとも季節が変わったのか 	
C09765	SSS6/339:C3	안내:08	2	    何にしても      \n \n誰かに話を聞いてみよう　　　　	
C09766	SSS6/339:10C	글	2	いらっしゃい{0A}洞仙さんですね。	
C09767	SSS6/339:121	대사:FD	1	ああ{0A}どうして分かった?{p}ぼくの姿を見て\nおどろかなかったじゃ\nないですか。	
C09768	SSS6/339:14E	대사:FD	1	あ、そっか\nなるほどね。	
C09769	SSS6/339:15E	대사:FD	1	んで{0A}ここはどこだい{0A}洞天福国だよな?{p}残念でした。	
C09770	SSS6/339:182	대사:FD	1	違うの!?{p}ここは仙界{0A}仙人や仙獣たちの\n住む国です。	
C09771	SSS6/339:1AA	대사:FD	2	センカイ?{p}その中でも、この村は\n仙獣が多いので{p}仙獣界と言うことの方が\n多いですね。	
C09772	SSS6/339:1E4	대사:FD	2	センジュウカイかあ。	
C09773	SSS6/339:1F2	대사:FD	1	へーえ{09}面白そうだ、ちょっと\n見てまわろう。{p}いってらっしゃい\n気をつけて。{00}	
C09774	SSS6/339:220	대사:FD	2	俺が召喚した連中は\nこの国のやつらなのか?{p}そういうことです。	
C09775	SSS6/339:249	대사:FD	1	君、ひょっとして\nぽんたっていう\n名前じゃない?{p}知りませんよ、そんな\nたぬきみたいな名前。	
C09776	SSS6/339:288	글	1	あ、今は　　　{p}時の潮が引いちゃって\n人間界とはつながって\nいませんよ。{p}もう少し待ってて\nくださいね。{00}	
C09777	SSS6/339:2CA	글	1	今は一番\n潮のひいてる\n時です。{p}　　あれ、ぼく\nひょっとして\n時のわかる奴?{00}	
C09778	SSS6/339:2FC	글	2	王様、こんなとこにきて\nどうしたんですか?{p}まさか帰っちゃうつもりじゃ\nありませんよね?{p}あ、まだ潮は満ちて\nいませんけど。{00}	
C09779	SSS6/339:35B	글	1	ここが仙獣界だという話は\nまわりにいる獣たちから\n聞きましたよ。{p}しかし、私がここに\n迷い込んだのは\n偶然ではありません。{p}冥想の最中に\nあなたのまとっているような\n特殊な気を感じたので{p}それを追い続けて{p}たどり着いたのが\nここだったのです。	
C09780	SSS6/339:3FC	대사:FD	1	俺の気は\n邪悪だってのか。{p}あなたの連れている獣たちは\n人々をおびやかす存在だと\n言っているのです。{p}ここの世界の獣たちは\n二人の人間の統治のもとで\n一見平和に暮らしていますが{p}それが私たち人間の目を\nあざむくためのいつわりだったら{p}私がそれを見極めて\n何らかの手を\nうたねばなりません。	
C09781	SSS6/339:4B2	대사:FD	2	がーーーーーーーーーー!!!	
C09782	SSS6/339:4C4	대사:FD	2	なーに勝手なことばっか\n言ってるんだよ!!	
C09783	SSS6/339:4E0	대사:FD	1	お前がここにきちまったことは\n百歩ゆずって許してやろう!	
C09784	SSS6/339:504	대사:FD	2	だがしかし!!	
C09785	SSS6/339:50F	대사:FD	2	もし、こいつら仙獣たちに\nあらぬ罪を着せてみろ{0A}この俺が、お前を人間界で	
C09786	SSS6/339:540	대사:FD	2	けちょんけちょんの\nぐちょんぐちょんの\nこてんぱんにやっつける!	
C09787	SSS6/339:564	대사:FD	2	覚えてろよ!!	
C09788	SSS6/339:571	글	1	　　　　　\n分かりました。{p}あなたが正しいか\n私が正しいか{p}ここでしばらく\n見物させて\nもらいますよ。	
C09789	SSS6/339:5B3	대사:FD	2	ふんっ!!{00}	
C09790	SSS6/339:5BA	글	1	魔物の存在は人々に\n許されてはならないのです{p}魔性に取りつかれた者の\nおろかであわれな精神は\n救う手だてなどないからです。{p}あなたはすでに\nおろかであわれかも\nしれませんが、{p}そのおかげで魔物に\n利用されずにすんで\nいるのでしょう。{00}	
C09791	SSS6/339:643	글	1	私は今まで多くの\nさまよえる死者の御霊に\n道を指し示してきました。{p}それでも正しい道を\n理解できずに、悪しき\n心にまどわされ続ける\n御霊に対しては　　{p}むしろ情けを\nかけるべきでは\nないのです。{p}悪しき心の増長ほど\n恐ろしい物はありません。{00}	
C09792	SSS6/339:6DA	글	1	混沌とは悟りうる\nものなのでしょうか?{p}もはやそんな次元でも\nないのでしょうか?{p}少なくともあなたは\n何も分かっては\nいないようですが。	
C09793	SSS6/339:730	글	2	いちいちカンにさわるなあ{08}俺の正しさを認めきれないのか{07}　　　　　　	
C09794	SSS6/339:760	대사:FD	2	いちいちカンにさわるなあ{0A}いいかげんにしろよな!!	
C09795	SSS6/339:77D	대사:FD	2	だいたいおまえ、人をけなさなきゃ\n自分の気持ちが言えないのかよ。	
C09796	SSS6/339:7A7	대사:FD	1	ちょっとは\nハジを知れ。{00}	
C09797	SSS6/339:7B8	대사:FD	2	俺の正しさを認めきれないのか{07}それとも負けおしみか?	
C09798	SSS6/339:7DA	대사:FD	1	まあどっちにしろ\n俺が皇帝となったからには\n君はもはや国外追放だな。	
C09799	SSS6/339:808	대사:FD	2	せいぜいうらむがいいさ{0A}仙獣をけなした君自身をな。{00}	
C09800	SSS6/339:83A	대사:FD	2	うるせ、くそじじい。{00}	
C09801	SSS6/339:85C	글	2	ここ、センジュウカイ。{p}いま、ニンゲン4にん。{p}ふたりとふたりがケンカ。{p}ケンカがふたつ。{00}	
C09802	SSS6/339:88B	글	1	ハジメまして。{p}あれ、マエに\nアイましたか?{00}	
C09803	SSS6/339:8A3	글	2	「いま」、このコトバ\nトキのフシギフシギ。{p}いま、ニンゲン4にん{09}トキのわかるニンゲン。{00}	
C09804	SSS6/339:8D4	글	1	ソンチョウかわっても\nトキのシオまもる\nオレたちヤクメヤクメ。{p}ミチシオもうすこし{09}ニオイする、ニオイちかい。{00}	
C09805	SSS6/339:924	글	1	お待ちしておりました{0A}ご主人様。	
C09806	SSS6/339:93C	대사:FD	1	ご主人?{p}さようです、私が\n長い間待ち続けた{p}この家のあるじです。	
C09807	SSS6/339:969	대사:FD	1	ここはお前の\n家だったのか。{p}ただ今からご主人様の\n家となります。	
C09808	SSS6/339:995	대사:FD	2	ちょ、ちょっと。	
C09809	SSS6/339:9A1	대사:FD	1	なんだか大げさに\nなってきてないか?{p}そんなことは\nありませんよ。{p}この世界の統治者となられるお方が\nホームレスでどうするんですか。	
C09810	SSS6/339:9EE	대사:FD	1	はあ。{p}地位が確立した\nあかつきには{p}ご自由に\n城を築かれては\nいかがでしょう。	
C09811	SSS6/339:A22	대사:FD	2	あっ、いいね{08}それだよそれ。	
C09812	SSS6/339:A34	대사:FD	1	よっし\n分かった!	
C09813	SSS6/339:A42	대사:FD	1	この真下に俺の\n地下神殿を\n作って行こう。{p}ほほう{0A}しゃれた\n神殿ですね。	
C09814	SSS6/339:A76	대사:FD	1	得意分野\nだからな。{p}ではそれを一つの目標として{0A}これからがんばって行きましょう。	
C09815	SSS6/339:AAB	대사:FD	2	オッケー!	
C09816	SSS6/339:AB5	글	2	まずは神殿の二人から\n政権をもらって　　{p}　　いやいや{0A}うばい取って来てください。{p}仙獣界の歴史の大きな変革の時が\n来たのです。{p}留守は私にまかせてください{00}	
C09817	SSS6/339:B1F	글	1	人生なんて\nごっこあそびのような\nもんですよ。{p}がんばってなりきっててくださいな。{p}それにしても{p}あなたはホントに\n私の見込んだとおりの人でしたよ。{p}ハハハ。{00}	
C09818	SSS6/339:B8B	글	2	仙獣界は初めて?	
C09819	SSS6/339:B9F	글	2	はい{09}いいえ。	
C09820	SSS6/339:BA9	글	1	ここは少し、蒸し暑いでしょう。{p}人間界の空気はここよりも\n乾いていて落ち着かないんです。{p}それには理由が\nあるそうです。{p}人間は限りのある命のために\n多くの悲しみを生むものです。{p}その悲しみを風にのせて少しでも\n遠くへ忘れ去ろうとするのです。{p}大気はそのために\n動き続けていると\n考えられています。{p}それに比べて仙獣界には\n悲しみは風に乗せるほども\n無いということですね。{p}平穏で退屈な日々\nこうして物思いに\nふけっています。{00}	
C09821	SSS6/339:CAF	글	1	あら、そうでした?{p}ここで暮らしていると\n思い出がごちゃごちゃに\nなっちゃうんです。{00}	
C09822	SSS6/339:CDE	글	1	中の人とは\nお知り合いでしたか。	
C09823	SSS6/339:CF6	대사:FD	1	知らねえよ{0A}奴の話はすんな。{p}あなたのことで、いろんな考えを\n聞かせていただきましたよ?	
C09824	SSS6/339:D2B	대사:FD	2	知らねえって。{00}	
C09825	SSS6/339:D35	글	2	ここで暮らしていく\nご予定なんですか?	
C09826	SSS6/339:D55	글	2	そうなってもいいかもな{09}まだ分からないよ{09}遊びに来ただけだ、すぐ帰る。	
C09827	SSS6/339:D7F	글	2	始めは暦や季節が\n気になるでしょうけど{p}すぐにここの時間の流れに\n慣れますよ。{p}要は自分を見失わないことです。{00}	
C09828	SSS6/339:DC6	글	1	もし帰るつもりが\nあるのでしたら{p}人間界での思い出を\n大事にしていてくださいね{p}忘れてしまっては\nちゃんと帰れなくなりますよ。{00}	
C09829	SSS6/339:E11	글	1	それでしたら\n心配いりませんね。{p}　　　　　\nあなた達のような人は\nきっと　　　{p}きっと悲しみとだって\n上手につき合って\nいけるのでしょうね。{00}	
C09830	SSS6/339:E6A	글	1	どうしたのです{07}いきなり村長さんに\nなってしまうなんて。	
C09831	SSS6/339:E8C	대사:FD	1	変かなあ?{p}いいえ、そんなこと\nありませんけど{09}ちょっとおどろきましたよ。{00}	
C09832	SSS6/339:EB4	글	2	お帰りになるのですね。	
C09833	SSS6/339:EC4	대사:FD	1	結局ね。{p}大切な人が\nお待ちでしょう?	
C09834	SSS6/339:EE1	대사:FD	1	へ?{p}さびしがらせては\nだめですよ。	
C09835	SSS6/339:EF7	대사:FD	2	な、なんで?{00}	
C09836	SSS6/339:F14	글	2	へえ、ほんとに人間だ{0A}迷い込んだのかい?{p}なあ、今度俺を人間界に\n召喚してくれよ、な!	
C09837	SSS6/339:F53	글	2	気がむいたらな{09}君には無理なんじゃない?	
C09838	SSS6/339:F6E	글	2	いやあ、あそこは良いところだよな{0A}時の流れが切実でさ、燃えるんだよ!{p}死にそうになりながら\n理想に向かって生きる{0A}それがロマンだよな!!	
C09839	SSS6/339:FC1	대사:FD	2	うんうん、まさに俺の\n生きざまのことだな。	
C09840	SSS6/339:FDC	대사:FD	2	仙窟を掘ることになったら\n呼ぶかもしれないな、そうしたら\nよろしく頼むよ。{p}やったあ、約束だぜ!!{00}	
C09841	SSS6/339:1018	대사:FD	2	化物扱いされても大丈夫か?{p}何だ、まだそんな\n認識しかねえのか。{p}まあそれでもいいさ{0A}面白そうだ。	
C09842	SSS6/339:1058	대사:FD	2	ふーん。{00}	
C09843	SSS6/339:105E	글	2	おまえ、ほんとに知らねえのかよ{07}あのじじい。{p}白いケサまでにくったらしい。{00}	
C09844	SSS6/339:1087	글	2	あんまりこのねーちゃんの事\nかんぐるのやめろよな。{p}　　　　　{p}いや、そういうつもりじゃ\nねえんだったらいいんだ。{p}気にしないでくれよ。{00}	
C09845	SSS6/339:10D4	글	1	聞いたぜ!!{p}やるじゃねえか{0A}皇帝さんよ!	
C09846	SSS6/339:10F0	대사:FD	1	いやあ{0A}まあね。{00}	
C09847	SSS6/339:10FA	글	1	なんだかお前って\n始めから俺達の中に\nとけこんでたよな。{p}な、召喚の約束\nよろしく頼むよ。{p}　　と言っても\nお前ってなんだか\n忘れっぽそうだな。{00}	
C09848	SSS6/339:1168	글	2	こんにちは{p}今日もいいお天気ね{p}雨だと髪がまとまらなくて\n大変なんだもの{p}だからあたしは\n晴れの日が好き。{00}	
C09849	SSS6/339:11AA	글	2	ねえ見て、彼のしっぽ\nとんぼがとまってる。	
C09850	SSS6/339:11C9	글	2	やーん、かわいい{0A}オレンジがきれいよね。{00}	
C09851	SSS6/339:11DF	글	1	こんにちは{p}あ、それ以上\n言わせないで。{p}きっとあなたに\nやつ当たりしちゃう。{00}	
C09852	SSS6/339:120C	글	2	あたしだってあの人は\nすてきだと思うんだもの。{p}仕方がないのよ{0A}ここにいるしか。{p}かないっこなくても\nかまわないの。{00}	
C09853	SSS6/339:124C	글	1	今日もいいお天気ね。{p}えっとね、{p}あたしの\n良く分からない話を{p}毎回聞いててくれて\nありがとうね。{00}	
C09854	SSS6/339:129E	글	1	姫はかわいいよなあ。{p}顔が、じゃなくて\n性格が。{00}	
C09855	SSS6/339:12BC	글	1	考えてみりゃあ\n不思議なもんだ、{p}一匹狼のこの俺が\nこんなところで\n暮らしちまってら。{00}	
C09856	SSS6/339:12F2	글	1	お前、姫には\n興味ないの?	
C09857	SSS6/339:1307	대사:FD	2	はああ?{p}やけにつっけんどんな\n話し方をするからさ。	
C09858	SSS6/339:1327	대사:FD	1	そうかな?{p}ま、いいけどね!{p}俺はただの\nおっかけなんだし。{p}ははは。{00}	
C09859	SSS6/339:134D	글	1	なーんなんだよ{0A}お前は!!{p}かき回しといて\nさっさとおさらばかよ!{p}面白かったぜ{0A}またこいよ。	
C09860	SSS6/339:1384	대사:FD	2	ああ、またな。{00}	
C09861	SSS6/385:5F	대사:04	2	仙窟にもどる?{00}	
C09862	SSS6/385:6C	대사:04	2	いま、ごはんの用意してるから{00}	
C09863	SSS6/385:80	대사:04	2	随分戻ってなかったから\nお掃除がたいへんよ。{00}	
C09864	SSS6/385:9F	대사:04	2	仙窟も大切だけど、たまには家で\nゆっくり休まなきゃね。	
C09865	SSS6/385:C7	글	2	洞窟の飛天石って昔、仙獣の世界と\nつながっていたの?	
C09866	SSS6/385:EF	대사:FD	2	知らないよ、どうして\nそんな話を知ってるの?{p}宿屋の人が言ってたのよ。	
C09867	SSS6/385:133	대사:FD	4	ただいま{05:01}	
C09868	SSS6/385:140	대사:04	4	{05:00}おかえりなさい。	
C09869	SSS6/385:15E	대사:04	2	いま食事の支度が出来た所なの!	
C09870	SSS6/385:182	대사:FD	2	俺おなかぺこぺこ!!	
C09871	SSS6/385:1A0	대사:04	2	ちょっと待ってね。	
C09872	SSS6/385:218	대사:FD	2	そう言えばずっと前にもこんな事が\nあったような気がするな。	
C09873	SSS6/385:23D	대사:04	2	ほらほら、早く食べないとおいしく\nなくなっちゃうよ!!	
C09874	SSS6/385:25E	대사:FD	2	まっいいか!	
C09875	SSS6/385:268	대사:FD	2	いただきまーす。	
C09876	SSS6/385:274	대사:04	2	どうぞ。	
C09877	SSS6/385:27C	대사:FD	2	うん、うまい!!	
C09878	SSS6/385:288	대사:FD	2	{05:00}は体力が回復した	
C09879	SSS6/385:29A	대사:FD	2	なんてね	
C09880	SSS6/385:2E1	대사:04	2	それで仙窟は、出来たの?	
C09881	SSS6/385:302	대사:FD	2	まだまだ。	
C09882	SSS6/385:316	대사:FD	2	最近、仙窟に入って来る\n奴等が多くてさ。	
C09883	SSS6/385:337	대사:FD	2	あいつら相手してると\nつかれるんだよな。	
C09884	SSS6/385:354	대사:04	2	うんうん。	
C09885	SSS6/385:360	대사:FD	2	おまけにあいつら、たたき出されても\nこりずに、すぐ入ってくるんだもんな。	
C09886	SSS6/385:391	대사:04	2	{05:00}もあの人達の元気を\n分けてもらった方がいいかもね。	
C09887	SSS6/385:3C5	대사:04	2	たまにはね。	
C09888	SSS6/385:3CF	대사:04	2	ゆっくりするのがいいわ。	
C09889	SSS6/385:3E2	대사:FD	2	うん、そうかもな。	
C09890	SSS6/385:40C	대사:04	2	肩でももみましょうか?	
C09891	SSS6/385:444	대사:FD	2	よせよ!	
C09892	SSS6/385:453	대사:04	2	うごいちゃだめよ!	
C09893	SSS6/385:49A	대사:FD	2	{05:01}がいないぞ?	
C09894	SSS6/385:4AD	대사:FD	4	そとかな?	
C09895	SSS6/385:4EB	대사:FD	2	うまくなったね。	
C09896	SSS6/385:4FD	대사:01	2	ん	
C09897	SSS6/385:51C	대사:FD	2	どうしたの{07}こんな夜更けに	
C09898	SSS6/385:531	대사:01	2	ず～っと、{05:00}\n帰って来ないんだもん!!	
C09899	SSS6/385:54E	대사:FD	3	ごめん。	
C09900	SSS6/385:558	대사:01	2	いいのよ。	
C09901	SSS6/385:563	대사:01	2	でもね、仙窟を作るのって\nいつ終わるの?	
C09902	SSS6/385:58B	대사:FD	2	うん、まだまだ時間が\nかかりそうなんだ。	
C09903	SSS6/385:5BE	대사:01	2	ふーん、	
C09904	SSS6/385:5D1	대사:01	2	なやんでいても仕方が無いのよね。	
C09905	SSS6/385:5F1	대사:01	2	ごはんにしましょう!	
C09906	SSS6/385:614	대사:FD	2	おう!!	
C09907	SSS6/385:681	대사:FD	2	なんかこげ臭いな。	
C09908	SSS6/385:68F	대사:FD	2	{05:01}もいないし	
C09909	SSS6/385:6D9	대사:00	2	お花がね、咲いてるの。	
C09910	SSS6/385:6F2	대사:FD	2	ああ、花ね。	
C09911	SSS6/385:711	대사:FD	4	うーん、やっぱり外は\n空気がうまいや。	
C09912	SSS6/385:744	대사:FD	2	そういえば、何か\nなんかこげ臭かったんだけど。	
C09913	SSS6/385:761	대사:00	2	あっ、おなべ火に\nかけたままだった。	
C09914	SSS6/385:78A	대사:FD	2	大丈夫かな?	
C09915	SSS6/385:7B7	대사:04	2	あっ、{05:00}!	
C09916	SSS6/385:7D7	대사:04	2	ねえねえ、見てみて!	
C09917	SSS6/385:7E6	대사:FD	2	んー?	
C09918	SSS6/385:7F3	대사:FD	2	何だい?	
C09919	SSS6/385:803	대사:FD	2	のわ～～～～～～～～～!!	
C09920	SSS6/385:823	대사:FD	2	こっ、{03:01}こら～～!!	
C09921	SSS6/385:837	대사:04	2	ね、私強くなったでしょう。	
C09922	SSS6/385:84A	대사:04	2	仙窟についていっちゃだめ?	
C09923	SSS6/385:85F	대사:FD	2	だ、{03:02}だめ{03:01}　{03:01}　{03:01}。	
C09924	SSS6/385:874	대사:04	2	なんでよー、もー。	
C09925	SSS6/385:881	대사:FD	2	い、{03:01}いや、{03:01}あのね{03:02}\n{05:01}にこの家のこと\nまかせているから、	
C09926	SSS6/385:8A8	대사:FD	2	俺は安心して仕事が\nできるんで　　	
C09927	SSS6/385:8EA	대사:04	2	たまにでいいから\n連れていって。	
C09928	SSS6/385:915	대사:FD	2	今度一緒にどこかへ\n遊びに行こう、それで\nいいかな?	
C09929	SSS6/385:939	대사:04	2	ほんと?	
C09930	SSS6/385:941	대사:FD	2	うん、今度。	
C09931	SSS6/385:94D	대사:04	2	うん、じゃあ\n待ってるよ。	
C09932	SSS6/385:976	대사:FD	2	あれ、{05:01}{03:02}\nお客さん?	
C09933	SSS6/385:98B	대사:12	2	あ、{05:00}\nおかえりなさい。	
C09934	SSS6/385:9A4	대사:12	2	えっと、	
C09935	SSS6/385:9B2	대사:12	2	ご近所の\n鈴鈴さんよ。	
C09936	SSS6/385:9C8	대사:11	2	おじゃましてます。	
C09937	SSS6/385:9D8	대사:11	2	あ、それじゃ、あたし\nそろそろ　　	
C09938	SSS6/385:9F5	대사:11	2	おいとまします。	
C09939	SSS6/385:A04	대사:12	2	うん、それじゃあ。	
C09940	SSS6/385:A1B	대사:12	2	またね。	
C09941	SSS6/385:A4A	대사:FD	2	友達になったの?	
C09942	SSS6/385:A6F	대사:12	2	だって、ここ\nたいくつなんだもん!!	
C09943	SSS6/385:A85	대사:12	2	{05:00}仙窟に\n連れてってくれないし!	
C09944	SSS6/385:A9D	대사:FD	2	あぶないからって\n言ったろ。	
C09945	SSS6/385:AB3	대사:12	2	昔は連れてって\nくれたじゃない。	
C09946	SSS6/385:AC9	대사:FD	2	今は前よりも、ずっとずっと\n強～いやつらが来るんだよ。	
C09947	SSS6/385:AED	대사:12	2	私も強くなったわ。	
C09948	SSS6/385:B16	대사:FD	2	どこに行こうか。	
C09949	SSS6/385:B2F	대사:FD	2	どこがいいかな。	
C09950	SSS6/385:B3B	대사:12	2	どこかに遊びに\n連れてってくれるの?	
C09951	SSS6/385:B55	대사:FD	2	地底遺跡とか。	
C09952	SSS6/385:B73	대사:12	2	嫌よ、じめじめして暗いのは。	
C09953	SSS6/385:B87	대사:FD	2	面白い所なんだけどな。	
C09954	SSS6/385:BA1	대사:FD	2	じゃあ、洞天の地底湖とか。	
C09955	SSS6/385:BD8	대사:12	2	嫌だったら!	
C09956	SSS6/385:BE3	대사:FD	2	あ、思い出したぞ\nいい所!	
C09957	SSS6/385:BF7	대사:12	2	どこ?	
C09958	SSS6/385:BFE	대사:FD	2	溶岩の洞窟。	
C09959	SSS6/385:C25	대사:FD	2	冗談だよ、冗談。	
C09960	SSS6/385:C45	대사:FD	2	とっておきの場所に\n連れて行ってあげる。	
C09961	SSS6/385:C61	대사:FD	2	おいで。	
C09962	SSS6/385:C71	대사:12	2	ホントに～?	
C09963	SSS6/385:C7F	대사:FD	2	なんだ、信用しないの?	
C09964	SSS6/385:CB9	대사:FD	2	よ、{03:01}よし、じゃあ\n飛天功!	
C09965	SSS6/385:D2A	대사:00	2	うわ～!	
C09966	SSS6/385:D3B	대사:00	2	すてき!	
C09967	SSS6/385:D43	대사:FD	2	だろ。	
C09968	SSS6/385:D55	대사:FD	2	今日はここで\nのんびりしよう。	
C09969	SSS6/385:D6A	대사:00	2	うふふ。	
C09970	SSS6/385:DA5	대사:04	2	ねえ、{05:01}\nこしょうはどこ?	
C09971	SSS6/385:DBA	대사:12	2	はじっこの\n引き出しよ。	
C09972	SSS6/385:DD7	대사:12	2	そうそう\n上手ね。	
C09973	SSS6/385:DF9	대사:04	2	あ、	
C09974	SSS6/385:E0C	대사:14	2	よう、にいちゃん。	
C09975	SSS6/385:E1F	대사:04	2	{05:00}さん。	
C09976	SSS6/385:E2B	대사:FD	2	こりゃあ、にぎやかだね。	
C09977	SSS6/385:E3E	대사:12	2	おかえりなさい\n{05:00}。	
C09978	SSS6/385:E4D	대사:12	2	いま鈴鈴さんの妹さんたちに\n笛を教えてあげていたの。	
C09979	SSS6/385:E78	대사:13	2	おじゃましてまーす。	
C09980	SSS6/385:E90	대사:12	2	それでね、鈴鈴さんが\n得意の料理を作って\nくれているのよ。	
C09981	SSS6/385:EBB	대사:04	2	あら、でも、どうしようかしら\n男の人がおなか一杯になるほどは\n用意してこなかったから　　	
C09982	SSS6/385:EF9	대사:12	2	あ、いいのいいの{09}{05:00}の分は\nちょっとでいいの。	
C09983	SSS6/385:F19	대사:12	2	いっつも突然勝手に\n帰って来るんだから。	
C09984	SSS6/385:F3A	대사:12	2	気をつかっちゃ\nだめなのよ!	
C09985	SSS6/385:F4D	대사:FD	2	う　　　。	
C09986	SSS6/385:F5C	대사:04	2	ふふっ、じゃ{0A}あとで{05:01}が\nお料理を作るのね。	
C09987	SSS6/385:F8C	대사:12	2	う、ん　まあ、	
C09988	SSS6/385:F9B	대사:12	2	そんなとこ。	
C09989	SSS6/385:FA5	대사:FD	2	はは　　　	
C09990	SSS6/385:FB9	대사:13	2	ねえ、{05:01}おねえちゃん\nこの次がうまくできないの。	
C09991	SSS6/385:FD7	대사:12	2	あ、じゃあちょっと\n私のを見ててごらん。	
C09992	SSS6/385:1003	대사:14	2	へたっぴ。	
C09993	SSS6/385:100C	대사:13	2	なによう、もう!	
C09994	SSS6/385:1084	대사:FD	2	花ね　　。	
C09995	SSS6/385:10BB	대사:FD	2	はは　　	
C09996	SSS6/385:10E7	대사:04	2	　　{05:00}	
C09997	SSS6/385:10F1	대사:04	2	おかえりなさい。	
C09998	SSS6/385:110D	대사:04	2	お食事の用意\n今からするんだけど\n待っててくれる?	
C09999	SSS6/385:113A	대사:FD	2	うん、急がなくていいよ。	
C10000	SSS6/385:115A	대사:04	2	もうすこしだから。	
C10001	SSS6/385:117C	대사:04	2	お待たせ～。	
C10002	SSS6/385:12DA	대사:FD	2	食べきれないよ　　{03:05}	
C10003	SSS6/385:12FD	대사:04	2	帰って来なかった日の\n{05:00}の分よ。{03:05}	
C10004	SSS6/385:131E	대사:FD	2	怒ってたのか　　{03:05}	
C10005	SSS6/385:1355	대사:04	2	おかえりなさい{0A}{05:00}。	
C10006	SSS6/385:136F	대사:04	2	ねえ、大僧正って\nえらい人なの?	
C10007	SSS6/385:1396	대사:FD	2	うーん、「大」って\n付くからにはきっと\nえらいんだろうなあ。	
C10008	SSS6/385:13BF	대사:FD	2	突然、どうして?	
C10009	SSS6/385:13CD	대사:04	2	うちに来たのよ。	
C10010	SSS6/385:13F1	대사:FD	2	な、何で?	
C10011	SSS6/385:1400	대사:04	2	洞天福国のお坊さんが\n洞仙をやっつけに\n来てるんですって。	
C10012	SSS6/385:1429	대사:04	2	で、洞仙らしい人を\n見かけなかったかって\n今日、聞きに来たの。	
C10013	SSS6/385:1454	대사:FD	2	へえ。	
C10014	SSS6/385:145B	대사:04	2	{05:00}、見たことない{07}白い服着て、ぼうしかぶってる\n丸い顔のおじさんなんだけど。	
C10015	SSS6/385:148C	대사:FD	2	知らないよ。	
C10016	SSS6/385:14BA	대사:FD	2	あの　　　	
C10017	SSS6/385:14C9	대사:FD	2	留守番、気をつけてな。	
C10018	SSS6/385:14EC	대사:FD	2	いや　その　　	
C10019	SSS6/385:1518	대사:04	2	大丈夫よ。	
C10020	SSS6/385:1527	대사:FD	3	うん　　	
C10021	SSS6/385:155B	검증필요	2	Jスあヤ{00}	
C10022	SSS6/385:1564	검증필요	2	Jソあヤ{00}	
C10023	SSS6/389:2B	대사:FD	2	{05:01}　　?	
C10024	SSS6/389:43	대사:FD	2	おい、{05:01}{0A}どうしたんだ!?	
C10025	SSS6/389:6B	대사:13	2	あ、{05:00}。	
C10026	SSS6/389:78	대사:13	2	あれ、私　{03:01}　{03:02}\n倒れてたの?	
C10027	SSS6/389:91	대사:FD	2	だ、大丈夫なのか{0A}どこも何ともないか?	
C10028	SSS6/389:B6	대사:13	2	えへへ。	
C10029	SSS6/389:D3	대사:FD	2	何があったんだよ\nびっくりしたぞ!	
C10030	SSS6/389:E9	대사:13	2	ごめんなさい。	
C10031	SSS6/389:10F	대사:FD	2	その土は!?	
C10032	SSS6/389:14E	대사:13	2	わーん、ごめんなさい!!	
C10033	SSS6/389:173	대사:FD	2	仙窟に来たのか。	
C10034	SSS6/389:187	대사:FD	2	そのたんこぶ{0A}仙獣にやられたのか?	
C10035	SSS6/389:1B7	대사:13	2	ううん、ちがう。	
C10036	SSS6/389:1DB	대사:FD	2	だめじゃないか!	
C10037	SSS6/389:1EC	대사:13	2	　　ご{03:01}め{03:01}　{03:01}　	
C10038	SSS6/389:22E	대사:FD	2	今日は俺が\n食事を作ろう。	
C10039	SSS6/389:254	대사:13	2	ええっっ!?	
C10040	SSS6/389:278	대사:FD	2	すわって\n待ってろ。	
C10041	SSS6/389:287	대사:13	2	は、はい。	
C10042	SSS6/389:2B5	대사:13	2	あのね、	
C10043	SSS6/389:2CB	대사:13	2	荒れ地の所、ちょっと\n草が生えてきてるみたい。	
C10044	SSS6/389:2FB	대사:13	2	うれしかったの。	
C10045	SSS6/389:31A	대사:FD	2	お待たせいたしました。	
C10046	SSS6/389:34C	대사:13	2	わ。	
C10047	SSS6/389:37B	대사:FD	2	まあ、ふかしただけだし\nちゃんとできてると思うよ。	
C10048	SSS6/389:3AD	대사:13	2	ふふ。	
C10049	SSS6/389:3C1	대사:13	2	おいしそう。	
C10050	SSS6/389:3CB	대사:13	2	じゃあ、いただきます。	
C10051	SSS6/389:3DA	대사:FD	2	どーぞ。	
C10052	SSS6/389:3E2	대사:FD	2	それから、	
C10053	SSS6/389:3F4	대사:FD	2	もう少しだから。	
C10054	SSS6/389:401	대사:13	2	ん。	
C10055	SSS6/389:407	대사:FD	2	もう少し待ってて。	
C10056	SSS6/389:416	대사:13	2	ん。{00}	
C10057	SSS6/399:49	대사:05	4	これで、あの龍脈も大丈夫だろう。	
C10058	SSS6/399:67	대사:05	2	な、なに笑ってるんだよ。	
C10059	SSS6/399:7E	대사:03	2	ううん、なんでもない。	
C10060	SSS6/399:DD	대사:05	3	{05:01}。	
C10061	SSS6/399:E9	대사:04	2	龍脈がなおったのね{07}{05:00}。	
C10062	SSS6/399:FC	대사:05	2	ああ、なんとかね。	
C10063	SSS6/399:17F	대사:4F	2	うわあ　　	
C10064	SSS6/399:1A8	대사:4F	2	ねえ、{05:00}!!	
C10065	SSS6/399:1C3	대사:4F	2	洞仙って、本当にすごいのね!!	
C10066	SSS6/399:1DB	대사:4E	2	なんだい、いきなり。	
C10067	SSS6/399:1F1	대사:4F	2	聞こえるの{08}大地から生命の息吹が!!	
C10068	SSS6/399:219	대사:4F	2	見えるよね{08}花や木のうれしそうな顔が!!	
C10069	SSS6/399:240	대사:4F	2	これって、やっぱりすごい事よね!!	
C10070	SSS6/399:262	대사:4F	2	どんなにエライ王様でも!{08}どんなに強い将軍様でも!!	
C10071	SSS6/399:289	대사:4F	2	どんなに頭のいい学者さんでも!{08}どんなにお金を持ってる人でも!!	
C10072	SSS6/399:2B6	대사:4F	2	こんな事、できっこないもの!!	
C10073	SSS6/399:2D2	대사:4F	2	私　、あなたに会えて本当に良かった{08}こんなにすばらしい物を見せてくれる\nなんて!	
C10074	SSS6/399:309	대사:4E	2	{05:01}　　	
C10075	SSS6/399:32A	대사:4E	2	俺、おなかすいた。	
C10076	SSS6/399:33E	대사:4F	2	そう言えば、私も。	
C10077	SSS6/399:350	대사:4E	2	とりあえず家に戻ろうか。	
C10078	SSS6/399:365	대사:4F	2	うん!!	
C10079	SSS6/399:3C0	대사:04	2	あんたが洞仙だったのか。	
C10080	SSS6/399:401	대사:04	2	あんたみたいな洞仙も{0A}本当にいるんだな。	
C10081	SSS6/399:423	대사:04	2	街のみんなも、少し考え直している\nようだ。悪い洞仙ばっかりじゃ\nないってな。	
C10082	SSS6/399:46A	대사:04	2	今度、俺の店に来てくれよ{09}ごちそうするからさ!!	
C10083	SSS6/399:496	대사:0A	2	{05:00}、良かったね。	
C10084	SSS6/399:4A9	대사:09	2	　　うん。	
C10085	SSS6/399:4E8	대사:11	2	ふう、おなかいっぱいだ。	
C10086	SSS6/399:4FB	대사:12	2	ねえ、{05:00}{09}これからどうするの?	
C10087	SSS6/399:512	대사:11	2	う～ん、そうだなあ。	
C10088	SSS6/399:524	대사:11	2	西の方に、草木が育たないっていう\n街があるって聞いた事があるんだ。	
C10089	SSS6/399:554	대사:12	2	じゃあ、仙窟を作りに行くのね?	
C10090	SSS6/399:57B	대사:12	2	また、荒れ地に花や木が\n戻ってくるのね?	
C10091	SSS6/399:598	대사:11	2	うまく龍脈をなおせればね。	
C10092	SSS6/399:5BB	대사:12	2	じゃあ、	
C10093	SSS6/399:5C6	대사:12	2	そうと決まれば!!	
C10094	SSS6/399:5E2	안내:02	2	はりきって行ってみましょう!!	
C10095	SSS6/399:60D	안내:08	1	これで洞仙{05:00}{03:04}の話を{03:06}\n \n ひとまず終わる事にします。{03:08}	
C10096	SSS6/399:63D	안내:06	1	 この後、{05:00}と、{03:04}\n \n   {05:01}は{03:04}\n \n  各地を転々と渡り歩き、{03:02}	
C10097	SSS6/399:670	안내:08	1	大地に緑を取り戻していった{03:03}\n \n   という事です。{03:09}	
C10098	SSS6/399:69E	안내:08	1	それは、決して簡単な事では{03:04}\n \n  ありませんでした。{03:08}	
C10099	SSS6/399:6CB	안내:08	1	草木がまったく育たない不毛の地や{03:08}{03:04}\n \n  手強い妖獣との死闘など　{03:09}	
C10100	SSS6/399:709	안내:09	2	その話は、いずれまた　　{03:09}{03:03}	
C10101	SSS7/080:7F	글	1	と	
C10102	SSS7/080:1A6	대사:0E	1	龍脈が蘇ったようじゃな。	
C10103	SSS7/080:1B9	대사:0E	1	しかし、まだまだこれは\n簡単な仙窟じゃ。	
C10104	SSS7/080:1D5	대사:0E	1	次は、ちと難しいかもしれんが\nがんばって仙窟を作るのじゃ!	
C10105	SSS7/080:5BE	대사:FD	1	急用って、いったい\nどうしたんですか老師?	
C10106	SSS7/080:689	대사:14	1	なかなかするどいのぅ	
C10107	SSS7/080:B5B	글	1	そこの宝箱を開けてくれ。	
C10108	SSS7/080:C81	글	1	よくぞ、大地を復活させてくれた!	
C10109	SSS7/080:C99	대사:FD	1	はい、今回は簡単でした!{p}まったく、頼もしい洞仙よ!	
C10110	SSS7/080:CC3	대사:FD	1	でも、老師が言っていた奴等は\n結局来なかったな。	
C10111	SSS7/080:CE7	글	1	どうやら、まだ目的があるらしいな。	
C10112	SSS7/080:D01	대사:FD	1	ええ{p}我が大地を蘇らせてもらった礼だ{08}好きに使うがいい!	
C10113	SSS7/080:E16	글	1	さらばだ!	
C10114	SSS7/080:FAC	대사:14	1	それまでに、仙窟を最強の状態に\nしておかなければならん。	
C10115	SSS7/080:1039	대사:FD	1	はあ、やってはみますけど　　	
C10116	SSS7/080:1050	대사:14	1	それじゃ、後は頼んだぞ。	
C10117	SSS7/080:1068	대사:FD	1	あとって!?	
C10118	SSS7/080:10D6	대사:FD	1	もう、いいかげんだなぁ!	
C10119	SSS7/080:136B	안내:06	1	  朱き大河をこえ\n \n この地を訪れる者{09} \n命あと8ばかりと神いふ	
C10120	SSS7/080:13A3	안내:06	1	  黄砂の海をこえ\n \n この地に、死訪れる\n \n命あと7ばかりと神いふ	
C10121	SSS7/080:13DC	안내:06	1	  蒼き彼方から\n \n  君に死訪れる\n \n命あと6ばかりと神いふ	
C10122	SSS7/080:1412	안내:06	1	  暗き山蒼き空\n \n君、わざわい振りまく者\n \n命あと5ばかりと神いふ	
C10123	SSS7/080:144C	안내:06	1	   八面の鏡\n \n   山海の詩\n \n命あと4ばかりと神いふ	
C10124	SSS7/080:1480	안내:06	1	   異邦の者\n \n 時のずれある者集ふ\n \n命あと3ばかりと神いふ	
C10125	SSS7/080:14B7	안내:06	1	  黒き死と赤き生\n \n  異邦の者が運ぶ\n \n命あと2ばかりと神いふ	
C10126	SSS7/080:14F1	안내:06	1	  天と地と人と\n \n   君の為に\n \n命あと1ばかりと神いふ	
C10127	SSS7/080:1525	안내:06	1	  命あとわずかばかり\n \nすでに神の声君の声聞こえず\n \n    是天命なり	
C10128	SSS7/086:A5	글	1	部分\nエンド1\nエンド2	
C10129	SSS7/086:13F	글	1	NEXT\n龍穴炉の蘇る\n大地の蘇るシーン\n大地の蘇るシーン	
C10130	SSS7/086:173	글	1	NEXT\n八面鏡を使うシーンに\n神殿を上っていく3人\n遺跡を走るシャスタ	
C10131	SSS7/086:1AF	글	1	NEXT\n遺跡を走るケブレス\n遺跡を走るアレク\n出会う三人	
C10132	SSS7/086:1E4	글	1	NEXT\n出てくる三人\n人々に囲まれる三人\n家の前で待ってるヒロイン	
C10133	SSS7/086:21C	글	1	NEXT\n老師の家の前\n一家だんらん	
C10134	SSS7/086:81C	검증필요	1	う{09}{p}ぼぴゴ{00}	
C10135	SSS7/086:826	검증필요	1	ぼゼグ{p}う{09}{p}ざぴゲ	
C10136	SSS7/395:44B	대사:FD	1	どうやら、奴等を倒せたようだな。	
C10137	SSS7/395:476	대사:FD	1	これで老師も安心出来るだろう。	
C10138	SSS7/395:4AD	대사:FD	1	ろ{03:02}、老師なんかやたら\nいい時に、お戻りですね。	
C10139	SSS7/395:4D4	대사:01	1	なに、{05:00}に加勢しようと\n思ってな。	
C10140	SSS7/395:4F0	대사:01	1	どうじゃ、{05:00}{09}奴等は来たか?	
C10141	SSS7/395:509	대사:FD	1	もう倒しちゃいましたよ!	
C10142	SSS7/395:526	대사:01	1	なんと!	
C10143	SSS7/395:534	대사:FD	1	老師の言うとおり、仙窟で\n倒しましたよ。	
C10144	SSS7/395:558	대사:01	1	本当か!{03:03}さすが我が弟子じゃ!!	
C10145	SSS7/395:57D	대사:01	1	八面鏡も無事のようじゃ{09}よかった、よかった。	
C10146	SSS7/395:59F	대사:FD	1	その八面鏡って、いったい\n何の役にたつんですか?	
C10147	SSS7/395:5C6	대사:01	1	実はの　　	
C10148	SSS7/395:5D2	대사:01	1	わしも知らんのじゃ!	
C10149	SSS7/395:5ED	대사:FD	1	知らないって　、{03:03}そんな訳の分からない\n物の為に、俺は命をかけて戦おうと\nしてたんですか?	
C10150	SSS7/395:638	대사:FD	2	なんですか?	
C10151	SSS7/395:644	대사:01	1	　　どうしても、欲しかったんじゃあ!	
C10152	SSS7/395:668	대사:FD	1	ほ、欲しかったって、あの　　	
C10153	SSS7/395:683	대사:01	1	そ、そうそう!{03:03}お前の家に寄ってたん\nじゃが、{05:01}が怒ってたぞ!	
C10154	SSS7/395:6B8	대사:01	1	「置いてけぼりにされた!」って。	
C10155	SSS7/395:6D2	대사:FD	1	あーっ!{03:03}急いで帰らなきゃ!	
C10156	SSS7/395:733	대사:02	1	{05:00}!{03:03}ここにいたのね!	
C10157	SSS7/395:74C	대사:FD	1	{05:01}!{03:03}なんでここが\n分かったんだ?	
C10158	SSS7/395:764	대사:02	1	夜中にいきなりいなくなって{0A}連絡もずっと無し、だなんて\nちょっとひどいんじゃない?	
C10159	SSS7/395:79F	대사:FD	1	う、{03:03}　{03:01}　{03:01}ごめん。	
C10160	SSS7/395:7BE	대사:02	1	バツとして、今日の夕食作るの\n手伝ってよね。	
C10161	SSS7/395:7ED	대사:FD	1	よーし、俺の得意の料理を\nいっぱい作ってあげるよ!	
C10162	SSS7/395:81D	대사:02	1	だめよ、{05:00}の\n味付けじゃぁ	
C10163	SSS7/395:84A	대사:02	1	だ{03:02}か{03:02}ら{03:02}	
C10164	SSS7/395:85C	대사:02	1	今日から私がきちんとした\nお料理を　　	
C10165	SSS7/395:907	대사:02	1	手取り足取り、教えてあげるわ♡	
C10166	SSS7/395:920	대사:FD	1	あげるわ♡{03:03}って、言われてもなあ　　	
C10167	SSS7/395:944	대사:FD	1	老師～、なんとか言って下さいよお{09}元はといえば老師が　　	
C10168	SSS7/395:974	대사:01	1	ほっほっほ。{05:01}の味付けなら{0A}わしもごちそうになろうかの。	
C10169	SSS7/395:99D	대사:02	1	ええ、ぜひいらして下さい。	
C10170	SSS7/395:9B5	대사:FD	1	ど、どういう事ですか!	
C10171	SSS7/395:9CB	대사:02	1	さっ!帰りましょ!	
C10172	SSS7/395:A66	대사:26	1	と、いうわけで。	
C10173	SSS7/395:A78	대사:12	1	と、いうわけで?	
C10174	SSS7/395:A8A	대사:26	1	あんな、面倒くさい場所にある\n八面鏡を取ってくるよりも　　	
C10175	SSS7/395:AB8	대사:12	1	見えないモンスターと戦った方が\nマシってこと?	
C10176	SSS7/395:ADC	대사:26	1	まあ、そう言う事になるなぁ。	
C10177	SSS7/395:AF6	대사:27	1	だから、俺はアイテムなんか\nいらないって言ったんだ!	
C10178	SSS7/395:B16	대사:26	1	まあ、そういうなって。	
C10179	SSS7/395:B28	대사:12	1	そうそう、何とかなるでしょ	
C10180	SSS7/395:B3D	대사:26	1	んじゃ、行こうか。	
C10181	SSS7/395:B4B	대사:12	2	はーい。	
C10182	SSS7/395:B7B	안내:04	1	じゃあ、まずジャガイモの皮を\nむいてもらおうかしら。	
C10183	SSS7/395:B9A	안내:04	1	え～～!	
C10184	SSS7/395:BA4	안내:04	1	や{03:01}る{03:01}の{03:01}!	
C10185	SSS7/395:BB4	안내:04	1	　　はい。	
C10186	SSS7/395:BC1	안내:04	1	あら、うまいじゃない{09}その調子、その調子。	
C10187	SSS7/395:BDE	안내:04	1	次はこれね。千切りにしてちょうだい。	
C10188	SSS7/395:BF9	안내:04	1	いてっ!{03:03}手を切っちゃった!	
C10189	SSS7/395:C0E	안내:04	1	大丈夫?見せて、ほら。	
C10190	SSS7/395:C21	안내:04	1	大した事はないけど、これじゃあ\nもう手伝う事は出来ないよな{0A}いやあ残念　　{03:03}って、{03:01}お、おい。	
C10191	SSS7/395:C61	안내:04	1	わあっ、{03:01}よせよせ{08}か、回復功!!	
C10192	SSS7/395:C7E	안내:04	1	ん　もう、それじゃ\nがんばって続けて!	
C10193	SSS7/395:C97	안내:04	1	だ、だから俺は　　	
C10194	SSS7/395:CBA	대사:02	1	やれやれ。	
C10195	SSS7/395:CC6	대사:02	1	ごちそうになりましたわい。	
C10196	SSS7/395:CD9	안내:04	1	老師ー!!まだなにも\nごちそうしていませんよ!	
C10197	SSS7/395:CFD	대사:02	1	満腹じゃい。	
C10198	SSS7/395:D24	대사:FD	1	帰ってくれたか　　	
C10199	SSS7/395:D5F	대사:FD	1	ふう、もう一度、戦ってたら\n相当ヤバかったな。	
C10200	SSS7/395:D85	대사:FD	1	さて、いちど家にでも\n戻ろうかなっと!	
C10201	SSS7/395:DB8	대사:01	1	どうじゃ、{05:00}{09}奴等は倒せたかの?	
C10202	SSS7/395:DDB	대사:FD	1	なんでこう、都合のいい時ばかりに\n現れるんだろう　　	
C10203	SSS7/395:E14	대사:FD	1	ええ、仙窟を使うまでもなく俺が\nこの手で倒しちゃいました。	
C10204	SSS7/395:E41	대사:01	1	なんと!{03:03}直接倒したとな!	
C10205	SSS7/395:E59	대사:01	1	し、信じられん。	
C10206	SSS7/395:E69	대사:FD	1	ひどいなあ、自分の弟子を信用して\n下さいよ。	
C10207	SSS7/395:E8A	대사:01	1	うむむ、少々おまえをみくびって\nいたようじゃ。	
C10208	SSS7/395:EA7	대사:FD	1	あ、でも八面鏡はあげちゃいました。	
C10209	SSS7/395:EED	대사:01	1	なぜじゃ、なぜあげたりしたんじゃ!	
C10210	SSS7/395:F02	대사:FD	1	どうしても欲しいって言ってたんで。	
C10211	SSS7/395:F49	대사:FD	1	でも、何に使うつもりだったんですか?	
C10212	SSS7/395:F64	대사:01	1	わしは仙宝をコレクションするのが\n趣味なんじゃ。	
C10213	SSS7/395:F84	대사:01	1	せっかくめずらしい物が手に入った\nと思ったのに　　	
C10214	SSS7/395:FAA	대사:FD	1	老師まさか、ただ欲しかっただけ{0A}なんて事はないですよね?	
C10215	SSS7/395:FCE	대사:01	1	欲しかっただけじゃ。	
C10216	SSS7/395:FE6	대사:FD	1	　　そんな気がしてたんですよ{09}はっきり理由を言わないから。	
C10217	SSS7/395:1010	대사:FD	1	だからあげちゃったんです。	
C10218	SSS7/395:1024	대사:01	1	　　わしの{03:03}　　八面鏡が　　	
C10219	SSS7/395:1043	대사:FD	1	あ、俺{05:01}に黙って来たんで\nもう帰らないと。	
C10220	SSS7/395:1064	대사:01	1	　　とても気に入ってたのに　　	
C10221	SSS7/395:1080	대사:FD	1	じゃ、また!	
C10222	SSS7/395:10CE	대사:01	1	あれはわしのじゃあ～～～!!	
C10223	SSS7/395:11AA	대사:27	1	今回は、どうも調子が悪いな。	
C10224	SSS7/395:11C4	대사:26	1	まあ、あせることもないだろ。	
C10225	SSS7/395:11D6	대사:27	1	しかし八面鏡がある地下神殿も\nつきとめていながら　　	
C10226	SSS7/395:1203	대사:27	1	たかが封印のためだけに\n手出しが出来ないとは　　	
C10227	SSS7/395:1248	대사:28	1	大変、大変よ!!!	
C10228	SSS7/395:125F	대사:28	1	お父さん、ケブレス{0A}ちょ、ちょっと外へ　　	
C10229	SSS7/395:12B8	대사:45	2	なるほどね。	
C10230	SSS7/395:12C5	대사:47	1	地下神殿の入口が\n開いたって!?	
C10231	SSS7/395:12E0	대사:47	1	バカな、あの封印は、お前達に\nだって解くことが出来なかった\nんだぞ!	
C10232	SSS7/395:133E	대사:46	1	それが、封印を解くことのできる\n人間がいたのよ!	
C10233	SSS7/395:1365	대사:45	1	まあ、解かれちまった物は\n仕方がないだろ。	
C10234	SSS7/395:1399	대사:47	1	するとそいつは今、神殿に　　{03:03}\nだとしたら、やはり八面鏡が\n目的なのではないか?	
C10235	SSS7/395:13D3	대사:46	1	きっとそうよ!	
C10236	SSS7/395:13E6	대사:47	1	とにかく、先に見つけ出されちゃ\nやっかいだ、そいつを追いかけよう!	
C10237	SSS7/395:1415	대사:45	1	どんな奴だった?	
C10238	SSS7/395:1425	대사:46	1	直接見たわけじゃないけど\n老魔道士とか洞仙とかのような\n杖を持った人だったそうなの。	
C10239	SSS7/395:1462	대사:45	2	洞仙!?	
C10240	SSS7/395:146F	대사:47	1	あの悪名高い洞仙か!{08}こうしちゃいられない{0A}すぐに出発だ!!	
C10241	SSS7/395:14A3	대사:46	1	でね、頭のてっぺんがつるつるで\n後ろの長い白髪を三つあみしてて\n赤いリボンで結んでいるらしいの。	
C10242	SSS7/395:14E6	대사:46	1	どういう人かしらね\nねえ、聞いてる～?	
C10243	SSS7/395:1529	대사:48	1	よし、準備はいいな\n乗り込むぞ。	
C10244	SSS7/395:1544	대사:49	1	久しぶりに腕がなるな。	
C10245	SSS7/395:1564	대사:4A	1	ここに洞仙がいるのは\n間違いないみたいだけど	
C10246	SSS7/395:1588	대사:4A	1	おじいさんじゃ\nないんですって。	
C10247	SSS7/395:159C	대사:49	1	ふん、じいさん一人が\n八面鏡をぬすむなんて\n大それた事をするもんか。	
C10248	SSS7/395:15CC	대사:48	1	きっと仲間がいるんだろう\n気をひきしめて行くぞ!	
C10249	SSS7/395:1641	대사:4A	1	お父さんってちょっと\nせっかちよね。	
C10250	SSS7/395:16AE	대사:49	1	シャスタがおっとり\nしてるだけだろ　　	
C10251	SSS7/395:174B	검증필요	1	う{09}{04:0A}ぼK{p}う{09}{05:0A}{00}	
C10252	SSS7/395:176F	대사:0C	1	ここの図書館では八面鏡のことは\nわからんのう。	
C10253	SSS7/395:1790	대사:0C	1	しょうがない、{05:00}に全部\nまかせるとして　　	
C10254	SSS7/395:17B1	대사:0C	1	さて、次はどのお宝をさがそうかのう。	
C10255	SSS7/395:17D6	대사:0C	1	おや?	
C10256	SSS7/395:17E9	대사:0D	1	見事に逃げられたな\nまったく　　　	
C10257	SSS7/395:1804	대사:0E	1	もうあせっても\nしかたがないわよ。	
C10258	SSS7/395:181B	대사:0C	1	どっかで見たような　　?	
C10259	SSS7/395:1843	대사:0E	1	ここに洞仙のことが、のってる\n本ってありますかしら?	
C10260	SSS7/395:1867	대사:0C	1	ああ、そうですな\nその辺にありますかな。	
C10261	SSS7/395:1889	대사:0D	1	そこかい?	
C10262	SSS7/395:1898	대사:0D	1	サンキュー、じいさん。	
C10263	SSS7/395:18C3	대사:0D	1	とりあえずのってるやつを\n片っぱしから見ていこう。	
C10264	SSS7/395:18E5	대사:0E	1	やっぱり洞窟にのりこんで\n行くことになるのかしら。	
C10265	SSS7/395:1908	대사:0F	1	何にしても準備には\n時間をかけねばな。	
C10266	SSS7/395:1934	대사:0C	1	思いだせんのう。	
C10267	SSS7/395:1944	대사:0C	1	まあいいか。	
C10268	SSS7/395:195F	대사:0E	1	あのおじいさん、かわいいリボン\nしてたわね。	
C10269	SSS7/398:114F	대사:FD	1	げげ、あの仙窟を抜けて\n来やがったのか!	
C10270	SSS7/398:1171	대사:FD	1	やっぱり、もっと大きな仙窟\n作れば良かった!	
C10271	SSS7/398:1198	대사:FD	1	攻撃部屋が、足りなかったかな?	
C10272	SSS7/398:1207	대사:FD	1	やっぱりお前らが、老師を追い\n回していた犯人か!	
C10273	SSS7/398:122D	대사:1E	1	老師って、八面鏡を持って行っちゃった\nおじいさんの事ね。	
C10274	SSS7/398:1264	대사:FD	1	老師から預かった、八面鏡とやらは\nここにある。	
C10275	SSS7/398:128D	대사:1F	1	それでは、貴様を倒して\nそれをもらって行こう。	
C10276	SSS7/398:12B4	대사:FD	1	けっ、強盗団みたいな連中だな!	
C10277	SSS7/398:12D1	대사:1F	1	貴様の様な奴に、強盗だなんて\n言われたくないぜ!	
C10278	SSS7/398:130B	대사:1D	1	よせよ、ケブレス。	
C10279	SSS7/398:131F	대사:1D	1	俺達は、強盗じゃない。	
C10280	SSS7/398:1341	대사:1D	1	たとえ、相手が極悪魔道士でも\nあいさつぐらい、しておかないと\n失礼だろ?	
C10281	SSS7/398:13A4	대사:FD	1	気に入らねぇ!	
C10282	SSS7/398:13B1	대사:1D	1	我々の自己紹介を先にするとしよう{09}俺の名はアレックス。	
C10283	SSS7/398:1409	대사:1E	1	私はシャスタよ。	
C10284	SSS7/398:145C	대사:1D	1	君は、名無しかい?	
C10285	SSS7/398:148A	대사:1D	1	あるモンスターを倒す為に\n八面鏡が必要なんだ。	
C10286	SSS7/398:14AF	대사:FD	1	妖獣を倒す為に?	
C10287	SSS7/398:14C7	대사:1E	1	そう、それが無いと、実体を見る事が\n出来ないのよ。	
C10288	SSS7/398:152C	대사:FD	1	うまい事、言ったって\n八面鏡は渡さないぜ!	
C10289	SSS7/398:1582	대사:FD	1	面白い、やってみるか?	
C10290	SSS7/398:15D2	대사:FD	1	どうして、そう言われてハイって\n渡すと思うんだ?	
C10291	SSS7/398:1800	대사:1E	1	そのようね。	
C10292	SSS7/398:181E	대사:FD	1	　　あのさぁ。	
C10293	SSS7/398:183F	대사:FD	1	そんなに欲しいなら八面鏡\nあげようか?	
C10294	SSS7/398:19B2	대사:1F	1	たしかに、罠だとは思えん。	
C10295	SSS7/398:19EB	대사:1D	1	ありがたく、いただくよ!	
C10296	SSS7/398:1A90	대사:1F	1	このまま帰るのか?	
C10297	SSS7/398:1AAB	대사:1E	1	もう、せっかく親切にくれるって\n言ってるのに　　	
C10298	SSS7/398:1AD6	대사:1F	1	俺はまだ戦えるぜ!一対一であいつと\n決着をつけたいんだ!	
C10299	SSS7/398:1B09	대사:1D	1	先約も在る事だしさ。今回は{0A}俺達の負けって事でいいじゃん。	
C10300	SSS7/398:1B37	대사:1D	1	お楽しみは、残しておこうぜ!	
C10301	SSS7/398:1B59	대사:1F	1	それじゃ、さっさと妖怪を\nかたづけてくるか!	
C10302	SSS7/398:1B89	대사:1F	1	八面鏡を、素直に渡してくれた\n事には礼を言う。	
C10303	SSS7/398:1BAD	대사:1F	1	だが、俺は負けた訳じゃない!	
C10304	SSS7/398:1BC5	대사:1D	1	じゃあな、あんがとよ!	
C10305	SSS7/423:EE	대사:F9	1	ここか!!	
C10306	SSS7/423:118	검증필요	1	『ズ置\nむ{p}チ『ズ石ズ	
C10307	SSS8/014:2C	검증필요	1	{04:07}{p}{05:49}{p}\nぁ{p}{07}フ{p}{08}ぶ{p}{09}ガ{p}{0A}ゲ{p}ゾお!9{00}	
C10308	SSS8/014:235	안내:06	1	それから1ヶ月の間、{05:00}は{03:08}\n \n    {05:01}に{03:08}\n \n  口を聞いてもらえなかった　{03:08}	
C10309	SSS8/014:285	안내:02	1	旅の途中の山道は、険しい道のりで{03:03}\n \nあったが{05:01}はそれをもの{03:03}\n \nともせず楽しそうに歩いていった。{03:08}\n 	
C10310	SSS8/014:2D6	안내:04	1	{05:00}はそれを不思議そうに  {03:03}\n \n思いながらも、だまってついていった。{03:08}\n 	
C10311	SSS8/014:313	안내:08	1	 宿屋「楼龍」につくころには、 {03:03}\n \nもう、どっぷりと日が暮れていた。{03:08}	
C10312	SSS8/014:348	안내:08	1	「ここかしら?」        {03:08}\n \n「楼龍ってカンバンがある。   {03:03}\n \n 入ってみよう。」       {03:08}	
C10313	SSS8/014:3C0	대사:FD	1	こんばんわ。	
C10314	SSS8/014:3D9	대사:00	1	いらっしゃいませ!	
C10315	SSS8/014:3E6	대사:FD	1	あの、客ではないんです{09}三界老師からの届け物なんですが。	
C10316	SSS8/014:40D	대사:00	1	老師から?{03:03}ああ、そうか{09}どうも、ごくろうさま。	
C10317	SSS8/014:42F	대사:FD	1	あ、あの{08}男の人はさわっちゃいけないって\n老師が言ってたんですけど。	
C10318	SSS8/014:45C	대사:00	1	老師が?{03:08}そんなばかな{09}たのんでた物は、普通のおフダだけど?	
C10319	SSS8/014:48D	대사:FD	1	おい!	
C10320	SSS8/014:49C	대사:03	1	はい、確かに渡しましたわ。	
C10321	SSS8/014:4B2	대사:00	1	どれどれ、{03:03}\n　　うん、{03:03}確かにたのんどいた物だ。	
C10322	SSS8/014:4D5	대사:00	1	?{03:03}なにか手紙が入っている。	
C10323	SSS8/014:4EB	대사:FD	1	{05:01}{08}いったいどうなってるんだよ!	
C10324	SSS8/014:503	대사:03	1	知らないわよ。	
C10325	SSS8/014:50F	대사:03	1	受け取る本人が大丈夫だって\n言ってるんだから、いいじゃない。	
C10326	SSS8/014:539	대사:00	1	ああ、なるほど{09}老師に、いっぱいくわされたね。	
C10327	SSS8/014:55C	대사:FD	1	どういう意味ですか?	
C10328	SSS8/014:56C	대사:00	1	老師は、君達二人にステキな旅行を\nプレゼントしたかったらしい。	
C10329	SSS8/014:59B	대사:FD	1	えええええええええええええええ!	
C10330	SSS8/014:5AF	대사:00	1	だけど、普通に言っても君達は絶対に\n行くとは言わない。	
C10331	SSS8/014:5D7	대사:FD	1	そりゃそうに決まってますよ!	
C10332	SSS8/014:602	대사:FD	1	なんだよ。	
C10333	SSS8/014:60E	대사:03	1	しらないっ!	
C10334	SSS8/014:618	대사:00	1	まあ、どうだい。今日はもう遅いし{0A}泊まってったら。	
C10335	SSS8/014:63C	대사:00	1	もちろん、ぼくのかわいい弟弟子だ{09}お代は、もちろんいらないし。	
C10336	SSS8/014:663	대사:FD	1	い、いやそれはちょっと{0A}マズイんじゃないかな　　	
C10337	SSS8/014:686	대사:01	1	泊まっていきなさいよ{09}かわいい彼女に夜道を歩かせるつもり?	
C10338	SSS8/014:6AD	대사:FD	1	うーん。	
C10339	SSS8/014:6B8	대사:FD	1	どうする{05:01}?	
C10340	SSS8/014:6C6	대사:03	1	もう歩きたくな～い。	
C10341	SSS8/014:6D6	대사:FD	1	　　じゃあ\n一晩だけお世話になろうか。	
C10342	SSS8/014:6FD	대사:03	1	おじさん、お世話になります{08}私{05:01}っていいます。	
C10343	SSS8/014:71F	대사:FD	1	俺は{05:00}。	
C10344	SSS8/014:729	대사:00	1	僕はリュウゼン{09}この宿屋の主人です。	
C10345	SSS8/014:747	대사:00	1	家内のリュウレイだ。	
C10346	SSS8/014:757	대사:01	1	遠いところをはるばるごくろうさま!	
C10347	SSS8/014:770	대사:00	1	ええと、あと一人　　	
C10348	SSS8/014:78E	대사:02	1	おばさん、仕込みおわったわよ。	
C10349	SSS8/014:7A6	대사:01	1	ああ、ごくろうさま。	
C10350	SSS8/014:7B4	대사:00	1	アルバイトのメイリンだ{09}私達のメイにあたる。	
C10351	SSS8/014:7D4	대사:02	1	あら、お客さん{07}いらっしゃいませ!	
C10352	SSS8/014:7EA	대사:00	1	彼は三界老師のお弟子さんだそうだ。	
C10353	SSS8/014:806	대사:02	1	へーっ、おじさんと同じなんだ。	
C10354	SSS8/014:845	대사:04	1	今日の宿泊客はこれだけでござるかな?	
C10355	SSS8/014:863	대사:02	1	え?{03:03}ええと　　　	
C10356	SSS8/014:87A	대사:00	1	そうですね。{03:03}\n今日はもう、夜ですから。	
C10357	SSS8/014:896	대사:04	1	　　そうでござるか。	
C10358	SSS8/014:8A6	대사:00	1	誰かを待っているんですか{07}もし、お名前を教えていただければ\n来られた時に連絡いたしますが。	
C10359	SSS8/014:8E0	대사:04	1	いっいや、{03:03}そ、{03:03}そうではござらん。	
C10360	SSS8/014:8F8	대사:04	1	ええと、{03:03}きょ、{03:03}今日は疲れているので\nもう休むでござる。	
C10361	SSS8/014:91F	대사:02	1	え?{03:03}お食事は?	
C10362	SSS8/014:931	대사:04	1	け、{03:03}結構でござる{09}とても眠くて　　	
C10363	SSS8/014:94D	대사:04	1	では、ごめん!	
C10364	SSS8/014:962	대사:00	1	あの人、ゴエモンさんっていって\nここに来た時からそわそわしていて	
C10365	SSS8/014:989	대사:00	1	誰か来ていないか{0A}確かめに来ているんです。	
C10366	SSS8/014:9B7	대사:02	1	もしかして、強盗だったりして!	
C10367	SSS8/014:9D6	대사:00	1	こらッ!{03:03}お客さんに対して{0A}そういう風に思ってはいかんぞ!	
C10368	SSS8/014:9FC	대사:02	1	だってぇ{0A}あまりにも怪しすぎるわよ。	
C10369	SSS8/014:A13	대사:00	1	もういいから、{05:00}さん達を\n部屋にご案内しなさい!	
C10370	SSS8/014:A3D	대사:02	1	さっ、こちらです。	
C10371	SSS8/014:A6E	대사:05	1	あのー、ここって宿屋ですよね?	
C10372	SSS8/014:A8F	대사:00	1	はい、そうですが。	
C10373	SSS8/014:A9C	대사:05	1	わー、よかった{08}部屋空いてますか?	
C10374	SSS8/014:AB4	대사:00	1	はい、空いております。	
C10375	SSS8/014:AC4	대사:05	1	じゃあ、お願いできます?	
C10376	SSS8/014:AD5	대사:00	1	はい、手続きをお願いします。	
C10377	SSS8/014:B06	대사:07	1	すいませーん{09}部屋空いてますか?	
C10378	SSS8/014:B20	대사:00	1	はっはい{08}少々お待ちください。	
C10379	SSS8/014:B36	대사:02	1	あらあら{0A}急にいそがしくなったわね。	
C10380	SSS8/014:B50	대사:02	1	じゃあ、部屋にごあんないしますね。	
C10381	SSS8/014:BA9	대사:0B	1	ここの部屋になります。	
C10382	SSS8/014:BBD	대사:FD	1	えっ{08}い、いっしょの部屋ですか?	
C10383	SSS8/014:BD3	대사:0B	1	いけないのかしら?	
C10384	SSS8/014:BE0	대사:FD	1	いや、{03:03}あの、{03:03}その　　　	
C10385	SSS8/014:BF6	대사:0B	1	ごめんなさい。今日は満室みたいなの。	
C10386	SSS8/044:84	대사:02	1	よう、きたか。	
C10387	SSS8/044:8F	대사:FD	1	きっ、きさまら　　!	
C10388	SSS8/044:9F	대사:02	1	いったい、どういうつもりなんだ{0A}とでも、いいたそうな顔だな。	
C10389	SSS8/044:C2	대사:FD	1	お前らが、みんなを殺したのか!	
C10390	SSS8/044:D7	대사:FD	1	セリアさん　{03:08}いや、セリア{08}あのケガも、ウソだったんだな!	
C10391	SSS8/044:FA	대사:03	1	ふふふ、甘いわねえ、ぼうや。	
C10392	SSS8/044:10D	대사:03	1	財宝を手に入れるためにはね、ちみつな\n策略ってモンが必要なの。分かるかしら?	
C10393	SSS8/044:140	대사:FD	1	どういう意味だ!	
C10394	SSS8/044:14E	대사:02	1	まあ、ここまで生きてたごほうびに\n教えてやろう。	
C10395	SSS8/044:16C	대사:02	1	俺達2人の最終目的はここの中にある\n財宝をいただく事なんだが、それを手\nに入れるためには、どうするのが最善\nの策か、分かるか?	
C10396	SSS8/044:1C2	대사:03	1	あったまわるいわねー{08}ここの住人をおどして聞けばいいって\n決まってるじゃない!	
C10397	SSS8/044:1F1	대사:02	1	まあ、住人が多数いるときに、おどす\nのはあまり得策ではないな。	
C10398	SSS8/044:21A	대사:02	1	ある人間に的をしぼり、関係のないやつ\nから徐々に殺していく。	
C10399	SSS8/044:244	대사:02	1	そして、最後にその人間1人になった所\nでおどせば、当然真実をしゃべる。	
C10400	SSS8/044:275	대사:FD	1	　　　!	
C10401	SSS8/044:280	대사:02	1	今までは、それで成功していたのに\n今回はちと失敗したようだ{09}あの女、なかなか強情でな。	
C10402	SSS8/044:2B9	대사:03	1	まったく、正直に話せば命くらいは\n助けてあげたのにねえ。	
C10403	SSS8/044:2DE	대사:FD	1	ぜっ、全員お前らが殺したのか!?	
C10404	SSS8/044:2F6	대사:02	1	そうだ{09}じゃあ、タネあかしをしてやろう。	
C10405	SSS8/044:30E	대사:03	1	ゴエモンはねえ、私達の仲間なのよ{09}いや、だったといったほうが\nいいかしらね?	
C10406	SSS8/044:33C	대사:02	1	魔物を封印しているとウソをついて\n実は財宝を隠しているとこの宿屋の\n噂をある日、聞きつけてな。	
C10407	SSS8/044:37C	대사:03	1	ふふふ。よくあるのよ、そういう話が{09}たとえば、あの山には鬼が住んでるから\n近よっちゃだめだ、とかね?	
C10408	SSS8/044:3B7	대사:02	1	そういうのは、えてして財宝を隠す為の\nカモフラージュなのさ。	
C10409	SSS8/044:3DD	대사:02	1	しかし、だれかに助けを呼びに\nいかれると、計画がおじゃんに\nなっちまう。	
C10410	SSS8/044:409	대사:02	1	そこで、得体の知れない魔物が外にいる\nと聞けば、こんなヘンピな所だ{09}だれも外に逃げ出そうとはしないさ。	
C10411	SSS8/044:44C	대사:03	1	しかし、ただ魔物を見たといっただけ\nでは、だれも信じちゃくれない{09}そこでゴエモンには死んでもらったわけ	
C10412	SSS8/044:488	대사:FD	1	仲間なんじゃなかったのか!	
C10413	SSS8/044:49B	대사:02	1	くっくっく　{03:08}あいつ、いつもドジばかり\nふみやがっててなあ、何とかしようと\n思っていたんだ。	
C10414	SSS8/044:4D2	대사:02	1	今回も、ここの主人に財宝の事を聞いて\nいたんだってなあ。{03:03}\n　まったく、成長しないやつだ。	
C10415	SSS8/044:50F	대사:03	1	私達と、ゴエモンが話している所を\n誰かに見られると、後々ヤバイ事に\nなりそうだったんで、屋根伝いに\n彼の部屋に入ったのよ。	
C10416	SSS8/044:561	대사:03	1	ふふっ、殺されるとも知らずにこころよく\n中に入れてくれたわ。	
C10417	SSS8/044:587	대사:02	1	あらかじめ、やつには誰も部屋に\n入れるなと言っておいたから死体の\n発見はだいぶ後になる。	
C10418	SSS8/044:5C1	대사:02	1	その時点で、俺達が犯人だとは誰にも\n分かるまい。	
C10419	SSS8/044:5E5	대사:02	1	ま、{03:03}あいつも最後の最後でいい働きを\nしてくれたよ。	
C10420	SSS8/044:60B	대사:03	1	だけど、ひとつだけ手違いがあった\nのよね。	
C10421	SSS8/044:626	대사:FD	1	メイリンさんの事だな。	
C10422	SSS8/044:636	대사:03	1	そう、いきなり2階に上がろうとするん\nだもの。{03:03}あわててあたしもついてって。	
C10423	SSS8/044:666	대사:02	1	2つのグループに分けたのはその為だ。	
C10424	SSS8/044:682	대사:03	1	あら、そうなの?	
C10425	SSS8/044:694	대사:03	1	ゴエモンの部屋で彼女はおもむろに窓を\n調べ始めて、これは侵入されたんじゃ\nないっていうのよ。	
C10426	SSS8/044:6CF	대사:03	1	知ってる人を中に入れて、それで殺され\nたんだって。{03:03}窓が壊れてないから\nおかしいって言い始めたのよ。	
C10427	SSS8/044:70F	대사:03	1	もう、あたしこれはヤバイとか思って	
C10428	SSS8/044:726	대사:FD	1	殺したのか。	
C10429	SSS8/044:731	대사:03	1	そう。	
C10430	SSS8/044:738	대사:03	1	でもその後、疑いをかけられるかも\n知れないって思ったからあたしも\n襲われたふりをしたの。	
C10431	SSS8/044:76D	대사:03	1	髪に血ノリがついて気持ち\n悪かったけどね。	
C10432	SSS8/044:78B	대사:02	1	結果的にはそれがよかったんだけどな。	
C10433	SSS8/044:7A4	대사:03	1	そうね、あたしは部屋にこもってると\n思われたし、	
C10434	SSS8/044:7C3	대사:03	1	その時、レイカちゃんの部屋に忍びこむ\n事もできたしね。	
C10435	SSS8/044:7E7	대사:FD	1	そうか!{03:03}それでレイカの死体を見て\n驚いているリュウゼンさんを後ろから\n襲ったんだな!	
C10436	SSS8/044:81D	대사:02	1	ご名答。{03:03}かつての洞仙といえども{0A}不意をつかれてはあっけないもの\nだったな。	
C10437	SSS8/044:84E	대사:FD	1	きっ、きさまらあ!	
C10438	SSS8/044:85B	대사:02	1	洞仙ふぜいが俺達にかなうとでも\n思っているのか?	
C10439	SSS8/044:87C	대사:02	1	そこで大人しくしていろ{09}命だけは助けてやる。	
C10440	SSS8/044:89F	대사:02	1	セリア、そろそろよさそうだぞ。	
C10441	SSS8/044:8BE	대사:FD	1	やめろ{08}それは、財宝なんかじゃないんだ!	
C10442	SSS8/044:8D8	대사:03	1	封印よ!退け!	
C10443	SSS8/044:984	대사:05	1	うわっ!	
C10444	SSS8/044:98C	대사:06	1	なによこいつ!	
C10445	SSS8/044:9C4	대사:FD	1	きさまが、ザカンか!	
C10446	SSS8/044:9D4	대사:07	1	　　　いかにも　　　	
C10447	SSS8/044:9E8	대사:07	1	　　　我が名はザカン　　　	
C10448	SSS8/044:A01	대사:FD	1	おとなしく、仙界に帰る気は\nないのか!	
C10449	SSS8/044:A1E	대사:07	1	今から数百年前になる　　　	
C10450	SSS8/044:A37	대사:07	1	リュウカンという男が我を召喚した　　	
C10451	SSS8/044:A55	대사:07	1	しかし、我の力が強大なのを知るや\n我を封印しようとした。	
C10452	SSS8/044:A7F	대사:07	1	我は数百年の長きにわたり、この冷たい\n棺の中に封印されていた。	
C10453	SSS8/044:AAC	대사:07	1	やっと、開放され　　　{03:03}\n　　　仙界に帰れだと?	
C10454	SSS8/044:AD6	대사:07	1	図にのるなよ!{03:03}\n人間ふぜいが!	
C10455	SSS8/044:AEE	대사:07	1	きさまら人間どもを\n根絶やしにしてくれるわ!	
C10456	SSS8/044:B62	대사:08	1	{05:00}　　\nあなたが犯人だったなんて　　	
C10457	SSS8/044:B82	대사:FD	1	ちがう、ちがうよ!	
C10458	SSS8/044:B8F	대사:08	1	罪の無い人々を　　\n信じられない!	
C10459	SSS8/044:BB2	대사:08	1	　　　怖かった。	
C10460	SSS8/044:BC2	대사:08	1	全部ドアの外から聞いていたの{09}足手まといになっちゃいけないから\n隠れてたの。	
C10461	SSS8/044:BF4	대사:FD	1	な、　　　まったくお前は　　　	
C10462	SSS8/044:C0E	대사:08	1	ごめんなさい　	
C10463	SSS8/044:C1C	대사:08	1	　　でも、アレクさんとセリアさんが\n犯人だったなんて　　	
C10464	SSS8/044:C44	대사:FD	1	ま、人はみかけによらないってことさ	
C10465	SSS8/044:C5A	대사:08	1	なんだか{05:00}が言うと\n不思議な説得力があるわね。	
C10466	SSS8/044:C7D	대사:FD	1	なんだい、そりゃ?	
C10467	SSS8/044:C8A	대사:08	1	ふふっ、なんでもないわ。	
C10468	SSS8/044:CB5	안내:08	1	悪夢のような一夜はこうして{03:08}\n \n   終わりをつげた。  {03:08}	
C10469	SSS8/044:CE1	안내:08	1	たった数時間の出来事なのに {03:08}\n \nその数倍の時間が過ぎたような{03:08}\n \n    疲れを感じる。   {03:08}	
C10470	SSS8/044:D2A	안내:09	1	すべては、ひとつの誤解から始まった。{03:08}	
C10471	SSS8/044:D47	안내:08	1	はじめは、ほんのささいなもの{03:08}\n \n  だったのかもしれない。 {03:08}	
C10472	SSS8/044:D70	안내:08	1	しかし、それが徐々に大きな誤解となり{03:08}\n \n   大きな事件を巻き起こした。  {03:08}	
C10473	SSS8/044:DAB	안내:09	1	そして、たくさんの人が殺された。{03:08}	
C10474	SSS8/044:DC5	안내:08	1	ひとつの誤解からかけがえのないものを{03:08}\n \n   失ってしまったのである。   {03:08}	
C10475	SSS8/044:DF9	안내:08	1	 誤解。それは、俺達洞仙にとって {03:08}\n \n常についてまわるものではあるが　。{03:08}	
C10476	SSS8/044:E30	안내:08	1	  しかし、俺は信じていたい。  {03:08}\n \n誤解が解ける日は必ず来るって事を。{03:08}	
C10477	SSS8/044:E68	안내:09	1	いつか、必ず　　{03:08}	
C10478	SSS8/044:E8F	안내:08	1	SCENARIO・MAP EDIT {03:03}\n \n \n \n   MASAKI KUROSAWA{03:08}	
C10479	SSS8/044:ED1	영문	1	MAIN PROGRAM      {03:03}\n \n \n \n   TADAKATSU OGURA{03:08}	
C10480	SSS8/044:F04	영문	1	SUB PROGRAM       {03:03}\n \n    AKIHIRO SUZUKI{03:03}\n \nSOUND DRIVER      {03:03}\n \n     ISAO WATANABE{03:08}	
C10481	SSS8/044:F7C	영문	1	DEVICE            {03:03}\n \n       MOTOKI HIMI{03:03}\n \nAPPLICATION       {03:03}\n \n     NAOYUKI UKEDA{03:08}	
C10482	SSS8/044:FD9	영문	1	EFECT PROGRAM     {03:03}\n \n   NARIYA TAKEMURA{03:03}\n \nNAME ENTRY        {03:03}\n \n     TOMOKI MORITA{03:08}	
C10483	SSS8/044:106F	영문	1	CHARACTER EDIT    {03:03}\n \n \n \n        KAME ERIKA{03:08}	
C10484	SSS8/044:10A2	영문	1	GRAPHIC ASSIST    {03:03}\n \n    AKIHIRO KABAYA{03:03}\n \n    KOJI SHINOZAKI{03:03}\n \n   KEIJI TAKAHASHI{03:03}	
C10485	SSS8/044:10FF	영문	1	GRAPHIC AUTHORING {03:03}\n \n \n \n     TAKUYA NAGAMI{03:08}	
C10486	SSS8/044:1151	영문	1	VISUAL            {03:03}\n \n \n \nSHINICHI SHIBAZAKI{03:08}	
C10487	SSS8/044:11B3	영문	1	MUSIC             {03:03}\n \n    YUKIO NAKAJIMA{03:03}\n \n   YASUNORI SHIONO{03:03}\n \n KATSUHIRO HAYASHI{03:08}	
C10488	SSS8/044:122F	영문	1	PUBLIC            {03:03}\n \n       N KASYAKUMA{03:03}\n \nPUBLIC ASSIST     {03:03}\n \n       MANABU SATO{03:08}	
C10489	SSS8/044:128C	영문	1	CHARACTER DESIGN  {03:03}\n \n      AKARI FUNATO{03:03}\n \nIMAGE ILLUSTRATION{03:03}\n \n     BERUNO OTSUKI{03:08}	
C10490	SSS8/044:1321	영문	1	CAST              {03:03}\n \n      SAKURA TANGE{03:03}\n \n      KENJI UTSUMI{03:08}	
C10491	SSS8/044:1367	영문	1	CAST              {03:03}\n \n       YUSAKU YARA{03:03}\n \n     YUKO MIZUTANI{03:03}\n \n         YUMI TOMA{03:08}	
C10492	SSS8/044:13C4	영문	1	CAST              {03:03}\n \n    MASAYA ONOZAKA{03:03}\n \n    RYOTARO OKIAYU{03:03}\n \n        SYO HAYAMI{03:08}	
C10493	SSS8/044:1421	영문	1	CAST              {03:03}\n \n     YUKO SUMITOMO{03:03}\n \n    CHIHARU TEDUKA{03:08}	
C10494	SSS8/044:1488	영문	2	SUPERVISOR        {03:03}\n \n JUNICHI KASHIWAGI{03:03}\n  TAKASHI MIYASAKA{03:03}\n \nPRODUCER          {03:03}\n \n     MAKOTO TAKADA{03:09}	
C10495	SSS8/044:14FA	영문	2	SPECIAL THANKS    {03:03}\n \n               ESP{03:03}\n \n        TAITO CORP{03:03}\n \n         YUJI UEDA{03:09}	
C10496	SSS8/044:1568	안내:04	1	「ねえ、{05:00}。」{03:03}\n \n「　　　」{03:03}\n \n「ねぇったら!」{03:03}\n \n「え!あ!な、なに?」{03:08}	
C10497	SSS8/044:15A8	안내:08	1	「散々なお使いになっちゃったわね。」{03:03}\n \n「　　ああ。」{03:08}\n 	
C10498	SSS8/044:15D9	안내:06	1	「あーあ、{03:03}せっかく老師に頼んで {03:08}\n \n 二人っきりで楽しい旅行ができると{03:08}\n \n 思ってたのに。」         {03:08}	
C10499	SSS8/044:1629	안내:08	1	「何?{03:03}今なんて言った?」{03:03}\n \n「何も言ってないわよ。」{03:03}	
C10500	SSS8/044:1657	안내:06	1	「老師に頼んでって　　、{03:03}\n \n どういう事だ?」{03:03}\n \n「　　知らない。」{03:08}	
C10501	SSS8/044:1692	안내:08	1	「なあ、教えてくれよ{09} \n 老師に何を頼んだんだよ。」{03:08}	
C10502	SSS8/044:16BA	안내:08	1	「知らない、知らない!{03:03}\n \n 知らないったら、知ーらないっ!!」{03:08}	
C10503	SSS8/044:1705	글	1	Mめク{00}	
C10504	SSS8/044:171F	안내:06	1	   薄れていく意識の中で、  {03:08}\n \n  誰かがドアを開けて、こっちに{03:08}\n \n   走ってくる音が聞こえる。 {03:08}	
C10505	SSS8/044:1769	안내:08	1	　　　ダメだ。{03:03}何も見えない　　　{03:08}	
C10506	SSS8/044:178A	안내:06	1	「{05:00}!        {03:08}\n \n しっかりして、{05:00}!」{03:08}	
C10507	SSS8/044:17AF	안내:08	1	　　　{05:01}　　　{03:08}	
C10508	SSS8/044:17C3	안내:08	1	お前だけでも　　{03:08}逃げてくれ　　　{03:08}	
C10509	SSS8/044:17E2	안내:08	1	「　　{05:00}!{03:03}　　　!」{03:08}	
C10510	SSS8/044:17FC	안내:06	1	   にぶい打撃音　  {03:08}{p} そして、少女の悲鳴　　{03:08}{p}う　、ダメだ　{03:03}意識　{03:03}が　{03:08}	
C10511	SSS8/044:1841	안내:08	1	　{03:03}　{03:03}　{03:08}	
C10512	SSS8/044:1863	안내:0A	1	 敗的終劇{03:08}	
C10513	SSS8/052:55	글	1	デバッグモード\nMENU\nなぞのメニュー	
C10514	SSS8/052:7B	글	1	最初から\n宿屋\n宿泊客\n次ページ	
C10515	SSS8/052:A1	글	1	1  ガルーダ\n2  ガメゴンロード\n3  ドラゴンゾンビ\n4  NEXT	
C10516	SSS8/052:D3	글	1	1  バブーン\n2  魔法じじい	
C10517	SSS8/052:153	글	1	ザカンの恐怖\n捜索\n地下の封印\n次ページ	
C10518	SSS8/052:17E	글	1	メイリンの死\n犯人は果たして　　\n意外なる結末\n次ページ	
C10519	SSS8/052:1B3	글	1	新たな疑問\n真犯人\n終焉\n次ページ	
C10520	SSS8/052:1D9	글	1	真のエンディング\n第2のエンディング\n前ページ	
C10521	SSS8/052:30A	안내:08	1	    最近は龍脈も安定し    {03:08}\n \n 街は、平穏さを取り戻していた。 {03:08}	
C10522	SSS8/052:349	안내:08	1	 {05:00}と{05:01}は、 {03:08}\n \n  平和な日々を送っていた。   {03:08}	
C10523	SSS8/052:37A	안내:06	1	      そんなある日      {03:08}\n \n   二人は三界老師に呼ばれ、   {03:08}\n \n久しぶりに老師をたずねるのであった。{03:08}	
C10524	SSS8/052:40A	대사:FD	1	ここにくるのも久しぶりだな。	
C10525	SSS8/052:422	대사:01	1	老師から呼び出しだなんて{0A}何かあったのかしら?	
C10526	SSS8/052:444	대사:FD	1	さあね、{03:03}最近たいくつしていたから\nすごい事件でも起きていればいいけど。	
C10527	SSS8/052:474	대사:01	1	もう!{03:03}{05:00}ったら!	
C10528	SSS8/052:48B	대사:FD	1	な、{03:03}なにを怒ってるんだ?	
C10529	SSS8/052:4AD	대사:FD	1	あ、老師!	
C10530	SSS8/052:4BB	대사:01	1	お、{03:03}お久しぶりです。	
C10531	SSS8/052:4CE	대사:00	1	うむ、久しぶりじゃな{09}元気にしとったかの?	
C10532	SSS8/052:4EA	대사:FD	1	呼び出しだなんて{0A}なにか、あったんですか?	
C10533	SSS8/052:505	대사:00	1	うむ、{03:03}実はな　　	
C10534	SSS8/052:51B	대사:00	1	はるか西の方に{0A}龍脈の乱れを感じるのじゃ	
C10535	SSS8/052:539	대사:FD	1	西?	
C10536	SSS8/052:54A	대사:FD	1	俺には、何も感じませんけど。	
C10537	SSS8/052:562	대사:00	1	お主には分からんかの{07}わずかながら感じるのじゃ。	
C10538	SSS8/052:581	대사:00	1	妖気や、怪しげな気も感じられる。	
C10539	SSS8/052:5A3	대사:FD	1	ってことは{0A}またあばれられるってことだ!	
C10540	SSS8/052:5C1	대사:FD	1	よおおし、やるぜ!	
C10541	SSS8/052:5D3	대사:FD	1	老師!{03:03}敵はどんなやつなんだ!	
C10542	SSS8/052:5EA	대사:00	1	敵?{03:03}\n敵などおらん。	
C10543	SSS8/052:601	대사:FD	1	へ?	
C10544	SSS8/052:607	대사:00	1	今日呼んだのは、このおフダを届けて\nほしいからなんじゃ。	
C10545	SSS8/052:62E	대사:FD	1	　おフダ?	
C10546	SSS8/052:639	대사:00	1	西に向かい山を4つ越えたあたりに\n楼龍（ローロン）という宿屋がある。	
C10547	SSS8/052:667	대사:00	1	そこの主人は、むかし\nわしの弟子じゃったんじゃが　	
C10548	SSS8/052:68B	대사:01	1	?{03:03}\n洞仙をやめたってことですか?	
C10549	SSS8/052:6A3	대사:00	1	　まあ、いろいろあっての。	
C10550	SSS8/052:6B5	대사:00	1	しかし、かつての洞仙として\n術を用い、付近の地霊をおさえておる。	
C10551	SSS8/052:6E1	대사:00	1	それで術に用いるおフダを届けて\nほしいんじゃよ。	
C10552	SSS8/052:703	대사:FD	1	それなら俺が、ちゃっちゃと飛天功で\n届けてきますよ。	
C10553	SSS8/052:726	대사:00	1	いや、それじゃダメなんじゃ。	
C10554	SSS8/052:73F	대사:00	1	飛天功で運ぶと、おフダの霊力が落ちて\nしまうんじゃ。	
C10555	SSS8/052:765	대사:FD	1	え?{03:03}まさか　　	
C10556	SSS8/052:774	대사:00	1	そう、歩いて持っていって\nほしいんじゃ。	
C10557	SSS8/052:791	대사:FD	1	げげ!	
C10558	SSS8/052:798	대사:01	1	で、でも、飛天功を使わなきゃ\nここから降りられないわよ?	
C10559	SSS8/052:7BD	대사:00	1	　え?{03:03}ああ、{03:03}そうじゃな。{03:03}ええと　　	
C10560	SSS8/052:7E5	대사:00	1	そう、そう!短い飛天功なら問題ない{09}ここを降りるだけなら大丈夫じゃ。	
C10561	SSS8/052:817	대사:FD	1	なんか、あやしいな{03:03}\n老師!{03:03}ウソついてるでしょ!	
C10562	SSS8/052:838	대사:00	1	つ、{03:03}ついておらん、ついておらん!	
C10563	SSS8/052:84E	대사:FD	1	　　まあ、いいや。{03:03}\n俺1人でいってきますよ{09}じゃ、おフダをください。	
C10564	SSS8/052:87B	대사:00	1	それもダメなんじゃ。	
C10565	SSS8/052:88A	대사:FD	1	　今度は何なんですか。	
C10566	SSS8/052:89D	대사:00	1	これは男がさわると、これまた霊力が\n落ちてしまう不思議なおフダなんじゃ。	
C10567	SSS8/052:8CD	대사:FD	1	なっ、なんですか一体そのおフダは!	
C10568	SSS8/052:8E5	대사:FD	1	老師だって男じゃないですか!	
C10569	SSS8/052:8FA	대사:00	1	う、{03:03}ええと　　	
C10570	SSS8/052:913	대사:00	1	わ、{03:03}わしは、{03:03}ほら、仙人じゃから\nいいんじゃよ。	
C10571	SSS8/052:934	대사:FD	1	あやしいなあ　	
C10572	SSS8/052:948	대사:00	1	たのむぞ{05:01}。	
C10573	SSS8/052:953	대사:01	1	はっ、はい{08}任せてください!	
C10574	SSS8/052:96B	대사:00	1	{05:00}よ。おぬしはボディガード\nとしていっしょに行くのじゃ。	
C10575	SSS8/052:993	대사:FD	1	ちぇっ、なあんだ{09}めんどくさいなあ。	
C10576	SSS8/052:9B1	대사:01	1	{05:00}　{09}私と行くの、イヤなの?	
C10577	SSS8/052:9CA	대사:FD	1	い、いやそんなことは　　	
C10578	SSS8/052:9E8	대사:01	1	いーわよ、いーわよ{08}どうせ私なんか　　	
C10579	SSS8/052:A02	대사:FD	1	ああ、{03:03}わ、{03:03}わかった。{03:03}行く、{03:03}行きます{08}いやあ、楽しみだなあ、{03:03}\n{05:01}といっしょだなんて。	
C10580	SSS8/052:A3F	대사:01	1	うそばっかり。	
C10581	SSS8/052:A4A	대사:FD	1	うそじゃないよ!	
C10582	SSS8/052:A56	대사:01	1	　　私のこと、そんなに嫌いなの?	
C10583	SSS8/052:A72	글	1	そんなことないよ{09}うん。	
C10584	SSS8/052:A86	대사:01	1	ひどーい{08}も、もう{05:00}なんて知らないっ!	
C10585	SSS8/052:A9F	대사:01	1	{05:00}のばかーっ!	
C10586	SSS8/052:AD6	대사:00	1	あーあ、怒らせてしもうた。	
C10587	SSS8/052:AEB	대사:00	1	まったく、お主というやつは　　	
C10588	SSS8/052:B35	대사:01	1	さっ!行くわよ!	
C10589	SSS8/052:B48	대사:01	1	ぐずぐずしないの{08}地上まで飛天功ーっ!	
C10590	SSS8/052:B73	대사:FD	1	な、なんだあ?	
C10591	SSS8/052:B81	대사:00	1	さあ、はやく行くがよい{09}急がんと、夜になってしまうぞ!	
C10592	SSS8/052:BA8	대사:FD	1	ちぇっ、飛天功!	
C10593	SSS8/052:BCC	대사:00	1	ほっほっほ。	
C10594	SSS8/052:BF0	글	4	最初から\n続きから	
C10595	SSS8/052:C4C	글	1	宿屋「楼龍」\nゴエモンの死	
C10596	SSS8/052:C6B	글	1	宿屋「楼龍」\nゴエモンの死\nメイリンの死	
C10597	SSS8/052:C94	글	1	宿屋「楼龍」\nゴエモンの死\nメイリンの死\n真犯人	
C10598	SSS8/336:32	대사:0D	1	お食事の用意ができたら{0A}呼びに来ますね。	
C10599	SSS8/336:5C	대사:0C	1	ふーん、なかなか感じのいい\n宿屋じゃない。	
C10600	SSS8/336:7B	대사:FD	1	{05:01}、お前なあ　　	
C10601	SSS8/336:8B	대사:0C	1	なによ。	
C10602	SSS8/336:93	대사:FD	1	俺達は、老師にだまされたんだぞ!	
C10603	SSS8/336:AB	대사:FD	1	まったく、老師もいったい\n何のつもりで　　	
C10604	SSS8/336:EB	대사:0C	1	山でさいてた真っ赤な花{0A}きれいだったよね。	
C10605	SSS8/336:10C	글	1	え?おぼえてないなあ{09}ああ、あの花ね。	
C10606	SSS8/336:12F	대사:0C	1	あの花、なんて名前なのかなあ?	
C10607	SSS8/336:145	대사:0C	1	帰る時はいっしょに見ようね!	
C10608	SSS8/336:161	대사:0C	1	そう　　\nおぼえてないの　　	
C10609	SSS8/336:177	영문	2	?	
C10610	SSS8/336:183	대사:0C	1	じゃあ、帰りにいっしょに見ようね!	
C10611	SSS8/336:19A	대사:FD	1	え{07}う、うん。わかった。	
C10612	SSS8/336:1AD	대사:0C	1	今日はたくさん歩いたから\nおなかすいちゃった!	
C10613	SSS8/336:1D6	대사:0D	1	お食事ができましたよ～。	
C10614	SSS8/336:1EC	대사:0C	1	はーい、今行きま～す!	
C10615	SSS8/336:201	대사:0C	1	行こっ、{05:00}?	
C10616	SSS8/336:230	대사:14	1	わー、おいしそう!	
C10617	SSS8/336:240	대사:0E	1	すみませんが、相席を\nお願いできますか?	
C10618	SSS8/336:25B	대사:FD	1	ええ、いいですよ。	
C10619	SSS8/336:282	대사:0E	1	じゃあ、全員そろった所で\nみんなの紹介といこうか。	
C10620	SSS8/336:2A7	대사:0E	1	まず、今きた二人は三界老師の\nお弟子さんの{05:00}君と\n{05:01}さんだ。	
C10621	SSS8/336:2D8	대사:12	1	三界老師{07}じゃあ、この二人は洞仙ってやつ?	
C10622	SSS8/336:2FC	대사:0E	1	洞仙っていうと悪いイメージが\nあるみたいだけど彼は大丈夫{09}僕が保証するよ。	
C10623	SSS8/336:32F	대사:12	1	なぜですか?	
C10624	SSS8/336:339	대사:0E	1	僕も以前老師の下で修行していたから\n分かるんだけど、	
C10625	SSS8/336:360	대사:0E	1	老師の人を見る目は確かでね、仙術を\n悪用するような人は弟子にとらない人\nなんだ。	
C10626	SSS8/336:39A	대사:12	1	ふ～ん　	
C10627	SSS8/336:3A7	대사:0E	1	で、その正面に座っている方が\nレイカさん。	
C10628	SSS8/336:3C4	대사:13	1	よろしくな!	
C10629	SSS8/336:3CE	대사:FD	1	女の子一人で旅をしているの?	
C10630	SSS8/336:3E5	대사:13	1	うん、あと一つ山をこえたところに\n都があるだろ?	
C10631	SSS8/336:404	대사:13	1	そこで、明日武道会が開かれるんだ{09}知ってるだろ?	
C10632	SSS8/336:42B	글	1	知ってるよ{09}知らないよ。	
C10633	SSS8/336:43E	대사:13	1	もしかして、あんたたちも\n出るのかい?	
C10634	SSS8/336:456	대사:FD	1	いや、出ないけど。	
C10635	SSS8/336:464	대사:13	1	ふーん、そっか。	
C10636	SSS8/336:474	대사:13	1	なんだい、知らないのかい。	
C10637	SSS8/336:486	대사:13	1	今日中に都につきたかったんだけど\n道に迷って予定がくるっちまった。	
C10638	SSS8/336:4B3	대사:13	1	ここに宿屋があってよかったよ{09}もう野宿でもしなきゃなんないかと\n思ってさ。	
C10639	SSS8/336:4E3	대사:13	1	ところで　{03:08}\nあんたたちは、恋人同士なんだろ?	
C10640	SSS8/336:504	대사:FD	1	え?{03:03}　　ええと、	
C10641	SSS8/336:528	글	1	ただのトモダチ{09}　　まあ、その、そんな所かな。{00}	
C10642	SSS8/336:54A	대사:14	1	た{03:01}だ{03:01}の{03:01}ト{03:01}モ{03:01}ダ{03:01}チ{03:01}?	
C10643	SSS8/336:568	대사:FD	1	な、なんだよ。	
C10644	SSS8/336:573	대사:13	1	隠さなくても分かるよ。	
C10645	SSS8/336:59E	대사:13	1	　そうかい。{03:03}うらやましいねえ。	
C10646	SSS8/336:5B4	대사:13	1	あたしなんて、いまだに\n拳法ばっかりで、ちっとも男ッ気が\nありゃしない。	
C10647	SSS8/336:5E0	대사:13	1	バカな女だって思ってるだろう?	
C10648	SSS8/336:5F6	대사:FD	1	そ、そんなこと　　	
C10649	SSS8/336:605	대사:14	1	レイカさん、とってもきれいですもん\nこれからですよ。まだ若いんだし!	
C10650	SSS8/336:62F	대사:13	1	なぐさめはよしとくれ。	
C10651	SSS8/336:64E	대사:13	1	なーんてね!	
C10652	SSS8/336:65D	대사:13	1	あはははっ!{03:03}ゴメンゴメン!{03:03}\nあんたたち人がいいんだねえ{0A}こんなに簡単にひっかかるなんて。	
C10653	SSS8/336:697	대사:12	1	さっき僕達もひっかかったんですよ。	
C10654	SSS8/336:6AE	대사:13	1	実はだね、明日の武道会にあたしの彼が\n見に来るのだよ。	
C10655	SSS8/336:6D6	대사:13	1	もう、ぜーったい優勝しちゃうもんね!	
C10656	SSS8/336:6EE	대사:FD	1	はあ　　　{03:03}そうですか。	
C10657	SSS8/336:705	대사:0E	1	がんばってくださいね!	
C10658	SSS8/336:717	대사:0E	1	で、そちらがアレク君と\nセリアさんだ。	
C10659	SSS8/336:72F	대사:12	1	僕とセリアはいろんな土地を旅して\nまわってるんだ。	
C10660	SSS8/336:750	대사:11	1	この前は地下に眠っていた古代神殿を\n調査してきたのよ。	
C10661	SSS8/336:77C	대사:FD	1	調査　　{03:03}学者さんですか?	
C10662	SSS8/336:794	대사:12	1	まあ、まだ学者っていえるほどエライ\nわけじゃあないけどね。	
C10663	SSS8/336:7B7	대사:12	1	今は二人で各地をまわっていろんな\n勉強をしているところなんだ。	
C10664	SSS8/336:7E4	대사:14	1	ステキですね!	
C10665	SSS8/336:7EF	대사:0E	1	あと、ゴエモンさんがいるん\nだけど、疲れているらしくて\nもう、お休みになられてる。	
C10666	SSS8/336:82E	대사:12	1	さてと、	
C10667	SSS8/336:839	대사:11	1	とてもおいしくいただきました。	
C10668	SSS8/336:85E	대사:12	1	散歩に行きたいのですが{0A}かまいませんか?	
C10669	SSS8/336:879	대사:0E	1	どうぞ、お気をつけて。	
C10670	SSS8/336:8B1	안내:04	1	出て来た食事は、どれもおいしくて {03:01}\n \n  今日はこのまま何事もなく{03:01}\n \n終えるかのように、この場のだれもが{03:01}\n \n     思っていた。{03:01}	
C10671	SSS8/336:933	대사:12	1	で、出たーーーっ!	
C10672	SSS8/336:956	대사:12	1	バ、バケモノがでたあ!	
C10673	SSS8/336:969	대사:13	1	ふっ　。さっきのお返しかい?{03:03}\nそう簡単にあたしをだまそうったって\nそうはいかないよ。	
C10674	SSS8/336:9A0	대사:12	1	ほ、本当なんです!{03:03}\nしげみの中から、く、黒い龍が\nいきなりあらわれて!	
C10675	SSS8/336:9CE	대사:11	1	大きなかぎづめを持っていて{0A}もう少し逃げるのがおそかったら　　	
C10676	SSS8/336:9F9	대사:0E	1	かぎづめ?{03:03}黒い龍　?{03:03}\nま、まさか　　{03:03}\nそんなはずは　　	
C10677	SSS8/336:A3B	대사:0E	1	　　う、うん。	
C10678	SSS8/336:A48	대사:0E	1	説明は後です。とじまりをしっかりして\nおかなければ!	
C10679	SSS8/336:A69	대사:0E	1	みなさん、窓にカギはかけてありますか?	
C10680	SSS8/336:A84	대사:12	1	　　たしか僕達の部屋はかけてきました。	
C10681	SSS8/336:AA7	대사:13	1	あたしもかけてきたよ。	
C10682	SSS8/336:AB6	대사:FD	1	かけてきたっけ?	
C10683	SSS8/336:AC5	대사:14	1	　　たしかめてない。	
C10684	SSS8/336:AD5	대사:0E	1	窓は開けましたか?	
C10685	SSS8/336:AE7	대사:14	1	　　ええと、{03:01}いえ、そのままです。	
C10686	SSS8/336:AFF	대사:0E	1	じゃあ、大丈夫です。	
C10687	SSS8/336:B13	대사:0E	1	メイリン、1階の部屋の窓全部に\nカギをかけてきてくれないか。	
C10688	SSS8/336:B45	대사:0E	1	あと二階に上がってゴエモンさん\nを呼んで来てくれないか。	
C10689	SSS8/336:B7F	대사:FD	1	なにか、知ってるんですか?	
C10690	SSS8/336:B96	대사:0E	1	この辺では有名な昔話なんだが　　	
C10691	SSS8/336:BC1	안내:06	1	「むかし、この地には一匹の黒い龍が \n \n 住んでいて、旅人を襲ってはその金品\n \n を奪っていたらしいんだ{09} 	
C10692	SSS8/336:C0A	안내:06	1	 何人もの勇気ある者が、退治しようと\n \n 試みたが、そいつはかたいウロコの \n \n 体をしており、	
C10693	SSS8/336:C49	안내:08	1	 なまはんかな剣や魔法では、全く傷を\n \n 負わせる事は出来なかったらしいんだ。	
C10694	SSS8/336:C7E	안내:08	1	 そんなある日、リュウカンという若者\n \n が、うわさを聞きつけこの地に現れた。	
C10695	SSS8/336:CB0	안내:08	1	 彼は、数時間にもおよぶ死闘のすえ{0A} \n 魔物を封印する事に成功したんだ。」	
C10696	SSS8/336:CF1	대사:0E	1	その魔物の名は、ザカンという。	
C10697	SSS8/336:D07	대사:FD	1	この付近に龍があらわれたって事は{0A}そのザカンってやつの、封印が\nとけたっていう事ですか?	
C10698	SSS8/336:D3E	대사:0E	1	いや、そんなはずはない。{03:03}\nなぜなら　　	
C10699	SSS8/336:D59	대사:0E	1	ザカンは、この宿屋の地下に\n今も封印されているからだよ。	
C10700	SSS8/336:D80	대사:12	1	この宿屋の地下?	
C10701	SSS8/336:D9B	대사:0E	1	なにかあってからではおそい{09}真実を語っておかなければ。	
C10702	SSS8/336:DBD	대사:0E	1	封印はどんな強力な物でも{0A}じきにその効力は失われていく。	
C10703	SSS8/336:DE5	대사:0E	1	たえず新しいエネルギーを\n送り込まなければならないのだ。	
C10704	SSS8/336:E08	대사:0E	1	たとえば、寺院の中のような\n気の集中する所、または\n人の出入りの多い所　　	
C10705	SSS8/336:E3F	대사:FD	1	まさか　　	
C10706	SSS8/336:E4A	대사:0E	1	そう、この宿屋はザカンを封印\nしつづける為に建てられたのだ。	
C10707	SSS8/336:E72	대사:0E	1	宿屋はたえずお客が出入りし{0A}新しい気を建物に注入してくれる。	
C10708	SSS8/336:E9F	대사:0E	1	それが地下の封印に流れ込み{0A}効力が失われる事はない。	
C10709	SSS8/336:EC7	대사:12	1	じゃあ、僕達が見たバケモノは\nなんだったんですか?	
C10710	SSS8/336:EE8	대사:0E	1	考えられる事は2つある。	
C10711	SSS8/336:EFA	대사:0E	1	まず、何者かが封印を解いたのでは\nないか、{03:03}ということだ。	
C10712	SSS8/336:F21	대사:0E	1	しかし、地下に降りる通路には\nカギがかかっている。	
C10713	SSS8/336:F43	대사:0E	1	もうひとつは、60年に1日だけ{0A}封印のききめが弱くなる日と、	
C10714	SSS8/336:F6B	대사:0E	1	魔物の活動が盛んになる満月の日が\n重なる日があるんだけど、	
C10715	SSS8/336:F96	대사:0E	1	それは、1週間後なんだ{09}老師よりおフダをもらったのも	
C10716	SSS8/336:FBA	대사:0E	1	それに備えて、封印の補強に使う\nためなんだ。	
C10717	SSS8/336:FDA	대사:FD	1	じゃあ、いったい　　?	
C10718	SSS8/336:FEB	대사:0E	1	　　わからない。	
C10719	SSS8/336:1003	대사:0E	1	ゴエモンさんは?	
C10720	SSS8/336:100F	대사:10	1	いくらよんでも返事がないんです{09}カギもかかってるし。	
C10721	SSS8/336:102F	대사:0E	1	事が事だから、合いカギでドアを開けて\nおこしてきなさい。	
C10722	SSS8/336:105C	대사:0E	1	封印が解けるはずは無いんだが　　	
C10723	SSS8/336:1076	대사:FD	1	もし、でてきたら俺が\nやっつけてやりますよ!	
C10724	SSS8/336:10A1	대사:FD	1	う、{03:03}うーんとね。なまはんかな剣や\n魔法はきかないんだから　	
C10725	SSS8/336:10C8	대사:FD	1	　　どうしよう。	
C10726	SSS8/336:10D6	대사:14	1	もう!{03:03}しっかりしてよ!	
C10727	SSS8/336:10F0	대사:10	1	きゃあああ!{03:03}だっ誰かきてえ!	
C10728	SSS8/336:110A	대사:0E	1	{05:00}君、アレク君\nいっしょに来てくれ!	
C10729	SSS8/336:115F	대사:17	1	　　　死んでる!	
C10730	SSS8/336:1171	대사:17	1	なんてこった。	
C10731	SSS8/336:1181	대사:18	1	ここから入って来たようだな。	
C10732	SSS8/336:1195	대사:FD	1	ザカンが?	
C10733	SSS8/336:119E	대사:17	1	いや、まだそうとは決められない{09}ただの強盗という事も考えられる。	
C10734	SSS8/336:11CA	대사:FD	1	カギはかかってたんだよね?	
C10735	SSS8/336:11DB	대사:16	1	ええ、それは間違いないわ。	
C10736	SSS8/336:11EE	대사:17	1	じゃあ、外に逃げたんだな。	
C10737	SSS8/336:1201	대사:17	1	とりあえず、カギをかけて下に\n戻ろうか。女の子達が心配だ。	
C10738	SSS8/336:1258	대사:1B	1	ねえ、何があったの?	
C10739	SSS8/336:1269	대사:19	1	ゴエモンさんが、殺されてました。	
C10740	SSS8/336:127E	대사:1F	1	こっ、{03:03}殺され　　　!	
C10741	SSS8/336:1294	대사:1F	1	や、{03:03}やだよ、{03:03}みんなそんなにあたしの\nウソに腹を立てたのかい?	
C10742	SSS8/336:12BC	대사:1F	1	あ、{03:03}あやまるからさ{0A}きげんなおしておくれよ。	
C10743	SSS8/336:12DB	대사:1D	1	そ、{03:03}そうなの?{03:03}アレク?	
C10744	SSS8/336:12EE	대사:1D	1	そうなんでしょ{07}みんなでレイカさんを\nだましてるだけなんでしょ?	
C10745	SSS8/336:1312	대사:1D	1	ねえ、アレク{08}何とか言ってよ!	
C10746	SSS8/336:1331	대사:1F	1	本当なの?	
C10747	SSS8/336:133C	대사:19	1	本当です。{03:03}確かに死んでました。	
C10748	SSS8/336:1358	대사:19	1	窓が空いていて、ドアのカギが\nしまってた所を見ると{0A}何者かが外から侵入したのでしょう。	
C10749	SSS8/336:1391	대사:1B	1	ザカンなの?	
C10750	SSS8/336:139B	대사:19	1	わかりません{09}ただの強盗かもしれません。	
C10751	SSS8/336:13B5	대사:FD	1	どちらにせよ、なにかが外に\nいるって事だ。	
C10752	SSS8/336:13D0	대사:1E	1	でも、窓を破って中に入って\n来たんでしょ?	
C10753	SSS8/336:13EE	대사:1E	1	だれかそれらしい音なんて聞いたの?	
C10754	SSS8/336:1405	대사:1E	1	いくら寝ていたとはいえ、気付かない\n音かしら?	
C10755	SSS8/336:1424	대사:1C	1	たしかに、叫び声の一つくらい\n聞こえてもよさそうだな。	
C10756	SSS8/336:1447	대사:1C	1	しかし、音も立てずに殺す事ができる\n人が一人いる。	
C10757	SSS8/336:146D	대사:1E	1	　　誰なの?	
C10758	SSS8/336:147C	대사:1C	1	メイリンさん、あなただ!	
C10759	SSS8/336:149E	영문	1	!	
C10760	SSS8/336:14A3	대사:1E	1	なっ　、なんであたしが知らない人を\n殺さなきゃいけないのよ!	
C10761	SSS8/336:14CC	대사:19	1	アレク君。何を根拠にそんな事を\n言うのかね?	
C10762	SSS8/336:14EC	대사:1C	1	だってそうでしょう{09}メイリンさんはカギを開けたといった。	
C10763	SSS8/336:150D	대사:1C	1	これで、入るときの音はしない{09}そして、寝ているゴエモンさんを\n殺せばいいわけだ。	
C10764	SSS8/336:153D	대사:1C	1	そのあと、窓を開けておけば外から\n入った何者かが殺したと、みんなが\n考えるのは当然だからな。	
C10765	SSS8/336:1579	대사:1E	1	　　そ、{03:03}そんな{03:03}\nひ、{03:03}ひどい。{03:03}\nわ、{03:03}わたし、{03:03}わたしは　　	
C10766	SSS8/336:15AB	대사:1D	1	そんな事言っちゃひどいわ{08}かわいそうじゃないの!	
C10767	SSS8/336:15C9	대사:1C	1	自分の考えを言ったまでだ{09}それに、この宿屋の人だったら\n同じ事ができるはずだ。	
C10768	SSS8/336:1600	대사:19	1	僕達をうたがうつもりかね?	
C10769	SSS8/336:1613	대사:1E	1	でも!{03:03}じゃあ、言わせてもらうけど\nあなたたちお客だって、屋根伝いに\n部屋に入れるじゃないの!	
C10770	SSS8/336:164F	대사:1E	1	こっそり窓をこじあけて、中に入る事\nくらいはできるでしょ!	
C10771	SSS8/336:1674	대사:19	1	よさないか!メイリン!	
C10772	SSS8/336:1686	대사:1E	1	だって!{03:03}\n犯人扱いされてだまってられないもの!	
C10773	SSS8/337:3A	안내:06	1	 まず1階から捜索する事にした。 \n \n1階にはリュウゼンさん達の部屋と{0A} \nメイリンの部屋、あと倉庫がある。	
C10774	SSS8/337:81	안내:08	1	3人とも緊張しながら、1つ1つの \n \n   部屋を捜索していった。	
C10775	SSS8/337:AE	안내:06	1	「ふうん、だいじょうぶみたいだな{09} \n じゃあ、2階に行こうか。」\n \n   俺達は、2階に向かった。	
C10776	SSS8/337:100	안내:06	1	2階は宿泊客専用になっている。  \n \n向かって左上の部屋がレイカの部屋{09} \nその下が俺達の部屋。       	
C10777	SSS8/337:14E	안내:04	1	右上の部屋がゴエモンの部屋。    \n \nその下がアレクとセリアの部屋である{09} \nゴエモンの部屋を除いて、なにかが  \n \n入り込んだ形跡はなかった。     	
C10778	SSS8/337:1B2	안내:08	1	「どうやら、大丈夫みたいだ。」   {03:08}\n \n3人とも、ほっと一息をついた。   	
C10779	SSS8/337:1E7	안내:08	1	「戻ろうか。」           \n \n無言でうなずき、階段を降りた。   	
C10780	SSS8/337:23D	대사:1B	1	どうだったの?	
C10781	SSS8/337:248	대사:FD	1	大丈夫みたいだ。	
C10782	SSS8/337:257	대사:1B	1	　　そう、{03:03}よかった。	
C10783	SSS8/337:269	대사:1C	1	いや、まだ見ていない所がある。	
C10784	SSS8/337:27E	대사:FD	1	?{03:03}　　どこだ?	
C10785	SSS8/337:28D	대사:1C	1	一階の踊り場に{0A}地下に続く階段があった。	
C10786	SSS8/337:2AE	대사:FD	1	あ、そういえば	
C10787	SSS8/337:2B9	대사:19	1	あそこはカギがかかっているから\n別に見なくても大丈夫だよ。	
C10788	SSS8/337:2DF	대사:1C	1	あなたが大丈夫だといっても\n僕達は安心できません。	
C10789	SSS8/337:306	대사:1D	1	アレク、もういいじゃない。	
C10790	SSS8/337:317	대사:1C	1	よくない!	
C10791	SSS8/337:320	대사:19	1	わかった、わかった{09}じゃあ、行こうか。	
C10792	SSS8/337:35D	대사:00	1	あまり、見せたくないんだが　　	
C10793	SSS8/337:373	대사:01	1	これが封印の扉　　	
C10794	SSS8/337:38D	대사:FD	1	封印が解けているようには\n見えませんね。	
C10795	SSS8/337:3A9	대사:00	1	うん、いつもと変わらない。	
C10796	SSS8/337:3BE	대사:00	1	これで気がすんだかね?	
C10797	SSS8/337:3CE	대사:01	1	　　はい。{03:03}すみませんでした。	
C10798	SSS8/337:3E4	대사:00	1	いや、隠してたわたしが\n悪かったんだよ。	
C10799	SSS8/337:3FE	대사:00	1	じゃ、戻ろうか。	
C10800	SSS8/337:42F	대사:1C	1	あっ!セリアは?	
C10801	SSS8/337:43B	대사:19	1	メイリンもいない!	
C10802	SSS8/337:448	대사:1B	1	2階に行くって言って\n上に行きましたけど。	
C10803	SSS8/337:469	대사:19	1	お前がいながら、なんで\n勝手な事をさせたんだ!	
C10804	SSS8/337:488	대사:1B	1	違うの!おばさんは止めたんだけど{0A}すぐ帰って来るからって。	
C10805	SSS8/337:4B0	대사:19	1	話は後だ{09}二階に行こう!	
C10806	SSS8/337:4F7	대사:18	2	セリア!	
C10807	SSS8/337:502	대사:17	1	メイリン!しっかりしろ!{03:03}\nメイリン!	
C10808	SSS8/337:51C	대사:17	1	　　だめだ。{03:03}\nいったい、なぜ　　。	
C10809	SSS8/337:537	대사:18	1	セリア!{03:03}\nちくしょう!なんて事だ!	
C10810	SSS8/337:54F	대사:20	1	　　うう。	
C10811	SSS8/337:55A	대사:18	1	セリア!大丈夫か{08}しっかりしろ!	
C10812	SSS8/337:571	대사:20	1	ア、{03:03}　　アレクなの?	
C10813	SSS8/337:583	대사:18	1	セリア!僕だよ!	
C10814	SSS8/337:590	대사:20	1	バ、バケモノが　　{03:03}\nそのするどいかぎづめで　　{03:03}\nメイリンさんを　　	
C10815	SSS8/337:5C1	대사:18	1	もういい!しゃべっちゃだめだ!	
C10816	SSS8/337:5D4	대사:20	1	わたしは、{03:03}頭を殴られた　{03:03}だけ　	
C10817	SSS8/337:5EF	대사:20	1	だ、{03:03}大丈夫　　　	
C10818	SSS8/337:619	대사:17	1	気を失っただけらしい{09}しかし　　{03:03}メイリンは　　	
C10819	SSS8/337:63E	대사:17	1	セリアさんの手当だけでもしないと	
C10820	SSS8/337:654	대사:18	1	近よるな!	
C10821	SSS8/337:65E	대사:17	1	アレク君　　。	
C10822	SSS8/337:66C	대사:18	1	セリアは僕が自分の部屋に運ぶ{08}出ていってくれ!	
C10823	SSS8/337:6B2	안내:08	1	    またしても、犠牲者が　　   \n \n いったい何がいるっていうんだろうか{07} 	
C10824	SSS8/337:6F2	대사:FD	1	なんで、2人だけで2階に行ったり\nしたんだ?	
C10825	SSS8/337:712	대사:1B	1	メイリンさんがちょっと見たい物が\nあるからと言って、1人で2階に\n行こうとしたのよ。	
C10826	SSS8/337:746	대사:1B	1	それで、1人じゃ危ないからといって{0A}セリアさんがついていったの。	
C10827	SSS8/337:76C	대사:FD	1	見たいもの{03:01}　{03:01}　{03:01}か。{03:01}\nなんだったんだろうな。	
C10828	SSS8/337:790	대사:19	1	でも、1つだけ分かった事が\nあるじゃないか。	
C10829	SSS8/337:7B9	대사:19	1	犯人は、外から侵入したという事だよ。	
C10830	SSS8/337:7D9	글	1	　　そうですね{09}そんな事はないと思う	
C10831	SSS8/337:7F7	대사:19	1	じゃあ、この中にいる誰かが\nやったというんだね?	
C10832	SSS8/337:815	대사:FD	1	　　はっきりとは言い切れないけど{0A}外部の者とは決められないような気が\nするんです。	
C10833	SSS8/337:84B	대사:FD	1	なにか　{03:03}見落としてるような　　	
C10834	SSS8/337:867	대사:19	1	ゴエモンさんの部屋にだれか入るのを\n見た者がいるのかね?	
C10835	SSS8/337:896	대사:19	1	メイリンが殺された時、一体誰が\n犯行を行えたというんだね?	
C10836	SSS8/337:8C8	대사:1F	1	あんたたち3人だよ!	
C10837	SSS8/337:8E0	대사:19	1	レイカさん　　　	
C10838	SSS8/337:8FC	대사:1F	1	あたしはそうは思わないね!	
C10839	SSS8/337:911	대사:FD	1	なぜだ?これではっきりした\nじゃないか。	
C10840	SSS8/337:929	대사:1F	1	あたしは、あんたたちの行動を\n見ていたわけじゃないからね!	
C10841	SSS8/337:94D	대사:1F	1	あんたたち3人で殺したという事も\n考えられる。	
C10842	SSS8/337:96F	대사:FD	1	アレクさんの連れのセリアさんも\nケガしているんだぞ!	
C10843	SSS8/337:991	대사:1F	1	信用できないね{08}もう、なにも信用できないよ!	
C10844	SSS8/337:9BA	대사:1F	1	部屋のマスターキーをよこしな!	
C10845	SSS8/337:9CF	대사:1F	1	あたしの部屋に入ろうとしたら\n誰であろうと、ブンなぐるよ!	
C10846	SSS8/337:9FA	대사:19	1	彼女は、しょうがないかもしれない{09}信用できる人がいないからね。	
C10847	SSS8/337:A25	대사:FD	1	でも!	
C10848	SSS8/337:A2C	대사:19	1	部屋に閉じこもってるかぎり安全だ。	
C10849	SSS8/337:A49	대사:19	1	君達も、部屋にいた方が安全かも\nしれない。	
C10850	SSS8/337:A69	대사:FD	1	　　分かりました。{03:03}\n行こう、{05:01}。	
C10851	SSS8/337:AC8	대사:0C	1	私　　こわいよ。	
C10852	SSS8/337:AD7	대사:FD	1	大丈夫さ{09}絶対に俺が、守ってみせる!	
C10853	SSS8/337:AF4	대사:0C	1	ありがとう　　　	
C10854	SSS8/337:B15	안내:06	1	俺の頭の中に、ひとつの疑問が\n \n  うかびあがっていた。  \n 	
C10855	SSS8/337:B3F	안내:06	1	 ザカンは、本当にいるのだろうか? \n \nなぜ物音一つ立てずに行動できるのか?	
C10856	SSS8/337:B72	안내:06	1	もしかしたら、ザカンは本当に封印\n \nされたままなのではないだろうか?	
C10857	SSS8/337:B9D	안내:06	1	他の龍みたいなバケモノ{0A} \nまたはただの強盗とか。 	
C10858	SSS8/337:BC0	안내:08	1	そう考えると、自然に考える事が\n \n  できるような気がする。	
C10859	SSS8/337:BEB	안내:08	1	どうやって、音を立てずに侵入したか{09} \n    それを考えてみると　　\n 	
C10860	SSS8/337:C1D	안내:06	1	 侵入じゃなくて、自分で中に入れた\n \n  というのは、どうだろうか{07} \nもちろん殺される為に入れたのではなく\n \n 相手の裏切りかなんかにあったとか。	
C10861	SSS8/337:C7A	안내:06	1	  ただ話をする為に中に入れたら  \n \n スキをつかれて、殺されてしまった{09} \n    それも一瞬の間に。	
C10862	SSS8/337:CBC	안내:08	1	 それができる人間は、まず宿屋の人{09} \nしかし、メイリンはすでに殺されている	
C10863	SSS8/337:CEC	안내:06	1	  あとは、顔見知りの人くらいか{09} \n  そういえば、ゴエモンは誰かを\n \n    待っていたようだったな。 	
C10864	SSS8/337:D2D	안내:06	1	 ゴエモンが二階に上がった後、   \n \nたてつづけに二組入って来た。それの \n \nどちらかが仲間だったのかもしれない。	
C10865	SSS8/337:D77	안내:06	1	セリアさんが襲われているという事は、{03:08}\n \n　　　レイカだ{08} \n彼女以外に考えられない。普通女の子\n \n一人で旅などするだろうか?	
C10866	SSS8/337:DCE	안내:08	1	しかし、メイリンとセリアさんを襲うの\n \nは物理的に不可能だ。	
C10867	SSS8/337:DF8	안내:06	1	しかし、共犯者が外にいるとすれば、 \n \nそれも可能になる。	
C10868	SSS8/337:E27	대사:FD	1	{05:01}{09}犯人が分かったよ。	
C10869	SSS8/337:E3D	대사:0C	1	えっ!本当なの?	
C10870	SSS8/337:E52	대사:FD	1	レイカだ。	
C10871	SSS8/337:E63	대사:0C	1	で、でも{0A}彼女にはメイリンさんを殺す事は\n出来ないわよ?	
C10872	SSS8/337:E89	대사:FD	1	外に共犯者がいれば可能だ。	
C10873	SSS8/337:EA0	대사:0C	1	そ、そんな事をする人には\n見えないけど　　	
C10874	SSS8/337:EBE	대사:FD	1	ゴエモンは別として、メイリンや\nセリアさんと無関係なのはレイカだけだ	
C10875	SSS8/337:EEA	대사:0C	1	そ、それで、どうするの?	
C10876	SSS8/337:EFA	대사:FD	1	レイカの部屋に行ってみる。	
C10877	SSS8/337:F0E	대사:0C	1	ひとりで{07}誰かといっしょのほうが\nいいんじゃないの?	
C10878	SSS8/337:F2D	대사:FD	1	たしかに　　\n仲間が何人いるかわからないしなあ。	
C10879	SSS8/337:F53	글	1	リュウゼンと行く{09}アレクと行く。	
C10880	SSS8/337:F6A	대사:FD	1	アレクに協力してもらおう。	
C10881	SSS8/337:F7D	대사:0C	1	アレクさんに?{03:03}\nでも、そっとしておいたほうが　　　	
C10882	SSS8/337:F9F	대사:0C	1	リュウゼンさんのほうが\nいいんじゃないの?	
C10883	SSS8/337:FB8	대사:FD	1	　　　いや、リュウゼンさんとて\n完全に犯人じゃないとは言い切れない。	
C10884	SSS8/337:FE7	대사:0C	1	でも、メイリンさんが殺されてるのよ!	
C10885	SSS8/337:FFE	대사:FD	1	だけど、他に考えられないよ。	
C10886	SSS8/337:1012	대사:0C	1	そんな　　　	
C10887	SSS8/337:101F	대사:FD	1	今はアレクのほうが信じられる{09}いっしょに来てくれ。	
C10888	SSS8/337:1060	대사:FD	1	これから、リュウゼンさんと協力して\nつかまえる{09}いっしょに下まで来てくれ。	
C10889	SSS8/337:10B9	안내:06	1	「誰だ。」             \n \n「{05:00}です。        \n \n 話したい事があるんですが。」   \n 	
C10890	SSS8/337:1106	안내:06	1	「何の用だ。」         \n \n「　あの、セリアさん大丈夫ですか?」\n \n「何の用だと聞いてるんだが。」 	
C10891	SSS8/337:1153	안내:08	1	「実は　　　」           	
C10892	SSS8/337:1171	안내:06	1	「じゃあ、セリアを襲ったのはレイカ \n \n だというのか!」\n \n「しーっ!声が大きいですよ。」   	
C10893	SSS8/337:11AF	안내:06	1	「とりあえず、部屋を見てみようと  \n \n 思うんですよ。」\n \n「ようし、行こうか。」	
C10894	SSS8/337:1200	대사:FD	1	　　変だな。物音一つしない。	
C10895	SSS8/337:121B	대사:2F	1	こっちの出方をみてるんじゃないのか。	
C10896	SSS8/337:1235	대사:FD	1	レイカさん!{05:00}です{08}開けてください!	
C10897	SSS8/337:1258	대사:FD	1	こうなったら、ドアを　　　{03:03}\nあれ?	
C10898	SSS8/337:127C	대사:FD	1	カギがかかってない!	
C10899	SSS8/337:128A	대사:FD	1	　　レイカさん、開けますよ!	
C10900	SSS8/337:12C2	대사:FD	1	し、死んでる{08}なぜだ!	
C10901	SSS8/337:12D2	대사:30	1	レイカさん　　　!	
C10902	SSS8/337:12E2	대사:FD	1	どうして　　　	
C10903	SSS8/337:12FF	대사:2B	1	知りたいかい?	
C10904	SSS8/337:134E	대사:2B	1	こういう事だよ。	
C10905	SSS8/337:1360	대사:2B	1	今回も上手くいきそうだな。	
C10906	SSS8/337:1375	대사:31	1	ふふふ、そのようね。	
C10907	SSS8/338:34	안내:04	1	「誰だね?」            \n \n「{05:00}です{09} \n 話したい事があるんですが。」\n \n「　　　分かった{09} \n 今ドアを開けるよ。」	
C10908	SSS8/338:B1	대사:23	1	　　なるほど、それでレイカさんが\n犯人だというんだね。	
C10909	SSS8/338:D4	대사:FD	1	　はい。	
C10910	SSS8/338:DD	대사:24	1	しかし、あの娘がねえ　　\n人はみかけによらないっていうけど	
C10911	SSS8/338:102	대사:FD	1	とりあえず、部屋を調べて見る\n必要はあると思うんです。	
C10912	SSS8/338:128	대사:23	1	そうか　　\nじゃあ、わたしと{05:00}君とで\nちょっと行ってみるか。	
C10913	SSS8/338:158	안내:06	1	    ちょっとまてよ?    \n \n  レイカが犯人だと決め付けて\n \n しまったが、本当にそうだろうか?	
C10914	SSS8/338:198	안내:08	1	この二人は本当に犯人ではないのか{07} \n  そう断言していいのだろうか{07} 	
C10915	SSS8/338:1C8	안내:08	1	外にいるであろう共犯者は、この二人に \n \n関係がないとは言い切れないのでないか{07} \n だとすると、{05:01}をここに\n \nおいていくのは、あまりに危険すぎる。	
C10916	SSS8/338:22C	대사:FD	1	すいませんが{0A}一人で行ってくれませんか。	
C10917	SSS8/338:247	대사:23	1	いっしょに行ってくれるんじゃ\nないのかい?	
C10918	SSS8/338:26B	대사:23	1	まあ、かつてわたしも老師の下で\n修行していた身だ。	
C10919	SSS8/338:28E	대사:23	1	そう簡単には遅れをとらんよ。	
C10920	SSS8/338:2A3	대사:24	1	あなた　　。	
C10921	SSS8/338:2AF	대사:23	1	じゃあ、行って来る。	
C10922	SSS8/338:2D7	대사:22	1	{05:00}!なんでいっしょに\n行かないの?	
C10923	SSS8/338:2FF	대사:24	1	あたしが犯人だったとしたら{0A}お嬢ちゃんを襲ってしまうかも知れない{09}　　当たりだろ?	
C10924	SSS8/338:334	대사:FD	1	　　ええ、そうです。	
C10925	SSS8/338:344	대사:22	1	{05:00}{08}なんてこと言うの!	
C10926	SSS8/338:358	대사:FD	1	レイカのいったセリフじゃないけど{0A}俺も信じられないんだよ!	
C10927	SSS8/338:384	대사:22	1	わ　私の事もうたがってるんじゃ\nないでしょうね。	
C10928	SSS8/338:3A3	대사:FD	1	そんな事は無いけど　　	
C10929	SSS8/338:3B6	대사:FD	1	今日会った人はみんな他人じゃないか{08}いったいどう信じればいいんだよ!	
C10930	SSS8/338:3ED	대사:24	1	あたしはあんたたちを信用してるよ。	
C10931	SSS8/338:409	대사:24	1	じゃなきゃこんな時に\n一人にならないよ。	
C10932	SSS8/338:424	대사:FD	1	リュウレイさん　　　	
C10933	SSS8/338:435	대사:FD	1	　　そうでした{09}すみません。うたがったりして　　	
C10934	SSS8/338:455	대사:24	1	ちょっと待って{08}今、何か聞こえなかった?	
C10935	SSS8/338:47A	대사:24	1	二階からだわ{08}行ってみましょう!	
C10936	SSS8/338:4CF	대사:FD	1	あそこだ!	
C10937	SSS8/338:509	대사:2D	1	あなた!	
C10938	SSS8/338:511	대사:FD	1	アレク!き、きさま!	
C10939	SSS8/338:51F	대사:2D	1	どうして!どうしてこんなひどい事を!	
C10940	SSS8/338:536	대사:2B	1	こいつが犯人だったんだ。	
C10941	SSS8/338:548	대사:FD	1	なっ、なんだって?	
C10942	SSS8/338:555	대사:2B	1	なにか物音がしたから\nここを見てみたら、こいつが\nレイカに襲いかかっていた。	
C10943	SSS8/338:583	대사:2B	1	一撃でレイカを殺したのを見て、僕は\n無我夢中でこいつに向っていった。	
C10944	SSS8/338:5B3	대사:2B	1	不意をつかれたらしく、あっけなく\nこいつを倒す事ができた。	
C10945	SSS8/338:5D8	대사:2D	1	そんな、そんな事って!	
C10946	SSS8/338:5E8	대사:2B	1	こいつにセリアは　　{03:08}殺されたんだ。	
C10947	SSS8/338:607	대사:2C	1	　　こ、殺された{07}セリアさんは助かったんじゃ\nなかったの?	
C10948	SSS8/338:62E	대사:2B	1	つい、さっきだ{09}とつぜん苦しみだして　　	
C10949	SSS8/338:649	대사:2B	1	僕は、苦しんでる彼女に{0A}何もしてやれなかった　　	
C10950	SSS8/338:66C	대사:2B	1	彼女をそんな目にあわせたこいつを\nどうしてもゆるせなかったんだ。	
C10951	SSS8/338:693	대사:2D	1	主人が、そんな　　	
C10952	SSS8/338:6A4	대사:FD	1	セリアさんが襲われたときは、俺達と\nいっしょだったじゃないか!	
C10953	SSS8/338:6CA	대사:2B	1	誰かとグルなのか、そこのところは\nよく分からない。	
C10954	SSS8/338:6EC	대사:2B	1	リュウレイさん。あなたは全てを\n知っているはずです。	
C10955	SSS8/338:70C	대사:2D	1	わ、わたしは、なにも　　	
C10956	SSS8/338:71E	대사:2B	1	殺人犯とはいえ、殺してしまった僕も\n同じ殺人犯になってしまった。	
C10957	SSS8/338:74B	대사:2B	1	明日にでも{0A}いっしょに出頭しましょう。	
C10958	SSS8/338:77C	안내:06	1	事件は意外な結末をむかえた{09} \n  それぞれの部屋に帰り  \n \n  朝を待つ事になった。  	
C10959	SSS8/338:7BB	안내:04	1	 しかし、なにかすっきりしない{09} \n  なにか秘密があるとしても  \n \n  なぜ、リュウゼンさんは殺人を\n \n 犯さなければならなかったのか?	
C10960	SSS8/338:80E	안내:04	1	「ねえ、{05:00}。       {03:08}\n \n {05:00}達が宿屋の中を探して \n \n る時におばさんが言ってた事なんだ \n \n けどね。             	
C10961	SSS8/338:866	안내:04	1	 この宿屋に封印されてる魔物ってのが\n \n どうも財宝を隠す為のカモフラージュ\n \n なんじゃないかっていううわさが流れ\n \n ているんだって。」	
C10962	SSS8/338:8BF	안내:08	1	「え?何の話だい?」	
C10963	SSS8/338:8D1	안내:04	1	「だから、本当は財宝を隠しているんだ\n \n けれど、強盗から守る為に魔物を封印\n \n してますってウソをついてるっていう\n \n うわさがあるらしいのよ。     	
C10964	SSS8/338:934	안내:08	1	 ゴエモンさんも、おばさんに聞いてた\n \n らしいわよ。財宝の事　」	
C10965	SSS8/338:962	안내:06	1	       財宝　　      {03:08}\n \nもしも、財宝を探すとしたら、宿屋の\n \n  人間にはまず聞かないだろう。	
C10966	SSS8/338:9AC	안내:04	1	あったとしても、本当の事は答えるはず\n \nがないからだ。つまり、自分の目で確か\n \n   めるのが必要になってくる。	
C10967	SSS8/338:9F4	안내:08	1	しかし、普通の客としてでは、全部を \n \n    探す事などできない。	
C10968	SSS8/338:A22	안내:04	1	今回のような事件がおきればその解明の\n \nため、きわめて自然に中を調べる事が\n \nできる。そもそも今回の事件の発端は{03:08}\n \n　　アレクとセリアの二人組みだ!	
C10969	SSS8/338:A8B	안내:04	1	      そうだ!        \n \n あの二人がザカンを見たといって  \n \n俺達をこの宿屋の中に封じ込めたとは\n \n   考えられないだろうか?	
C10970	SSS8/338:AE6	안내:04	1	よく考えてみれば、あの二人以外{0A} \n  ザカンを見た人はいない{09} \n伝説の魔物にしては、叫び声ひとつ\n \n聞こえないのがそもそもおかしい。	
C10971	SSS8/338:B3D	안내:06	1	ただひとつわからないのは、セリアさん\n \nが、殺されたという事だ。{03:08}　　まてよ{09} \n死んだのを誰か確認したのか?	
C10972	SSS8/338:B82	안내:06	1	ケガの度合を誰か確認したのか? \n \nアレクが言った事をみんなうのみに\n \nしてるだけじゃないのか?	
C10973	SSS8/338:BBF	안내:04	1	「{05:01}。ちょっとアレク\n \n の所に行ってくる。」\n \n「え?なぜ?そっとしておいてあげた\n \n ほうが　　」	
C10974	SSS8/338:C02	안내:06	1	「そっとしておけって?」    \n \n「だって、恋人が殺されて、自分\n \n は人殺しになっちゃって　　」 	
C10975	SSS8/338:C48	안내:04	1	「セリアさんの死体をだれか確認した\n \n のか?」\n \n「そんな事できるわけないじゃない{09} \n 恋人の死体を見せてくれだなんて。」	
C10976	SSS8/338:C9B	안내:06	1	「ちょっとたしかめてくる。     \n \n {05:01}はここにいるんだ{09} \n いいね。」	
C10977	SSS8/338:CCA	안내:08	1	「{05:00}!」	
C10978	SSS8/338:CDF	안내:06	1	「アレクさん。{05:00}です。  \n \n 開けて下さい。」{03:08}\n \n　　返事がない。{03:03}\n \nもう、寝てしまったのだろうか?	
C10979	SSS8/338:D27	안내:08	1	ドアのカギがかかっていない{09} \n   開けてしまおう。	
C10980	SSS8/338:D55	안내:08	1	      誰もいない!      \n \n   セリアさんの死体さえも　　\n 	
C10981	SSS8/338:D85	안내:08	1	       まさか!       \n \n   リュウレイさんがあぶない!	
C10982	SSS8/338:DBF	대사:FD	3	リュウレイさん!	
C10983	SSS8/338:DD5	대사:FD	1	リュウレイさん!しっかりして下さい!{03:03}\nリュウレイさん!	
C10984	SSS8/338:DF7	대사:24	1	う　　　	
C10985	SSS8/338:E0E	대사:24	1	　　{05:00}君　　	
C10986	SSS8/338:E1E	대사:FD	1	いったい、どうしたんですか!	
C10987	SSS8/338:E30	대사:FD	1	　　まさか、アレクが?	
C10988	SSS8/338:E41	대사:24	1	地下の封印の解き方を教えろって　　{03:03}\nいるんだよ、ああいうカン違いしている\n　　やつが　　	
C10989	SSS8/338:E81	대사:24	1	財宝なんて　　{03:03}隠してないのに　　　	
C10990	SSS8/338:EA0	대사:FD	1	しっかりして下さい!	
C10991	SSS8/338:EAF	대사:24	1	あいつらは、ザカンを復活させて\nしまうだろう　　　	
C10992	SSS8/338:ED1	대사:24	1	ザカンは、先祖リュウカンが間違えて\n召喚してしまった狂気の魔獣　　　	
C10993	SSS8/338:F04	대사:24	1	あまりの狂暴さに封印する事しか\nできなかった　　　	
C10994	SSS8/338:F29	대사:24	1	わたし達は、その罪をつぐなうため\n代々封印を守り続けてきた　	
C10995	SSS8/338:F54	대사:24	1	そんなわたし達の為に、主人は洞仙を\nやめてくれたの　	
C10996	SSS8/338:F79	대사:24	1	そんなあの人が　{03:03}あんな事　{03:03}\nするはずは　	
C10997	SSS8/338:F9A	대사:FD	1	　　　そうだったんですか　　　	
C10998	SSS8/338:FB3	대사:24	1	なぜだか分からないけど　{03:03}\nあなたならザカンを倒す事が\nできるような気がする　　　	
C10999	SSS8/338:FE9	대사:FD	1	リュウレイさん　\nもう　しゃべらない方が　	
C11000	SSS8/338:1006	대사:24	1	あの人の　{03:03}してきた事を　{03:03}\nムダにしない為にも　	
C11001	SSS8/338:102C	대사:24	1	ザカンを倒　{03:08}し　{03:08}て　　　	
C11002	SSS8/338:1059	대사:FD	1	よくも{08}よくも罪の無い人を!	
C11003	SSS8/392:24	안내:08	1	俺は、考えていた。	
C11004	SSS8/392:33	안내:06	1	ザカンという龍が侵入し、ゴエモンを\n \n 襲ったのか?{03:03}ただの強盗なのか?{03:03}\n \n それとも、この中の誰かが　　?	
C11005	SSS8/392:7C	안내:06	1	     　{03:01}　{03:01}わからない。     {03:03}\n \n  そもそも、ゴエモンが死んで   \n \n得をする人間がこの中にいるのだろうか?	
C11006	SSS8/392:D1	대사:FD	1	この中で、ゴエモンと面識のある\n人っているんですか?	
C11007	SSS8/392:F6	대사:19	1	なぜ、そんな事を聞くんだい?	
C11008	SSS8/392:10A	대사:FD	1	見た所、ゴエモンの部屋は荒らされて\nいなかったように見えました。	
C11009	SSS8/392:134	대사:FD	1	　　と、いう事は、ただの強盗ではなく\nゴエモンが死んで得をする人間がいるの\nかなって思って。	
C11010	SSS8/392:170	대사:19	1	殺人事件がおこったなんて\n知れわたったら、お客がへってしまう。	
C11011	SSS8/392:199	대사:19	1	僕達3人は得どころか損をしてしまう。	
C11012	SSS8/392:1B4	대사:1C	1	僕達は、そのゴエモンとかいう男は\n見ていないし、面識もない。	
C11013	SSS8/392:1DC	대사:1F	1	あたしもゴエモンなんて男\n知らないね。	
C11014	SSS8/392:1F5	대사:1F	1	第一、あたしには明日の武道会に\n出るっていう目的があるんだ!	
C11015	SSS8/392:221	대사:1F	1	こんなごたごたに巻き込まれたら\n出場できなくなっちまうじゃないか!	
C11016	SSS8/392:24A	대사:1C	1	そういう君達はどうなんだ。	
C11017	SSS8/392:260	대사:FD	1	俺達も知らない。	
C11018	SSS8/392:26F	대사:19	1	このままでは、話が進みませんね。	
C11019	SSS8/392:288	대사:FD	1	なにかいい考えがあるんですか?	
C11020	SSS8/392:29C	대사:19	1	ひとつひとつ疑問を\n解消していきましょう。	
C11021	SSS8/392:2B9	대사:19	1	まず、外に何かがいると仮定して\n各自、自分の部屋をチェックして\nとじまりをきちんとしてほしい。	
C11022	SSS8/392:2F6	대사:1C	1	いや、それではダメですね。	
C11023	SSS8/392:30B	대사:1C	1	もし、仮に僕が犯人だったら意味が\nないでしょう。	
C11024	SSS8/392:32D	대사:1C	1	なにか証拠を隠してしまうかも\nしれない。	
C11025	SSS8/392:34A	대사:1C	1	みんなで全ての部屋を見て回れば\nいいのです{09}それなら隠しようがない。	
C11026	SSS8/392:378	대사:1C	1	　いや、みんなだとこっそりなにかを\n隠されてしまうというのがありうるな。	
C11027	SSS8/392:3A2	대사:1C	1	捜索組を3人。居残り組を5人に\n分けましょう。	
C11028	SSS8/392:3C6	대사:1C	1	まず、捜索組を僕と{05:00}君と\nリュウゼンさんにします。	
C11029	SSS8/392:3E9	대사:1C	1	そして、居残り組を女性だけにします。	
C11030	SSS8/392:404	대사:1C	1	ひとつの組はみんな他人になり{0A}うかつな事はできなくなるでしょう。	
C11031	SSS8/392:42C	대사:19	1	なるほど。それで行こうか。	
C11032	SSS8/392:445	안내:06	1	アレクの考えは不安がっているみんなを\n \n安心させるには充分すぎるほどの説得力\n \nを持っていた。	
C11033	SSS8/392:485	안내:06	1	　　しかし、{03:03}　　何かひっかかる。{03:03}\n \nこのまま、彼の言う通りにしていいの\n \nだろうか。	
C11034	SSS8/392:4CB	대사:19	1	{05:00}君、どうかしたのかね?	
C11035	SSS8/392:4DD	대사:FD	1	どうというほどの事でも\nないんですけど　　	
C11036	SSS8/392:4F9	대사:1C	1	君達が犯人じゃないだろうね。	
C11037	SSS8/392:51E	대사:1C	1	今、とまどいを見せるという事は\n自分にやましい事がある証拠じゃ\nないのか?	
C11038	SSS8/392:54F	대사:FD	1	やましい事なんかない!	
C11039	SSS8/392:55F	대사:1C	1	じゃあ、行こう。	
C11040	SSS8/392:574	글	1	分かったよ{09}少し、考えさせてくれ{09}俺は行かない。	
C11041	SSS8/392:5B2	대사:1C	1	どういう事だ?	
C11042	SSS8/392:5BE	대사:FD	1	いい考えが浮かびそうなんだ。	
C11043	SSS8/392:5D2	대사:1C	1	こうしている間にもそのザカンとやらが\n入ってくるかも知れないんだぞ!	
C11044	SSS8/392:5FB	대사:19	1	まず、中を調べるのが\n先決じゃないのかね?	
C11045	SSS8/392:618	대사:FD	1	それはそうなんですけど　　	
C11046	SSS8/392:62D	대사:FD	1	分かりました。行きましょう。	
C11047	SSS8/392:651	대사:FD	1	{05:01}をおいては行けない。	
C11048	SSS8/392:662	대사:1C	1	　　と言うと、ここに残る4人の女性を\n信用できないという事か?	
C11049	SSS8/392:695	글	1	そうだ{08}ちがう。	
C11050	SSS8/392:6A2	대사:1C	1	4人はみんな他人なんだぞ{09}どうやって{05:01}さんを\n襲えるんだ?	
C11051	SSS8/392:6CA	대사:1C	1	気持ちは分からないではないが{0A}僕だって、君達を信用したいから\nこの案を出したんだ。	
C11052	SSS8/392:701	대사:1C	1	それとも、僕の事も信用できないか?	
C11053	SSS8/392:71C	대사:FD	1	ああ、できないね。	
C11054	SSS8/392:729	대사:1C	1	聞きずてならんな{09}理由を言ってもらおうか。	
C11055	SSS8/392:757	글	1	  　　　ええと、なぜだ?   \n \nかってに口がしゃべってしまった。	
C11056	SSS8/392:782	안내:08	1	でも、俺のカンではこいつが犯人の\n \n    ような気がする。	
C11057	SSS8/392:7A9	안내:06	1	大体、このエラそうな話し方が気に入ら\n \nない。なんでこいつがこの場をしきって\n \nるんだ?	
C11058	SSS8/392:7E2	안내:06	1	　　いやいや{03:03}ちがう、{03:03}ちがうんだ。{03:03}\n \nこいつの気に入らない所をさがしている\n \n    場合じゃないんだった。	
C11059	SSS8/392:82A	안내:06	1	思いつきで言ったとはいえ、人を犯人 \n \n呼ばわりしてしまったからには、なにか\n \n  理由を言わなければならない。	
C11060	SSS8/392:871	안내:06	1	ええと、{03:03}ええと、{03:03}まずい{03:03}みんなの目線\n \nが厳しくなってきたぞ{09} \nなにか言わなければ　　	
C11061	SSS8/392:8BB	글	1	犯人の動機について\n犯行時間について	
C11062	SSS8/392:8DA	대사:FD	1	　　ええと、{03:03}ゴエモンが殺された{03:03}\nという事は、やっぱりそれによって\n得をする人がいると思うんです。	
C11063	SSS8/392:919	대사:1C	1	また、その話か。	
C11064	SSS8/392:926	대사:1C	1	だから、そんな知らない男が殺された\nからといって、一体僕が何の得をする\nというんだ!	
C11065	SSS8/392:960	대사:FD	1	　　ええと、{03:03}ゴエモンが殺された時{03:03}\nいや、殺されたとされる時間ってのは\nいつぐらいなんでしょうか?	
C11066	SSS8/392:99F	대사:19	1	血が固まっていたようだから{0A}結構前なんじゃないかなあ。	
C11067	SSS8/392:9C3	대사:1F	1	前ってのは、あたしがここに\n来る前って事かい?	
C11068	SSS8/392:9E2	대사:1C	1	その直前くらいだろう。	
C11069	SSS8/392:9F3	대사:19	1	うん、部屋に戻った直後に\n君達が来たからね。	
C11070	SSS8/392:A1F	대사:19	1	ちょっと待て{08}なぜ君がそれを知ってるんだ!	
C11071	SSS8/392:A41	대사:19	1	なぜ知っているんだ{08}君達が来る前の事を!	
C11072	SSS8/392:A5F	대사:1C	1	あ!{03:08}　{03:03}　{03:03}やだなあ{0A}メイリンさんが話してくれたんですよ。	
C11073	SSS8/392:A8A	대사:1E	1	ウソよ!私はそんな事話してないわ!	
C11074	SSS8/392:AA2	대사:19	1	本当だな、メイリン!	
C11075	SSS8/392:ABC	대사:19	1	さあ、なぜ知っているのか\n話してもらおうか。	
C11076	SSS8/392:ADB	대사:1C	1	ちっ、失敗だ{08}セリア!にげるぞ!	
C11077	SSS8/392:AF4	대사:1D	1	仕方ないわね。	
C11078	SSS8/392:B1A	대사:1C	1	げっ!	
C11079	SSS8/392:B21	대사:32	1	こうみえても、元洞仙のはしくれでね{09}多少の仙術は使えるんだ。	
C11080	SSS8/392:B4B	대사:1C	1	くっ、くそお!	
C11081	SSS8/392:B5C	대사:1C	1	こうなったら!	
C11082	SSS8/392:B98	대사:1B	1	すっごーい!	
C11083	SSS8/392:BA2	대사:1F	1	あたしをなめてもらっちゃあ\nこまるわね。	
C11084	SSS8/392:BBF	대사:32	1	まさか、人質をとろうとしたとは　　\nすみません。レイカさん。	
C11085	SSS8/392:BE5	대사:1F	1	ふふふ、てんで手ごたえがなかったわ。	
C11086	SSS8/392:C01	대사:32	1	さあ、セリアさん。どうします?	
C11087	SSS8/392:C17	대사:1D	1	う　　　、{03:05}\nぜ、{03:03}全部話しますから\n許してくださあい!	
C11088	SSS8/392:C51	대사:1C	1	じゃあ、なぜなんだ。	
C11089	SSS8/392:C5F	대사:FD	1	俺達が行ってる間にザカンが入り込んで\n来るかも知れない。	
C11090	SSS8/392:C87	대사:1C	1	それほど長時間調べるわけじゃない。	
C11091	SSS8/392:CA0	대사:1C	1	もし、襲って来てもこのドアを壊される\n前には逃げる事はできると思うんだが。	
C11092	SSS8/392:CD4	대사:1F	1	そんなにすごいバケモノなんだったら\nちょっと見てみたいね。	
C11093	SSS8/392:CF7	대사:1F	1	ちょっと見て来るよ{09}みんなで戦えば退治できるかもしれない	
C11094	SSS8/392:D24	대사:1C	1	止めたほうがいい{08}危険すぎる。	
C11095	SSS8/392:D3A	대사:1F	1	これだけ人がいるんだ、大丈夫だよ{09}別にたくさんいるわけじゃないだろ?	
C11096	SSS8/392:D68	대사:FD	1	よし!{03:03}大捜索といこうか!	
C11097	SSS8/392:D85	대사:1C	1	待ってくれ!{03:03}君達は腕に自信があるから\nいいかもしれないけど、僕とセリアは\n戦う事なんて出来ないよ!	
C11098	SSS8/392:DC7	대사:FD	1	じゃあ中で待ってればいいじゃないか。	
C11099	SSS8/392:DDF	대사:1C	1	すでに中に入り込んでいたら\nどうするんだ。	
C11100	SSS8/392:DFB	대사:1C	1	そのためにまず中を調べようと\n言ってるんだ。	
C11101	SSS8/392:E1A	대사:19	1	　　わかった。{03:03}お客を危ない目に\nあわせるわけにはいかない。	
C11102	SSS8/392:E42	대사:19	1	すまなかった。アレク君{09}君の言う通りだ。	
C11103	SSS8/392:E5E	대사:1C	1	　　いえ、いいんです{09}じゃあ、行きましょう。	
C11104	SSS8/392:E87	안내:09	1	意外な所から事件は幕を閉じた。{03:08}	
C11105	SSS8/392:EA3	안내:08	1	ぼろぼろに泣きくずれながら{03:08}\n \n セリアは真相を語った。{03:08}	
C11106	SSS8/392:ECB	안내:09	1	ゴエモンは、彼女達の仲間だった。{03:08}	
C11107	SSS8/392:EE6	안내:08	1	屋根伝いにアレク達は部屋に入り{03:08}\n \n   殺害したというのだ。{03:08}	
C11108	SSS8/392:F16	안내:08	1	ヘマばかりやっている仲間を始末する{03:08}\n \n 目的と、完全な殺人を行う為に。{03:08}	
C11109	SSS8/392:F4E	안내:08	1	仲間に殺されるとも知らず{03:08}\n \nアレク達のアリバイ作りに{03:08}\n \n 協力してしまったのだ。{03:08}	
C11110	SSS8/392:F8B	안내:09	1	そして　　{03:03}	
C11111	SSS8/392:F98	안내:08	1	 自分達がザカンを発見したと言い {03:08}\n \n俺達に魔物が外にいると認識させる。{03:08}	
C11112	SSS8/392:FD2	안내:08	1	その後、ゴエモンの死体を発見させ{03:08}\n \n ザカンの存在を強く印象付ける。{03:08}	
C11113	SSS8/392:1008	안내:09	1	それだけのために仲間を殺害した。{03:08}	
C11114	SSS8/392:1022	안내:08	1	俺達の行動を宿屋の中に限定させ、{03:08}\n \n寝静まったあたりからひとりひとり{03:08}\n \n殺して行く予定だったという。{03:08}	
C11115	SSS8/392:106F	안내:09	1	しかし、一体なんのために?{03:08}	
C11116	SSS8/392:1084	안내:08	1	「この宿屋には財宝が隠してあるって {03:08}\n \n 聞いてたんですけど　　」{03:08}	
C11117	SSS8/392:10B8	안내:08	1	「　　またか。」{03:08}	
C11118	SSS8/392:10CA	안내:08	1	「どこから出たんだか、地下のザカンの{03:08}\n \n 封印が財宝の隠し場所になってるって{03:08}\n \n 噂があるんだよ。」{03:08}	
C11119	SSS8/392:1115	안내:08	1	「噂?               {03:08}\n \n 　　　本当に財宝はないんですか?」{03:08}	
C11120	SSS8/392:114E	안내:08	1	「財宝なんてあったら、宿屋をもっと {03:08}\n \n 大きく建て直してるよ」{03:08}	
C11121	SSS8/392:1180	안내:09	1	「　そ、そんなあ!」         {03:08}	
C11122	SSS8/392:119E	안내:08	1	「じゃあ、もしかして私達の作戦通りに{03:08}\n \n 事が運んでも最後には　　」{03:08}	
C11123	SSS8/392:11D6	안내:08	1	「うむ、本物のザカンに襲われるのが {03:08}\n \n オチだろう。」{03:08}	
C11124	SSS8/392:1200	안내:08	1	「しかし、噂ひとつで殺人がおきて  {03:08}\n \n しまっては、笑ってもいられんな。」{03:08}	
C11125	SSS8/392:124A	안내:06	1	 　　　次の日　　　 {03:08}\n \n都では、武道会が開かれ{03:08}\n \n激戦がくりひろげられた{03:08}	
C11126	SSS8/392:129F	안내:08	1	関係者の予想を大きく裏切り{03:08}\n \n無名の女の子が、決勝戦に{03:08}\n \n勝ち上がった。{03:08}	
C11127	SSS8/392:12F9	대사:0B	1	レイカさん、がんばってー!	
C11128	SSS8/392:130A	대사:03	1	はじめ!	
C11129	SSS8/392:140B	대사:03	1	そこまで!{03:03}\n勝者レイカ!	
C11130	SSS8/392:1426	대사:FD	1	やったあ!	
C11131	SSS8/392:142F	대사:02	1	おめでとう!{03:03}レイカ!	
C11132	SSS8/392:144B	대사:01	1	ラルフ!	
C11133	SSS8/392:145B	대사:01	1	あたし、あたし、やったわ!	
C11134	SSS8/392:146C	대사:02	1	これで、僕達やっと　　	
C11135	SSS8/392:1492	안내:06	1	レイカは婚約者であるラルフとともに{03:08}\n \n優勝の感激を味わう間もなく、取材陣{03:08}\n \nの質問責めにあってしまった。{03:08}	
C11136	SSS8/392:14E3	안내:08	1	彼女は満面の笑みを浮かべ取材に答え{03:08}\n \nそのコメントの中で最後にこう言った。{03:08}	
C11137	SSS8/392:1520	안내:06	1	「宿屋「楼龍」に財宝があるって聞いて{03:08}\n \n 昨日行って見たんだけど、すでに泥棒{03:08}\n \n に取られちゃったんだって!」   {03:08}	
C11138	SSS8/392:157A	안내:08	1	「そんな泥棒、あたしだったら簡単に{03:08}\n \n こらしめてやったのに残念だわ!」{03:08}	
C11139	SSS8/392:15C9	안내:08	1	SCENARIO・MAP EDIT {03:03}\n \n \n \n   MASAKI KUROSAWA{03:09}	
C11140	SSS8/392:15FF	영문	1	MAIN PROGRAM      {03:03}\n \n \n \n   TADAKATSU OGURA{03:09}	
C11141	SSS8/392:1634	영문	1	SUB PROGRAM       {03:03}\n \n    AKIHIRO SUZUKI{03:03}\n \nSOUND DRIVER      {03:03}\n \n     ISAO WATANABE{03:09}	
C11142	SSS8/392:1693	영문	1	DEVICE            {03:03}\n \n       MOTOKI HIMI{03:03}\n \nAPPLICATION       {03:03}\n \n     NAOYUKI UKEDA{03:09}	
C11143	SSS8/392:16F2	영문	1	EFECT PROGRAM     {03:03}\n \n   NARIYA TAKEMURA{03:03}\n \nNAME ENTRY        {03:03}\n \n     TOMOKI MORITA{03:09}	
C11144	SSS8/392:1751	영문	1	CHARACTER EDIT    {03:03}\n \n \n \n        KAME ERIKA{03:09}	
C11145	SSS8/392:1786	영문	1	GRAPHIC ASSIST    {03:03}\n \n    AKIHIRO KABAYA{03:03}\n \n    KOJI SHINOZAKI{03:09}\n \n   KEIJI TAKAHASHI{03:03}	
C11146	SSS8/392:17E5	영문	1	GRAPHIC AUTHORING {03:03}\n \n \n \n     TAKUYA NAGAMI{03:09}	
C11147	SSS8/392:181A	영문	1	VISUAL            {03:03}\n \n \n \nSHINICHI SHIBAZAKI{03:09}	
C11148	SSS8/392:184F	영문	1	MUSIC             {03:03}\n \n   YASUNORI SHIONO{03:03}\n \n KATSUHIRO HAYASHI{03:03}\n \n    YUKIO NAKAJIMA{03:09}	
C11149	SSS8/392:18AE	영문	1	PUBLIC            {03:03}\n \n       N KASYAKUMA{03:03}\n \nPUBLIC ASSIST     {03:03}\n \n       MANABU SATO{03:09}	
C11150	SSS8/392:190D	영문	1	CHARACTER DESIGN  {03:03}\n \n      AKARI FUNATO{03:03}\n \nIMAGE ILLUSTRATION{03:03}\n \n     BERUNO OTSUKI{03:09}	
C11151	SSS8/392:196C	영문	1	CAST              {03:03}\n \n      SAKURA TANGE{03:03}\n \n      KENJI UTSUMI{03:09}	
C11152	SSS8/392:19B4	영문	1	CAST              {03:03}\n \n       YUSAKU YARA{03:03}\n \n     YUKO MIZUTANI{03:03}\n \n         YUMI TOMA{03:09}	
C11153	SSS8/392:1A13	영문	1	CAST              {03:03}\n \n    MASAYA ONOZAKA{03:03}\n \n    RYOTARO OKIAYU{03:03}\n \n        SYO HAYAMI{03:09}	
C11154	SSS8/392:1A72	영문	1	CAST              {03:03}\n \n     YUKO SUMITOMO{03:03}\n \n    CHIHARU TEDUKA{03:09}	
C11155	SSS9/005:66	글	1	この仙獣界では私みたいな皮肉屋は\n異端者なんですよ。{p}そんなつもりは全然ないのに\nケンカを売っていると\n思われるんですよね。{p}これでも私は平和的な\n日和見主義者だと\n思っているんですがねえ。{00}	
C11156	SSS9/005:125	대사:FD	1	あんなのが政治家なんだったら\n俺なんか皇帝陸下ができるよ。{p}そうでしょう\nそうでしょう。{p}やってみてはいかがですか?	
C11157	SSS9/005:1CA	글	1	お手伝いさせていただきますよ。	
C11158	SSS9/005:257	대사:FD	1	えええっ!?{p}仕方ありませんね\nあなたにその気がないのでは{p}無理をいうわけにも\nいきませんから　　　	
C11159	SSS9/005:2CA	대사:FD	1	は、はい。{p}ほんとですね、きっとですよ{0A}さっそく準備にかかりましょう。{p}お手伝いさせていただきますよ。	
C11160	SSS9/005:33B	글	1	あたしたち姉妹もケンカ中よ。{00}	
C11161	SSS9/005:34E	글	1	あたし、緑の多い所が好き。{p}食べられる植物はもっと好き。{00}	
C11162	SSS9/005:3AB	글	1	話の分かる人ね!{p}食事を残さず食べる人じゃないと\nなかなか分からない味よね。{p}あたしあなたが村長さんになるの\n賛成よ。がんばってね!{00}	
C11163	SSS9/005:3FD	글	1	そうなの{07}ふーん　　　　{p}小さな事でもちゃんと自分の意見を\n言えるのってエラいわよね。{p}あたしあなたならこの国を\n一つにできると思うわ。{p}がんばってね!{00}	
C11164	SSS9/005:459	글	1	へーえ。{p}何でもしんちょうに答えるのね。{p}あなたならきっと誰からも信用される\nいい村長さんになれるわ。{p}がんばってね!{00}	
C11165	SSS9/005:49D	글	1	みんなあなたのうわさでもちきりよ\nこの有名人!{00}	
C11166	SSS9/005:4E3	대사:FD	1	ははは、よくいわれるんだ。{p}アタマは悪そうだけど。	
C11167	SSS9/005:523	글	1	ケンカってけっこう面白いのよね。{00}	
C11168	SSS9/005:537	글	1	あたし、人間界ってごみごみしていて\nいろんなにおいがして嫌い。{p}でもね、野菜のスープの\nいいにおいは大好きなの。{00}	
C11169	SSS9/005:57A	글	1	へびさんと何を話していたの?{p}うれしそうにおうちに帰ってったから。	
C11170	SSS9/005:5A2	대사:FD	1	まだないしょだよ。{p}村長さんになるんでしょ?	
C11171	SSS9/005:5BE	대사:FD	1	その先はないしょ。{00}	
C11172	SSS9/005:5CA	글	1	村長さん村長さん、{p}カミの短い女の子は好き? 嫌い?{p}今のうちにおしゃべりして\nおきたいの。{p}小屋に帰っちゃったら仕事で\nいそがしくなって会えなくなりそーう。	
C11173	SSS9/005:66B	대사:FD	1	どっちかというと短い髪がいいかな。{p}ほんとほんと?{p}ねえねえ、あたしぐらい?	
C11174	SSS9/005:699	대사:FD	1	どこまでが髪なんだろう　　　　	
C11175	SSS9/005:6B3	대사:FD	1	あ、ああ、　　まあね。{p}うふふっ。{00}	
C11176	SSS9/005:72E	대사:FD	1	髪の長さなんて関係ないよ{0A}その子に似合っていればいいのさ。{p}　　　　　　{p}そうね。でもね、そんな言い方\nしなくったって。	
C11177	SSS9/005:798	글	1	まずくはないのかも\nしれないけどさ、{p}そんなことがききたかったんじゃ\nないんだもん。{p}あたしの話をしてほしいのに。	
C11178	SSS9/005:7ED	대사:FD	1	君には関係ないよ。{p}あー、てれちゃってる{p}かわいいかわいい{09}今度たいぷを教えてね。	
C11179	SSS9/005:85A	글	1	あんまりくわしくは\n知らねえんだけどよ{p}人間のケンカって他人を巻き込んでまで\n命を取り合うって　　　{p}ほんとか?{p}ここの人間は普通のやつらで\n良かったなあ。{00}	
C11180	SSS9/005:924	글	1	俺と同じくらいの強さの相手だったら\nなぐり合いのケンカもいいもん\nなんだけどな{p}どっちかの気持ちを動かすためには\nどっちも同じ条件で勝負すんのさ。{p}相手の拳を受けるのがくだらない\nような勝負ならやめちまえってことさ。{00}	
C11181	SSS9/005:A05	글	1	あーははははは。{p}やめちゃったっつったって\n何が変わるわけでもなし{p}安心して帰んな{0A}蛇のこたあ気にすんなよ。{p}じゃあな。{00}	
C11182	SSS9/005:A5F	글	1	平和が一番でやんすよ。{p}怒るのなんてみっともないじゃあ\nないですか、ねえ。{00}	
C11183	SSS9/005:B87	글	1	おっす、おつかれっす{09}お帰りになるんでやしょ?{p}無理はよくないっすよ{0A}人間の場合は特にね。{p}元気が一番、ほなさいなら。{00}	
C11184	SSS9/005:BE5	글	1	俺が一番嫌いなのは自分の\n言ったことに責任を持たない奴だ。{00}	
C11185	SSS9/005:C0F	글	1	俺だってもともとは無口だった。{p}だが、やかましい奴らに文句を\n言ってるうちにこうなっちまった。{p}これじゃもう他人をやかましいなどと\n言えた立場じゃないからな。{p}もっと別なことに\n文句を言うようにしてる。{00}	
C11186	SSS9/005:C86	글	1	俺が一番嫌いなのは自分の\n言ったことに責任を持たない奴だ。{p}お前はそんな事はないだろうな。{00}	
C11187	SSS9/005:CC2	글	1	何だと?{p}お前に神殿の二人を説きふせるだけの\n実力があったというのか?{p}俺としてはどうも\nふに落ちないんでな。	
C11188	SSS9/005:D08	대사:FD	1	失礼しちゃうぜ、いまに俺様の\n神殿を見ておどろくなよこの野郎。{00}	
C11189	SSS9/005:D32	글	1	そうか、やっと分かった。{p}じゅうなんな思考、つまり\nりん機応変さの重要性が。	
C11190	SSS9/005:D65	대사:FD	1	　　　　　{p}いやみか?{00}	
C11191	SSS9/006:AF	글	1	姫ぎみには恩義があるゆえ　　{p}姫ぎみに敵対する者はすなわち\n拙者の敵と見なす。{p}勝負を挑まれたら正々堂々\n戦う覚悟でござる。{00}	
C11192	SSS9/006:106	글	1	個性というものはまわりとの\n調和の中で初めて価値を持つ。{p}姫ぎみの御主張はけっして調和を\n乱してはござらぬ。{p}まさかとは思うが{p}おぬしは単なるわがままかどうかも\n区別できぬのではなかろうな。{00}	
C11193	SSS9/006:17B	글	1	拙者のように忠誠をちかえる\n主君を持てた者は{p}幸福なのかもしれぬ。{p}そうまでに値する主君というものに\nおぬし、なれるかな?{00}	
C11194	SSS9/006:1C7	글	1	まあよかろう。{p}きまぐれな人間よ、できることをやれ。{p}きまぐれさえも大事な要素だ。{00}	
C11195	SSS9/006:20D	글	1	この村の二つの神殿に住まう\n二人の統治者は両方とも人間だ。{p}人間というのは支配欲が\n強いらしいな。{p}まあ、私達と違って限りある時間を\nより良く生きたいからなのだろう。{p}世界の息吹きを助けるための\n努力であるのなら{p}正しいことだと思う。{00}	
C11196	SSS9/006:2A9	글	1	生きるものの「強さ」というのは\n他者への影響力の強さの事だ。{p}食物連鎖の観点から言うと生物は\nみな平等の強さを持っていると\nいうことになるだろう。{00}	
C11197	SSS9/006:30C	글	1	他者を食い、他者に食われ\n母より生まれ、土にかえる限り{p}世界には何一つとして\n卑下されてよい命などない。{p}しかし生物としての中に\n愛情と憎悪とが存在することと{p}それによって命をかけ合うことが\n結果として破壊力を競うことに\nなるという事実については・・{p}今の私には正しいと認めることは\nできない。{00}	
C11198	SSS9/006:3CB	글	1	迷うことこそ生きるものの\n生きる生き方だと言った人間がいたが{p}私自身の根本的な\n疑問の解決にはならない。{00}	
C11199	SSS9/006:48A	대사:FD	1	おもひてまなばざるは\nええと、{p}危うし、か。{p}ああ、気をつけよう。{00}	
C11200	SSS9/006:54A	글	1	空を悟るということは{p}虚無の道理を悟ること\nなんだそうです。{p}いえね、そこの\nさるじいさんが{p}孫悟空って方と知り合いだったって\nいうもんだから。{00}	
C11201	SSS9/006:5A1	글	1	虚無っていったい\n何なんでしょうね{p}ずうっと西の方の生物の住めない砂漠に{p}「虚無の四分の一」という名前が\nついてるそうです。{p}面白い言い方ですね。{00}	
C11202	SSS9/006:603	글	1	ゼロはいくら乗じても\nゼロなんでしょう?{p}ところで虚数って何なんですか?{p}私に分かるように説明しちゃあ\nもらえませんか?	
C11203	SSS9/006:6BD	대사:FD	1	かばってやることなんかないんだよ{09}あいつは修行が足んねえんだ。{p}というとあなたは修行のお手伝いを\nしていたんですか。	
C11204	SSS9/006:702	대사:FD	1	げええ、ちっ、ちがうちがう!{00}	
C11205	SSS9/006:74E	글	1	ヒツジの姉妹草が好き。{p}おいら草は好きじゃない。{00}	
C11206	SSS9/006:76E	글	1	おいしいもの好きだけど{0A}まずいもの捨てるのだめだめ。{p}姫さま魔法でまずいものおいしくする\nすごいすごい。{00}	
C11207	SSS9/006:81C	글	1	　　　　　{p}ひとはきもち、ちゃんという。{p}ちゃんとしゃべる。{p}　　　　　　{p}　　　　　ね。{00}	
C11208	SSS9/006:8F5	대사:FD	1	いやあ、別にシュミという\nほどでは　　	
C11209	SSS9/006:95B	글	1	そりゃあ、ぼくたちはケンカのことは\n放っといていますけど{p}ええと、{p}国政に関心がないわけでは\nありませんよ。{p}誤解しないでくださいね。{00}	
C11210	SSS9/006:9DC	글	1	どっちの言い分も\n分かるんですよね。{p}ええと、{p}進歩を願うか持続を願うか\n　　　え、{p}それがきっかけだったんじゃ\nないんですか?{00}	
C11211	SSS9/006:A5E	글	1	住み慣れた国へ帰るのですね{0A}正しい判断です。{p}また観光に来てください。{00}	
C11212	SSS9/006:AA2	글	1	ケンカはケンカでも{p}くちゲンカなんじゃから\nやらせとくのが良かろうよ。{p}わしゃあ正しい方の味方じゃ。{00}	
C11213	SSS9/006:ADB	글	1	この世界はうんざりするほど自由じゃ。{p}もう少し秩序正しくても\nよさそうなもんじゃ。{00}	
C11214	SSS9/006:B0E	글	1	神殿にいる二人もお前さんも{p}倫理だの人徳だのちゅう難しい事を\n言わんところは一緒じゃの。{00}	
C11215	SSS9/006:B69	대사:FD	1	分かるか分からんか\nやってみなけりゃ分からんぜ。{p}ふーむ、なるほど。{00}	
C11216	SSS9/007:B6	글	1	こんちわ!{p}この村には西に水辺の神殿が\n東に山林の神殿があるっす。{p}あ、ゆっときますけどね{p}おれっちはどっち派でも\nありませんよ。{00}	
C11217	SSS9/007:18E	글	1	いやあ、だんな{09}とうとうここの王様ですかい!{p}するとあそこの小屋に\nお住みになるんで?{p}たまに遊びにいっても\nいいっすかね?えへへ。{00}	
C11218	SSS9/007:499	글	1	仲間の中で\nやるべきことをやって{p}自分の身のほどを\nわきまえて{p}出来そうな事を成し遂げるために\n努力する。{p}自分も仲間も大事にする。{p}そのバランス調節こそ\n面白いのじゃ。{p}りんごの皮をどこまで薄く\nむけるかという事じゃな。{p}赤くならんように。{00}	
C11219	SSS9/007:530	글	1	他人の中では常に自分を学ぶことが\n出来るということじゃ。{p}人間の教えのうけうりじゃがな。{00}	
C11220	SSS9/007:65B	글	1	さるじい眠いと言ってた。{p}それからがおせっきょう本番。{p}面白いから聞く。{00}	
C11221	SSS9/007:688	글	1	神殿の人間も、お話得意。{p}みんなでよく聞く。{00}	
C11222	SSS9/007:8C6	대사:FD	1	それでこじれるなら\nこじれた方がいいじゃないか。{p}あらりょうじなんですねえ。	
C11223	SSS9/007:918	대사:FD	1	俺はただこの国を手に入れるだけだよ。	
C11224	SSS9/007:932	대사:FD	1	それがきっかけで誰がどうなろうと\n俺がとやかく言われたくはないね。{p}あなたはひょっとして{p}蛇さんに負けずおとらずの\n照れ屋さんなのでは?{00}	
C11225	SSS9/007:9B8	글	1	そもそもここで自然にしていられる\nあなたって人は{p}人間の中でも特殊な人なんですよね{0A}だったら人間らしくなくて当然だ。{p}いやなに{p}こんなにしゃべりやすいのも\nめずらしいんですよ{p}また来てください。{00}	
C11226	SSS9/007:B08	대사:FD	1	ちったあ会話しろよ、もう!{00}	
C11227	SSS9/007:B53	글	1	この世界には統治者が二人いて{p}その二人がこの村の東西に分かれて\nケンカを続けているということです。{p}いやはや、何とも{p}面白い話じゃありませんか。	
C11228	SSS9/007:C19	대사:FD	1	兄貴にはまいっちゃったぞぅ。{p}はーい{p}兄貴にはまいっちゃってて\nくださいな。	
C11229	SSS9/007:C50	글	1	いかがですか、調子の方は。{p}存分に活躍なさって下さいよ。{00}	
C11230	SSS9/007:C76	글	1	もう少し遊んでいったら\nどうですか?	
C11231	SSS9/007:CA7	대사:FD	1	エンリョしとくよ。	
C11232	SSS9/007:CB4	대사:FD	1	今度は君と、悪の教団の\n教祖にでもなるんだろ?{p}わあ、みごとな\n予知能力!!	
C11233	SSS9/015:21B	안내:08	1	どんな洞仙も蘇らす事が出来なかった\n \n    この龍脈を蘇らす事\n \n  それが今回の俺の仕事だった。	
C11234	SSS9/015:61C	대사:FD	1	一緒に世界一の仙窟を作ろう!{p}よーし、がんばるわよ。	
C11235	SSS9/015:6B0	대사:FD	1	うーん、しばらく考えさせて。{p}うん	
C11236	SSS9/015:6F6	대사:00	1	それから、池を渡れば宿屋に\n行けるよ。{00}	
C11237	SSS9/015:710	글	1	別に変わった事はないわ。{00}	
C11238	SSS9/016:AB	대사:00	1	時の潮が満ちるまで\n人間界にはつながりませんよ。	
C11239	SSS9/016:10B	대사:01	1	あなたはいつぞやの洞仙では!	
C11240	SSS9/016:11F	대사:FD	1	うわあ、やっぱり本人だ!	
C11241	SSS9/016:167	대사:FD	1	おいこらちょっと待てよ\n何て言った!?	
C11242	SSS9/016:181	대사:01	1	私をだますために魔物にあんな\nしおらしいことを言わせたんですね。	
C11243	SSS9/016:1B2	대사:FD	1	俺は、ここに来るのは\n初めてなんだぞ!	
C11244	SSS9/016:2BB	대사:FD	1	留守番、サンキュー。	
C11245	SSS9/016:2CC	대사:FD	1	早速だが作業を始めるぞ。	
C11246	SSS9/016:2FD	대사:03	1	お待ちください皇帝陸下。	
C11247	SSS9/016:318	대사:03	1	神殿のご建立も大切ですがその前に。	
C11248	SSS9/016:364	대사:03	1	新しく法律を作ってください。	
C11249	SSS9/016:398	대사:03	1	今までにない新しい統治というものを\nアピールしなければ	
C11250	SSS9/016:3BC	대사:03	1	政権をうばってまで皇帝陸下に\nなる意味がないじゃないですか。	
C11251	SSS9/016:3FC	대사:03	1	今までのものとどこがどのように\n違うのか、とか	
C11252	SSS9/016:419	대사:03	1	どんな問題点をどんな形で\n改善したのか、とか	
C11253	SSS9/016:44B	대사:03	1	どんなところがお得になったのか{0A}などということが　　	
C11254	SSS9/016:48C	대사:03	1	効果的にあらわれるように	
C11255	SSS9/016:4A6	대사:03	1	法律を作り変えていただきますよ{0A}聞いてますか!?	
C11256	SSS9/016:4E0	대사:03	1	作業にとりかかりましょう。	
C11257	SSS9/016:5C3	대사:FD	1	あのさあ、ワトソン君。	
C11258	SSS9/016:5E0	대사:FD	1	釣りにでも行かないか?	
C11259	SSS9/016:602	대사:FD	1	だいぶ前じゃあなかったかな。	
C11260	SSS9/016:615	대사:03	1	仕事はちっとも進んでませんよ?	
C11261	SSS9/016:64E	대사:03	1	次の仕事もつまって\nいるんですからね。	
C11262	SSS9/016:677	대사:03	1	税金の取り立てをてっていするために\n住民の調査を行って	
C11263	SSS9/016:6A2	대사:03	1	召喚中の仙獣への所得税率に\nついての見直しと　　　	
C11264	SSS9/016:6D7	대사:FD	1	なあんかそのへんいまいち良く\n分からないんだよな。	
C11265	SSS9/016:707	대사:FD	1	はあーい、仕事仕事。	
C11266	SSS9/016:737	대사:03	1	山道の整備や橋の建設の進行です。	
C11267	SSS9/016:8B0	대사:03	1	今なにかおっしゃいましたか{0A}皇帝陸下。	
C11268	SSS9/016:8DC	대사:FD	1	もとどおりねえちゃんとじいさんに\nこの国返す。	
C11269	SSS9/016:91C	대사:FD	1	政治家なんてやってられっか。	
C11270	SSS9/016:939	대사:03	1	せっかくのってたのになあ。	
C11271	SSS9/016:965	대사:03	1	ちぇっ、だったら　　　	
C11272	SSS9/016:977	대사:03	1	この家返してもらいますよ。	
C11273	SSS9/016:9C1	대사:FD	1	俺、そろそろ人間界に帰るわ。	
C11274	SSS9/016:9E2	대사:03	1	じゃあそのついでにでも水辺の神殿と\n山林の神殿によっていってくださいね。	
C11275	SSS9/016:A1E	대사:03	1	それじゃあお気をつけて。	
C11276	SSS9/016:A92	대사:04	1	知らないけど追いかけて来ていたの。	
C11277	SSS9/016:AB5	대사:04	1	そうそう、途中で\n大僧正さんに会ったわ。	
C11278	SSS9/016:B13	대사:04	1	人々をおびやかす邪悪な存在だ{0A}ですって。	
C11279	SSS9/016:B92	대사:04	1	さあ、帰りましょ!!	
C11280	SSS9/016:BB2	대사:FD	1	あーっ、今小屋の外で笑った奴\n誰だあああ!!!	
C11281	SSS9/016:BE7	대사:04	1	今度またわたしと一緒に遊びに\n来たときでいいでしょ、	
C11282	SSS9/016:C20	대사:04	1	ふかしてある肉まんがさめないうちに\n帰るったら帰る!	
C11283	SSS9/023:37	글	1	ここは水辺の神殿でございます。{p}姫さまは中にいらしゃいますわ。{00}	
C11284	SSS9/023:5E	글	1	姫さまにあこがれてるのは\n殿方たちだけではございませんのよ。{p}姫さまはどんなお方と\n話されるときでも{p}ご自身の態度を\n変えない方なの。{p}ご立派だと思いません?{00}	
C11285	SSS9/023:BE	글	1	あなたも態度の\n変わらない方ですのね{p}いつもひょうひょうと\nしてらして{p}図々しくても\nにくめませんわ。	
C11286	SSS9/023:114	글	1	ほんとに態度の変わらない\n方ですのね。{p}でもやっぱりにくめないという\nだけですけど。{00}	
C11287	SSS9/023:144	글	1	ものごとをご自分の意志で\nお決めになるのは大切ですわ。{p}　　勝手な人ね!{p}たとえこんなふうに\nののしられようともね。	
C11288	SSS9/024:8E	글	1	わたくしの神殿へようこそ\nおいでくださいました。{p}まさかとは思いますが　　{p}なんで神様をまつってないのに\n神殿なんて言うんだろう　　　{p}だなんて、思っていませんわよね。	
C11289	SSS9/024:F4	대사:FD	1	　　　　　{p}別にわたくし　　　{p}わたくしのことをあがめおがめ\nたてまつってもらいたいだなんて{p}思ってなんかおりませんでしてよ。	
C11290	SSS9/024:141	대사:FD	1	そ、そうですかい。{p}そもそもですね、{p}おじいさまが言い出したこと\nなんですのよ。	
C11291	SSS9/024:16F	대사:FD	1	はあ。{p}おじいさまがね{p}スウコウでゲンシュクな雰囲気\nといったら「神殿」しかないじゃろう{p}　　だ、なーんて\nおっしゃるものだから。	
C11292	SSS9/024:1BD	대사:FD	1	ふーん　　　{p}それなのにおじいさまご本人は\nちっともスウコウでもゲンシュクでも\nないんですもの。{p}いつからあんなふうに\nちゃらんぽらんになって\nしまったのかしら。	
C11293	SSS9/024:217	대사:FD	1	ちゃらんぽらんねえ　　。{p}わたくしには、あんなにうるさく\n行儀作法をしつけておいて{p}ご自分だっておりんごをまるのまま\nかじっておいでだったわ。	
C11294	SSS9/024:26A	대사:FD	1	ご自分、だって、って　　　	
C11295	SSS9/024:29E	대사:FD	1	そりゃあ、ちょっと\n注意したくなるぞ。{p}どうしてですの?{p}サベツじゃありませんこと!?	
C11296	SSS9/024:2FD	대사:FD	1	男と女にゃ向き不向きが\nあるだろが!!{p}女にだってりんごは\nかじれますわ!	
C11297	SSS9/024:34F	대사:FD	1	美人なねえちゃんはそんなこと\nしちゃだめだって!!{p}　　　　　{p}むーーーー。	
C11298	SSS9/024:380	대사:FD	1	むくれたってダメ!	
C11299	SSS9/024:3B4	대사:FD	1	そうかいそうかい。{p}いいんですもの、今はそれなりに\n楽しくやっていますわ。	
C11300	SSS9/024:3DF	대사:FD	1	　　　　　そうかい。	
C11301	SSS9/024:40B	글	1	いいんですもの。{p}あやまるつもりは\nございませんわ。{p}わたくしの大事にしまっておいた\nケン玉だって{p}ご自分でだまって\n持ち出したくせに　　　	
C11302	SSS9/024:45F	대사:FD	1	ぐちぐち言ってんな!	
C11303	SSS9/024:46E	대사:FD	1	まったくしょうがねえ女だな。{00}	
C11304	SSS9/024:495	대사:FD	1	おい、ねえちゃん!{p}まあ!{p}どうなさったの、恐いお顔で。	
C11305	SSS9/024:500	대사:FD	1	勝ったら俺がこの国の\n皇帝陸下になる!!{p}　　　　まあ!!{p}　　　　　{p}　　　　　{p}わたくし何かお気に触るようなこと\nいたしまして?	
C11306	SSS9/024:573	대사:FD	1	ただ、俺がたまたま欲しいものは\n自分で勝ち取りたがる奴だったのさ。{p}　　　　　{p}わたくしこれ以上ほかの方と\nケンカなんかしたくありませんわ。	
C11307	SSS9/024:5CC	대사:FD	1	えーっ、そんなあ。	
C11308	SSS9/024:658	대사:FD	1	ホントだね、やった!!	
C11309	SSS9/024:6A0	대사:FD	1	君に代わってこの国を統一して\n皇帝陸下になるんだ。	
C11310	SSS9/024:705	대사:FD	1	うん、仕方ないね。{p}ここにいる者たちに力くらべで\n勝っていただきますわ。	
C11311	SSS9/024:732	대사:FD	1	んえ?{p}闘っていただきます。{p}んえ?　　　じゃありませんわ。	
C11312	SSS9/024:77A	대사:FD	1	うひゃー、手厳しい　　	
C11313	SSS9/024:7F1	대사:FD	1	邪魔はさせないぜ、お前は\nゆっくり隠居してな。{p}　　　　　{p}　　　　　{p}ここにいる者たちの安全を\n保証してくださるのでしたら、{p}いいですわ、やってごらんなさいな。	
C11314	SSS9/024:8DB	글	1	おじいさまには乱暴なことを\nなさらないで。{p}怒りましてよ。	
C11315	SSS9/024:968	글	1	人間界にお戻りに\nなられるんですってね。{p}　　　　　{p}結局おじいさまとはケンカを\n続けることになりましたの。{p}いろいろとお世話に\nなっておりながら{p}そろってごあいさつもできなくて\n申し訳ないのですけど{p}あの　　どうかお身体に\n気をつけて　　　	
C11316	SSS9/024:A11	대사:FD	1	いつもみたいにつっかかって\n来てくれないとさ、	
C11317	SSS9/024:A2D	대사:FD	1	なんだか照れくさくって\nしゃべれなくなっちゃうな。{p}ええ、それはわたくしも\n同じなんです。{p}ほほ。	
C11318	SSS9/024:A8E	글	1	姫ぎみはとても\nむくなお方にあらせられる。{p}ご発言には気をつけられたし所存。{00}	
C11319	SSS9/024:ABD	글	1	人間には人間の作法というものも\nあろうがな{p}おぬしにいましめられても\nいまひとつ納得ゆかぬ。{00}	
C11320	SSS9/024:B31	대사:FD	1	お前ら、過保護だぞ。{p}　　　　　{p}おぬしがぶしつけ過ぎるので\nあろうが!!	
C11321	SSS9/024:B97	대사:FD	1	相手に先を読まれないための\n手段だよ。{p}　　　またしても\nいいかげんなことを　　　	
C11322	SSS9/024:BD7	글	1	むう、{p}最後までおぬしはわけのわからん\n御人であった。{00}	
C11323	SSS9/024:C48	글	1	山林の神殿の御老人のようすは\nいかがであろうか。{p}いつだったか将棋の\n勝負をいたしてな、{p}白熱したものだった。{00}	
C11324	SSS9/024:C8E	글	1	よくここに参られるな{0A}まめなことだ。{p}人間はせっかちで\nあるからな。{p}食休みぐらいはお取りなされた方が\n良かろうと思うが。{00}	
C11325	SSS9/024:CD6	글	1	はっはっは。{p}見かけによらず度胸のある\n方ではないか。{p}これからが楽しみだな。{00}	
C11326	SSS9/024:D04	글	1	姫ぎみのお話し相手が\nいなくなられるのは\n残念ではあるが{p}おぬしのことだ、{p}また気まぐれで\n来られることもあろう。{p}達者で行かれよ。{00}	
C11327	SSS9/024:D68	글	1	　　　　　{p}水、{p}みなもとをあらわす。{p}清きもの。{00}	
C11328	SSS9/024:D99	글	1	我、戦う、己がため{p}姫、己が心臓、己がため守る。{00}	
C11329	SSS9/024:DBC	글	1	水、山、静の教え。心、同じ行方{09}国、元々一つ。	
C11330	SSS9/024:DE3	대사:FD	1	何が言いたい、この野郎。{00}	
C11331	SSS9/024:DF5	글	1	貴様、静の心似合わぬ。{p}立ち去れ。	
C11332	SSS9/024:E12	대사:FD	1	この野郎、生意気な奴め!{00}	
C11333	SSS9/024:E3B	글	1	ヒメサマオリョウリオトクイ。{p}ヤサシイオアジ。{p}デモ{p}シャベルコトカラクチ。{00}	
C11334	SSS9/024:E65	글	1	ヒメサマオサイホウハ\nチョットダメ。{p}コノマエレンシュウシテタ、{p}ンン、ナサッテタ。{00}	
C11335	SSS9/024:E92	글	1	アナタハヒメサマイジメル?	
C11336	SSS9/024:EA3	대사:FD	1	いじめてないない。{00}	
C11337	SSS9/024:EAE	글	1	オレモットシャベレルナリタイ。{p}ヒメサマコエスキ。	
C11338	SSS9/024:ECC	대사:FD	1	がんばれ、なかなかうまいぞ。	
C11339	SSS9/024:EFA	글	1	どのくらい昔だったか\n覚えていないんですけど{p}お姫さんがね、{p}もっと明るくてきれいな台所に\nしたかったって大騒ぎしちゃって。{p}じいさん困ってましたよ。{00}	
C11340	SSS9/024:F50	글	1	このまえ、いつだったか\nミミズが入ってきてねえ{p}大騒ぎしちゃって。{p}私のことじゃありませんよ。{00}	
C11341	SSS9/024:F85	글	1	いやあまったく珠ころがすかのような\nすずやかな声で{p}　　笑ってくださるうちは\nいいんですがねえ、{p}おこられちゃったりねええ{09}いやあ、こわいんだから!{00}	
C11342	SSS9/024:FD6	글	1	私は面白おかしく生きる主義です。{p}なんなら苦しみだって\n楽しんでみせますよ。{p}人間の方々によろしくお伝え願います{0A}絶望なんて時間の無駄だ、と。{00}	
C11343	SSS9/024:1086	대사:01	1	あなたの強さはここにいる\n皆が認めます。	
C11344	SSS9/024:10A1	대사:01	1	どうかこの国をよろしく\nお願いいたします。	
C11345	SSS9/029:3E	글	1	ぴ、ピ。{p}ココ、サンリンノシンデン。{p}おじいさんノシンデン。{00}	
C11346	SSS9/029:61	글	1	おじいさんハうたヲオシエテ\nクダサイマス{p}ことばハムズカシクテモ\nしらべナラダイジョウブ。{00}	
C11347	SSS9/029:93	글	1	はなみずきノサクコロト{p}さるすべりノサクコロデハ{p}ドチラガオスキ{07}ドチラモオスキ?{00}	
C11348	SSS9/029:C1	글	1	ムカシムカシアルところニ{p}おじいさんトおひめさまガ。{00}	
C11349	SSS9/029:DD	글	1	ツギノせかいガミエテイルノ?{p}ミエナクテモユクノ{07}ナニガキコエルノ?{00}	
C11350	SSS9/029:116	글	1	ピ、ぴ{p}ここ、さんりんのしんでん。{p}オジイサンのしんでん。{00}	
C11351	SSS9/029:136	글	1	「こたえるためではなく\nうたうべきことがあるから」\nトリはうたう。{p}オヒメサマにきかせてあげたい\nワタシたちみんな{00}	
C11352	SSS9/029:1C0	글	1	つたえてね、だれかに{09}とんでるときは\nきづかなかったこと{p}こもれびはちいさな\nたいようのかたち。{p}おさんぽのすばらしさ。{00}	
C11353	SSS9/030:72	글	1	山林の神殿に\nようこそいらっしゃった。{p}人間界の様子はどうじゃね。{p}んー?	
C11354	SSS9/030:AB	대사:FD	1	どうっていわれてもなあ{p}ああ、いやいや\nええんじゃ、ええんじゃ。{p}相変わらずなら\nええんじゃ、ええんじゃ。{p}んー。{p}んー?{p}何じゃおぬし、何かわしに\n聞きたいことでもあるんかな?	
C11355	SSS9/030:132	글	1	んーーーーーー。{p}わしがあの娘となあ\nケンカしとるのにはなあ{p}まあ、いくつか\nわけがあるんじゃのう。{p}んー、{p}直接の原因はなあ{p}お茶受けのおかしが栗まんじゅう\nじゃなかったからじゃった。{p}　　　いやいや、{p}わしがおっくうがってあんま機に\n座ったまましゃべっとったからかな。{p}んーで、{p}それからいろいろと作りたい法律が\nくいちがうことが分かってってなあ{p}　　　　　{p}始めにちゃんと約束したのになあ。{p}一緒にこの世界を治めていこうなって。{p}んー。{p}んまあ、いっか。{p}これはこれでなんとかなっとるし。{p}んなあ。{p}んなあ?{00}	
C11356	SSS9/030:253	글	1	んー?{p}昔　　　?{p}んにゃあ　　　{p}今とまあ似たような\nもんじゃったい。{p}　　　　　{p}わしが来たころもなあ{p}　　　　　{p}わしゃあ昔からここに\nおったしのう。{p}んー、ん。{00}	
C11357	SSS9/030:2DD	글	1	んー、{p}わしゃあちょっとは\n考えとるぞいよ、{p}もし仲直りをすることになったらな、{p}もしもの話じゃがなあ、{p}栗まんじゅうは自分で用意を\nするつもりじゃ。{p}ん。{p}んじゃがな、{p}あの娘はな、{p}怒ってるときもなかなか\n美人なんじゃい。{p}ん。{p}んじゃからな、{p}もうちっとだけケンカしとっても\nええかな、なんて{p}思ってみてしまうんじゃいな。{00}	
C11358	SSS9/030:458	대사:FD	1	やっほー、じいさん!{p}んんにゃ?{p}なんじゃらほい。	
C11359	SSS9/030:4B9	대사:FD	1	俺、皇帝陸下になってもいいかな?{p}ええぞい。	
C11360	SSS9/030:503	대사:FD	1	欲しいものがあるんだけどな!{p}そうかいそうかい。	
C11361	SSS9/030:539	대사:FD	1	いや、だから、じいさん。{p}ん?	
C11362	SSS9/030:54C	대사:FD	1	俺のお願い聞いてくんない?{p}んん。{p}きいとるぞいな。	
C11363	SSS9/030:575	대사:FD	1	この国の行政権が欲しいんだ。	
C11364	SSS9/030:59A	대사:FD	1	この国の行政権!{p}はーー。{p}ふむふむ。{p}お前ももう　　　{p}そんな物が欲しい年頃に\nなったかのう。	
C11365	SSS9/030:5DA	대사:FD	1	おいおいじいさん	
C11366	SSS9/030:5E6	대사:FD	1	俺たちこの前初めて\n会ったんだぜ?{p}ふー。	
C11367	SSS9/030:639	대사:FD	1	ほんとか、じいさん!{p}んああ。{p}大事にせい。	
C11368	SSS9/030:655	대사:FD	1	やったあ、ありがとう!!{p}なーになに、{p}ええんじゃ、ええんじゃ。{00}	
C11369	SSS9/030:698	대사:FD	1	この俺様に統治者の権限を\nよこすんだ!!{p}ひゅわわっ　　　	
C11370	SSS9/030:6C3	대사:FD	1	今日から俺様がこの仙獣界の\n皇帝陸下になるのだ!{p}し、しえええっ　　	
C11371	SSS9/030:781	대사:FD	1	あーほらよしよし。{p}んん、おお。	
C11372	SSS9/030:7B1	대사:FD	1	してやられたなあ。{p}んほっ。{p}いやいや、{p}わしはおまえがそんな悪い奴だなんて\n思っとらんかったからな。{p}いやいや、{p}なになに、{p}やさしい統治者が生まれるのなら\nわしゃあこの上なく嬉しいぞ。	
C11373	SSS9/030:84B	대사:FD	1	ほ、ほんとに俺皇帝陸下に\nなっちゃうよ!?{p}んー。{p}わしは許す{09}ここの者らが証人じゃ。	
C11374	SSS9/030:88D	글	1	さっきのなぞなぞの\n答えじゃが。{p}どちらの石像でもいい{0A}こう聞くんじゃ。{p}「この道が正しい道か?」ときかれたら\nあんたは「はい」と答えますか?{p}ってな。「はい」と言ったら\nそれが正しい道じゃ。{p}むずかしかったかの?{00}	
C11375	SSS9/030:911	글	1	あの娘とも話をつけなさったかい。{p}そうかいそうかい。{p}それではとうとう皇帝かいのう。{p}んー。{p}そうかいそうかい。{00}	
C11376	SSS9/030:94F	글	1	なんじゃあもう帰るのかあ、{p}つまらんなあ。	
C11377	SSS9/030:969	대사:FD	1	いろいろと楽しかったぜ\nじいさん。{p}また今度来るときは栗まんじゅうを\nもってこいなあ。	
C11378	SSS9/030:9C3	글	1	トリサントッテモウタガスキ{00}	
C11379	SSS9/030:9D2	글	1	アッタコトソレトモ{p}ナカッタコトナノカ{00}	
C11380	SSS9/030:9F5	글	1	ニシカラハ\nキイロガウマレタ{p}キタカラハクロガウマレタ\nホカニナニモナカッタ{00}	
C11381	SSS9/030:A47	글	1	そとにいるのはおねえさん{p}いちばんうえのおねえさん{00}	
C11382	SSS9/030:A62	글	1	おはなしにしようかな{p}それともねむってしまおうか{00}	
C11383	SSS9/030:A7C	글	1	ぎんのしずくふるふるまわりに{00}	
C11384	SSS9/030:A8C	글	1	はじまりはじまり\nひがしからはしろがうまれた{p}みなみからはあおがうまれた{00}	
C11385	SSS9/030:AE6	글	1	いちばんうえのおねえさん{p}いちばんうたがとくいとくい{00}	
C11386	SSS9/030:B02	글	1	このまえにじがおりてきた{p}おみずをのみにおりてきた{p}いつものつぼにおさけをいれたら\nにじはすっかりよっぱらい{00}	
C11387	SSS9/030:B7E	대사:FD	1	　　　??な、何で\nそんなこときくんだ?{p}ぴっぴぴっ。{00}	
C11388	SSS9/030:C04	대사:FD	1	がんばれ。{p}ホ、タルノーマタタ、キニモー\nニタウーキヨノ{00}	
C11389	SSS9/030:C49	대사:FD	1	なにそれ?	
C11390	SSS9/030:C52	대사:FD	1	どうしたんだよ\nお前　　　　。{p}ピュッツツーイ、ピイ。{00}	
C11391	SSS9/030:CCC	글	1	おじいちゃんがね{p}あたしに「かいちゅうどけい」を\nくれたのよ。{p}たからものよ。{00}	
C11392	SSS9/030:CF7	글	1	わすれちゃったのよ{p}おひめさまのすきな\nいこくのしんわを。{p}おもいだすまでは\nあえないんじゃないかな{00}	
C11393	SSS9/030:D2B	글	1	おじいちゃんによくあいにくるのに\nおはなしはきいていかないの?{p}もっといろんななぞなぞとか\nあるのにな。{00}	
C11394	SSS9/030:D61	글	1	おうさま、なぞなぞのこたえ\nわかった?{p}こたえをきいても\nわかんないわよね?{p}あんないいかたでいいくるめられたら\nたまんないわよねえ。{00}	
C11395	SSS9/062:130	검증필요	1	{03:63}{p}{04:6A}{p}{05:6F}{p}\nき{p}{07}せ{p}{08}て{p}{09}ね{p}{0A}へ{p}ゾあ{03:00}あ{03:39}{00}	
C11396	SSS9/062:72E	검증필요	1	』めヶゾ8{07}あマ{00}	
C11397	SSS9/062:7CF	검증필요	1	』めさゾャ{07}あマ{00}	
C11398	SSS9/062:15D1	대사:FD	1	さわらぬ神に、たたり無しだね!{00}	
C11399	SSS9/083:74	대사:00	1	やあ、あんたが洞仙かい?	
C11400	SSS9/083:8F	대사:FD	1	おまえは誰だ!!	
C11401	SSS9/083:C7	대사:00	1	知ってるさ。	
C11402	SSS9/083:D2	대사:00	1	賞金稼ぎで、君とこのダンジョンの\n噂を知らない奴はいないぜ!	
C11403	SSS9/083:FC	대사:00	1	俺達も、その噂を聞きつけて\nわざわざ来たってわけさ!	
C11404	SSS9/083:11F	대사:FD	1	俺達って?	
C11405	SSS9/083:12A	대사:00	1	シャスタやケブレスに\n勝ったんだって。	
C11406	SSS9/083:143	대사:00	1	それで、俺も手合わせして\nみたくなったんだ!!	
C11407	SSS9/083:301	안내:08	1	この世界に俺の本気を見せられる\n \n   相手がいるとはな。	
C11408	SSS9/083:5E9	대사:00	1	さあもう一度、戦おうぜ!!	
C11409	SSS9/083:60B	대사:00	1	今度は、さっきみたいには\nいかないぜ!	
C11410	SSS9/083:62B	대사:00	1	なかなかやるね!	
C11411	SSS9/083:64C	대사:FD	1	これでどうだ!!	
C11412	SSS9/083:6F2	대사:FD	1	最後の敵か　　　　	
C11413	SSS9/083:708	대사:FD	1	長かったな。	
C11414	SSS9/083:717	대사:FD	1	{05:01}が待って\nいるんだっけ!	
C11415	SSS9/083:769	대사:00	1	結構やるね!	
C11416	SSS9/327:13C2	대사:00	1	大地にエネルギーが満ちてる?	
C11417	SSS9/327:13D9	대사:00	1	ここは、死の大地じゃ\n無かったのか?	
C11418	SSS9/327:1477	대사:F9	1	中は、おもったより\nずいぶん広いんだな。	
C11419	SSS9/327:14A5	대사:F9	1	大地のエネルギーが大きくなってる{09}いったい、何が起きているんだ?	
C11420	SSS9/339:58	대사:FD	1	どこかな、ここは。	
C11421	SSS9/339:131	대사:FD	1	ああ、どうして分かった?{p}ぼくの姿を見ておどろかなかったじゃ\nないですか。	
C11422	SSS9/339:15D	대사:FD	1	あ、そっか。なるほどね。	
C11423	SSS9/339:16D	대사:FD	1	んで、ここはどこだい{07}洞天福国だよな?{p}残念でした。	
C11424	SSS9/339:191	대사:FD	1	違うの!?{p}ここは仙界、仙人や仙獣たちの\n住む国です。	
C11425	SSS9/339:201	대사:FD	1	へーえ。面白そうだ{0A}ちょっと見てまわろう。{p}いってらっしゃい\n気をつけて。{00}	
C11426	SSS9/339:257	대사:FD	1	君、ひょっとしてぽんたっていう\n名前じゃない?{p}知りませんよ、そんな\nたぬきみたいな名前。	
C11427	SSS9/339:295	글	1	あ、今は　　　{p}時の潮が引いちゃって人間界とは\nつながっていませんよ。{p}もう少し待っててくださいね。{00}	
C11428	SSS9/339:2D5	글	1	今は一番潮のひいてる時です。{p}　　あれ、ぼくひょっとして\n時のわかる奴?{00}	
C11429	SSS9/339:363	글	1	ここが仙獣界だという話は\nまわりにいる獣たちから\n聞きましたよ。{p}しかし、私がここに迷い込んだのは\n偶然ではありません。{p}冥想の最中にあなたのまとって\nいるような特殊な気を感じたので{p}それを追い続けてたどり着いたのが\nここだったのです。	
C11430	SSS9/339:401	대사:FD	1	俺の気は邪悪だってのか。{p}あなたの連れている獣たちは人々を\nおびやかす存在だと言っているのです。{p}ここの世界の獣たちは\n二人の人間の統治のもとで\n一見平和に暮らしていますが{p}それが私たち人間の目を\nあざむくためのいつわりだったら{p}私がそれを見極めて何らかの手を\nうたねばなりません。	
C11431	SSS9/339:4E2	대사:FD	1	お前がここに来ちまったことは\n百歩ゆずって許してやろう!	
C11432	SSS9/339:574	글	1	　　　　　分かりました。{p}あなたが正しいか私が正しいか{p}ここでしばらく見物させて\nもらいますよ。	
C11433	SSS9/339:5BA	글	1	魔物の存在は人々に\n許されてはならないのです{p}魔性に取りつかれた者の\nおろかであわれな精神は\n救う手だてなどないからです。{p}あなたはすでにおろかで\nあわれかもしれませんが、{p}そのおかげで魔物に利用されずに\nすんでいるのでしょう。{00}	
C11434	SSS9/339:641	글	1	私は今まで多くのさまよえる死者の\n御霊に道を指し示してきました。{p}それでも正しい道を理解できずに{0A}悪しき心にまどわされ続ける\n御霊に対しては　　{p}むしろ情けをかけるべきでは\nないのです。{p}悪しき心の増長ほど\n恐ろしい物はありません。{00}	
C11435	SSS9/339:6D4	글	1	混沌とは悟りうる\nものなのでしょうか?{p}もはやそんな次元でも\nないのでしょうか?{p}少なくともあなたは何も\n分かってはいないようですが。	
C11436	SSS9/339:7A0	대사:FD	1	ちょっとはハジを知れ。{00}	
C11437	SSS9/339:7D2	대사:FD	1	まあどっちにしろ俺が\n皇帝となったからには\n君はもはや国外追放だな。	
C11438	SSS9/339:883	글	1	ハジメまして。{p}あれ、マエにアイましたか?{00}	
C11439	SSS9/339:8CB	글	1	ソンチョウかわっても\nトキのシオまもる{p}オレたちヤクメヤクメ。{p}ミチシオもうすこし{09}ニオイする、ニオイちかい。{00}	
C11440	SSS9/339:91B	글	1	お待ちしておりました、ご主人様。	
C11441	SSS9/339:933	대사:FD	1	ご主人?{p}さようです、私が長い間待ち続けた\nこの家のあるじです。	
C11442	SSS9/339:95F	대사:FD	1	ここはお前の家だったのか。{p}ただ今からご主人様の\n家となります。	
C11443	SSS9/339:996	대사:FD	1	なんだか大げさに\nなってきてないか?{p}そんなことはありませんよ。{p}この世界の統治者となられるお方が\nホームレスでどうするんですか。	
C11444	SSS9/339:9E2	대사:FD	1	はあ。{p}地位が確立したあかつきには{p}ご自由に城を築かれては\nいかがでしょう。	
C11445	SSS9/339:A26	대사:FD	1	よっし分かった!	
C11446	SSS9/339:A33	대사:FD	1	この真下に俺の地下神殿を\n作って行こう。{p}ほほう、しゃれた神殿ですね。	
C11447	SSS9/339:A65	대사:FD	1	得意分野だからな。{p}ではそれを一つの目標として{0A}これからがんばって行きましょう。	
C11448	SSS9/339:B0D	글	1	人生なんてごっこあそびのような\nもんですよ。{p}がんばってなりきっててくださいな。{p}それにしても{p}あなたはホントに\n私の見込んだとおりの人でしたよ。{p}ハハハ。{00}	
C11449	SSS9/339:B96	글	1	ここは少し、蒸し暑いでしょう。{p}人間界の空気はここよりも\n乾いていて落ち着かないんです。{p}それには理由があるそうです。{p}人間は限りのある命のために\n多くの悲しみを生むものです。{p}その悲しみを風にのせて少しでも\n遠くへ忘れ去ろうとするのです。{p}大気はそのために動き続けていると\n考えられています。{p}それに比べて仙獣界には\n悲しみは風に乗せるほども\n無いということですね。{p}平穏で退屈な日々こうして\n物思いにふけっています。{00}	
C11450	SSS9/339:C99	글	1	あら、そうでした?{p}ここで暮らしていると思い出が\nごちゃごちゃになっちゃうんです。{00}	
C11451	SSS9/339:CC7	글	1	中の人とはお知り合いでしたか。	
C11452	SSS9/339:CDE	대사:FD	1	知らねえよ、奴の話はすんな。{p}あなたのことで、いろんな考えを\n聞かせていただきましたよ?	
C11453	SSS9/339:DAE	글	1	もし帰るつもりがあるのでしたら{p}人間界での思い出を\n大事にしていてくださいね{p}忘れてしまっては\nちゃんと帰れなくなりますよ。{00}	
C11454	SSS9/339:DF8	글	1	それでしたら心配いりませんね。{p}　　　　　あなた達のような人は\nきっと　　　{p}きっと悲しみとだって上手に\nつき合っていけるのでしょうね。{00}	
C11455	SSS9/339:E4E	글	1	どうしたのです?いきなり村長さんに\nなってしまうなんて。	
C11456	SSS9/339:E70	대사:FD	1	変かなあ?{p}いいえ、そんなことありませんけど{09}ちょっとおどろきましたよ。{00}	
C11457	SSS9/339:EA7	대사:FD	1	結局ね。{p}大切な人がお待ちでしょう?	
C11458	SSS9/339:EC3	대사:FD	1	へ?{p}さびしがらせてはだめですよ。	
C11459	SSS9/339:10B5	글	1	聞いたぜ!!{p}やるじゃねえか、皇帝さんよ!	
C11460	SSS9/339:10D1	대사:FD	1	いやあ、まあね。{00}	
C11461	SSS9/339:10DB	글	1	なんだかお前って始めから\n俺達の中にとけこんでたよな。{p}な、召喚の約束よろしく頼むよ。{p}　　と言ってもお前ってなんだか\n忘れっぽそうだな。{00}	
C11462	SSS9/339:11BD	글	1	こんにちは{p}あ、それ以上言わせないで。{p}きっとあなたに\nやつ当たりしちゃう。{00}	
C11463	SSS9/339:1229	글	1	今日もいいお天気ね。{p}えっとね、{p}あたしの良く分からない話を{p}毎回聞いててくれて\nありがとうね。{00}	
C11464	SSS9/339:127A	글	1	姫はかわいいよなあ。{p}顔が、じゃなくて性格が。{00}	
C11465	SSS9/339:1297	글	1	考えてみりゃあ不思議なもんだ、{p}一匹狼のこの俺がこんなところで\n暮らしちまってら。{00}	
C11466	SSS9/339:12CB	글	1	お前、姫には興味ないの?	
C11467	SSS9/339:12FF	대사:FD	1	そうかな?{p}ま、いいけどね!{p}俺はただのおっかけなんだし。{p}ははは。{00}	
C11468	SSS9/339:1324	글	1	なーんなんだよ、お前は!!{p}かき回しといて\nさっさとおさらばかよ!{p}面白かったぜ、またこいよ。	
C11469	SSS9/399:52D	안내:08	1	これで洞仙{05:00}の話を{03:03}\n \n ひとまず終わる事にします。{03:08}	
C11470	SSS9/399:557	안내:06	1	 この後、{05:00}と、{03:03}\n \n   {05:01}は{03:03}\n \n  各地を転々と渡り歩き、{03:08}	
C11471	SSS9/399:58C	안내:08	1	大地に緑を取り戻していった{03:03}\n \n   という事です。{03:08}	
C11472	SSS9/399:5B6	안내:08	1	それは、決して簡単な事では{03:03}\n \n  ありませんでした。{03:08}	
C11473	SSS9/399:5DF	안내:08	1	草木がまったく育たない不毛の地や{03:03}\n \n  手強い妖獣との死闘など　{03:08}	
C11474	SSS10/000:169	글	1	デバッグ\nボス面\nともきチェック\nエンディング	
C11475	SSS10/000:1B1	글	1	NEXT\nボス1（鳥）\nボス2（カメ）\nボス3（ラスボス）クリアすると終わるよ!	
C11476	SSS10/000:1EC	글	1	RET\nボス4（猿）\nボス5（魔法じじい）\n弱いボス	
C11477	SSS10/000:29C	검증필요	1	次\n黒神窟\n盟友逆心窟\n天華彩彩窟{00}	
C11478	SSS10/000:2C7	검증필요	1	次\n三天洞\n華仙窟\n玄武神仙窟{00}	
C11479	SSS10/000:334	글	1	次\n1レクチャー終了\n2最初の龍に負ける{09}2最初の龍に勝利する。	
C11480	SSS10/000:36C	글	1	次\n3たまご大僧正と戦う{09}3たまご割りボスと戦う{09}3たまご育てる。	
C11481	SSS10/000:3A2	글	1	次\n4貴人之憂王を倒す\n4貴人之憂将棋おち\n5大地の樹復活	
C11482	SSS10/000:3DD	글	1	次\n5大地の樹死亡\n6封印の門イザナギ\n6封印の門時1	
C11483	SSS10/000:411	글	1	次\n6封印の門時2\n6封印の門時3\n6封印の門ボスと戦う	
C11484	SSS10/000:447	글	1	次\n7因果応報バッドエンド\n7因果応報グッドエンド\n8土功の怪ハッピー	
C11485	SSS10/000:488	글	1	次\n8土功の怪バッド\n9八面鏡仙窟で倒す{09}9八面鏡直接倒す。	
C11486	SSS10/000:4C4	글	1	次\n10最後の仙窟\n11狂気ヒロインにあきられる\n11狂気ハッピーエンド	
C11487	SSS10/000:4FF	글	1	次\n11狂気ヒロイン殺される\n11狂気VSザカン戦で負ける\n11狂気VSザカン戦で勝つ	
C11488	SSS10/000:542	글	1	次\n12仙獣界の皇帝\n13ボス面Aパート\n13ボス面Bパート{00}	
C11489	SSS10/062:8BA	검증필요	1	』めさゾミ{08}あマ{00}	
C11490	SSS10/077:95	글	1	ここは、魂の修行の場　　{p}あなたは、今まで出会った事も無い\n強敵に出会うでしょう。	
C11491	SSS10/077:1C1	글	1	箱の中には、使いなれた武器が入っています{09}ひとつだけ選んで使って下さい{p}フフフ{00}	
C11492	SSS10/077:1FE	글	1	ここは、魂の修行の場じゃ!{p}綜ての技を駆使して戦うがいい	
C11493	SSS10/077:316	글	1	その箱の中には、それぞれ道具が入っておる{09}ひとつしか使えんからそのつもりでな。{p}まあがんばってみるがいい　　	
C11494	SSS10/077:361	대사:01	1	準備はよいな!	
C11495	SSS10/077:4D4	대사:02	1	それでは、行きますよ	
C11496	SSS10/077:648	글	1	もういちど挑戦!{08}断念	
C11497	SSS10/088:80	글	1	これで「カオスシード」の物語は、おしまいです{09} \n  ながいながいあいだ、本当にありがとう。	
C11498	SSS10/088:E0	글	1	ガ瞬{00}	
C11499	SSS10/088:104	글	1	ガ杵{00}	
C11500	SSS10/088:135	글	1	Cあァ{A}{p}ガ{16}ャ{00}	
C11501	SSS10/088:147	글	1	Cあゥ{A}{p}ガ{15}ャ{00}	
C11502	SSS10/088:15E	글	1	ガ試{00}	
C11503	SSS10/088:194	글	1	ガ{14}ャ{00}	
C11504	SSS10/442:89	글	1	よく来た!永遠の扉を開く者よ!{p}真の戦いは、ここからだ　　	
C11505	SSS10/442:B9	글	1	よく来ました洞仙。{p}ここは最後の修行の場{p}あなたの全てが試されるでしょう。	
C11506	SSS10/442:F1	글	1	よく来たな!{p}ここは、すべての終わりにて\nすべての始まりの修行場。{p}綜ての力をもって、挑むがいい!	
C11507	SSS10/442:134	글	1	ここは永遠の修行場の入り口{p}「永遠洞」極めた物は、誰もいない\n修行の場　　{p}あなたの全てをもって挑みなさい。	
C11508	SSS10/442:189	글	1	ここは、始まりと終わりの修行の場{p}身につけた全てを使い戦い抜きなさい。	
C11509	SSS10/442:1BE	대사:FD	1	楽勝ですよ!	
C11510	SSS11/208:D7	안내:02	1	扉はかたく封印されている　　	
C11511	SSS11/208:F0	대사:FD	1	こりゃ、解封呪を使わないと話に\nならないな　　まずは、龍穴炉を\n一杯にするのが先決ってことか。	
C11512	SSS11/208:16F	검증필요	1	これが大聖樹の一部{07}信じられないよな　　{00}	
C11513	SSS11/208:196	글	1	Qグイ{p}Jグ{B}{14}{Y}■MU{p}な{11}■{0B}ヌ{p}{00}	
C11514	SSS11/208:1F4	대사:FD	1	何だ、この感じ　　	
C11515	SSS11/208:20D	대사:FE	1	何かいるの?	
C11516	SSS11/208:22C	대사:FD	1	わからない　　	
C11517	SSS11/208:239	대사:FD	1	とにかく用心しよう。	
C11518	SSS11/208:250	검증필요	1	ぱゼぱゾ!ゴつ{00}	
C11519	SSS11/230:A9	대사:11	1	おじさん{00}	
C11520	SSS11/239:58	검증필요	1	龍穴炉に振り込む\nエンディング\nボス面エンディング1\nボス面エンディング2	
C11521	SSS11/239:345	대사:FE	2	ねぇ、{05:00}。	
C11522	SSS11/239:34F	대사:FE	1	それより新しく出来た階段部屋\nの方が気にならない?	
C11523	SSS11/239:378	대사:FD	2	そうだな。	
C11524	SSS11/239:381	대사:FD	1	そっちを先に\nあたってみるか。	
C11525	SSS11/246:52	검증필요	1	次へ\nかれだいち\nよみがえりだいち\n大聖樹	
C11526	SSS11/246:77	검증필요	1	{p}次へ\nイザナギ\n雷漢\n天転	
C11527	SSS11/246:92	검증필요	1	 {p}ー{p}{p}戻る\n玲蘭\n老師の家\n大聖樹本体	
C11528	SSS11/352:79	글	1	{05:00}がこの世界に飛ばされてから\n \nすでに数年の年月が流れていた	
C11529	SSS11/352:D1	대사:FD	1	元の世界に戻れる方法を\n知ってる人がいる{03:01}　{03:01}　{03:01}　って。	
C11530	SSS11/352:105	대사:FD	1	その話は本当ですか?	
C11531	SSS11/352:118	대사:21	1	ま、人じゃないんだがな。	
C11532	SSS11/352:141	대사:21	1	じゃが、いかんせん\n昔の話じゃし　　	
C11533	SSS11/352:165	대사:21	1	何より、それが本当か\nどうか良く知らん。	
C11534	SSS11/352:187	대사:FD	1	それでも構いません!	
C11535	SSS11/352:1C0	대사:FD	1	お願いです{08}教えてください!	
C11536	SSS11/352:1F7	대사:21	1	うーーーむ。	
C11537	SSS11/352:203	대사:21	1	ま、えぇじゃろ。	
C11538	SSS11/352:22C	대사:21	1	なんでも、大聖樹っちゅぅ樹が\n生えとるらしいんだが　　	
C11539	SSS11/352:280	검증필요	1	（ズ\nづズ{00}	
C11540	SSS11/352:2CD	대사:00	1	{05:00}様　　	
C11541	SSS11/352:2E3	대사:00	1	出て行っちゃうのかな。	
C11542	SSS11/352:32D	대사:01	1	大聖樹は、ここから東に300里\nほどの南龍という土地にある。	
C11543	SSS11/352:371	대사:01	1	まぁ、行けば場所はわかるじゃろ。	
C11544	SSS11/352:3B1	대사:FD	1	長い間お世話になりました。	
C11545	SSS11/352:3C6	대사:01	1	名残おしいのぉ。	
C11546	SSS11/352:3E7	대사:00	1	{05:00}様\n行っちゃうの?	
C11547	SSS11/352:3FB	대사:FD	1	俺は、どうしても元の\n世界に戻りたいんだ。	
C11548	SSS11/352:436	대사:00	1	わかった　　	
C11549	SSS11/352:44C	대사:FD	1	老師を頼むよ。	
C11550	SSS11/352:496	대사:00	1	はいっ。	
C11551	SSS11/352:52C	대사:01	1	元の世界に戻れんかったら{0A}遠りょせずに戻ってくるんじゃぞ。	
C11552	SSS11/352:5BD	대사:FD	1	老師の話によると、この\n辺りのはずなんだけど　　	
C11553	SSS11/352:5FF	대사:FD	1	にしても風水が\n悪いっていうか　　	
C11554	SSS11/352:62A	대사:FD	1	大地が死にかけてるよな。	
C11555	SSS11/352:656	대사:FD	1	すいません　　	
C11556	SSS11/352:677	대사:FD	1	大聖樹ってご存じですか?	
C11557	SSS11/352:68B	대사:02	1	大聖樹?	
C11558	SSS11/352:69F	대사:02	3	あぁ!	
C11559	SSS11/352:6BC	대사:02	1	それだったら、西の\n方に生えとるだよ	
C11560	SSS11/352:6DA	대사:02	1	だが、ここんとこ急に\n土地がやせちまって　　	
C11561	SSS11/352:6F9	대사:02	1	今にも枯れちまいそうだがな。	
C11562	SSS11/352:717	대사:FD	1	枯れそう?	
C11563	SSS11/352:735	대사:02	1	まぁ、行ってみなって。	
C11564	SSS11/352:74A	대사:FD	1	言われなくても!	
C11565	SSS11/352:77D	대사:FD	1	これが、大聖樹　　	
C11566	SSS11/352:794	대사:FD	1	おーい!大聖樹さんよぉ!	
C11567	SSS11/352:7D6	안내:0A	1	なに　　よ　　うだ?	
C11568	SSS11/352:7EA	대사:FD	1	あんたが、大聖樹か?	
C11569	SSS11/352:7FD	안내:0A	1	私か　　	
C11570	SSS11/352:80C	안내:0A	1	確かに、私は大聖樹だ。	
C11571	SSS11/352:827	대사:FD	1	俺は、天封呪で飛ばされて来たんだ{08}元の世界に戻る方法を教えて欲しい!	
C11572	SSS11/352:86A	안내:0A	1	テンフウジュ　　	
C11573	SSS11/352:87F	대사:FD	1	師匠であり、恩人でもある三界老師に\nあんたなら知ってると教えられた!	
C11574	SSS11/352:8D7	대사:FD	1	もし、知っているなら\n教えてくれないか!?	
C11575	SSS11/352:8F4	안내:0A	1	三界老師　　おぬし洞仙か?	
C11576	SSS11/352:91B	안내:0A	1	大地　　大地を蘇らせて欲しい．	
C11577	SSS11/352:93E	대사:FD	1	おやすい御用さ!	
C11578	SSS11/352:94E	안내:0A	1	ワシに残された時間は短い　　\n \nとに　　かく、早く大　地　を　　	
C11579	SSS11/352:A13	대사:FD	2	いくぜ!今必殺の!	
C11580	SSS11/353:4B	대사:03	1	だから、この世界に\n飛ばされて来たのはぁ　　	
C11581	SSS11/353:6E	대사:04	1	仙窟だって言うんでしょ!?	
C11582	SSS11/353:8B	대사:03	1	そ、そうよ　　	
C11583	SSS11/353:9D	대사:03	1	仙窟が謎を解く\nキーワードなのよ。	
C11584	SSS11/353:BD	대사:04	1	仙窟、仙窟って言うけどね!	
C11585	SSS11/353:108	대사:04	1	え～～～っと。	
C11586	SSS11/353:134	대사:04	1	え～と　{03:01}　{03:01}　	
C11587	SSS11/353:19C	대사:03	1	天封呪!	
C11588	SSS11/353:1B4	대사:04	1	そう!	
C11589	SSS11/353:1E3	대사:04	1	そんな呪文聞いた\nこともないわよ!	
C11590	SSS11/353:207	대사:03	1	誰も知らないって言うからワザワザ\nあなたを雇ったんじゃないの!!	
C11591	SSS11/353:253	대사:04	1	あーあ、こんなややこしい仕事\nひきうけるんじゃなかったわ。	
C11592	SSS11/353:27D	대사:03	1	とにかく!!	
C11593	SSS11/353:291	대사:03	1	元の世界に戻れる方法を探す{08}ってのが契約だからね!	
C11594	SSS11/353:2CE	대사:04	1	面倒だから、死後の世界にでも\n送ってさしあげようかしら。	
C11595	SSS11/353:301	대사:03	1	あら、送られるのは\nどっちかしら?	
C11596	SSS11/353:446	대사:04	1	やめやめ!!	
C11597	SSS11/353:46F	대사:04	1	精神力の無駄使いだわ。	
C11598	SSS11/353:49D	대사:03	1	わかればいいのよ。	
C11599	SSS11/353:4B4	대사:03	1	とにかく、ここの洞仙さんに\nお話をききますからね!	
C11600	SSS11/353:4D4	대사:04	2	はいはい　　	
C11601	SSS11/353:621	대사:0B	1	こんにちは♡	
C11602	SSS11/353:663	대사:0B	1	実はちょっと、お聞きしたい\nことがありましてぇ　　	
C11603	SSS11/353:68F	영문	1	{05:00}!!!	
C11604	SSS11/353:6A1	대사:FD	1	き、君は　　!	
C11605	SSS11/353:6CF	대사:0B	1	なになに?	
C11606	SSS11/353:6E2	대사:0B	1	あんた達知り合いなの?	
C11607	SSS11/353:6F9	대사:FD	1	え、いや　　でも。	
C11608	SSS11/353:70D	대사:FD	1	ぼくの名前　　	
C11609	SSS11/353:739	대사:FD	1	覚えててくれたんだね。	
C11610	SSS11/353:75A	대사:0A	1	なに、寝ぼけたこと\n言ってるのよ!?	
C11611	SSS11/353:790	대사:0A	1	私の事忘れちゃったの!?	
C11612	SSS11/353:7AC	대사:FD	1	お、覚えてるよ。	
C11613	SSS11/353:7CD	대사:FD	1	この世界に飛ばされる前。	
C11614	SSS11/353:7FF	대사:FD	1	3年ぐらい前に、山ん中で\n会ったんだよね?	
C11615	SSS11/353:85E	대사:0A	1	それだけじゃ無いないでしょ!	
C11616	SSS11/353:890	대사:0A	1	その後、困ってる私を\n助けてくれて　　	
C11617	SSS11/353:8CF	대사:0A	1	それから、あなたが仙窟を\n作るのを手伝って　　	
C11618	SSS11/353:90D	대사:0A	1	それから{03:02}、それから{03:02}　{03:01}　{03:01}　{03:01}えっと	
C11619	SSS11/353:936	대사:FD	1	いや{03:01}　{03:01}　{03:01}　	
C11620	SSS11/353:948	대사:FD	1	やっぱり、3年ぶりだよ{07}君に会うのは。	
C11621	SSS11/353:965	대사:0A	1	そんな{03:01}　{03:01}　{03:01}　	
C11622	SSS11/353:990	대사:0B	1	ちょっと待って!	
C11623	SSS11/353:9B7	대사:0B	1	あなた、さっき　　この世界に\n飛ばされて来たって言ったわよね?	
C11624	SSS11/353:9E1	대사:FD	1	言ったよ。	
C11625	SSS11/353:A1A	대사:0A	1	まさか、天封呪!?	
C11626	SSS11/353:A67	대사:FD	1	よく知ってるね、そんな名前。	
C11627	SSS11/353:A86	대사:FD	1	だから今、こうして天封呪を\n破る方法を教わるために、仙窟を\n作ってるんだよ。	
C11628	SSS11/353:AD6	대사:0A	1	天封呪が破れるの!?	
C11629	SSS11/353:AF2	대사:FD	1	ま{03:01}、まぁ{03:01}　{03:01}　{03:01}情報だと。	
C11630	SSS11/353:B1F	대사:0B	1	{05:01}、あなたの目的は?	
C11631	SSS11/353:B3D	대사:0A	1	天封呪を破って{0A}元の世界に戻る事。	
C11632	SSS11/353:B8F	대사:0B	1	よかったじゃない{08}手がかりが見つかって!	
C11633	SSS11/353:BCA	대사:0A	1	ありがとう、玲蘭!	
C11634	SSS11/353:C03	대사:0B	1	じゃっ、これで私は契約を\n果たしたってことで。	
C11635	SSS11/353:C31	대사:0A	1	まぁ、いいわ。	
C11636	SSS11/353:C61	대사:0B	1	やったー♡	
C11637	SSS11/353:C76	대사:0B	1	これで、やっと解放される♡	
C11638	SSS11/353:C8C	대사:0A	2	玲蘭　　	
C11639	SSS11/353:CAC	대사:0B	1	じゃっ、後は二人で\n仲良くやってね♡	
C11640	SSS11/353:CC8	대사:FD	1	二人でって　　	
C11641	SSS11/353:D01	대사:0B	1	ばいばーい	
C11642	SSS11/353:D63	대사:FD	1	ごめん、俺ほんとに　　	
C11643	SSS11/353:D89	대사:0A	1	天封呪のせいだわ!	
C11644	SSS11/353:DF3	대사:0A	1	私も記憶が混乱したり、思い出せない\n事があったりするもの!	
C11645	SSS11/353:E35	대사:FD	1	　　そういう問題なのかな?	
C11646	SSS11/353:E4C	대사:0A	1	さぁ、早いとこ天封呪を\n破っちゃいましょ!	
C11647	SSS11/353:E73	대사:FD	1	い、いや　　	
C11648	SSS11/353:E98	대사:FD	1	それが、すぐには無理なんだ。	
C11649	SSS11/353:EB5	대사:0A	1	なんだ、そうなの{07}なら、私も手伝うわよ。	
C11650	SSS11/353:ED5	대사:FD	1	君も一緒に?	
C11651	SSS11/353:EE7	대사:0A	1	私{03:01}　{03:01}　{03:01}　{03:01}　	
C11652	SSS11/353:F05	대사:0A	1	いちゃ邪魔かな?	
C11653	SSS11/353:F4B	대사:FD	1	とんでもない。	
C11654	SSS11/353:F5B	대사:FD	1	でも、洞仙ていう仕事は\n決して安全じゃないんだ。	
C11655	SSS11/353:F7E	대사:FD	1	危なくって、女の子には\n手伝わせられないよ　　	
C11656	SSS11/353:FB7	대사:0A	1	あら。	
C11657	SSS11/353:FBE	대사:0A	1	なら、大丈夫よ。	
C11658	SSS11/353:FCD	대사:0A	1	だって私、前の世界では\nあなたの事手伝ってたのよ。	
C11659	SSS11/353:FF1	대사:FD	1	えっ!?	
C11660	SSS11/353:FF9	대사:0A	1	それに、仙術だって\n多少なら心得てるし。	
C11661	SSS11/353:1017	대사:0A	1	お願い、{05:00}{09}一緒にいさせて　　	
C11662	SSS11/353:1030	대사:FD	1	そ、そこまでいうんなら　　	
C11663	SSS11/353:1054	대사:0A	1	本当っ!?	
C11664	SSS11/353:1087	대사:0A	1	じゃぁ、頑張って\n元の世界に戻りましょ!	
C11665	SSS11/353:10A5	대사:FD	1	うん、よろしく!	
C11666	SSS11/354:83	대사:06	1	仙窟は、この辺りに\nあるんだな。	
C11667	SSS11/354:F7	대사:06	1	イナカ洞仙にてこずったら\n承知しないぜ!	
C11668	SSS11/354:143	대사:08	1	必ずや我が手で洞仙を捕えて\nごらんにいれましょう。	
C11669	SSS11/354:166	대사:06	1	頼もしいな。	
C11670	SSS11/354:1BE	대사:09	1	我が豪殺剣で洞仙を八つ裂きにし\n奴のクビを天転様に　　	
C11671	SSS11/354:1EE	대사:06	1	それちょっと、やだなぁ。	
C11672	SSS11/354:200	대사:06	1	まぁ、よし。	
C11673	SSS11/354:257	대사:0A	1	私は、鍛えた話術で奴めに\n愛の世界を理解させます。	
C11674	SSS11/354:27E	대사:06	1	まぁ、頑張ってくれたまえ。	
C11675	SSS11/354:2DA	대사:06	1	出撃だっ!!	
C11676	SSS11/354:336	대사:05	1	ばーーーーか	
C11677	SSS11/355:8D	대사:FE	1	ど{03:01}　{03:01}　{03:01}　	
C11678	SSS11/355:A5	대사:FE	1	どういう事!?	
C11679	SSS11/355:C5	대사:FD	1	{05:01}{08}俺から離れるな!	
C11680	SSS11/355:13A	대사:FE	1	敵なの?	
C11681	SSS11/355:143	대사:FD	1	じゃない事を\nいのりたいね。	
C11682	SSS11/355:1D3	대사:FD	1	おまえか!?	
C11683	SSS11/355:1DD	대사:FD	1	さっきから、こそこそと\n俺達の事を見張ってたのは!	
C11684	SSS11/355:207	대사:00	1	えぇ{03:01}　{03:01}　{03:01}失礼しました。	
C11685	SSS11/355:220	대사:00	1	私は王蒼幻　　	
C11686	SSS11/355:231	대사:00	1	あなたが、{05:00}ですね。	
C11687	SSS11/355:24A	대사:FD	1	それより、何故俺の仙窟に来た?	
C11688	SSS11/355:263	대사:00	1	この通路に封印をする為です。	
C11689	SSS11/355:27F	대사:FE	1	なんで、封印なんか!?	
C11690	SSS11/355:2C1	대사:FD	1	封印なんてちゃちな物\n俺には通用しないぜ。	
C11691	SSS11/355:2F4	대사:00	1	洞仙に解封呪があるのは\n承知のうえです。	
C11692	SSS11/355:31D	대사:FD	1	なら、なんで封印したんだ?	
C11693	SSS11/355:341	대사:00	1	わかりました　　\nお教えしましょう。	
C11694	SSS11/355:373	대사:00	1	あなた達が、この奥で見た物　　\nあれこそが大聖樹なのです。	
C11695	SSS11/355:3E7	대사:FD	1	何言ってるんだ?	
C11696	SSS11/355:3F5	대사:FD	1	大聖樹ってのは、上に生えてる\n枯れかかった木じゃないのか?	
C11697	SSS11/355:41D	대사:00	1	大聖樹は、植物と機械の\n部品から作られています。	
C11698	SSS11/355:470	대사:FE	1	つくられた　　?	
C11699	SSS11/355:47E	대사:00	1	えぇ、そして失敗作でもあります。	
C11700	SSS11/355:4A1	대사:FD	1	失敗作だって?	
C11701	SSS11/355:4AF	대사:00	1	大聖樹は、ほんらい太古の戦争で\n死に絶えたこの大地を復活させる\n目的で作られました。	
C11702	SSS11/355:4ED	대사:00	1	彼は、大地の管理者として\n長いこと働き　　	
C11703	SSS11/355:510	대사:00	1	大地は蘇り、彼は\n役目を終えました。	
C11704	SSS11/355:53D	대사:00	1	しかし、彼は死を恐れた。	
C11705	SSS11/355:565	대사:FD	1	延命の為にせっかく蘇らせた\n大地から、再び陽気を吸い上げて\nしまったと　　	
C11706	SSS11/355:59B	대사:00	1	その通りです。	
C11707	SSS11/355:5A7	대사:00	1	再びこの地は、死の大地へと\n逆戻りしてしまった　　	
C11708	SSS11/355:5D5	대사:FE	1	だから、封印したの?	
C11709	SSS11/355:5EA	대사:00	1	彼にこれ以上悪あがきを\nさせないためです。	
C11710	SSS11/355:60A	대사:FD	1	でも、俺達は大聖樹に\n死なれると困るんだけどな。	
C11711	SSS11/355:667	대사:00	1	あきらめなさい。	
C11712	SSS11/355:68C	대사:00	1	あなたも洞仙なら\n解るでしょうに。	
C11713	SSS11/355:6C0	대사:FD	1	だからって見捨てられるか!	
C11714	SSS11/355:6E7	대사:00	1	　　物分かりの悪い人ですね。	
C11715	SSS11/355:749	대사:FD	1	くそっ、逃げるのか!?	
C11716	SSS11/355:765	대사:FD	1	あなたは、少し御自分の身の程を\n思い知ったほうが良いようですね。	
C11717	SSS11/355:7A8	대사:FD	1	なにをっ!?	
C11718	SSS11/355:814	대사:FD	1	なんだ!?こりゃ!?	
C11719	SSS11/355:8C6	대사:FD	1	なっ!!どこだ、ここは!?	
C11720	SSS11/355:8DB	대사:FD	1	あなたの実力を試させていただきます	
C11721	SSS11/355:936	대사:FD	1	勝手なことばっか\n言いやがって!!	
C11722	SSS11/355:953	대사:FD	1	こっちの都合は\nおかまいなしかよ!	
C11723	SSS11/355:971	대사:FD	1	私も一国を預かるもの\nわかってください　　	
C11724	SSS11/355:9A2	대사:FD	1	わかるかっての!	
C11725	SSS11/355:9C2	대사:FD	1	もー!	
C11726	SSS11/355:9D6	대사:FD	1	来るなら来やがれ!	
C11727	SSS11/355:A0E	안내:06	1	なかなかやりますね　　	
C11728	SSS11/355:A1F	안내:06	1	   しかたありません\n \nもう少し様子をみてみましょう	
C11729	SSS11/355:AEB	검증필요	1	ンぉゾヲ{p}ぇ{00}	
C11730	SSS11/355:B7D	영문	1	{05:00}{08}{05:00}!!	
C11731	SSS11/355:B88	대사:FD	1	う{03:01}　{03:01}　{03:01}　{03:01}　{03:01}ん	
C11732	SSS11/355:BB2	대사:FE	1	{05:00}　　大丈夫?	
C11733	SSS11/355:BC9	대사:FD	1	あぁ、大丈夫!	
C11734	SSS11/355:BDA	대사:FE	1	よかったぁ　　\n心配したんだから　　	
C11735	SSS11/355:C03	대사:FE	1	また、あなたと離れ離れ\n　　って思ったら。	
C11736	SSS11/355:C2A	대사:FE	1	不安で、恐くって　　	
C11737	SSS11/355:C3D	대사:FD	1	ごめん、でも大丈夫だよ。	
C11738	SSS11/355:C50	대사:FE	1	えぇ　　でも。	
C11739	SSS11/355:C60	대사:FE	1	今の子供の話\n本当なのかしら?	
C11740	SSS11/355:C7C	대사:FD	1	さぁ、それは解らないな。	
C11741	SSS11/355:C8D	대사:FD	1	ただ、今俺達がやるべきは\n解封呪を解くってことさ。	
C11742	SSS11/355:CB1	대사:FD	1	その為には、どうしても大聖樹に\n元気になってもらわなくちゃ困るんだ。	
C11743	SSS11/355:D23	대사:FD	1	よし、陽気は行き\n渡ってるようだな。	
C11744	SSS11/355:D67	대사:FE	1	本当に封印を破っても\nいいのかしら?	
C11745	SSS11/355:D87	대사:FD	1	じゃぁ、どうするのさ?	
C11746	SSS11/355:D99	대사:FE	1	そう言われると\n困るんだけど　　	
C11747	SSS11/355:DB1	대사:FD	1	じゃぁ、やるしかないだろ。	
C11748	SSS11/355:DCC	대사:FE	1	うーーん{03:01}　{03:01}　{03:01}　	
C11749	SSS11/355:E09	안내:08	1	やはり、解封呪を使うのですか。	
C11750	SSS11/355:E3C	대사:FD	1	蒼幻か!	
C11751	SSS11/355:E59	대사:FD	1	邪魔しようったって\nそうはいかないぜ!	
C11752	SSS11/355:EF7	대사:07	1	あなたが今、この扉を開いてしまったら\n大地は滅んでしまうのですよ。	
C11753	SSS11/355:F27	대사:FD	1	まだ、そうとは決まってない!	
C11754	SSS11/355:F3F	대사:07	1	決まってからでは\n遅いんです!!	
C11755	SSS11/355:F5A	대사:FD	1	俺はどうも、結果を気にして\n行動を起こさないってのは\n性に合わなくってな。	
C11756	SSS11/355:F95	대사:07	1	話せば、解ってもらえると\n思ったのですがね。	
C11757	SSS11/355:FBA	대사:FE	1	じゃぁ、なぜ大聖樹とは\nお話しないの!?	
C11758	SSS11/355:FDB	대사:07	1	人でない物との話など\n時間の無駄です。	
C11759	SSS11/355:FFC	대사:FD	1	どうも気に食わないな、お前。	
C11760	SSS11/355:1016	대사:07	1	どうやら、あなたとの話し合いも\n時間の無駄のようですね。	
C11761	SSS11/355:1067	대사:FD	1	始めて気が合ったじゃねーか。	
C11762	SSS11/355:107C	대사:07	1	　{03:01}　{03:01}　{03:01}残念です。	
C11763	SSS11/355:10A4	대사:FD	1	　{03:01}　{03:01}　{03:01}逃がさないってわけ?	
C11764	SSS11/355:10CE	대사:FD	1	じょうとうだ!	
C11765	SSS11/355:10E1	검증필요	2	メ!ゴつ{00}	
C11766	SSS11/355:1112	대사:FD	1	どうだ!	
C11767	SSS11/355:1129	대사:FD	1	封印は解かせてもらうぜ。	
C11768	SSS11/355:1158	대사:07	1	あなたに賭けてみましょう。	
C11769	SSS11/355:119E	대사:FD	1	言っとくけど\n責任は取らないよ。	
C11770	SSS11/355:11B8	안내:08	1	それは心配ありません。	
C11771	SSS11/355:11FA	대사:07	1	私が地の果てまででも追いかけて\n取らせてさしあげます。	
C11772	SSS11/355:122A	대사:FD	1	ちぇっ、キツイ事言うよな。	
C11773	SSS11/355:123D	대사:07	1	私は、負けを認めた\n訳ではありません。	
C11774	SSS11/355:1258	대사:07	1	今回はあなたに\nゆずるだけです。	
C11775	SSS11/355:126E	대사:07	1	失敗すれば、すぐにでも\n交代してもらいますからね。	
C11776	SSS11/355:128F	대사:FD	1	好きにしてくれ。	
C11777	SSS11/355:12DC	대사:FD	2	よし。	
C11778	SSS11/355:12EA	대사:FD	2	じゃぁ、解封呪いくぞ。	
C11779	SSS11/355:1313	대사:FE	2	あの子の言ってた事が\n本当だったら　　	
C11780	SSS11/355:133B	대사:FE	2	今度こそ大地は\n死滅してしまうかも。	
C11781	SSS11/355:1360	대사:FD	2	たく。	
C11782	SSS11/355:136E	대사:FD	2	{05:01}は\n心配しすぎなんだよ。	
C11783	SSS11/355:13AA	대사:FD	2	そんなの、やってみなけりゃ\n解んないって。	
C11784	SSS11/355:13C7	대사:FE	2	そ、そうよね。	
C11785	SSS11/355:13E6	대사:FD	2	じゃぁ、やるぜ!	
C11786	SSS11/355:1747	대사:FD	2	よし、あいたぞ!	
C11787	SSS11/355:176E	대사:07	1	許してください。	
C11788	SSS11/355:177B	대사:07	1	大地と民のためにも、この封印を\n破られるわけにはいかないのです。	
C11789	SSS11/356:5F	대사:09	1	それにしても、あいつら\n強かったですね。	
C11790	SSS11/356:78	대사:0A	1	俺の愛が足りなかった\nのだろうか　　	
C11791	SSS11/356:D8	대사:06	1	あほかーい!!	
C11792	SSS11/356:E5	대사:06	1	あぁ、俺ぁなんて\n不幸なんだ　　	
C11793	SSS11/356:12F	대사:08	1	あんた達って、本当ダメねぇ。	
C11794	SSS11/356:154	대사:06	1	ちっ、何も知らないくせに\nえらそうな事言うな!!	
C11795	SSS11/356:17C	대사:07	1	確かにあの洞仙の強さは\n並ではなかったのだ。	
C11796	SSS11/356:1AF	대사:08	1	あんた達の弱さが、並じゃない\nだけなんじゃないの?	
C11797	SSS11/356:1E1	대사:06	1	さっきから、聞いてれば\n馬鹿にばっかしやがって!!	
C11798	SSS11/356:201	대사:06	1	そういう奴は、こうだ!	
C11799	SSS11/356:2BA	대사:06	1	ど、何処にいった!?	
C11800	SSS11/356:2D1	안내:0A	1	だから、あんた達が弱いって言うのよ	
C11801	SSS11/356:2E9	안내:0A	1	私、こう見えても腕には\n自信あるんだからね!	
C11802	SSS11/356:335	대사:06	1	す、すごいぞ!お前っ!!	
C11803	SSS11/356:361	대사:06	1	なんで、そんな事が出来るのに\n洞仙を倒しに行かないんだ!?	
C11804	SSS11/356:38B	안내:0A	1	なんでって　　	
C11805	SSS11/356:398	안내:0A	1	そんな事して何の得になるってのよ。	
C11806	SSS11/356:3B0	안내:0A	1	言っときますけど私、名声とか\n権力とかには興味ないのよね。	
C11807	SSS11/356:3D9	안내:0A	1	世の中お金が全てよ、お金がねっ♡	
C11808	SSS11/356:409	대사:06	1	なんだ、知らないのか?	
C11809	SSS11/356:41B	안내:0A	1	なにを　　?	
C11810	SSS11/356:429	대사:06	1	あの洞仙を、たおすと\n賞金いっぱいなんだぞ。	
C11811	SSS11/356:481	안내:0A	1	なんですってっ!!??	
C11812	SSS11/356:492	대사:06	1	いや、なんでも何も。	
C11813	SSS11/356:4E9	대사:08	1	一体いくらよ!?	
C11814	SSS11/356:574	대사:08	1	その額ならなっとくよぉ!	
C11815	SSS11/356:58B	대사:08	1	まってなさいよぉ{08}私の賞金ーーー!!	
C11816	SSS11/356:664	대사:F9	1	しっかし　　	
C11817	SSS11/356:670	대사:F9	1	仙窟って、いつ来ても\nボロイわよねぇ　　	
C11818	SSS11/356:6A3	대사:F9	1	お金のなる木は\nここかしら♡	
C11819	SSS11/356:6D0	대사:F9	1	なんなのよ、こいつら{09}こんなの聞いてないわよぉ　　	
C11820	SSS11/356:6F1	검증필요	1	Jびけ{07}べ{00}	
C11821	SSS11/356:7E9	대사:FD	1	誰だっ!	
C11822	SSS11/356:7F5	대사:13	1	へへー、私でーす。	
C11823	SSS11/356:814	대사:FE	1	玲蘭!!!	
C11824	SSS11/356:829	대사:FE	1	遊びに来てくれたの!?	
C11825	SSS11/356:862	대사:13	1	うん、そうよ♡	
C11826	SSS11/356:8B2	대사:FD	1	なんか、ウソくさいな。	
C11827	SSS11/356:8C6	대사:FD	1	遊びに来たようには\n見えないぜ。	
C11828	SSS11/356:91A	대사:13	1	あら、そんな♡	
C11829	SSS11/356:93A	대사:FE	1	何か、たくらんでるわね?	
C11830	SSS11/356:98C	대사:13	1	そ、そんな事ないわよっ。	
C11831	SSS11/356:99D	대사:FE	2	ふーーん。	
C11832	SSS11/356:9BF	대사:13	1	な{03:01}、なによ{03:01}　{03:01}　	
C11833	SSS11/356:9E6	대사:13	1	ぐすっ{03:01}　{03:01}　	
C11834	SSS11/356:9F5	대사:13	1	あたしが用事があって来ちゃ\nいけないって言うの?	
C11835	SSS11/356:A24	대사:FD	1	いや、別にそんなつもりじゃ。	
C11836	SSS11/356:A3C	대사:FE	3	なぁに?	
C11837	SSS11/356:A63	대사:FE	1	言ってごらんなさいよ。	
C11838	SSS11/356:A73	대사:13	1	それが　　	
C11839	SSS11/356:A7E	대사:13	1	用事があるのは、{05:01}\nにじゃなくて　　	
C11840	SSS11/356:AE4	대사:13	1	{05:00}になのよねぇ。	
C11841	SSS11/356:B3B	대사:FE	1	ちょっとぉ!	
C11842	SSS11/356:B48	대사:FD	1	なんだ用事って?	
C11843	SSS11/356:BD6	대사:13	1	二人っきりで話が\nしたいんだけど　　	
C11844	SSS11/356:C1D	대사:FD	1	二人きり　　二人きりかぁ。	
C11845	SSS11/356:C3F	대사:FD	1	なんて、いい響きなんだ　　	
C11846	SSS11/356:C5B	글	1	よし、わかった{09}いや、やっぱり止めとくよ。	
C11847	SSS11/356:C88	대사:FD	1	ちょっと外で待ってて\nくれないか　　?	
C11848	SSS11/356:CB7	대사:FE	1	だぁめだって!!	
C11849	SSS11/356:CDC	대사:FE	1	それ、玲蘭のいつもの\n作戦なんだから!	
C11850	SSS11/356:CFA	대사:FD	1	作戦?	
C11851	SSS11/356:D2B	대사:FE	1	そーよっ。	
C11852	SSS11/356:D41	대사:FE	1	話があるーなんて	
C11853	SSS11/356:D58	대사:FE	1	仲間から、引き離しておいて　　	
C11854	SSS11/356:D76	대사:FD	1	引き離して　　?	
C11855	SSS11/356:D89	대사:FE	1	ちょっと後ろ向いて。	
C11856	SSS11/356:DE7	대사:FE	1	後ろから　　	
C11857	SSS11/356:E11	대사:FE	1	ジグー!	
C11858	SSS11/356:E30	대사:FE	1	って刺すのよ!	
C11859	SSS11/356:E71	대사:13	1	人聞きが悪いわね!!	
C11860	SSS11/356:EAA	대사:13	1	誰も、そこまでやろうとは\n考えてなかったわよ!	
C11861	SSS11/356:ECF	대사:FE	1	ほーら、やっぱり信じられないわ。	
C11862	SSS11/356:EE9	대사:FD	1	まったくですな。	
C11863	SSS11/356:EFB	대사:13	2	きーっ!!!	
C11864	SSS11/356:F16	대사:13	2	もう、面倒くさいわね!	
C11865	SSS11/356:F27	대사:13	2	こうなったら、二人\nまとめていくわよ!	
C11866	SSS11/356:FAA	대사:FE	1	さっすが、{05:00}♡	
C11867	SSS11/356:FBF	대사:13	1	な、なんでーっ!?	
C11868	SSS11/356:FFE	대사:FE	1	{05:00}は、あなたの\nそんな安っぽい作戦には　　	
C11869	SSS11/356:107D	대사:FE	1	ひっかかりませんよーっだ!!	
C11870	SSS11/356:113D	대사:13	1	いったーいぃぃ　　	
C11871	SSS11/356:11A0	대사:13	1	ひどいわ、{05:01}{08}私達、友達じゃないの!	
C11872	SSS11/356:11CC	대사:FE	1	何言ってるの{09}自業自得でしょ?	
C11873	SSS11/356:11F8	대사:13	1	じゃぁ、賞金半分あげるからぁ　　	
C11874	SSS11/356:1217	대사:13	1	二人でその洞仙やっつけましょう!	
C11875	SSS11/356:1251	대사:FE	1	いやよ!	
C11876	SSS11/356:125D	대사:FD	1	しつこいなぁ。	
C11877	SSS11/356:1268	대사:FD	1	君じゃ、俺はたおせないよ	
C11878	SSS11/356:128D	대사:13	3	はぁ　　	
C11879	SSS11/356:12AD	대사:13	1	しかたない。	
C11880	SSS11/356:12BE	대사:13	1	あんた達の賞金は\nあきらめるわ　　	
C11881	SSS11/356:12FB	대사:FE	1	あたりまえでしょ!	
C11882	SSS11/356:1308	대사:13	5	ふぅ　　	
C11883	SSS11/356:1321	대사:13	1	ところで、{05:00}。	
C11884	SSS11/356:1335	대사:13	1	あなたお金は好き?	
C11885	SSS11/356:1349	대사:FE	1	何言い出すのよ!?突然。	
C11886	SSS11/356:1365	대사:FD	1	うーん、お金かぁ　　	
C11887	SSS11/356:137E	글	1	いや、別に　　\n当然じゃないか!	
C11888	SSS11/356:139B	대사:FD	1	金には興味はないな。	
C11889	SSS11/356:13D4	대사:FD	1	そんな事よりも大切な\n事はたくさんあるさ。	
C11890	SSS11/356:1420	대사:13	1	素敵な考え方かもしれないけど	
C11891	SSS11/356:144A	대사:13	1	それじゃ、{05:01}は\n苦労しそうね。	
C11892	SSS11/356:1468	대사:FE	1	大きなお世話です!	
C11893	SSS11/356:14A0	대사:13	1	はいはい、それじゃね♡	
C11894	SSS11/356:14B8	검증필요	1	ぼダづズ{00}	
C11895	SSS11/356:14EF	대사:FD	1	大好きさ!	
C11896	SSS11/356:14FA	대사:FD	1	この世で最も大切な\n物は金だよね。	
C11897	SSS11/356:1524	대사:13	1	まぁ!驚きだわ!	
C11898	SSS11/356:1536	대사:13	1	あなたが、そんなにしっかりした\n考えの持ち主だったなんて!	
C11899	SSS11/356:155C	대사:13	1	あなたの実力なら\nすぐにでも可能よ!	
C11900	SSS11/356:159E	대사:13	1	ねぇ、私とコンビ組んでみない!?	
C11901	SSS11/356:1610	대사:FE	1	いいかげんにしなさい!!	
C11902	SSS11/356:1625	대사:13	1	ぶーー。	
C11903	SSS11/356:1635	대사:FD	1	悪いけど、今仙窟を放り出す\n訳にはいかないんだ。	
C11904	SSS11/356:165D	대사:13	1	ちぇ、残念ね。	
C11905	SSS11/356:1692	대사:13	1	ま、仕方ないか♡	
C11906	SSS11/356:16A9	대사:13	1	今日のところは\n帰ったげるわ。	
C11907	SSS11/356:16C2	대사:13	1	じゃ、またね♡{05:00}	
C11908	SSS11/356:1713	대사:FE	3	　　ったく。	
C11909	SSS11/357:1BE	안내:05	1	まずは、礼を言わせてもらおう。	
C11910	SSS11/357:1E5	안내:05	1	ありがとう。これでワシの\n天命は100年は伸びた。	
C11911	SSS11/357:225	대사:FE	1	ねぇ、なんか変だよ　　	
C11912	SSS11/357:237	대사:FE	1	ちっとも大地が\n息を吹き返さないよ!	
C11913	SSS11/357:272	대사:FD	1	まぁ、当然だな。	
C11914	SSS11/357:28F	대사:FD	1	俺達が注いだエネルギーは　　	
C11915	SSS11/357:2BA	대사:FD	1	全部、こいつが吸い上げて\nいるみたいだからな。	
C11916	SSS11/357:2E1	대사:FE	1	それじゃぁ、大地はいったい\nどうなるの?	
C11917	SSS11/357:307	대사:FE	1	あなたの使命は、何だったの?	
C11918	SSS11/357:335	안내:05	1	ならば、おまえ達は\n私に死ねと　　	
C11919	SSS11/357:361	안내:05	1	そう言うのか?	
C11920	SSS11/357:372	대사:FE	1	え{03:01}　{03:01}　{03:01}　	
C11921	SSS11/357:397	대사:FE	1	それは　{03:01}　{03:01}　	
C11922	SSS11/357:3FF	대사:FD	1	なぁ、大聖樹。	
C11923	SSS11/357:412	대사:FD	1	何がそんなに恐いんだ?	
C11924	SSS11/357:437	안내:05	1	恐い　　	
C11925	SSS11/357:454	안내:05	1	おまえ達は恐くないのか{07}   死が　　　　   	
C11926	SSS11/357:47E	대사:FD	1	死　　か。	
C11927	SSS11/357:48A	대사:FD	1	そういえば、俺も\nいつかは死ぬんだろうな。	
C11928	SSS11/357:4AF	글	1	考えたこともない{09}俺も恐いさ{09}いや、恐くなんかないぜ。	
C11929	SSS11/357:519	대사:FD	1	考えたこともないがなぁ。	
C11930	SSS11/357:542	안내:05	1	私は恐い　　	
C11931	SSS11/357:562	안내:05	1	 何故、死などというものが \n存在しなくてはならないのだ?	
C11932	SSS11/357:5A8	안내:05	1	死があるのならば　　	
C11933	SSS11/357:5F3	안내:05	1	 死があるのなら、何故に \n私は生まれてきたのだ!!!	
C11934	SSS11/357:623	안내:05	1	どうせ　　	
C11935	SSS11/357:65A	안내:05	1	 どうせ、死ぬのなら最初から \n生まれてなど来たくなかったわ!	
C11936	SSS11/357:691	대사:FE	1	それは違う!大聖樹!	
C11937	SSS11/357:6D1	안내:05	1	だまれ、だまれ!	
C11938	SSS11/357:6EF	안내:05	1	私の存在を消そうとする者共め!	
C11939	SSS11/357:734	안내:05	1	お前達こそ消えてなくなるがいい!	
C11940	SSS11/357:76D	대사:FE	1	大聖樹やめて!	
C11941	SSS11/357:783	대사:FD	1	{05:01}{08}今は何を言っても無駄だ!	
C11942	SSS11/357:7AF	대사:FD	1	とりあえずは、こいつらを\nなんとかするんだ!!	
C11943	SSS11/357:807	안내:05	2	何故だ!?	
C11944	SSS11/357:824	안내:05	1	何故、人間は私を造ったのだ!?	
C11945	SSS11/357:84F	안내:05	1	 この世に生を受けさせておいて \nいらなくなれば死ねというのか!?	
C11946	SSS11/357:89A	대사:FE	5	大聖樹　　	
C11947	SSS11/357:8C5	안내:05	1	嫌だ!死にたくない!	
C11948	SSS11/357:8E7	안내:05	1	死ぬのが恐い!!	
C11949	SSS11/357:907	안내:05	1	そんな事　　私は決して認めんぞ!!	
C11950	SSS11/357:978	안내:05	1	私は　　	
C11951	SSS11/357:995	안내:05	1	私は、死なねばならぬのか。	
C11952	SSS11/357:9D9	안내:05	1	ならば、私はいったい何なんだ?	
C11953	SSS11/357:A14	안내:05	1	今まで何百年と生きてきた\n  私の意味は!?	
C11954	SSS11/357:A67	안내:05	1	いろいろな事を考え、そして悩んだ\n    私の意識は!?	
C11955	SSS11/357:AB9	안내:05	1	全てが無になるのか!?	
C11956	SSS11/357:ADF	안내:05	1	意味がなくなるというのか!?	
C11957	SSS11/357:B3B	안내:05	1	  そんな事を甘んじて  \n受け入れろと言うのか!!?	
C11958	SSS11/357:B80	안내:05	1	せめて　　	
C11959	SSS11/357:B9D	안내:05	1	せめて、私に心など無ければ\n 良かったものを　　　	
C11960	SSS11/357:BC6	대사:FE	1	意味{03:01}　{03:01}　{03:01}　	
C11961	SSS11/357:C02	대사:FE	1	なくないよ。	
C11962	SSS11/357:C1A	대사:FE	1	あなたを造った人達は\n間違ってないわ。	
C11963	SSS11/357:C4C	안내:05	1	おまえもしょせんは人間だ{09}私の気持ちなど解りはせぬ。	
C11964	SSS11/357:CAA	대사:FE	1	ううん。	
C11965	SSS11/357:CC2	대사:FE	1	大地を蘇らせるには\n心が必要だもの。	
C11966	SSS11/357:CDE	대사:FE	1	大地の痛みを感じ取れる。	
C11967	SSS11/357:CF8	대사:FE	1	あなたでなければ{03:01}　{03:01}　{03:01}　{03:01}きっと\n大地を救うなんて出来やしないわ。	
C11968	SSS11/357:D41	안내:05	1	だが、それはワシの意思ではない。	
C11969	SSS11/357:D82	대사:FE	1	　{03:01}　{03:01}　{03:01}そうよね	
C11970	SSS11/357:DA0	대사:FE	1	生まれてくるか、どうか\nなんて選べないもんね。	
C11971	SSS11/357:DC7	대사:FE	1	やる事を決められて生まれる人に\n心を与えるなんて　　	
C11972	SSS11/357:DF2	대사:FE	1	ざんこくすぎるよね　　	
C11973	SSS11/357:E16	대사:FE	1	辛すぎたね　　	
C11974	SSS11/357:E45	대사:FD	1	あんたの心は、悲しみと絶望しか\n与えてくれなかったのか?	
C11975	SSS11/357:E74	안내:05	2	　{03:01}　{03:01}　{03:01}　{03:01}　	
C11976	SSS11/357:EB7	대사:FD	1	違うんだろ。	
C11977	SSS11/357:EC7	대사:FD	1	本当は解ってるんだろ?	
C11978	SSS11/357:EDB	대사:FD	1	喜びを知ってるから、悲しみが\n解るんじゃないのか?	
C11979	SSS11/357:F01	대사:FD	1	楽しい事を知っているから\n絶望するんじゃないのか?	
C11980	SSS11/357:F66	대사:01	1	おっきぃ樹ぃ。	
C11981	SSS11/357:F75	대사:00	1	この樹はね、大聖樹って言って\nこの荒れた大地を蘇らせて\nくれるんだそうよ　　	
C11982	SSS11/357:FB9	대사:01	1	すごいんだねぇ。	
C11983	SSS11/357:1009	안내:05	2	　{03:01}　{03:01}　{03:01}　{03:01}　　	
C11984	SSS11/357:1033	안내:05	1	なぁ、{05:00}よ	
C11985	SSS11/357:105C	안내:05	1	今から、私は好きなようにする	
C11986	SSS11/357:1083	안내:05	1	 私のしたいように\n悔いの残らないように	
C11987	SSS11/357:10B0	안내:05	1	一つだけ、やりたい事を\n やってもいいかの?	
C11988	SSS11/357:10D6	글	1	好きにしろよ{09}そいつぁ、ダメだね{09}その前に教えて欲しい事がある。	
C11989	SSS11/357:1109	대사:FD	1	あんたの人生だろ。	
C11990	SSS11/357:1140	대사:FD	1	好きにしなよ。	
C11991	SSS11/357:1187	검증필요	1	あ、づゼ{00}	
C11992	SSS11/357:119D	대사:FE	1	だ　　大聖樹?	
C11993	SSS11/357:11EC	대사:FD	1	かっこいいぜ、大聖樹。	
C11994	SSS11/357:1219	안내:05	1	最後に、一つだけ応えてはくれないか\n   {05:00}よ　　　　	
C11995	SSS11/357:1247	대사:FD	1	おうよ。	
C11996	SSS11/357:1267	안내:05	3	私は無になるのではないのだな?	
C11997	SSS11/357:1292	안내:05	3	私の存在は無意味ではなかったのだな?	
C11998	SSS11/357:12C4	안내:05	3	私が今までやってきた事は人の心に残り	
C11999	SSS11/357:12F6	안내:05	2	そして私という存在もまた共に\nその意識の中に生きつづける。	
C12000	SSS11/357:1335	안내:05	3	そうなんだな?	
C12001	SSS11/357:1346	대사:FD	1	うん、誰も忘れないよ。	
C12002	SSS11/357:1363	대사:FE	1	かつて大聖樹という人がこの地を\n蘇らせたという事実はね　　	
C12003	SSS11/357:13A6	안내:05	3	ありがとう　　	
C12004	SSS11/358:135	대사:02	1	心、{03:03}ですか	
C12005	SSS11/358:2D4	대사:FD	1	なぁ{03:01}　{03:01}　{03:01}　	
C12006	SSS11/358:2F1	대사:FD	1	俺達ってさ	
C12007	SSS11/358:301	대사:FD	1	大聖樹を助けるために仙窟を\n掘ってたはずなのに　　	
C12008	SSS11/358:33B	대사:FD	1	結局、助けてやれなかったよな。	
C12009	SSS11/358:36A	대사:04	1	あれで　　良かったのかな。	
C12010	SSS11/358:388	대사:04	1	大聖樹、あれで幸せ\nだったのかしら。	
C12011	SSS11/358:3B9	대사:FD	1	それは大聖樹にしか解らないけど。	
C12012	SSS11/358:3F2	대사:FD	1	それなりに幸せだったんじゃないかな。	
C12013	SSS11/358:41D	대사:04	1	それなりかぁ　　	
C12014	SSS11/358:449	대사:04	1	じゃぁ、本当の幸せって何!?	
C12015	SSS11/358:464	대사:FD	1	そんなの俺に解るわけないじゃん。	
C12016	SSS11/358:486	대사:FD	1	とりあえず、死ぬ時に\n後悔だけはしたくない。	
C12017	SSS11/358:4A4	대사:FD	1	俺は、それだけだな。	
C12018	SSS11/358:4B3	대사:04	1	そっかぁ　　	
C12019	SSS11/358:4F8	대사:FD	1	ま、これで元の世界に戻る\n手掛かりは無くなっちゃったし	
C12020	SSS11/358:528	대사:FD	1	{05:01}は、これからどうする?	
C12021	SSS11/358:555	대사:04	1	一緒に元の世界に\n戻る方法を探すわ。	
C12022	SSS11/358:5BC	대사:FD	1	それじゃ、また出発だ!	
C12023	SSS11/358:602	대사:04	1	こういうのが、それなりの\n幸せっていうのよね。	
C12024	SSS11/359:28	대사:FD	1	俺だって、死ぬのは恐い!	
C12025	SSS11/359:6C	안내:05	1	ならば、何故私の気持ちが\n  解らないのだ!?	
C12026	SSS11/359:A9	안내:05	1	何故、死ねなどと言うのか!?	
C12027	SSS11/359:D1	안내:05	1	私に死を強要するのか!!	
C12028	SSS11/359:F2	대사:FE	1	待って!大聖樹さん!	
C12029	SSS11/359:123	대사:FE	1	何故{03:01}　{03:01}　{03:01}　	
C12030	SSS11/359:13F	대사:FE	1	死ぬのが恐いの?	
C12031	SSS11/359:18C	안내:05	1	何故{03:01}　{03:01}　{03:01}だと?	
C12032	SSS11/359:1E5	안내:05	1	貴様達{03:01}　{03:01}　{03:01}　	
C12033	SSS11/359:227	안내:05	1	私を馬鹿にしているのか!!	
C12034	SSS11/359:242	대사:FE	2	そんなんじゃない!	
C12035	SSS11/359:251	대사:FE	1	そんなつもりは無いのよ!	
C12036	SSS11/359:276	안내:05	1	死が恐い　　	
C12037	SSS11/359:296	안내:05	1	 これは、全ての生物に\n共通の恐怖ではないのか?	
C12038	SSS11/359:2CB	안내:05	1	存在がなくなるのだぞ{03:01}　{03:01}　{03:01}　\n   この世界から!	
C12039	SSS11/359:348	안내:05	1	ならば　　	
C12040	SSS11/359:38C	안내:05	1	まずは、おまえ達から死んでみせよ!	
C12041	SSS11/359:3D9	대사:FD	1	ちょっと、その頼みだけは\nきけないね!	
C12042	SSS11/359:432	대사:FD	1	俺は、死ぬのなんか\n恐くないぜ。	
C12043	SSS11/359:45D	안내:05	1	恐くない!?	
C12044	SSS11/359:47A	안내:05	1	なぜだ!?	
C12045	SSS11/359:485	대사:FD	2	うーーーん。	
C12046	SSS11/359:4A3	대사:FD	1	と、言われてもなぁ。	
C12047	SSS11/359:4D4	대사:FD	1	考えた事ないよ。	
C12048	SSS11/359:4E9	대사:FD	1	さっきまで大地の陽気を\n吸いつくそうとしてた\nあんたの事だからな。	
C12049	SSS11/359:53C	대사:FD	1	そいつぁ、させられないね。	
C12050	SSS11/359:584	안내:05	1	それも当然だな　　	
C12051	SSS11/359:5AA	안내:05	1	これも、今まで死を恐れて\n悪行を重ねてきた結果だな。	
C12052	SSS11/359:5F1	대사:FE	1	ちょっと、{05:00}!	
C12053	SSS11/359:625	대사:FE	1	それは、あんまりなんじゃないの!?	
C12054	SSS11/359:642	대사:FD	1	な、なんでだよ?	
C12055	SSS11/359:653	대사:FE	1	あきれるわね。	
C12056	SSS11/359:663	대사:FE	1	大聖樹さんの気持ちも\n解ってあげてよ!	
C12057	SSS11/359:683	대사:FD	1	大聖樹の気持ち?	
C12058	SSS11/359:6AD	대사:FE	1	あなたも、あなたです!	
C12059	SSS11/359:6D6	대사:FE	1	何を言ってるのよ!	
C12060	SSS11/359:6EA	대사:FE	1	何を確認する必要があるの!?	
C12061	SSS11/359:729	대사:FE	1	あなたの人生でしょう!?	
C12062	SSS11/359:73E	대사:FE	1	最後の最後の一瞬まで\nあなたの為に生きてよ!	
C12063	SSS11/359:776	안내:05	4	　{03:01}　{03:01}　{03:01}　	
C12064	SSS11/359:7C3	대사:FE	1	大聖樹さん　　	
C12065	SSS11/359:837	대사:FE	1	かっこいいわよ♡\n大聖樹さん。	
C12066	SSS11/359:866	안내:05	1	最後に、一つだけ応えてはくれないか\n{05:01}よ　　	
C12067	SSS11/359:942	안내:05	1	そして私という存在もまた共に\nその意識の中に生きつづける	
C12068	SSS11/359:991	대사:FE	1	えぇ。	
C12069	SSS11/359:9C4	대사:FE	1	誰も忘れないわ。	
C12070	SSS11/359:9D6	대사:FE	1	かつて大聖樹って人がこの大地を\n蘇らせたという事実は　　	
C12071	SSS11/359:A58	대사:FD	1	その前に、教えてほしい\n事があるんだ　　	
C12072	SSS11/359:A89	안내:05	1	なんだ　　?	
C12073	SSS11/359:A9A	대사:FD	1	俺がここへ来たのは、あんたなら\n俺を元の世界に戻す方法を知ってるかも\nしれないって聞いたからなんだ。	
C12074	SSS11/359:AEF	안내:05	1	元の世界　　	
C12075	SSS11/359:B2D	안내:05	1	お前から感じる不思議な感覚は	
C12076	SSS11/359:B58	안내:05	1	お前が他の平行世界から来た\n 存在だったからなのか。	
C12077	SSS11/359:B86	대사:FD	1	俺は元の世界に戻れるのか!?	
C12078	SSS11/359:BB3	안내:05	1	天封呪　　か	
C12079	SSS11/359:BEC	대사:FD	1	知ってるんだな!{07}俺を戻す方法を!!	
C12080	SSS11/359:C1B	안내:05	1	 すまん　　名前しか私は知らぬ{09}時封呪を操る術は、私は知らぬのだ。	
C12081	SSS11/359:C4F	대사:FD	1	そ{03:01}　{03:01}　{03:01}　	
C12082	SSS11/359:C74	대사:FD	1	そうなのか。	
C12083	SSS11/359:C92	안내:05	1	期待に応えられなくてすまんな。	
C12084	SSS11/359:CB9	대사:FD	1	い、いや、いいんだ{09}こっちこそすまなかったな。	
C12085	SSS11/359:CE8	안내:05	1	　{03:01}　{03:01}　{03:01}　{03:01}では、さらばだ。	
C12086	SSS11/359:D49	대사:FE	1	大聖樹　　?	
C12087	SSS11/359:DA8	안내:05	1	最後に、私からも一つだけ聞いても\n よいかな　　{05:00}よ	
C12088	SSS11/359:ED4	대사:FD	1	あぁ、誰も忘れないよ。	
C12089	SSS11/359:EF1	대사:FE	1	かつて大聖樹って人がこの大地を\n蘇らせたという事実はね　　	
C12090	SSS11/360:33	영문	1	!?	
C12091	SSS11/360:40	대사:FE	1	これは・・・	
C12092	SSS11/360:57	대사:FE	1	大聖樹ね!?	
C12093	SSS11/360:83	안내:08	1	なんだ・・・?	
C12094	SSS11/360:91	안내:08	1	もう、お前達にはようは無いぞ。	
C12095	SSS11/360:AE	대사:FD	1	待てよ!	
C12096	SSS11/360:B9	대사:FD	1	そりゃ、なんか話が\nちがくねーか!?	
C12097	SSS11/360:EE	안내:08	2	だまれ!!	
C12098	SSS11/360:F7	안내:08	1	  とにかく、貴様達は\nおとなしく帰ればいいのだ!	
C12099	SSS11/360:16C	대사:FE	1	な、なんなの!{07}この子達は?	
C12100	SSS11/360:185	대사:FD	1	どうやら、心底俺達に\n出てって欲しいらしいな。	
C12101	SSS11/360:235	대사:FD	1	くどいぞ、大聖樹!!	
C12102	SSS11/360:248	안내:08	1	・・・・・・・・・・・	
C12103	SSS11/360:2C1	대사:FE	1	また!?	
C12104	SSS11/360:2CB	대사:FD	1	ちっ、邪妖精ごときが!	
C12105	SSS11/360:30A	대사:FD	1	何度、来たって同じ事だ!!	
C12106	SSS11/360:358	대사:FD	1	これは!?	
C12107	SSS11/360:361	대사:FE	1	まだ、私達　　解封呪\n使ってないわよね!?	
C12108	SSS11/360:382	대사:FD	1	どうなってんだ!?	
C12109	SSS11/360:391	안내:08	1	もう、そんなものは必要ない　　	
C12110	SSS11/360:3AA	대사:FD	1	大聖樹!?	
C12111	SSS11/360:3B8	안내:08	1	おまえ達が、エネルギーを\n注いでくれたおかげだ	
C12112	SSS11/360:3D5	안내:08	1	誰の手を借りずとも、封印を\nはずすことは、たやすかった	
C12113	SSS11/360:400	대사:FD	1	きさま・・・	
C12114	SSS11/360:40D	대사:FE	1	じゃぁ、なに?	
C12115	SSS11/360:418	대사:FE	1	封印を外し終わったら\nもう、私達に用はないっていうの?	
C12116	SSS11/360:440	안내:08	1	さっきから、そう言っている。	
C12117	SSS11/360:455	대사:FD	1	なっ、ざけんなよ!	
C12118	SSS11/360:47B	안내:08	1	帰れ!	
C12119	SSS11/360:483	안내:08	1	貴様達、私の息の根を\n止めるつもりだろう!	
C12120	SSS11/360:4AD	대사:FE	1	誰が、そんな事するもんですか!!	
C12121	SSS11/360:4C5	안내:08	1	・・・・・・・	
C12122	SSS11/360:4DD	글	1	しかたない、帰ろう\n強行突破だ!!	
C12123	SSS11/360:4F8	대사:FD	1	仕方ない・・・	
C12124	SSS11/360:51F	대사:FD	1	帰ったほうが、よさそうだな。	
C12125	SSS11/360:532	대사:FE	1	{05:00}・・・	
C12126	SSS11/360:552	대사:FD	1	・{03:01}・{03:01}・{03:01}・	
C12127	SSS11/360:58E	대사:FD	1	俺達に生きていられる\nのも嫌ってわけか。	
C12128	SSS11/360:5AC	안내:08	2	・・・・・・・・・・	
C12129	SSS11/360:5D3	대사:FD	1	なら、来い!!	
C12130	SSS11/360:5EC	대사:FD	1	聞き分けのない奴だな!	
C12131	SSS11/360:600	대사:FD	1	こうなったら\n強行突破だ!	
C12132	SSS11/360:629	대사:FD	2	いくぞ!!	
C12133	SSS11/360:65F	대사:FD	1	くっ、芸のない奴だな!	
C12134	SSS11/360:698	대사:FD	1	こんな邪精ごときで、俺が止め\nられるとでも思ってるのか!?	
C12135	SSS11/360:6DF	대사:FD	1	何を、言っても無駄みたいだな。	
C12136	SSS11/360:6F6	대사:FE	1	大聖樹・・・	
C12137	SSS11/360:70B	대사:FD	1	なら、身体に思い知ら\nせてやるまでさ!	
C12138	SSS11/360:758	대사:FD	1	やっと片付いたか。	
C12139	SSS11/360:767	대사:FE	1	それにしても、自力で王の\n封印を破るなんて・・・。	
C12140	SSS11/360:78D	대사:FD	1	想像だにしなかったな。	
C12141	SSS11/360:809	대사:21	1	王だみょー。	
C12142	SSS11/360:814	대사:21	1	本当は、この後別のイベントが\n始まる予定だったんだけど	
C12143	SSS11/360:83B	대사:21	1	時間がないから、やーめたっと{09}つぎつぎ。	
C12144	SSS11/360:855	대사:21	1	じゃ、ばいばーい	
C12145	SSS11/361:19	대사:FD	1	つまんねーラストイベント	
C12146	SSS11/361:2A	대사:FD	1	まだ、つくってねーよ\n悪かったな。エンディングいくぞ。	
C12147	SSS11/362:135	대사:FD	1	はっ!!!	
C12148	SSS11/362:1A4	대사:FD	1	あれ　　大聖樹!?	
C12149	SSS11/362:1C7	대사:FE	1	なんか、様子が変よ。	
C12150	SSS11/362:1E4	대사:FD	1	まさか!!	
C12151	SSS11/362:201	대사:FD	1	大聖樹!大聖樹!	
C12152	SSS11/362:218	대사:FE	1	もしかして　　\n間に合わなかった?	
C12153	SSS11/362:23F	안내:05	1	礼を言いますよ。	
C12154	SSS11/362:276	대사:FD	1	王蒼幻!!	
C12155	SSS11/362:2EC	대사:FE	1	お礼って　　	
C12156	SSS11/362:333	대사:21	1	あなた方は大聖樹の息の根を\n私に変わって止めてくれた。	
C12157	SSS11/362:35B	대사:21	1	まぁ、あなた方の本意\nではなかったでしょうけどね。	
C12158	SSS11/362:396	대사:FD	1	やっぱり、おまえ\nイヤな奴だろ?	
C12159	SSS11/362:3AE	대사:21	1	さぁ　　人によって\n評価はまちまちですから。	
C12160	SSS11/362:3D5	대사:21	1	これで、私も安心しました{09}本当に助かりましたよ。	
C12161	SSS11/362:41A	대사:FD	1	嫌味か?それ。	
C12162	SSS11/362:436	대사:21	1	嫌味?	
C12163	SSS11/362:48F	대사:21	1	いえ、心から礼を言ってる\nつもりですが?	
C12164	SSS11/362:4B3	대사:FD	1	食えない奴。	
C12165	SSS11/362:4D3	대사:FD	1	さっさと帰れ!	
C12166	SSS11/362:507	대사:21	1	言われなくても\nそうさせて頂きますよ。	
C12167	SSS11/362:697	대사:FD	1	あ、あれは　　	
C12168	SSS11/362:6C4	대사:FD	1	こ、これは　　?	
C12169	SSS11/362:6D2	대사:FE	1	大聖樹の生命　　	
C12170	SSS11/362:6E5	대사:FD	1	大聖樹の生命の残り火　　か。	
C12171	SSS11/362:700	대사:FE	1	なんだか、悲しい形ね。	
C12172	SSS11/362:711	대사:FD	1	そうだな　　	
C12173	SSS11/362:796	안내:06	1	{05:00}達は、とうとう大聖樹を\n \n救ってやることは出来なかった。	
C12174	SSS11/362:7C0	안내:06	1	大地を蘇らせる為につくられ\n \n自らの意思で生きる事を許されなかった大聖樹は\n \n満たされて死んでいく事が出来たのだろうか?	
C12175	SSS11/362:814	안내:06	1	{05:00}の手元に残された\n \n大聖樹の生命　　それは、彼らにいったい\n \n何を語りかけようとしているのだろうか。	
C12176	SSS11/364:1D	글	1	通常スタート（指示がない場合これで始めてください）\nマップCK\nイベントCK	
C12177	SSS11/364:59	글	1	次へ            8\nオープニング\n大聖樹とのであい\n大聖樹消える	
C12178	SSS11/364:95	글	1	次へ            7\nヒロイン＆玲蘭\nヒロインと大聖樹の会話\n天転はつとうじょう	
C12179	SSS11/364:DA	글	1	次へ            6\n地下空間出現\n地下空間に入った時のイベント\n大聖樹の本体を初めて見た時	
C12180	SSS11/364:130	글	1	次へ            5\n王蒼幻初登場\nVSイザナギ（地上）\nVSイザナギ（龍穴炉）	
C12181	SSS11/364:174	글	1	次へ            4\nVS天転（地上）\nVS天転（龍穴炉）	
C12182	SSS11/364:1AD	글	1	次へ            3\nキョンシーうろうろ\n大聖樹との会話A\n大聖樹との会話B	
C12183	SSS11/364:1F0	글	1	次へ            2\n大聖樹との会話C\n大聖樹との会話D\nVS林玲蘭（地上）	
C12184	SSS11/364:238	글	1	次へ            1\nVS林玲蘭（龍穴炉）\n龍穴炉がいっぱいになる\n解封呪使用	
C12185	SSS11/364:280	글	1	戻る            0\nラストイベント\nエンディング\nラストイベント2（大聖樹死亡）	
C12186	SSS11/364:2C4	글	1	次へ\nIBG002\nIBG060\nIBG080	
C12187	SSS11/364:2E7	글	1	戻る\nMBG040\nMBG060	
C12188	SSS11/364:41E	글	1	大聖樹生きてる\n大聖樹死亡	
C12189	SSS11/364:43E	대사:FD	1	てすとだ	
C12190	SSS11/364:460	대사:FD	1	256マップにとばすから\nかっとぶよ。それでも見る?	
C12191	SSS11/366:109	글	1	へや1\nへや2\nへや3\nへや4	
C12192	SSS11/367:9A	글	1	へやがみ	
C12193	SSS11/367:CB	대사:FD	1	テキスト終わるよ{00}	
C12194	SSS11/368:158	대사:05	1	この辺りに大聖なる場所は\nありませんか?	
C12195	SSS11/368:181	대사:01	1	大聖?	
C12196	SSS11/368:19C	대사:01	1	大聖樹!{03:03}　{03:01}　{03:01}　	
C12197	SSS11/368:1BC	대사:01	1	つっても、ありゃぁ\n木だからなぁ　　	
C12198	SSS11/368:1D5	대사:05	1	それでは、この近くに洞窟は?	
C12199	SSS11/368:1EA	대사:01	1	洞窟{03:01}　{03:01}　{03:01}　	
C12200	SSS11/368:22D	대사:01	1	あぁ!仙窟の事かね?	
C12201	SSS11/368:25C	대사:05	1	仙窟{03:01}　{03:01}　{03:01}　{03:01}ですか。	
C12202	SSS11/368:27E	대사:00	1	あんた、仙窟に行くのかい?	
C12203	SSS11/368:29C	대사:05	1	まぁ、おそらく。	
C12204	SSS11/368:2AD	대사:00	1	洞仙を、しょっぴいてきたら\n賞金がたくさんもらえるぜ。	
C12205	SSS11/368:2EB	대사:05	1	お金には興味は\nありませんが　　	
C12206	SSS11/368:324	대사:05	1	洞仙を捕まえたら、あなたに\nお引き渡ししましょう	
C12207	SSS11/368:345	대사:00	1	頼んだよ。	
C12208	SSS11/368:352	대사:01	1	お気をつけて。	
C12209	SSS11/368:390	대사:02	1	あの人、けっこう\n出来るわね。	
C12210	SSS11/368:3A7	검증필요	1	U{p}ぱゼぱゾわ{00}	
C12211	SSS11/368:47F	대사:F9	1	や、やりますね　　	
C12212	SSS11/368:48F	검증필요	1	Jぱけ{07}べ{00}	
C12213	SSS11/368:4CD	대사:FD	1	なぁ、今どれくらい\nたまってるって?	
C12214	SSS11/368:4E7	대사:FE	1	う～{03:01}～{03:01}ん{03:01}　{03:01}　	
C12215	SSS11/368:4FD	대사:FE	1	まだ半分くらいだって。	
C12216	SSS11/368:511	대사:FD	1	半分かぁ～～。	
C12217	SSS11/368:523	대사:FE	1	先は長いわね♡	
C12218	SSS11/368:56E	대사:FE	2	どうしたの?{05:00}。	
C12219	SSS11/368:57E	대사:FD	1	そこにいる奴!!	
C12220	SSS11/368:5A5	대사:FD	1	姿を見せろ!	
C12221	SSS11/368:65D	대사:0C	1	気付かれましたか。	
C12222	SSS11/368:682	대사:FE	1	あなた、誰?	
C12223	SSS11/368:692	대사:0C	1	これは失礼しました{09}私の名はイザナギ。	
C12224	SSS11/368:6AD	대사:0C	1	少々事情があって、ここを\n調べさせていただきました。	
C12225	SSS11/368:6D3	대사:FD	1	何が目的だ?	
C12226	SSS11/368:6F0	대사:0C	1	冥界への入り口を\n探しています。	
C12227	SSS11/368:714	대사:FD	1	んな物、ココには\n無い無いって!	
C12228	SSS11/368:73A	대사:0C	1	ここの真上の木は、間違いなく\n古の神々の遺産　　	
C12229	SSS11/368:771	대사:0C	1	だとすれば、ここに冥界への\n入り口が隠されていても\n不思議ではありません。	
C12230	SSS11/368:7A7	대사:FD	1	あったとしても\n俺達は知らないよ。	
C12231	SSS11/368:7BF	대사:0C	1	隠しだてしても{0A}良い事はありませんよ。	
C12232	SSS11/368:7E1	대사:FE	1	それって、どういう意味よ。	
C12233	SSS11/368:7FC	대사:FD	1	決まってるだろ。	
C12234	SSS11/368:824	대사:FD	1	悪覚どもお決まりの\nチープな台詞さ!	
C12235	SSS11/368:868	대사:0C	1	やはり、理解しては\nいただけませんか　　	
C12236	SSS11/368:8B2	대사:FD	1	どうだ!!	
C12237	SSS11/368:8D6	대사:0C	1	やりますね。	
C12238	SSS11/368:936	대사:0C	2	でも、私は負けるわけには\nいかないっ!!!	
C12239	SSS11/368:95B	대사:FD	2	たく、さっきから無いって\n言ってるのにわからない人だな。	
C12240	SSS11/368:A46	대사:FD	1	何か言ってるのか?	
C12241	SSS11/368:A89	대사:FE	1	しっ!	
C12242	SSS11/368:A90	대사:FE	1	声が聞こえるわ。	
C12243	SSS11/368:AB9	대사:FE	1	イザナギさん　　	
C12244	SSS11/368:AC7	대사:FE	1	あなたに話があるって\n言ってるわよ。	
C12245	SSS11/368:AF0	대사:0C	1	私に　　?	
C12246	SSS11/368:AFE	안내:06	1	おぬしが探している冥界への通路は\nこの世界には、もはや存在せん　　	
C12247	SSS11/368:B75	대사:0C	1	なんですって?	
C12248	SSS11/368:B82	안내:06	1	時の監視者ならば、お主の願いを\nかなえられたかもしれんが　　	
C12249	SSS11/368:BAC	안내:06	1	その時の監視者も\nすでに滅んだ　　	
C12250	SSS11/368:BD8	대사:0C	1	そ、それでは、冥界へは\nどうやって　　!?	
C12251	SSS11/368:C96	대사:FD	1	死者の国なら、死ねば\n行けるんじゃないの?	
C12252	SSS11/368:CC0	대사:0C	1	肉体を失っては問題の\n解決にはならないのです!	
C12253	SSS11/368:CEE	대사:FD	1	あ、あら、そうなの?	
C12254	SSS11/368:D1C	대사:0C	1	　{03:01}　{03:01}　{03:01}くっ	
C12255	SSS11/368:D61	대사:0C	1	もう、会う事もないでしょう。	
C12256	SSS11/368:DD5	대사:0C	1	さらばです。	
C12257	SSS11/368:ED7	대사:FE	1	もう、やめましょう。	
C12258	SSS11/368:EE5	대사:FE	1	{05:00}も言ってるけど\nここには、あなたが探している\n物は本当にないのよ。	
C12259	SSS11/368:F75	대사:0C	1	わかりました　　\n今回は、そのお嬢さんに\nめんじて引き下がりましょう。	
C12260	SSS11/368:FCB	대사:0C	1	でも、決してあきらめた\nわけではありませんからね。	
C12261	SSS11/368:1001	대사:FD	1	なんで、俺には\nめんじないんだ。	
C12262	SSS11/368:101E	대사:FE	1	やっぱり、人徳って\nやつじゃないかしら。	
C12263	SSS11/368:103D	대사:FD	1	言うね、君も　　	
C12264	SSS11/368:1050	대사:FE	1	へへっ。	
C12265	SSS11/369:B7	대사:0C	1	おい、待て。	
C12266	SSS11/369:D1	대사:0C	1	お前達どうしたんだ?	
C12267	SSS11/369:E1	대사:0F	1	いやぁー	
C12268	SSS11/369:F9	대사:0F	1	それが、洞仙にやられ\nちゃったんだな。	
C12269	SSS11/369:11A	대사:10	1	今日は休んで鋭気を\nやしないまぁす!	
C12270	SSS11/369:179	대사:0F	1	んで、この次はぁ\nま、洞仙をぉ　　	
C12271	SSS11/369:1A4	대사:10	1	やっつけられたら\nいいなぁ　　と。	
C12272	SSS11/369:1D3	대사:0F	1	ではっ!!	
C12273	SSS11/369:269	대사:0C	1	なめんな!この役立たずーーっ!	
C12274	SSS11/369:294	대사:0C	1	えーーーい!	
C12275	SSS11/369:2B3	대사:0C	1	どいつも、こいつも!	
C12276	SSS11/369:2C5	대사:0C	1	この前の変な髪型の奴といい{08}役立たずの部下どもといい!!	
C12277	SSS11/369:2FF	대사:0C	1	もう、ガマン出来ない!!!	
C12278	SSS11/369:35B	대사:0D	1	将軍様いずこへ!?	
C12279	SSS11/369:373	대사:0E	1	待ってーーーーっ!!	
C12280	SSS11/369:3E5	대사:F9	1	ふふん　　俺様が直々に\n洞仙のやつをとっつかまえてやる!	
C12281	SSS11/369:425	대사:F9	1	ここが、怪しいな。	
C12282	SSS11/369:44B	대사:F9	1	ちくしょー!	
C12283	SSS11/369:456	검증필요	1	Jべけ{07}べ{00}	
C12284	SSS11/369:528	대사:FD	1	なんだ?おまえ達!?	
C12285	SSS11/369:53A	대사:0D	1	なんだとは、また\nごあいさつだな。	
C12286	SSS11/369:554	대사:0E	1	そうだぞ!失礼な!	
C12287	SSS11/369:597	대사:0F	1	こちらに、おわす東天転将軍を\nどなたと心得るのだ!	
C12288	SSS11/369:5C8	대사:FE	1	ふーん、天転て言うんだ。	
C12289	SSS11/369:5E9	대사:FD	1	変な名前だな。	
C12290	SSS11/369:60F	대사:0D	2	なんだとっ!?	
C12291	SSS11/369:624	대사:0D	1	俺の名前を馬鹿に\nしやがったな!!	
C12292	SSS11/369:64B	대사:0E	1	許せませんね、天転様!	
C12293	SSS11/369:668	대사:0F	1	こんな奴等は、我々の愛のムチで\n成敗してしまいましょう!!	
C12294	SSS11/369:6C2	대사:FD	1	おまえら弱すぎるぜ!	
C12295	SSS11/369:6F2	대사:0D	1	くそっ　　	
C12296	SSS11/369:709	대사:0D	1	お前たち、いつまで\n寝てるんだ!!	
C12297	SSS11/369:725	대사:0D	1	さっさと起きろ!	
C12298	SSS11/369:79C	대사:0F	1	くっ、なぜにこの俺の\n愛の技が通用しないんだ。	
C12299	SSS11/369:7D1	대사:0D	1	だまれ、この役立たず!	
C12300	SSS11/369:7EC	대사:0E	1	天転様、私まだ行けます!	
C12301	SSS11/369:80C	대사:0D	1	よし、もう一戦だ!	
C12302	SSS11/369:87D	대사:FD	1	いいかげん、あきらめたら?	
C12303	SSS11/369:8B6	대사:0D	1	えぇい!	
C12304	SSS11/369:8BE	대사:0D	1	なんで勝てないのだ!?	
C12305	SSS11/369:95D	대사:0D	1	雷漢!来てくれたのか!?	
C12306	SSS11/369:980	대사:0E	1	天転様!宿屋のおやじに\n何ができると言うのです!?	
C12307	SSS11/369:9B0	대사:0D	1	ばかたれ!	
C12308	SSS11/369:9C1	대사:0D	1	雷漢は昔、武の道を\n志していたのだ!	
C12309	SSS11/369:9E2	대사:0D	1	これで、百人力だ!	
C12310	SSS11/369:9F7	대사:0D	1	三度目の正直!	
C12311	SSS11/369:A07	대사:0D	1	いくぞ!悪徳洞仙め!	
C12312	SSS11/369:A31	대사:FD	1	誰が悪徳だ!	
C12313	SSS11/369:A89	대사:FD	1	はい、残念でした　　	
C12314	SSS11/369:B6E	대사:0D	2	む　　無念　　	
C12315	SSS11/369:B82	대사:12	1	だが、悔いはない	
C12316	SSS11/369:B97	대사:12	1	ぬし、名はなんと言う?	
C12317	SSS11/369:BAB	대사:FD	1	俺の名は、{05:00}!	
C12318	SSS11/369:BE1	대사:12	1	いい名だ　　	
C12319	SSS11/369:BF8	대사:12	1	その名前、忘れはせぬぞ。	
C12320	SSS11/369:C1A	대사:0D	1	ら、雷漢。	
C12321	SSS11/369:C32	대사:0D	1	くっそー!!	
C12322	SSS11/369:C7A	대사:0D	1	おぼえてろよーー!	
C12323	SSS11/369:C98	대사:0E	1	天転様ーー!	
C12324	SSS11/369:CC7	대사:0F	1	アディ・ユー!	
C12325	SSS11/369:D0A	대사:FE	1	もう、来ないでよねーっ!	
C12326	SSS11/370:58	대사:FD	1	なぁ、大聖樹よ　　	
C12327	SSS11/370:6F	대사:FD	1	王蒼幻とかって\nガキと話したよ。	
C12328	SSS11/370:9B	대사:FD	1	地下に隠されてた機械、あんたの\n本体だってのは本当なのか?	
C12329	SSS11/370:13D	대사:FE	1	うんうん　　	
C12330	SSS11/370:165	대사:FE	1	身体の一部なんだって!	
C12331	SSS11/370:200	안내:06	1	話さなければならん事だな	
C12332	SSS11/370:230	안내:06	1	数千年前　　	
C12333	SSS11/370:24A	안내:06	1	私は死んだも同然だったこの大地を\n蘇らせるために造られたのだ。	
C12334	SSS11/370:282	대사:FD	1	じゃぁ、なんでこの地の風水は\n乱れているんだ?	
C12335	SSS11/370:2A3	안내:06	1	そ{03:01}　{03:01}　{03:01}　それは　　	
C12336	SSS11/370:2C5	안내:08	1	わ{03:03}、私の力が及ばなくなったためだ{09}じゃから、風水は混沌とした状態に。	
C12337	SSS11/370:300	대사:FE	1	なら、あなたを蘇らせる事が大地を\n蘇らせる事につながるのね。	
C12338	SSS11/370:334	안내:06	1	こ{03:01}、この地を守る事が\n私の使命なのだ。	
C12339	SSS11/370:35D	안내:06	1	そ{03:01}、その私が大地の風水を\n乱す訳がないじゃろうが!	
C12340	SSS11/370:39C	대사:FE	1	そうよね	
C12341	SSS11/370:3B0	안내:06	1	おぬし達が見た機械は\n私の生命のみなもとじゃ。	
C12342	SSS11/370:3DC	안내:06	1	あれが封印された今　{03:01}　{03:01}　\n 私はもう長くはもたん。	
C12343	SSS11/370:42A	대사:FD	1	お、おい大聖樹!	
C12344	SSS11/370:43C	대사:FE	1	とにかく、急いで封印を\nなんとかしなきゃ!	
C12345	SSS11/370:45F	검증필요	1	（ズ{03:53}{p}（ズ{04:53}教ゼぱゾあぞ{00}	
C12346	SSS11/370:497	안내:06	1	早く{03:01}　{03:01}　{03:01}早くして{03:01}く{03:01}れ{03:01}　{03:01}　	
C12347	SSS11/370:4ED	대사:FD	1	もう少しの辛抱だ!	
C12348	SSS11/370:50E	안내:06	1	死にたく　　	
C12349	SSS11/370:525	안내:06	1	死にたくない　　	
C12350	SSS11/370:540	대사:FE	1	大聖樹、すごく脅えてる。	
C12351	SSS11/370:559	대사:FD	1	大丈夫、死なせやしないって!	
C12352	SSS11/370:598	안내:06	1	だめじゃ　　	
C12353	SSS11/370:5AE	안내:06	1	もう、何も考えられんようなってきた	
C12354	SSS11/370:5D4	대사:FD	1	なに言ってんだよ!	
C12355	SSS11/370:60F	대사:FE	1	今やってるからもう少し\n頑張っててちょうだい!	
C12356	SSS11/370:633	대사:FE	1	私達が、なんとかするから!	
C12357	SSS11/370:654	안내:06	1	私は一体、何のために\n生まれて来たのかのぉ　　	
C12358	SSS11/370:679	대사:FD	1	なにって{03:01}　{03:01}　{03:01}　	
C12359	SSS11/370:68D	대사:FD	1	大地を蘇らせるためだろ?	
C12360	SSS11/370:6AC	안내:06	1	そう言えばそうだったか　　	
C12361	SSS11/370:6CA	안내:08	1	大地を蘇らせるため　　か。	
C12362	SSS11/370:6EF	대사:FE	1	どうしちゃったんだろ\n　　大聖樹さん。	
C12363	SSS11/370:71F	대사:FD	1	さぁ。	
C12364	SSS11/370:74F	안내:06	1	も　　もう限界　　じゃ。	
C12365	SSS11/370:774	대사:FD	1	もう少しなんだ{09}弱音は、やめようぜ。	
C12366	SSS11/370:79B	안내:06	1	死ぬというのは、何なのだ	
C12367	SSS11/370:7B7	안내:06	1	死んだら、一体どうなるのだ　　	
C12368	SSS11/370:833	대사:FD	1	どうした、{05:01}?	
C12369	SSS11/370:853	대사:FE	1	変だわ　　	
C12370	SSS11/370:85F	대사:FE	1	大聖樹さんの声　　\n聞こえなくなっちゃった	
C12371	SSS11/370:882	대사:FD	1	あわてるなよ{09}毎度の事だろ?	
C12372	SSS11/370:89F	대사:FE	1	ちがうのよ!	
C12373	SSS11/370:8B1	대사:FE	1	もっと、なんかこう　　	
C12374	SSS11/370:8EA	대사:FE	1	存在そのものが、消えちゃい\nそうな感じがするの!	
C12375	SSS11/370:912	대사:FD	1	そりゃ、やばいかもな。	
C12376	SSS11/370:928	대사:FE	2	急ぎましょう!!	
C12377	SSS11/370:E15	대사:FD	1	おかしいな。	
C12378	SSS11/370:E22	대사:FE	1	陽気が満ちたのに\n何もおきないわね。	
C12379	SSS11/370:E41	대사:FD	1	王蒼幻の封印のせいか。	
C12380	SSS11/370:E5D	대사:FD	1	でも、今なら解封呪が使えるから\nあんな封印なんざ目じゃないぜ!	
C12381	SSS11/370:E8B	대사:FE	1	えぇ!	
C12382	SSS11/370:F07	대사:FD	2	なんだい?{p}あなた方がエネルギーを、いっぱいにして\nくれたおかげで、龍脈が正常に戻り{0A}倉庫部屋の作成が可能になりました。	
C12383	SSS11/370:F5A	대사:FD	2	そりゃ助かるぜ!{p}では、引き続きよろしく\nお願いいたします。	
C12384	SSS11/370:FA8	대사:FD	2	まかしときなって。	
C12385	SSS11/370:FF3	대사:FD	1	この気{03:01}　{03:01}　{03:01}　	
C12386	SSS11/370:1015	대사:FD	1	大聖樹か!?	
C12387	SSS11/370:1036	안내:08	1	{05:00}　　か	
C12388	SSS11/370:104A	대사:FD	1	待ってろよ、大聖樹{08}今、助けてやるからな!	
C12389	SSS11/370:106D	안내:08	1	私には時間が残されていない。	
C12390	SSS11/370:1085	안내:08	1	一刻も{03:01}　{03:01}　{03:01}　	
C12391	SSS11/370:10A4	안내:08	1	一刻も早く大地を{03:01}　{03:01}　{03:01}　	
C12392	SSS11/370:1116	글	1	あなたが、大聖樹を蘇らせてくれる\n洞仙{05:00}ですね　　	
C12393	SSS11/370:113C	대사:FD	1	そうさ。{p}ここで、仙窟を作るにあたって\n一つだけ注意があります。	
C12394	SSS11/370:1166	대사:FD	1	注意?{p}はい、実は龍脈の流れの関係で\nこの大地では倉庫部屋を作ることが\n出来ないのです　　	
C12395	SSS11/370:11AA	대사:FD	1	ま、作れないものは\nしょうがないよな。	
C12396	SSS11/370:11C2	대사:FD	1	まかしとけって!{p}では　　くれぐれも\nよろしくお願いいたしまよ。	
C12397	SSS11/370:1252	대사:FD	2	よし、やるか!	
C12398	SSS11/370:127B	대사:FD	1	おーい、調子はどうだ?	
C12399	SSS11/370:134D	대사:FD	1	まだ、だめか。	
C12400	SSS11/370:1380	대사:FD	1	具合が良くなったら\n帰る方法を教えてくれよ!	
C12401	SSS11/370:1477	대사:FD	1	大地は復活に向かって\nいるはずなのに　　	
C12402	SSS11/370:149E	대사:FE	1	小さな声でなんか言ってるよ。	
C12403	SSS11/370:14C7	대사:FD	1	{05:01}にも\n聞こえるの?	
C12404	SSS11/370:150B	대사:FE	1	風水のめぐりは、だいぶ\n良くなって来てるって。	
C12405	SSS11/370:1540	대사:FD	1	木だけあって大地の事は\n良く解るってわけか。	
C12406	SSS11/370:1568	대사:FE	1	木って言うなって。	
C12407	SSS11/370:1914	대사:FD	1	ここは　　?	
C12408	SSS11/370:1972	대사:FE	1	部屋神様?	
C12409	SSS11/370:19AA	대사:FD	1	今度はなんだい?{p}王蒼幻に本体を封印され\nいよいよ、大聖樹の生命も\n危うくなってきました。	
C12410	SSS11/370:19F3	대사:FD	1	何を今更。{p}実は、このままでは大聖樹の生命は\n後、数ターンしか持たないのです。	
C12411	SSS11/370:1A32	대사:FE	1	なんですって!?	
C12412	SSS11/370:1A46	대사:FD	1	そんな短時間で大地を\n蘇らせろってのか!?	
C12413	SSS11/370:1A65	대사:FD	1	そりゃ、いくら何でも\n無茶すぎるぜ!{p}大聖樹の生命を引き伸ばす\n方法ならあります。	
C12414	SSS11/370:1AA1	대사:FD	1	どうすりゃいい!?{p}龍穴炉にエネルギーを1度\n振込む度に、生命を2ターン\nだけ引き伸ばす事ができます。	
C12415	SSS11/370:1AE7	대사:FE	1	そんな　　{p}大聖樹の生命が残り3ターンを\n切った場合、警告を出します。{p}それを目安にエネルギーを\n振込み、一刻も早く龍穴炉を\n一杯にしてください　　	
C12416	SSS11/370:1B60	대사:FE	1	やるしかないもんね!{p}お願いいたします　　	
C12417	SSS11/370:1BA3	대사:FE	2	えぇ!!	
C12418	SSS11/371:44	대사:FD	1	なっ　　	
C12419	SSS11/371:5D	대사:FD	1	こ{03:03}、これは　　	
C12420	SSS11/371:74	대사:FE	1	いったい、何なのかしら?	
C12421	SSS11/371:8C	대사:FD	1	もしかしたら　　	
C12422	SSS11/371:AE	대사:FD	1	これが大聖樹を、衰えさせた\n張本人とか　　	
C12423	SSS11/371:ED	대사:FD	1	何かわかる?	
C12424	SSS11/371:107	대사:FE	1	この機械から、大聖樹と\n同じような気を感じる。	
C12425	SSS11/371:138	대사:FD	1	大聖樹と　　?	
C12426	SSS11/371:168	대사:FD	1	うーーーん{03:01}　{03:01}　\nよくわからない。	
C12427	SSS11/371:194	대사:FD	1	それって、いったい\nどういう事なんだ?	
C12428	SSS11/371:1E7	대사:FE	1	それは、解らないわ　　	
C12429	SSS11/371:209	대사:FD	1	うーーーーーーん	
C12430	SSS11/371:2BB	검증필요	1	（ズ{04:53}{p}づズ{00}	
C12431	SSS11/371:2CE	대사:FD	1	また、さっきの気か　　	
C12432	SSS11/371:305	대사:FD	1	俺達の事を見張ってやがる。	
C12433	SSS11/371:349	대사:FD	1	い{03:01}、{03:01}いや別に。	
C12434	SSS11/371:359	대사:FD	1	それより、いったん外に出よう	
C12435	SSS11/371:370	대사:FE	1	えぇ{03:01}、そうね　　	
C12436	SSS11/443:5E	검증필요	1	ヲ{03:F8}）そ{08}ゾね{00}	
C12437	SSS11/443:133	안내:07	1	大聖樹死亡まで、あと3ターン	
C12438	SSS11/443:14F	안내:07	1	大聖樹死亡まで、あと2ターン	
C12439	SSS11/443:16B	안내:07	1	大聖樹死亡まで、あと1ターン	
C12440	SSS12/080:51	대사:FD	1	新シナリオスタート地点	
C12441	SSS12/080:6B	대사:FD	1	多分仙窟だろ?{00}	
C12442	SSS12/160:14	검증필요	1	狙ゾお {00}	
C12443	SSS12/177:F5	대사:00	1	最近、暗い話題ばっかりで\nいやになってくるわね。{00}	
C12444	SSS12/177:116	대사:00	1	明紅ちゃんの、お母さんとは\n昔よく御話ししたりしたのよ。	
C12445	SSS12/177:13C	대사:00	1	立派でキレイな人だったのに{09}美人薄命って本当なのねぇ。{00}	
C12446	SSS12/177:164	대사:00	1	しかし、何故みんな洞仙を\n目の仇にするのかしら。	
C12447	SSS12/177:186	대사:00	1	全ての洞仙が悪者だなんて\n考え方は、私は反対だね。{00}	
C12448	SSS12/177:1AD	대사:00	1	実は、私の古い知りあいには\n洞仙だった人がいてね・・・	
C12449	SSS12/177:1D6	대사:00	1	今は、もう他界しちまったけど	
C12450	SSS12/177:1EB	대사:00	1	それは、それは一生懸命に\n枯れた大地を蘇らせていたよ。{00}	
C12451	SSS12/177:212	대사:00	1	全ての洞仙が悪い奴らじゃない\nとは思わないのかね、街の人は。{00}	
C12452	SSS12/177:278	대사:01	1	ヒック　　洞仙が何だ{08}ってんだ馬鹿やろめ。{00}	
C12453	SSS12/177:29A	대사:01	1	じまんじゃねーが、ウチのかみさん\nあの蘭陽院で働いてたんさ。	
C12454	SSS12/177:2C0	대사:FD	1	蘭陽院?	
C12455	SSS12/177:2CB	대사:01	1	知らないのか?	
C12456	SSS12/177:2D7	대사:01	1	あの、街の真ん中に建ってる\nお寺さんのこったよ。{00}	
C12457	SSS12/177:33B	대사:02	1	最近は土地がやせちまって・・・\n野菜も、ろくに育たない有様だよ。{00}	
C12458	SSS12/177:36B	대사:02	1	野菜をカゴ一杯に買って\n思う存分食べたいねぇ。{00}	
C12459	SSS12/177:38F	대사:02	1	また、あの化け物が\n出たみたいだよ。	
C12460	SSS12/177:3A8	대사:02	1	これじゃ、おちおち\n買い物も出来ないね。{00}	
C12461	SSS12/177:3C4	대사:02	1	蘭陽祭はメチャクチャになるし\n街の人達は浮き足だってるし	
C12462	SSS12/177:3EC	대사:02	1	大僧正様も大変だろうね。{00}	
C12463	SSS12/177:406	글	1	蘭陽院の無料旅行について聞く{09}何もたずねない。	
C12464	SSS12/177:42D	대사:02	1	あぁ、あれかい?	
C12465	SSS12/177:439	대사:02	1	ありゃぁね、旅行に行くなんてのは\n真っ赤なウソだと思うね、私は。	
C12466	SSS12/177:464	대사:02	1	本当のところは、私も詳しくは\n知らないんだけど・・・。	
C12467	SSS12/177:48B	대사:02	1	まだ、私が蘭陽院の中で\n働いてた頃・・・	
C12468	SSS12/177:4AD	대사:02	1	見ちまったんだよ。	
C12469	SSS12/177:4C0	대사:02	1	旅に出たハズの女の子が、蘭陽院の\n地下に連れて行かれるのを!	
C12470	SSS12/177:4ED	대사:02	1	あの子達は、いったい\nその後どうなったのかねぇ。{00}	
C12471	SSS12/177:544	대사:03	1	二階におるのはワシの\n孫なんじゃが・・・	
C12472	SSS12/177:562	대사:03	1	この前の西湘クィーン\nとやらに選ばれて以来	
C12473	SSS12/177:581	대사:03	1	すっかり人が変わって\nしまいよって・・・。{00}	
C12474	SSS12/177:59F	대사:03	1	ウチの孫娘とは話したか?	
C12475	SSS12/177:5B2	대사:03	1	昔は、もっと優しくて思いやりの\nある娘だったんじゃがのぉ。{00}	
C12476	SSS12/177:5D7	대사:03	1	いつも、無くなって初めて\nその物の大事さに気付く・・・	
C12477	SSS12/177:600	대사:03	1	人間とはおろかな生き物じゃ。	
C12478	SSS12/177:616	대사:03	1	今の状態は、思い上がった人間\nへの罰なのかもしれんのぉ。{00}	
C12479	SSS12/177:63E	대사:03	1	大地が枯れては、植物も育たん{09}草を食べる動物も育たん。そして\n我々人間も生きてはいけん・・・	
C12480	SSS12/177:683	대사:03	1	こうしてみると、大地というのは\n全ての生命の源だったんじゃなぁ。{00}	
C12481	SSS12/177:6F4	대사:04	1	私って、きれいだと思わない?{00}	
C12482	SSS12/177:708	대사:04	1	あぁ、どうして私ってば\nこんなに美しいのかしら。{00}	
C12483	SSS12/177:726	대사:04	1	私ってば・・・	
C12484	SSS12/177:735	대사:04	1	また、新たな男をとりこに\nしてしまったようね♡{00}	
C12485	SSS12/177:753	대사:04	1	私にふさわしい、もっと\n大きな街に行きたいわ。	
C12486	SSS12/177:772	대사:04	1	こんな所で、一生を\n終えるのはイヤよ。{00}	
C12487	SSS12/177:78D	대사:04	1	多くの男が私に\n心ときめかせる。	
C12488	SSS12/177:7A5	대사:04	1	私の体は一つだけなのに。	
C12489	SSS12/177:7B8	대사:04	1	あぁ、罪だわ・・・私に全ての男を\n幸せにすることなんて出来ないのに。{00}	
C12490	SSS12/177:7E8	대사:04	1	全く・・・	
C12491	SSS12/177:7F5	대사:04	1	洞仙を退治するのに、いったい\n何日かかってるのかしら。{00}	
C12492	SSS12/177:81A	대사:04	1	洞仙かぁ・・・	
C12493	SSS12/177:82A	대사:04	1	悪に生きる男ってのも\nひかれるわよねぇ。	
C12494	SSS12/177:845	대사:04	1	こんど、私も会いに\n行ってみようかしら♡{00}	
C12495	SSS12/177:863	대사:04	1	美しいって、お得よねぇ{09}みんなに優しくしてもらえる\n上に、旅行までタダなんて。	
C12496	SSS12/177:895	대사:04	1	もう連絡がきてもいい頃なのに\n何を手間取ってるのかしら?	
C12497	SSS12/177:8BC	대사:04	1	それにしても何処に\n行けるか、楽しみだわ♡{00}	
C12498	SSS12/177:8DA	대사:04	1	わたし、ホントはいない\nはずなんでちゅ。	
C12499	SSS12/177:8F2	대사:04	1	あちしとお話ししちゃったって人は\nミヤサカっておにいちゃんに\nれんらくしてね。	
C12500	SSS12/177:9A2	대사:06	1	今日も、外では化け物が\n出たそうだよ。おまえ。	
C12501	SSS12/177:9C3	대사:07	1	まぁ、またなの{07}いやねぇ　　{00}	
C12502	SSS12/177:9D7	대사:06	1	そういえば、そろそろ\nお前のたんじょう日も近いね。	
C12503	SSS12/177:9F7	대사:07	1	ま、嬉しい♡	
C12504	SSS12/177:A03	대사:07	1	覚えてて下さったのね。{00}	
C12505	SSS12/177:A14	대사:07	1	ねぇ、あなた。どうして洞仙は\n土地を枯らしてまわるのだと思う?	
C12506	SSS12/177:A3D	대사:06	1	たぶん・・・彼らは人間とは違って\n普通の食べ物じゃなく、大地の陽気を\n食べて生活してるんじゃないかな。	
C12507	SSS12/177:A86	대사:07	1	なるほどぉ。さすが、あなた♡{00}	
C12508	SSS12/177:A99	대사:07	1	ねぇ、あなた・・・	
C12509	SSS12/177:AA9	대사:06	1	なんだい?おまえ。	
C12510	SSS12/177:AB6	대사:07	1	あたし、あなたと見つめ合って\nいられるだけで幸せだわ。	
C12511	SSS12/177:AD8	대사:06	1	ボクもだよ。{00}	
C12512	SSS12/177:AE3	대사:06	1	ぼく達、必死にやって\n来たよな　　	
C12513	SSS12/177:AFE	대사:07	1	えぇ、やって来たわ。	
C12514	SSS12/177:B0D	대사:06	1	二人で土地も\nたがやしたよな。	
C12515	SSS12/177:B24	대사:07	1	二人で種もまいたわよね。	
C12516	SSS12/177:B37	대사:06	1	それも、今じゃ　　	
C12517	SSS12/177:B47	대사:07	1	あなた、言わないで。{00}	
C12518	SSS12/177:B56	대사:06	1	大地はこんなで、ボクらのはたけも\n見るかげもなくなってしまったね。	
C12519	SSS12/177:B7F	대사:07	1	また、新たな土地で\n新しく始ましょうよ。	
C12520	SSS12/177:B9C	대사:06	1	寂しくはないかい?	
C12521	SSS12/177:BAA	대사:07	1	あなたさえ、いれば\n私は平気よ♡	
C12522	SSS12/177:BC2	대사:06	1	ボクもだよ・・・{00}	
C12523	SSS12/186:A1	안내:08	2	魔界三天封・災・輪廻	
C12524	SSS12/186:D8	대사:FD	2	なんだろ?これ	
C12525	SSS12/186:E8	대사:FE	1	さぁ　　?	
C12526	SSS12/187:1BF	안내:02	2	『蒼宝殿』	
C12527	SSS12/220:3F	검증필요	1	通常スタート（指示がない場合これで始めて下さい）\nコール\nジャンプ（REVIVE時はこっち）	
C12528	SSS12/220:100	대사:08	1	ひどいもんだな。	
C12529	SSS12/220:11B	대사:09	1	最近になって急にだろ?	
C12530	SSS12/220:14B	대사:08	1	ここ2・3ヶ月の間に\nこんなになっちまったんだ。	
C12531	SSS12/220:17E	대사:09	1	おまけに、街じゃ　　	
C12532	SSS12/220:19E	대사:09	1	妖怪騒ぎまで、起こって\nるって話だぜ。	
C12533	SSS12/220:1C9	대사:08	1	こんな事になって{03:01}　{03:01}　{03:01}　{03:01}　	
C12534	SSS12/220:208	대사:08	1	ひょっとして、奴等の仕業か!?	
C12535	SSS12/220:21F	대사:09	1	奴等って{03:01}　{03:01}　{03:01}　	
C12536	SSS12/220:262	대사:09	1	洞仙!!?	
C12537	SSS12/220:272	대사:08	1	他に誰かいるか!?	
C12538	SSS12/220:2A6	대사:08	1	ここの大地も、もう\n駄目なのかなぁ。	
C12539	SSS12/220:2C5	대사:09	1	俺、もう土地を変わる\nのは嫌だよ　　	
C12540	SSS12/220:2EC	대사:08	1	俺だってそうさ。	
C12541	SSS12/220:3BA	대사:FD	1	ありゃりゃ　　	
C12542	SSS12/220:3F1	대사:FD	1	こりゃ、ヒドイわ。	
C12543	SSS12/220:419	대사:07	1	ほんと　　	
C12544	SSS12/220:438	대사:07	1	老師が言ってた以上ね。	
C12545	SSS12/220:463	대사:FD	1	老師が!?	
C12546	SSS12/220:482	대사:FD	1	何て言ったって?	
C12547	SSS12/220:4A7	대사:07	1	えっと　　	
C12548	SSS12/220:4B7	대사:07	1	西湘の風水が乱れて\n異常な気を感じるから	
C12549	SSS12/220:4EC	대사:07	1	{05:00}と行って\nこいって、言われたの。	
C12550	SSS12/220:509	대사:FD	1	俺には、西湘で30年に\n一度の祭りがあるから	
C12551	SSS12/220:54A	대사:FD	1	見物してこいって\n言ってたくせに　　	
C12552	SSS12/220:577	대사:07	1	老師に一杯食わされ\nちゃったわね。	
C12553	SSS12/220:591	대사:FD	2	仕方ない。	
C12554	SSS12/220:5A9	대사:FD	1	とにかく、西湘まで行ってみよう。	
C12555	SSS12/220:5CD	대사:FD	1	ん{03:01}　{03:01}　{03:01}　{03:01}　?	
C12556	SSS12/220:5FB	대사:FD	1	なんだ、ありゃ!?	
C12557	SSS12/220:6C3	대사:07	1	なんか、凄いことに\nなってるわね　　	
C12558	SSS12/229:D2	대사:FD	1	さて、そろそろ\n龍穴炉に戻るとするかな。	
C12559	SSS12/229:F2	글	1	龍穴炉に戻る{09}やっぱり止める。	
C12560	SSS12/229:1CA	대사:1D	1	さっきは突然変な化け物が\n出てくるんですもの　　	
C12561	SSS12/229:1EE	대사:1D	1	おどろいたわ。{00}	
C12562	SSS12/229:1F9	대사:1D	1	昔、この街には明紅ていう\n女の子が住んでてね。	
C12563	SSS12/229:21B	대사:1D	1	めっぽう拳法の腕の\n立つ子だったんだけど。	
C12564	SSS12/229:239	대사:1D	1	今頃は、何処でど\nうしているのやら。{00}	
C12565	SSS12/229:253	대사:1D	1	さっき、髪の赤い女の子と\nすれ違ったんだけど・・・	
C12566	SSS12/229:278	대사:1D	1	なんだか、明紅とよく似てた\nような気がしたんだけど。{00}	
C12567	SSS12/229:29A	대사:1D	1	明紅とは、昔はよく\nケンカしたもんだけど。	
C12568	SSS12/229:2B6	대사:1D	1	名前の事でケンカした時の\n事は今でも忘れられないわね。{00}	
C12569	SSS12/229:2DC	대사:1D	1	もし、この街が駄目になったら\n何処に行けばいいのかしら　　{00}	
C12570	SSS12/229:33D	대사:1C	1	さっきの化け物見た?	
C12571	SSS12/229:34E	대사:1C	1	あいつら、しばらくすると\n地面の中に消えちゃうんだ。{00}	
C12572	SSS12/229:370	대사:1C	1	さっき、天転姉ちゃんが\nすごい勢いで走ってたぜ。	
C12573	SSS12/229:398	대사:FD	1	天転{03:01}・{03:01}・{03:01}・	
C12574	SSS12/229:3B1	대사:FD	1	姉ちゃん?	
C12575	SSS12/229:3C4	대사:1C	1	僕、見たことあるもん。	
C12576	SSS12/229:3D7	대사:FD	1	な{03:01}・{03:01}・{03:01}・何を見たんだろうか♡	
C12577	SSS12/229:3FF	대사:FE	1	もうっ!{05:00}!!	
C12578	SSS12/229:40E	대사:FE	1	何、考えてるの!?	
C12579	SSS12/229:41D	대사:FD	1	ごめんなさい。{00}	
C12580	SSS12/229:428	대사:1C	1	でも、洞仙て何で大地を\n枯らしてまわるのかなぁ・・・	
C12581	SSS12/229:44F	대사:1C	1	そんな事して、何か\n面白いのかな。{00}	
C12582	SSS12/229:468	대사:1C	1	拙者、がきんちょでござる!	
C12583	SSS12/229:47B	대사:1C	1	なんちって。	
C12584	SSS12/229:485	대사:1C	1	かっこいい!?{00}	
C12585	SSS12/229:490	대사:1C	2	あーあ、蘭陽祭いつに\nなるんだろう?{00}	
C12586	SSS12/229:4A9	대사:1C	1	雷漢のおっちゃんが\nさっき戻ってきたけど・・・	
C12587	SSS12/229:4CA	대사:1C	1	なんだか、コテンパンにされた\nみたいだったなぁ。{00}	
C12588	SSS12/229:4E7	대사:1C	1	さっきも、あの変な一つ目の\n妖怪が出て来たんだぜ!	
C12589	SSS12/229:50B	대사:1C	1	みんな、大騒ぎだったよ。{00}	
C12590	SSS12/229:56E	대사:0D	1	あぁ・・・	
C12591	SSS12/229:57A	대사:0D	1	こんな時、あの娘がいて\nくれれば心強いんだが。{00}	
C12592	SSS12/229:599	대사:0D	1	信じられない・・・	
C12593	SSS12/229:5AA	대사:0D	1	あの明紅がやられるなんて・・・\nやはり、洞仙には勝てないのか。{00}	
C12594	SSS12/229:5D5	대사:0D	1	今さっき、明紅の見送り\nから帰ってきたんだけど	
C12595	SSS12/229:5F6	대사:0D	1	親父さんの仇だった\n洞仙に負けたにしては	
C12596	SSS12/229:614	대사:0D	1	すがすがしい顔してたな。{00}	
C12597	SSS12/229:625	대사:0D	1	もう、この西湘も\n終わりなのかなぁ。{00}	
C12598	SSS12/229:63E	대사:0D	1	さっき、そこで話してた奴\nおかしな服きてたぜ。	
C12599	SSS12/229:65C	대사:0D	1	確か、日出る国の人達があんな服を\n着てるんじゃなかったかな。{00}	
C12600	SSS12/229:686	대사:0D	1	あぁ、俺に力があればなぁ。	
C12601	SSS12/229:699	대사:0D	1	明紅もこの西湘の街も、洞仙の\n好きにはさせやしないのに。{00}	
C12602	SSS12/229:6F9	대사:0E	1	まったく、蘭陽祭は一体\nどうなっちまうんだろう。	
C12603	SSS12/229:71A	대사:0E	1	せっかく、こんなに\n準備したってのに。{00}	
C12604	SSS12/229:733	대사:0E	1	まったく、言わんこっちゃない。	
C12605	SSS12/229:747	대사:0E	1	女の子に、洞仙の退治が\n出来るわけがないのさ。{00}	
C12606	SSS12/229:76A	대사:0E	1	天転の男勝りは、昔の\nまんまだなぁ・・・{00}	
C12607	SSS12/229:78A	대사:0E	1	さっき、すれ違ったやつ\nえらい臭かったなぁ。	
C12608	SSS12/229:7A6	대사:0E	1	しかも、自分のこと\n拙者とかいうんだぜ。{00}	
C12609	SSS12/229:7C2	대사:0E	1	こうなったら、雷漢様の\nお力にすがるしか・・・{00}	
C12610	SSS12/229:7E4	대사:0E	1	雷漢様が、勝てないなんて・・・\nもう、西湘の街もおしまいか。{00}	
C12611	SSS12/229:848	대사:0F	1	ついに、この西湘の地にも\n洞仙がやって来たらしいよ。	
C12612	SSS12/229:86C	대사:0F	1	もう、駄目かもしれないな。{00}	
C12613	SSS12/229:87F	대사:0F	1	あの男勝りの天転も、洞仙には\n勝てなかったみたいだな。{00}	
C12614	SSS12/229:8A9	대사:0F	1	そういえば、あんた\n知ってるかい?	
C12615	SSS12/229:8C3	글	1	知ってるさ{09}え?なになに?	
C12616	SSS12/229:8D6	대사:0F	1	そうか	
C12617	SSS12/229:8DD	대사:0F	1	ならいいんだ{09}邪魔したな。{00}	
C12618	SSS12/229:8F2	대사:0F	1	実は、この西湘の蘭陽祭には\n変わったな風習があってさ	
C12619	SSS12/229:919	대사:0F	1	前の年の蘭陽祭で、西湘の\nクィーンになった女の子は、	
C12620	SSS12/229:940	대사:0F	1	次の蘭陽祭の時に、無料で\n旅行が出来ることになってる。	
C12621	SSS12/229:96A	대사:0F	1	でも、何処へ行くのかは\n誰も知らないし　　	
C12622	SSS12/229:98A	대사:0F	1	今まで旅行に行った人の中で\n戻って来た人はいないんだ。	
C12623	SSS12/229:9B2	대사:0F	1	確か、街の右上の家に住んでる子が\n前回の西湘クィーンのはずだよ。{00}	
C12624	SSS12/229:9E1	대사:0F	1	俺も、どこかに行っち\nまいたい気分だよ。{00}	
C12625	SSS12/229:A35	대사:10	1	あの化け物ども・・・	
C12626	SSS12/229:A48	대사:10	1	いったい、何処から\n出てくるんだ?{00}	
C12627	SSS12/229:A60	대사:10	1	天転も駄目だったのか・・・	
C12628	SSS12/229:A78	대사:10	1	もう、雷漢様にすがるしか\n道は残されてないかもしれんな。{00}	
C12629	SSS12/229:A9D	대사:10	1	雷漢様、いつになったら\n出陣なされるのだろうか。{00}	
C12630	SSS12/229:ABE	대사:10	1	雷漢様までもが\nやられるとは　　{00}	
C12631	SSS12/229:ADF	글	1	さっきの様な化け物が\nいつ外から侵入してくるか\nわからないからね。{p}ここの警備はボク達に\n任せておきなさい。	
C12632	SSS12/229:B37	글	1	俺達が、いりゃ大丈夫{09}西湘の街は俺達が守るぜ{09}安心してなって。	
C12633	SSS12/240:A3	글	1	龍穴炉に振り込む\n地上へあがる	
C12634	SSS12/240:C2	글	1	大地の加護を受ける\n地上へあがる	
C12635	SSS12/240:E6	글	1	龍穴炉に振り込む\n地上へあがる\nエンディング（仙獣）\n振込みの演出	
C12636	SSS12/240:127	글	1	捜神はずして、ヒロインJOIN\nヒロインはずして、捜神JOIN	
C12637	SSS12/240:357	대사:FD	1	{05:01}を助ける為にも	
C12638	SSS12/240:366	대사:FD	1	早いとこ、龍穴炉を\n満タンにしなくちゃな。	
C12639	SSS12/240:388	대사:FD	1	今は早いとこ、{05:01}を\n探す出すのが先だ。{00}	
C12640	SSS12/242:1E	대사:FD	1	まだ、からっぽ{00}	
C12641	SSS12/336:58	대사:5B	1	イベント終わり	
C12642	SSS12/336:A9	대사:1F	2	怒る天転	
C12643	SSS12/336:323	안내:0C	1	そのころ地上では{03:01}・{03:01}・{03:01}・	
C12644	SSS12/352:4A	대사:00	1	ずいぶん、静かね。	
C12645	SSS12/352:9F	대사:00	1	あれ見て!	
C12646	SSS12/352:1F9	대사:00	1	どうも、お祭りどころ\nじゃないみたいね。	
C12647	SSS12/352:224	대사:FD	1	大丈夫、大丈夫!	
C12648	SSS12/352:25E	대사:FD	1	奴等が現れるのも\n風水の異常のせいだろ?	
C12649	SSS12/352:285	대사:00	1	それなら、仙窟を作れば\n邪精達も消えるの?	
C12650	SSS12/352:2A5	대사:FD	1	　{03:01}　{03:01}　{03:01}たぶん。	
C12651	SSS12/352:2DB	대사:00	1	本当かしら　　?	
C12652	SSS12/352:30B	대사:00	1	いーえ、なんでも。	
C12653	SSS12/352:318	대사:00	1	さ、早く何とかしないと!	
C12654	SSS12/352:333	대사:FD	1	まずは、大地のつぼを\n見つけないとな。	
C12655	SSS12/352:34D	대사:00	1	なんだっけ?それ。	
C12656	SSS12/352:366	대사:FD	1	削岩功を使うのに、ちょうどいい\n場所を探すんだよ　　	
C12657	SSS12/352:390	대사:00	1	あ、そかそか。	
C12658	SSS12/352:3C3	대사:00	1	じゃ、いきましょ。	
C12659	SSS12/353:2A	대사:FD	2	これはっ!?	
C12660	SSS12/353:4A	대사:FE	1	街で見たのと同じ奴等だわ!	
C12661	SSS12/353:8B	대사:FD	1	こんな所に巣食って\nいやがったか!!!	
C12662	SSS12/353:AD	대사:FE	1	なんか、ぞろぞろいるわね。	
C12663	SSS12/353:C7	대사:00	1	ハガー!	
C12664	SSS12/353:D4	대사:01	1	ウガウガウガ!	
C12665	SSS12/353:E4	대사:02	1	ピキピキ!	
C12666	SSS12/353:F4	대사:03	1	グハーー!	
C12667	SSS12/353:102	대사:04	1	ガルルル	
C12668	SSS12/353:112	대사:FD	1	とりあえず、邪魔だな。	
C12669	SSS12/353:128	대사:FE	1	さっさと、お掃除\nしちゃいましょ!	
C12670	SSS12/353:18F	대사:FD	1	大丈夫か?{05:01}。	
C12671	SSS12/353:1AD	대사:FE	1	へっちゃらよ。	
C12672	SSS12/353:23B	대사:FE	1	まだ、いるの!?	
C12673	SSS12/353:247	대사:FD	1	もう、ひと頑張りだ!	
C12674	SSS12/353:289	대사:FE	1	やってみる!	
C12675	SSS12/353:2D6	대사:FE	1	もう　　	
C12676	SSS12/353:2ED	대사:FE	1	いないわよね。	
C12677	SSS12/353:319	대사:FD	1	調べてみないことには\nなんとも言えないな。	
C12678	SSS12/353:35E	대사:FD	1	ふーーーーーーーーーーーーーーーん!	
C12679	SSS12/353:385	대사:FE	1	開かないわね。	
C12680	SSS12/353:3A9	대사:FD	1	でも、邪精はココから\n出て来たんだぜ?	
C12681	SSS12/353:3CE	대사:FE	1	不思議ねぇ　　	
C12682	SSS12/353:3F4	대사:FE	1	{05:00}、大地を蘇らせて\n解封呪で開けちゃえ!!	
C12683	SSS12/353:43D	대사:FE	1	とか思ってる?	
C12684	SSS12/353:449	대사:FD	2	まぁな。	
C12685	SSS12/353:462	대사:FE	1	ちゃんと、考えてよぉ!!	
C12686	SSS12/353:486	대사:FD	1	仙窟に怪しい岩盤があっただろ?	
C12687	SSS12/353:4AA	대사:FE	1	そんなの、あったかしら?	
C12688	SSS12/353:4BA	대사:FD	1	あれが、怪しい。	
C12689	SSS12/353:4D0	대사:FE	1	根拠はあるの?	
C12690	SSS12/353:505	대사:FD	1	俺の第六感がささやいてるのさ。	
C12691	SSS12/353:560	대사:FE	1	私の第六感はささやいてないわ。	
C12692	SSS12/353:599	대사:FD	1	けっこう、しつこいな　　	
C12693	SSS12/353:5BE	대사:FE	1	もう!しっかりしてよね!	
C12694	SSS12/353:628	글	1	あなたが、洞仙{05:00}ですね。	
C12695	SSS12/353:64F	대사:FD	1	あんた、この龍脈の部屋神か?{p}そうです。{p}その扉の奥からは、何か異質な\n恐ろしいエネルギーを感じます。{p}くれぐれもお気をつけて　　	
C12696	SSS12/353:6CB	대사:FD	1	まかせときなって!{p}また、この大地では龍脈の流れの関係で\n倉庫部屋を作ることが出来ません。	
C12697	SSS12/353:70A	대사:FD	1	わかった。{p}では、よろしくお願いいたします　　{p}徴力ながら私達もお手伝い\nさせていただきます。	
C12698	SSS12/353:7EC	대사:FD	1	風水の乱れが{0A}ずいぶん激しいな　　	
C12699	SSS12/353:807	대사:FE	1	私には、あんまり\n解らないけど。	
C12700	SSS12/353:82C	대사:FD	1	街にも影響が出てる\nみたいだし　　	
C12701	SSS12/353:84C	대사:FD	1	急いで済ませてしまった\nほうがよさそうだな。	
C12702	SSS12/353:871	대사:FE	1	街の人のことを\n考えてるの!?	
C12703	SSS12/353:88C	대사:FD	1	当然じゃないか。	
C12704	SSS12/353:8A3	대사:FC	1	ほんとかなぁ?	
C12705	SSS12/353:8B3	대사:FD	1	俺も、立派な洞仙になったんだ。	
C12706	SSS12/353:8D0	대사:FC	1	信用できないでチュウ!	
C12707	SSS12/353:8E9	대사:FD	1	信用しろ!	
C12708	SSS12/354:6A	대사:0C	1	蘭陽祭も近いってのに　　	
C12709	SSS12/354:AD	대사:0C	1	なんなんだ{07}この静けさは。	
C12710	SSS12/354:D8	대사:0D	1	明紅!!!	
C12711	SSS12/354:106	대사:0C	1	久しぶりじゃないか。	
C12712	SSS12/354:129	대사:0C	1	それにしても{03:01}　{03:01}　{03:01}　	
C12713	SSS12/354:149	대사:0C	1	これは一体、どうなってるんだい?	
C12714	SSS12/354:17D	대사:0C	1	祭だから、遊びに来いって\n言ってたじゃないか。	
C12715	SSS12/354:19C	대사:0D	1	そ、それが　　	
C12716	SSS12/354:1BC	대사:0D	1	実は洞仙が　　	
C12717	SSS12/354:207	대사:0C	1	この街に洞仙がいるのかい!?	
C12718	SSS12/354:230	대사:0D	1	妖怪を街に放ったり\n木々を枯らしたり　　	
C12719	SSS12/354:260	대사:0D	1	もう、やりたい放題なんだ。	
C12720	SSS12/354:273	대사:0C	1	そのせいで、蘭陽祭の\nほうも中止ってわけかい。	
C12721	SSS12/354:293	대사:0D	1	中止ってわけじゃ\nないんだけど　　	
C12722	SSS12/354:2BB	대사:0D	1	妖怪のせいで支度が\n進まないんだ。	
C12723	SSS12/354:2EA	대사:0C	1	祭に呼ばれたのも\n何かの縁だ。	
C12724	SSS12/354:329	대사:0C	1	私が、その洞仙を\n退治してあげるよ。	
C12725	SSS12/354:34C	대사:0D	1	本当かい!?	
C12726	SSS12/354:365	대사:0C	1	まかしときな。	
C12727	SSS12/354:387	대사:0E	1	兵隊が束でかかったって\n勝てないって言うのに　　	
C12728	SSS12/354:3AA	대사:0E	1	あんな女の子で\n大丈夫なんか?	
C12729	SSS12/354:3C2	대사:0D	1	今にわかるさ。	
C12730	SSS12/354:421	대사:F9	1	ここが仙窟か{0A}汚らわしい　　	
C12731	SSS12/354:438	대사:F9	2	まぁ、にっくき洞仙には\nお似合いかもな。	
C12732	SSS12/354:48B	대사:F9	1	やるわね。	
C12733	SSS12/354:494	대사:F9	1	でも、まだ負ける\nわけにはいかないわ!	
C12734	SSS12/354:511	대사:0A	1	み{03:01}　{03:01}　見つけたわよ。	
C12735	SSS12/354:526	대사:FD	1	なんだ、おまえ?	
C12736	SSS12/354:532	대사:0A	1	失礼な奴だね　　	
C12737	SSS12/354:548	대사:0A	1	覚えてないのかい。	
C12738	SSS12/354:599	대사:FD	1	すいぶんと、いきなりだな。	
C12739	SSS12/354:5AE	대사:FD	1	見たところ、けっこう\n腕が立ちそうだが。	
C12740	SSS12/354:5F4	대사:FD	1	賞金稼ぎか?	
C12741	SSS12/354:601	대사:0A	1	失礼な奴だね　　\n覚えてないのかい。	
C12742	SSS12/354:622	대사:0A	1	あたしの名は明紅。	
C12743	SSS12/354:639	대사:0A	1	洞天の地下で戦った\n女拳士よ!	
C12744	SSS12/354:660	대사:FD	1	それじゃ、お前は!	
C12745	SSS12/354:66E	대사:0A	1	そうよ、{05:00}!{08}洞天からこっち、ずっと\nあんたの事を探してたのよ!	
C12746	SSS12/354:69F	대사:FE	1	知り合い!?	
C12747	SSS12/354:6C8	대사:FD	1	この前の事で俺が仇じゃないって\n信じてもらえたと思うんだけど。	
C12748	SSS12/354:6F8	대사:0A	1	信じられる訳無いでしょ\n洞仙は父の仇なのよ!	
C12749	SSS12/354:71E	대사:FD	1	そんな、無茶な!	
C12750	SSS12/354:733	대사:FD	1	それなら、もう一度\nわからせてやるぜ!	
C12751	SSS12/354:7DC	대사:0A	1	また、あたしの負けだ。	
C12752	SSS12/354:7EC	대사:0A	1	もう、情けは要らない　　\n殺すなら殺せ!!	
C12753	SSS12/354:80B	대사:FD	1	だから、俺は無益な\n殺生はしないんだって。	
C12754	SSS12/354:829	대사:0A	1	なら、どうして妖怪を\n街に放ったりする!?	
C12755	SSS12/354:84B	대사:FD	1	だから、それは\n俺じゃないって!	
C12756	SSS12/354:867	대사:0A	1	洞仙が妖怪を連れてるのは{0A}皆が知ってる事。やっぱり{0A}アンタ達は信用できないね!	
C12757	SSS12/354:8D6	대사:0A	1	確かに今日は私の負け{09}でも、次こそは{03:01}　{03:01}　{03:01}　	
C12758	SSS12/355:66	대사:FE	1	こうやって地道に\n歩いてても　　	
C12759	SSS12/355:7F	대사:FE	1	ラチがあかないと\n思うのね、あたし。	
C12760	SSS12/355:BE	대사:FD	1	そうかもね。	
C12761	SSS12/355:C8	대사:FE	1	もうちょっと、こう	
C12762	SSS12/355:DA	대사:FE	1	ちゃっちゃっと\n済ませましょうよ。	
C12763	SSS12/355:F0	대사:FD	1	じゃぁ、占ってみるか。	
C12764	SSS12/355:141	대사:FD	1	はぁっ!!!	
C12765	SSS12/355:1AC	대사:FE	1	さすが、{05:00}!	
C12766	SSS12/355:1C4	대사:FD	1	だろ　　?	
C12767	SSS12/355:1EE	대사:FD	1	でも{03:01}　{03:01}　{03:01}　なに?	
C12768	SSS12/355:210	대사:FE	1	本当に{03:01}　{03:01}　{03:01}　あそこなの?	
C12769	SSS12/355:23A	대사:FD	1	何いってんだよ!	
C12770	SSS12/355:256	대사:FD	1	俺の点穴を疑うのか!?	
C12771	SSS12/355:269	대사:FE	1	いや、そういう訳じゃ　　	
C12772	SSS12/355:290	대사:FD	1	いくぞっ!	
C12773	SSS12/355:29B	대사:FE	1	聞いちゃいないわね。	
C12774	SSS12/355:2CF	대사:FD	1	よし、やるぞ!	
C12775	SSS12/355:2DD	대사:FE	1	ねぇ、本当にやるの?	
C12776	SSS12/355:2FA	대사:FD	1	あたりまえだろ。	
C12777	SSS12/355:32E	대사:FD	1	何か問題でも?	
C12778	SSS12/355:33C	대사:FE	1	いや、問題って　　	
C12779	SSS12/355:375	대사:FE	1	だって{03:01}　{03:01}　{03:01}　	
C12780	SSS12/355:39C	대사:FE	1	こんな所じゃ、他の\n人達に迷惑が　　	
C12781	SSS12/355:3C4	대사:FD	1	　{03:01}　{03:01}　{03:01}でも、ここなのっ!	
C12782	SSS12/355:3E0	대사:FE	1	はぁ、そうですか。	
C12783	SSS12/355:3F9	대사:FE	1	あたしは、気が\n進まないなぁ　　	
C12784	SSS12/355:4ED	대사:FD	1	いくぞ、{05:01}!!	
C12785	SSS12/356:B1	대사:01	1	やはり、妖怪騒ぎは\n洞仙が絡んでいましたか	
C12786	SSS12/356:F5	대사:00	1	ここに、蘭陽院に伝わる\n予言の書があります。	
C12787	SSS12/356:11B	대사:01	1	失礼。	
C12788	SSS12/356:124	대사:01	1	見せて頂いてよろしいかな?	
C12789	SSS12/356:168	대사:02	1	よく解らない　　	
C12790	SSS12/356:18D	대사:00	1	洞仙が現れて、初めて予言の\n意味がつながりました。	
C12791	SSS12/356:1B5	대사:01	1	ほう。	
C12792	SSS12/356:1CB	대사:00	1	洞仙の来襲は予言\nされていたのです。	
C12793	SSS12/356:1E7	대사:00	1	初めの言葉『魔界三天封』\nこれは洞仙のことです。	
C12794	SSS12/356:20D	대사:00	1	そして『災』　　	
C12795	SSS12/356:21C	대사:00	1	これは妖怪、そして大地の\n異変を意味します。	
C12796	SSS12/356:249	대사:02	1	どうして、魔界なんとかが\n洞仙のことなんだろ　　?	
C12797	SSS12/356:273	대사:01	1	それでは、輪廻とは?	
C12798	SSS12/356:297	대사:00	1	輪廻するのです。	
C12799	SSS12/356:2B0	대사:02	1	ぜんっっぜん、わからん。	
C12800	SSS12/356:2C2	대사:01	4	うむ　　	
C12801	SSS12/356:2EE	대사:02	1	雷漢様、今の説明で\n解ったのですか!?	
C12802	SSS12/356:30E	대사:01	1	つまり、洞仙が起こす災いが\n世の終わりを招くと言うことですね。	
C12803	SSS12/356:358	대사:02	1	と、とにかく!	
C12804	SSS12/356:38E	대사:02	1	洞仙をやっつければ\nいいって事ですよね?	
C12805	SSS12/356:419	대사:00	1	洞仙が余計な事さえせねば\n計画どおりだったものを。	
C12806	SSS12/356:4CF	대사:03	3	洞仙め　　	
C12807	SSS12/356:4F0	대사:03	1	私の計画を、台無し\nにしおってからに。	
C12808	SSS12/356:554	대사:02	1	では、儀式をとり\n行わないと　　	
C12809	SSS12/356:577	대사:00	1	儀式に頼らなくとも\n方法はいくらでもある。	
C12810	SSS12/356:5A4	대사:01	1	では、もし湘君が\n目覚めたとしても　　	
C12811	SSS12/356:5C1	대사:00	1	その時の為に、私は\n法力を身につけたのです。	
C12812	SSS12/356:5F5	대사:00	2	安心なさい。	
C12813	SSS12/356:672	대사:04	1	洞仙　　許しませんよ。	
C12814	SSS12/356:6D3	대사:02	1	妖怪の動きが活発に\nなってきています。	
C12815	SSS12/356:714	대사:00	1	余計な事ばかりしおって!	
C12816	SSS12/356:734	대사:00	1	このままでは、全てが\n終わりになってしまう。	
C12817	SSS12/356:761	대사:01	1	終わりとは?	
C12818	SSS12/356:77F	대사:00	1	ともかく　　	
C12819	SSS12/356:7A4	대사:00	1	洞仙を倒さぬ事には\n我々が滅びますぞ!	
C12820	SSS12/357:55	대사:12	1	天転様が、仙窟に行くって\nはなし本当なのかな?	
C12821	SSS12/357:78	대사:13	1	本当だったら、僕も\n一緒に行きたいなぁ。	
C12822	SSS12/357:96	대사:12	1	俺　　天転様とだったら\n死んでもいい。	
C12823	SSS12/357:B4	대사:13	1	僕も、天転様の\n為なら　　死ねる。	
C12824	SSS12/357:DF	대사:15	1	駄目ですよ。	
C12825	SSS12/357:EB	대사:15	1	雷漢様の命令も待たずに。	
C12826	SSS12/357:134	대사:14	1	うるせーー!!	
C12827	SSS12/357:13F	대사:14	1	街の真下に敵がいるんだぜ!	
C12828	SSS12/357:17C	대사:14	1	待ってなんかいられるか!	
C12829	SSS12/357:1B1	대사:12	1	それでこそ、天転様です!!	
C12830	SSS12/357:1CD	대사:13	1	一生、お供させてくださーい!	
C12831	SSS12/357:205	대사:18	1	天転様　　	
C12832	SSS12/357:21D	대사:18	1	本当に行くんすか?	
C12833	SSS12/357:22D	대사:16	1	おい	
C12834	SSS12/357:272	대사:16	1	いつも、いつも\n言ってるだろ!	
C12835	SSS12/357:28E	대사:16	1	俺を天転と呼ぶな!!	
C12836	SSS12/357:2A2	대사:18	1	天転って、かわいい\n名前だと思うけど。	
C12837	SSS12/357:2C0	대사:17	1	えと　　	
C12838	SSS12/357:2DE	대사:17	1	それでは、何とお呼びすれば?	
C12839	SSS12/357:2F2	대사:16	1	それじゃぁ。	
C12840	SSS12/357:30E	대사:16	1	今から俺様の名前は\n東龍児としよう。	
C12841	SSS12/357:32E	대사:17	1	なるほど、東龍児ですか。	
C12842	SSS12/357:341	대사:18	1	かっこいい名前ですね、天転様!!	
C12843	SSS12/357:380	대사:16	1	だから、天転とは呼ぶなと\n言ってるだろうが!!	
C12844	SSS12/357:3A1	대사:18	1	天転様、しびれるぅ	
C12845	SSS12/357:3B3	대사:17	1	わかりました\n東龍児様!	
C12846	SSS12/357:3D9	대사:16	1	よし、出撃だっ!	
C12847	SSS12/357:43C	대사:18	1	待ってくださーい!!	
C12848	SSS12/357:4CA	대사:F9	1	今に見ていろよ、洞仙め!	
C12849	SSS12/357:4F4	대사:F9	1	ここが、クサイな　　	
C12850	SSS12/357:51C	대사:F9	1	くそ　　	
C12851	SSS12/357:526	대사:F9	1	こんな事で、めげるもんか	
C12852	SSS12/357:5FE	대사:0B	1	俺は雷漢将軍の命を受け{0A}洞仙討伐に参った東龍児!	
C12853	SSS12/357:629	대사:0B	1	洞仙、神妙にしろ!	
C12854	SSS12/357:63F	대사:0C	1	もう、逃げ道はないぞ!	
C12855	SSS12/357:652	대사:0D	1	えーと、えーと　　\nなんか言わなきゃ。	
C12856	SSS12/357:6A7	대사:0D	1	本当は、命令を無視して\n飛び出して来たんだ	
C12857	SSS12/357:6E7	대사:0D	1	キュー	
C12858	SSS12/357:6F8	대사:0B	1	とにかく、おとなしくしろ!	
C12859	SSS12/357:70C	대사:FD	1	なんだ、おまえら。	
C12860	SSS12/357:731	대사:FE	1	そういえば、街の人達が天転って\nいう女隊長がいるって言ってたわ。	
C12861	SSS12/357:766	대사:0B	1	俺の名前は東龍児だ!	
C12862	SSS12/357:78A	대사:FD	1	本当に　　?	
C12863	SSS12/357:7AA	대사:0D	1	ウソでーす!!	
C12864	SSS12/357:7DC	대사:0B	1	おまえ、少し黙れ!	
C12865	SSS12/357:7F5	대사:0B	1	とにかく、お前達を\n捕らえて連行する!!	
C12866	SSS12/357:812	대사:FD	1	お前に、出来るかな!?	
C12867	SSS12/357:82C	대사:0D	1	私が、ついてます!	
C12868	SSS12/357:86A	대사:0B	1	ふっふっふっ　　	
C12869	SSS12/357:87B	대사:FD	1	気持ち悪い奴だな。	
C12870	SSS12/357:899	대사:0B	1	おまえ達の実力\n完全に見切った!	
C12871	SSS12/357:901	대사:0B	1	次に勝利をつかむのは\n俺のほうだ!	
C12872	SSS12/357:92E	대사:0B	1	ひきあげるぞ!!	
C12873	SSS12/357:965	대사:0C	1	はい、龍児様!	
C12874	SSS12/357:99E	대사:0D	1	はい、天転様!	
C12875	SSS12/357:9AF	대사:FD	1	で、本当の名前は\nどっちなんだ?	
C12876	SSS12/357:9E4	대사:0B	1	教えない!!	
C12877	SSS12/357:9FC	대사:0B	1	・{03:01}・{03:01}・{03:01}・{03:01}・	
C12878	SSS12/357:A43	대사:0B	1	おぼえてろーっ!	
C12879	SSS12/357:A6C	대사:FE	1	変な人達。	
C12880	SSS12/357:A81	대사:FC	1	洞仙様達も、負けず劣らず\nだと思いますけど　　	
C12881	SSS12/358:72	대사:FE	1	扉が開いたわよ!	
C12882	SSS12/358:91	대사:FD	1	あれは!?	
C12883	SSS12/358:112	대사:FD	1	また、こいつらか!!?	
C12884	SSS12/358:12B	대사:FD	1	一体、この中には何が\nあるってんだ!?	
C12885	SSS12/358:161	대사:FE	1	私が内側から\nおさえておくわ!	
C12886	SSS12/358:189	글	1	気をつけて{08}そんなの危険だよ!	
C12887	SSS12/358:1CA	대사:FD	1	よし、任せた!	
C12888	SSS12/358:1D6	대사:FD	1	でも、気をつけてな。	
C12889	SSS12/358:210	대사:FE	1	うん、大丈夫!	
C12890	SSS12/358:23A	대사:FD	1	そんなの、危険すぎるよ!	
C12891	SSS12/358:252	대사:FE	1	そんな事言ってる\n場合じゃないでしょ!	
C12892	SSS12/358:287	대사:FE	1	しっかり、そいつらの相手\nしといてちょうだいね!	
C12893	SSS12/358:2DE	대사:FC	1	{05:01}のぶんまで\nがんばります!!	
C12894	SSS12/358:2F6	대사:0F	1	ウガー!ウガー!	
C12895	SSS12/358:302	대사:11	1	ウギョーーー!!	
C12896	SSS12/358:346	안내:08	1	きゃーーーーーーーーっ!!	
C12897	SSS12/358:3A2	대사:FC	1	死んだな。	
C12898	SSS12/358:3B9	대사:FD	1	ふざけるな!!	
C12899	SSS12/358:3C9	대사:FD	1	{05:01}、待ってろ!	
C12900	SSS12/358:402	대사:09	1	早く　　早く助けに来て。	
C12901	SSS12/358:41A	대사:03	1	ウガー!	
C12902	SSS12/358:422	대사:05	1	ウゴウゴ!!	
C12903	SSS12/358:42E	영문	1	{05:01}!!!	
C12904	SSS12/358:492	영문	1	{05:00}!!?	
C12905	SSS12/358:4F3	대사:09	1	{05:00}!{08}来てくれたのね!!	
C12906	SSS12/358:508	대사:FD	1	{05:01}{08}大丈夫か!?	
C12907	SSS12/358:521	대사:FC	1	残念、ぴんぴんしてるね。	
C12908	SSS12/358:54A	대사:09	1	部屋に入ったら、他の扉から\nまた邪精達が現れて　　	
C12909	SSS12/358:577	대사:FD	1	とにかく無事で良かった。	
C12910	SSS12/358:5B4	대사:FD	1	まずは、こいつらを\n何とかしちまおう。	
C12911	SSS12/358:620	대사:FD	1	悲鳴が聞こえた時は\n本当にビックリしたよ。	
C12912	SSS12/358:643	대사:FE	1	ごめん、心配かけて　　	
C12913	SSS12/358:65A	대사:FD	1	俺のほうこそ\n悪かったね　　	
C12914	SSS12/358:670	대사:FD	1	やっぱり一人で行かせる\nべきじゃなかった。	
C12915	SSS12/358:69D	대사:FE	1	私が、好きで\n行ったんだから。	
C12916	SSS12/358:711	대사:FD	1	もう、こんな危ないマネは\nしないでくれよな。	
C12917	SSS12/358:735	대사:FE	1	私だって、少しは役に\n立ちたかったのよ!	
C12918	SSS12/358:790	대사:FD	1	でも、その気持ち\nだけで十分だよ　　	
C12919	SSS12/358:7DC	대사:FD	1	　　にしても。	
C12920	SSS12/358:802	대사:FD	1	次から次へと、あの邪精ども\n何処からわいてくるんだ?	
C12921	SSS12/358:834	대사:FE	1	そうそう!	
C12922	SSS12/358:868	대사:FE	1	それなんだけど　　	
C12923	SSS12/358:88B	대사:FE	1	どうも、あの扉の\n奥が怪しいのよ。	
C12924	SSS12/358:8B6	대사:FD	1	あれか　　	
C12925	SSS12/358:8E6	대사:FD	1	{05:01}は、この奥か?	
C12926	SSS12/358:91E	대사:FD	1	くそ、閉じ込められた!	
C12927	SSS12/358:943	대사:FD	1	こうなったら、先に\n進むしかないか。	
C12928	SSS12/358:973	대사:FD	1	本当に、奴等この中\nから出てきたのかい?	
C12929	SSS12/358:999	대사:FE	1	えぇ、そうよ。	
C12930	SSS12/358:9A4	대사:FD	1	何か書いてあるな。	
C12931	SSS12/358:9C8	대사:FE	1	この部屋の名前なのかしら。	
C12932	SSS12/358:9DD	대사:FD	1	開けてみよう。	
C12933	SSS12/358:9F8	대사:FD	1	うーーーーーーーーーーーん	
C12934	SSS12/358:A12	대사:FD	2	だめだ。	
C12935	SSS12/358:A24	대사:FD	1	開かない。	
C12936	SSS12/358:A3B	대사:FE	1	やっぱり世の中、なかなか\n思うようにはいかないわね。	
C12937	SSS12/358:A66	대사:FD	1	なんつーか\nもうちょっと、こう	
C12938	SSS12/358:A79	대사:FD	1	この扉{03:01}　{03:01}　{03:01}　	
C12939	SSS12/358:A9D	대사:FD	1	ドアっと、気前よく\n開かないもんかね。	
C12940	SSS12/358:B0A	대사:FD	1	反省　　	
C12941	SSS12/358:B29	대사:FD	1	さ、あっちの扉は\nどうなってるのかな。	
C12942	SSS12/358:B59	대사:FE	1	どんな、リアクションを\n期待してたのかしら　　	
C12943	SSS12/358:B93	대사:FD	1	こっちの扉は開くぞ!	
C12944	SSS12/358:BB2	대사:FE	1	どうする?{05:00}　　	
C12945	SSS12/358:BCB	대사:FD	1	まぁ、調べてみない事には\n話がすすまないからな。	
C12946	SSS12/358:C05	대사:FD	1	にしても、あの扉\n気になるなぁ　　	
C12947	SSS12/358:C1E	대사:FD	1	仙窟の邪魔な岩盤って、ちょうど\nあの扉の上あたりだった気がする。	
C12948	SSS12/358:C66	대사:FE	1	でも、ここって蘭陽院の\n地下なんでしょ?	
C12949	SSS12/358:CA1	대사:FD	1	なんか、あるのかな。	
C12950	SSS12/359:33	대사:FD	1	どうやら今回は邪精じゃ\nなさそうだな。	
C12951	SSS12/359:68	대사:FE	1	本当に、そうかしら?	
C12952	SSS12/359:AA	대사:FE	1	びっくりしたぁ。	
C12953	SSS12/359:C1	대사:FD	1	心臓に悪いぜ。	
C12954	SSS12/359:DE	대사:00	1	貴様、洞仙じゃな。	
C12955	SSS12/359:106	글	1	そうだ、よくわかったな{09}な、わけないだろ!!{00}	
C12956	SSS12/359:123	대사:FD	1	よくわかったな。	
C12957	SSS12/359:153	대사:FC	1	ぼく達がいたんじゃバレバレ\nなんじゃないでしょうか。	
C12958	SSS12/359:19E	대사:FE	1	この子達がいたんじゃ\nバレバレだと思うんだけど。	
C12959	SSS12/359:22B	대사:FD	1	俺は、洞仙なんかじゃない。	
C12960	SSS12/359:247	대사:00	1	うそをつくな!	
C12961	SSS12/359:27A	대사:00	1	ならば、その後ろに並ぶ\n物の怪をなんと説明する!?	
C12962	SSS12/359:2DC	대사:FE	1	この子達がいたんじゃ\n隠しても無駄じゃない?	
C12963	SSS12/359:32E	대사:FD	1	ま、いーや。	
C12964	SSS12/359:348	대사:FD	1	それより!	
C12965	SSS12/359:358	대사:FD	1	俺は洞仙なんか\nじゃないぜ。	
C12966	SSS12/359:384	대사:00	1	口では何とでも言える。	
C12967	SSS12/359:3AA	대사:00	1	だが、貴様の全身から出る\nそのただならぬ気　　	
C12968	SSS12/359:3D0	대사:00	1	主の正体を物語っているわ!	
C12969	SSS12/359:3F4	대사:FD	1	そういう物かな。	
C12970	SSS12/359:404	대사:FE	1	{05:00}、臭うんじゃない?	
C12971	SSS12/359:417	대사:FD	1	だったら、{05:01}だって\n同じだと思うんだけど。	
C12972	SSS12/359:44A	대사:FD	1	ところで、下の部屋は\n一体なんなんだ?	
C12973	SSS12/359:48E	대사:FD	1	邪精が巣食ってるなんて\nただごとじゃないぜ!	
C12974	SSS12/359:4B8	대사:00	1	おぬしら、蒼宝殿に\n入ったのか　　?	
C12975	SSS12/359:4D7	대사:FE	1	蒼宝殿?	
C12976	SSS12/359:4FA	대사:FE	1	あの部屋の扉なら\n開かなかったわ。	
C12977	SSS12/359:525	대사:00	1	開けようとしただと!?	
C12978	SSS12/359:545	대사:00	1	あの部屋は俗人には入る事の\n禁じられた神聖な部屋じゃぞ!!	
C12979	SSS12/359:579	대사:FD	1	何が『神聖な』だ!	
C12980	SSS12/359:591	대사:FD	1	邪精の巣以外の何物\nでもないじゃないか!	
C12981	SSS12/359:5C1	대사:FE	1	とりあえず、兵隊サンやお坊サン達が\n仙窟に入ってくるのは止めさせてよ!	
C12982	SSS12/359:604	대사:00	1	駄目じゃな。	
C12983	SSS12/359:615	대사:00	1	お主ら洞仙を\n街から追放し　　	
C12984	SSS12/359:644	대사:00	1	平和な街を取り戻すのじゃ。	
C12985	SSS12/359:666	대사:FD	1	わからない人だなぁ。	
C12986	SSS12/359:67F	대사:FD	1	だから、街を平和にする為に\n俺らが頑張ってるんじゃんか!	
C12987	SSS12/359:6CE	대사:00	1	貴様達がいる限り\n街に平和は来ない。	
C12988	SSS12/359:6F2	대사:FE	1	私達が、いったいどんな想いで\n兵隊サン達と戦ってるか解るの?	
C12989	SSS12/359:71C	대사:00	1	そんな事は知らん。	
C12990	SSS12/359:73C	대사:FD	1	全く、話が通じないな。	
C12991	SSS12/359:74E	대사:00	1	とにかく、おぬし達洞仙が\n全て悪いに決まっとる!	
C12992	SSS12/359:787	대사:FD	1	お坊さん　　	
C12993	SSS12/359:7BC	대사:FD	1	なんか、隠してるだろ?	
C12994	SSS12/359:7EC	대사:00	1	おぬしは、ここで\nワシによって倒される。	
C12995	SSS12/359:819	대사:00	1	それで、全ては計画どおりじゃ。	
C12996	SSS12/359:8B5	대사:00	1	これで勝ったと\n思うなよ!!	
C12997	SSS12/359:8D1	대사:FE	1	それって、悪い人の台詞よ!	
C12998	SSS12/359:952	대사:FE	1	あら　　?	
C12999	SSS12/359:965	대사:FE	1	なにかしら、あれ?	
C13000	SSS12/360:6C	대사:0C	1	強き者をもとめて\n世界中を旅しては\nみたものの　　	
C13001	SSS12/360:A5	대사:0C	1	結局、骨のある奴は{05:00}\nとかいう洞仙ぐらい。	
C13002	SSS12/360:C5	대사:20	1	例の女の子　　\nやっぱりダメだった\nみたいじゃないか。	
C13003	SSS12/360:EF	대사:21	1	明紅ですら勝てないんじゃ\nやっぱり、もうダメかもな　　	
C13004	SSS12/360:136	대사:0C	1	この街にも洞仙がいるのか\nこいつは面白い事になりそうだな。	
C13005	SSS12/360:182	대사:0C	1	一つ、手合わせでも\n願ってみるとするか。	
C13006	SSS12/360:1AF	대사:20	1	なんだ?あいつ。	
C13007	SSS12/360:1C5	대사:21	1	でも、やけに\n張り切ってたな。	
C13008	SSS12/360:25B	대사:F9	1	感じるぞ、強者の気を!	
C13009	SSS12/360:281	대사:F9	1	これ程の化け物を\nあやつるとは　　	
C13010	SSS12/360:29B	대사:F9	1	だが、拙者もこれぐらいで\nやられはせん　　	
C13011	SSS12/360:320	대사:13	1	なかなかに強い\n仙獣達だったぞ。	
C13012	SSS12/360:338	대사:13	1	だが　　	
C13013	SSS12/360:384	대사:FE	1	人が来たわよ!	
C13014	SSS12/360:39A	대사:FD	1	てめーは、捜神!	
C13015	SSS12/360:3C9	대사:13	1	再び出会えるとは{0A}なんという幸運!	
C13016	SSS12/360:3E5	대사:FE	1	何て不幸なの　　	
C13017	SSS12/360:3FD	대사:13	1	洞天以来の修行の\n成果を御貿にいれよう。	
C13018	SSS12/360:426	대사:FE	1	やっぱり。	
C13019	SSS12/360:457	대사:FD	1	何度やっても俺の勝ちに\n決まってるだろ。	
C13020	SSS12/360:477	대사:13	1	いざ勝負!!	
C13021	SSS12/360:485	대사:FD	1	たく　　	
C13022	SSS12/360:492	대사:FD	1	やられても文句言うなよ!	
C13023	SSS12/360:4DA	대사:FD	1	こいつ、不死身か!?	
C13024	SSS12/360:51D	대사:FD	1	今回もおまえの負け\nみたいだな、捜神。	
C13025	SSS12/360:54F	대사:13	1	おヌシ　　	
C13026	SSS12/360:55A	대사:13	1	前回といい、今回といい\n何故、とどめをささぬ。	
C13027	SSS12/360:5A3	대사:FD	1	大義のない殺生はしないよ。	
C13028	SSS12/360:601	대사:13	1	おかしな奴よ。	
C13029	SSS12/360:618	대사:FE	1	この人に言われたら\nおしまいよね　　	
C13030	SSS12/360:64D	대사:FD	1	人も大地も殺さず活かす。	
C13031	SSS12/360:667	대사:FD	1	これが、俺達洞仙の本質さ。	
C13032	SSS12/360:69E	대사:13	1	拙者の国にも、おヌシと\n同じ様な事を言う輩がいたな。	
C13033	SSS12/360:6D8	대사:13	1	たしか、活人剣などと\nほざいておったわ。	
C13034	SSS12/360:700	대사:FE	1	りっぱな考え方じゃない。	
C13035	SSS12/360:712	대사:13	1	くくくく　　	
C13036	SSS12/360:73A	대사:13	1	今回も拙者の負けの\nようでござるな。	
C13037	SSS12/360:75A	대사:13	1	だが、この借りは必ず返す。	
C13038	SSS12/360:775	대사:13	1	さらばでござる。	
C13039	SSS12/361:5B	대사:FE	1	何か、来るっ!?	
C13040	SSS12/361:F3	대사:0E	1	ウガー!!	
C13041	SSS12/361:12B	대사:10	1	ウギョギョギョ!!	
C13042	SSS12/361:15B	대사:FE	1	おかしいわ。	
C13043	SSS12/361:185	대사:FE	1	今までと違う。	
C13044	SSS12/361:1BD	대사:FD	1	確かに、今までの奴等より\n強そうではある　　かな?	
C13045	SSS12/361:224	대사:FE	1	今度は、この邪精達\nだけじゃない。	
C13046	SSS12/361:248	대사:FE	1	もっと　　	
C13047	SSS12/361:267	대사:FE	1	もっと、大きな力が\n解放されかけてる!	
C13048	SSS12/361:2AD	대사:FD	1	大きな力!?	
C13049	SSS12/361:2C8	대사:FD	1	でも!!	
C13050	SSS12/361:2DE	대사:FD	1	とりあえずは、こいつらを\n何とかするのが先だ!!	
C13051	SSS12/361:2FC	대사:FE	1	え　　えぇ。	
C13052	SSS12/361:36F	대사:FE	1	な、なに!?	
C13053	SSS12/361:39C	대사:FD	1	今、助けてやる!	
C13054	SSS12/361:3B9	대사:FD	1	ぐあっ!!	
C13055	SSS12/361:3D4	대사:FE	1	{05:00}、助けて!	
C13056	SSS12/361:452	대사:FD	1	{05:01}ーーー!!	
C13057	SSS12/361:477	대사:FD	1	いったい、どうなってんだ!!?	
C13058	SSS12/361:48A	대사:0F	1	ウガウガウガウガ!!	
C13059	SSS12/361:4C9	대사:FD	1	{05:01}{03:01}　{03:01}　{03:01}　	
C13060	SSS12/361:505	대사:FD	1	{05:01}ーーーー!!	
C13061	SSS12/361:511	대사:FD	1	やばいな　{03:01}　{03:01}　{03:01}　\n早いとこ探さなきゃ。	
C13062	SSS12/361:56B	대사:0A	2	遅かったな。	
C13063	SSS12/361:57E	대사:0A	2	拙者が、ここに来た時\n扉が開いて　　	
C13064	SSS12/361:5A6	대사:0A	2	おぬしの連れが妖怪に担がれて\n運びこまれて行ったぞ。	
C13065	SSS12/361:68A	대사:FD	1	この中に　　	
C13066	SSS12/361:6A1	대사:0A	1	とっさの事で助ける\n事は出来なかったがな。	
C13067	SSS12/361:6C9	대사:FD	1	その事を俺に教えるために\nここで待っていたのか?	
C13068	SSS12/361:6E9	대사:0A	4	あぁ。	
C13069	SSS12/361:718	대사:0A	1	これで貸し借りは無しだな。	
C13070	SSS12/361:735	글	1	いや、まだだな{09}あぁ、ありがとう。	
C13071	SSS12/361:776	대사:FD	1	これくらいじゃ\nまだまだだな。	
C13072	SSS12/361:791	대사:0A	1	おぬし、思ったより\n欲張りだな　　	
C13073	SSS12/361:7D3	대사:0A	1	で、何をして欲しいんだ?	
C13074	SSS12/361:7E5	대사:FD	1	力を貸して欲しい。	
C13075	SSS12/361:7F5	대사:0A	1	助っ人{03:01}　{03:01}　{03:01}　{03:01}というわけか。	
C13076	SSS12/361:813	대사:0A	1	わかった、いいだろう。	
C13077	SSS12/361:829	대사:FD	1	あぁ、ありがとう。	
C13078	SSS12/361:83E	대사:0A	1	ほ?	
C13079	SSS12/361:86C	대사:0A	1	本当にこれだけでいいのか?	
C13080	SSS12/361:87F	대사:FD	1	え　　?	
C13081	SSS12/361:89D	대사:0A	1	拙者も安く見られたものだな。	
C13082	SSS12/361:8DA	대사:FD	1	じゃぁ、捜神　　	
C13083	SSS12/361:8F6	대사:0A	1	おぬしの大事な女の為だ。	
C13084	SSS12/361:932	대사:0A	1	助け出すまで\n付き合ってやろう。	
C13085	SSS12/361:980	대사:FD	1	助かるぜ。	
C13086	SSS12/361:98A	대사:0A	1	気にするな。	
C13087	SSS12/361:9F9	대사:FD	1	この奥か　　	
C13088	SSS12/361:A17	대사:FC	1	どうやって\n開けるのだ?	
C13089	SSS12/361:A32	대사:FD	1	解封呪を使って開けるしか\n方法はないんだけど　　	
C13090	SSS12/361:A57	대사:FC	1	かい{03:01}　{03:01}ふ{03:01}　{03:01}　	
C13091	SSS12/361:AA3	대사:FD	1	頭悪いのか、あんたは　　	
C13092	SSS12/361:ADF	대사:FD	1	解封呪だよ。	
C13093	SSS12/361:AEC	대사:FD	1	か{03:01}・{03:01}い{03:01}・{03:01}ふ{03:01}・{03:01}う{03:01}・{03:01}じゅ!	
C13094	SSS12/361:B37	대사:FC	1	なんだ、それは?	
C13095	SSS12/361:B56	대사:FD	1	洞仙の必殺技の一つさ。	
C13096	SSS12/361:B6B	대사:FC	1	なんだ。	
C13097	SSS12/361:B7D	대사:FC	1	そんな便利な物があるなら\nさっさと使えばいいではないか。	
C13098	SSS12/361:BB4	대사:FD	1	もう、これだから\n素人さんは困るよなぁ。	
C13099	SSS12/361:BD9	대사:FD	1	解封呪ってのは、龍穴炉にエネルギーが\n一杯に入ってないと使えないんだよ。	
C13100	SSS12/361:C0B	대사:FC	1	り　りゅ　　　?	
C13101	SSS12/361:C51	대사:FD	1	りゅ{03:01}・{03:01}う{03:01}・{03:01}け{03:01}・{03:01}つ{03:01}・{03:01}ろ。	
C13102	SSS12/361:C74	대사:FC	1	ふむ　　	
C13103	SSS12/361:C88	대사:FC	1	まぁ、そんな物は\nどうでもいい。	
C13104	SSS12/361:CA6	대사:FD	1	そんなもの!!?	
C13105	SSS12/361:CB4	대사:FC	1	とにかく、今のままでは\nこの扉は開かないのだな?	
C13106	SSS12/361:CDD	대사:FD	1	そ、そうだよ。	
C13107	SSS12/361:D06	대사:FC	1	以外と、洞仙とやらも\n役にたたんのだな。	
C13108	SSS12/361:D2C	대사:FD	1	だまれ　　	
C13109	SSS12/361:D4E	대사:FC	1	で、これから\nどうするのだ?	
C13110	SSS12/361:D63	대사:FD	1	まずは、龍穴炉を一杯にして\n解封呪が使える状態にしないと。	
C13111	SSS12/361:D9D	대사:FC	1	では、さっそく\n参ろうではないか。	
C13112	SSS12/361:DC5	대사:FD	1	言われるまでもないさ。	
C13113	SSS12/361:DE1	영문	1	WARNING!!!	
C13114	SSS12/361:DEF	안내:08	1	捜神が絶対仲間にいるハズなので\nこのメッセージは出ないはずです{08} \nもし、このメッセージを見た人は\nみやさかまで至急連絡してください。	
C13115	SSS12/361:E48	안내:08	1	解封呪を使いますか?	
C13116	SSS12/361:E8B	대사:FD	1	まだ龍穴炉が一杯じゃない\nから解封呪は使えないよ。	
C13117	SSS12/361:EB7	대사:FD	1	イベント発生。ドア開くよ。	
C13118	SSS12/362:67	대사:05	1	雷漢殿、地下の洞仙は\nかなりの使い手　　	
C13119	SSS12/362:9E	대사:05	1	油断めされるな。	
C13120	SSS12/362:CD	대사:06	1	安心めされい、大僧正殿。	
C13121	SSS12/362:EE	대사:06	1	拙者、どんな相手であろうと\n手を抜いて闘った事はござらん。	
C13122	SSS12/362:11F	대사:07	1	私もついて行きます。	
C13123	SSS12/362:12F	대사:06	1	だめだ!!	
C13124	SSS12/362:157	대사:06	1	天転、おぬし先程ワシの命を待たず\n勝手に飛び出して行ったであろう!	
C13125	SSS12/362:18F	대사:07	1	街の人の事を思えばこそです!	
C13126	SSS12/362:1A5	대사:06	1	戦とは{03:01}　{03:01}　{03:01}　	
C13127	SSS12/362:1C3	대사:06	1	軍とはそういう物ではない。	
C13128	SSS12/362:1E5	대사:06	1	それを良く考えるのじゃ。	
C13129	SSS12/362:203	대사:07	1	は{03:01}　{03:01}　{03:01}　{03:01}はい。	
C13130	SSS12/362:225	대사:07	1	では、お気をつけて。	
C13131	SSS12/362:297	대사:F9	1	ワシが来たからには、もうお前の\n好きにはさせんぞ、洞仙!!!	
C13132	SSS12/362:2D7	대사:F9	1	この異様な気は、もしや　　	
C13133	SSS12/362:30A	대사:F9	1	く、無念　　	
C13134	SSS12/362:318	대사:F9	1	だが、こんな事でくじける\nワシではないぞ　　	
C13135	SSS12/362:3D1	대사:0B	1	上では、ヒドイ目に\nあったわい　　	
C13136	SSS12/362:3EB	대사:0B	1	だが{03:01}　{03:01}　{03:01}　	
C13137	SSS12/362:43F	대사:0B	1	おぬし、どこかで\n見た顔じゃな?	
C13138	SSS12/362:458	대사:FD	1	あんたは{03:01}　{03:01}　{03:01}　	
C13139	SSS12/362:47A	대사:FD	1	雷漢!?	
C13140	SSS12/362:484	대사:0B	1	そういう貴様は{03:01}　{03:01}　{03:01}　	
C13141	SSS12/362:4D6	대사:0B	1	今度はこの大地を\n滅ぼす気か!!?	
C13142	SSS12/362:519	대사:FD	1	いやぁ、お久しぶりです。	
C13143	SSS12/362:536	대사:0B	1	何が、お久しぶりか!	
C13144	SSS12/362:54B	대사:0B	1	洞天での借り　　	
C13145	SSS12/362:55F	대사:0B	1	今ここで、返させてもらう!	
C13146	SSS12/362:575	대사:FD	1	へん。	
C13147	SSS12/362:581	대사:FD	1	返り討ちさ!	
C13148	SSS12/362:5D8	대사:0B	1	やるな、おぬし　　	
C13149	SSS12/362:5EA	대사:FD	1	まぁね。	
C13150	SSS12/362:5F7	대사:0B	1	お前達!!	
C13151	SSS12/362:63A	대사:0B	1	目を覚まさんか!!	
C13152	SSS12/362:675	대사:0B	1	今回はワシの完敗だ。	
C13153	SSS12/362:68C	대사:FD	1	今回も。	
C13154	SSS12/362:6BE	대사:FD	1	だろ?	
C13155	SSS12/362:6D6	대사:FE	1	ちょっと言い過ぎ\nじゃないの?それ。	
C13156	SSS12/362:6F8	대사:FD	1	そかな?	
C13157	SSS12/362:7AB	대사:FD	1	きさまっ!!	
C13158	SSS12/362:7E8	대사:FD	1	だいじょうぶか!?	
C13159	SSS12/362:7FE	대사:FD	1	くそっ!!!	
C13160	SSS12/362:81F	대사:FD	1	回復功!	
C13161	SSS12/362:857	대사:FD	1	大丈夫か!?{05:01}!?	
C13162	SSS12/362:86B	대사:FE	1	うん。私なら大丈夫。	
C13163	SSS12/362:87D	대사:FD	1	ならいいけど　　	
C13164	SSS12/362:893	글	1	とんだ目にあったな{09}汚いぞ、お前達!	
C13165	SSS12/362:8D9	대사:0B	1	はっはっは　　	
C13166	SSS12/362:8FA	대사:0B	1	日頃の行いの悪さが\n裏目に出たようだな。	
C13167	SSS12/362:928	대사:FD	1	なにっ!?	
C13168	SSS12/362:934	대사:0B	1	いくら力で、ワシに\n勝っていたとしても　　	
C13169	SSS12/362:951	대사:0B	1	強力な力を有する者は、いずれ\nその力で自らを滅ぼす時がくる。	
C13170	SSS12/362:97C	대사:0B	1	その事を覚えておくのだな。	
C13171	SSS12/362:9A8	대사:FD	1	これが　　	
C13172	SSS12/362:9B6	대사:FD	1	これが、その武勇から人々に\n称えられた雷漢将軍のする事か!	
C13173	SSS12/362:9ED	대사:0B	1	それは、どういう意味だ。	
C13174	SSS12/362:A06	대사:FD	1	どうも、こうもあるか!!	
C13175	SSS12/362:A16	대사:FD	1	正面からじゃかなわないと\n解ったとたんに、背後から\n化け物をけしかけるなんて　　	
C13176	SSS12/362:A73	대사:FD	1	ひきょう以外のなにものでも\nないじゃないか!!	
C13177	SSS12/362:A95	대사:0B	1	今の化け物が、ワシの\n差し金だというのか!?	
C13178	SSS12/362:AC0	대사:FD	1	他に誰がいる!	
C13179	SSS12/362:B06	대사:0B	1	待て!	
C13180	SSS12/362:B0E	대사:0B	1	ちかっても、今の化け物は\nワシのやった事ではない!	
C13181	SSS12/362:B2F	대사:0B	1	だいたいにして、あの化け物どもは\nおヌシが呼び寄せたのではないのか?	
C13182	SSS12/362:B65	대사:FD	1	冗談じゃない!	
C13183	SSS12/362:B72	대사:FD	1	大地を蘇らせるのが\n洞仙の使命なんだぞ!	
C13184	SSS12/362:B9A	대사:FD	1	それが{03:01}　{03:01}　{03:01}　	
C13185	SSS12/362:BC1	대사:FD	1	何を好き好んで、あんな\n害しかもたらさない\n化け物なんか呼ぶもんか!	
C13186	SSS12/362:BFE	대사:0B	1	おヌシの言う事を、頭から信じる\nわけにはゆかぬが　　	
C13187	SSS12/362:C2C	대사:0B	1	かといって、ウソを言ってる\nようにも思えんしな。	
C13188	SSS12/362:C52	대사:FE	1	お願い、雷漢将軍{0A}{05:00}を信じてあげて。	
C13189	SSS12/362:C6F	대사:FE	1	私達は断じて、この大地を\n枯らしたりしないわ　　	
C13190	SSS12/362:C9C	대사:0B	1	　　少し調べてみる\n必要があるようだな。	
C13191	SSS12/362:CD4	대사:0B	1	ひきあげるぞ。	
C13192	SSS12/362:CF3	대사:0B	1	お前達。	
C13193	SSS12/362:D1F	대사:FD	1	ふざけやがって　　	
C13194	SSS12/362:D44	대사:FD	1	でも、本当に大丈夫?	
C13195	SSS12/362:D63	대사:FE	1	うん、ありがとね♡	
C13196	SSS12/362:D74	대사:FE	1	でも、本当に平気よ{09}あんまり気にしないで。	
C13197	SSS12/362:D92	대사:FD	1	う、うん　　	
C13198	SSS12/363:4F4	대사:FC	1	これで、龍穴炉とやらが\n一杯になったわけか?	
C13199	SSS12/363:522	대사:FD	1	これでやっと\n解封呪が使える。	
C13200	SSS12/363:539	대사:FC	1	では、早速参るとしんぜよう。	
C13201	SSS12/363:550	대사:FC	1	どうやら事はそうそう、うまく\nは進まないようでござるな。	
C13202	SSS12/363:57A	대사:FD	1	たく、こっちは急いで\nるっていうのに!!	
C13203	SSS12/363:5A9	대사:FD	1	はやいとこ、片付けるぞ!	
C13204	SSS12/363:5BB	대사:FC	1	承知!	
C13205	SSS12/363:5D2	대사:FD	1	まだ、来るのか!?	
C13206	SSS12/363:5E0	대사:FD	1	こっちは、{05:01}をたすけるのに\n大いそがしだってのに!!	
C13207	SSS12/363:62F	대사:FC	1	片付いたようでござるな。	
C13208	SSS12/363:782	대사:FD	1	よし、{05:01}　　\nすぐ助けにいくからな!	
C13209	SSS12/363:7D2	검증필요	1	Jョづズ{00}	
C13210	SSS12/363:7E3	대사:FD	1	あ、あんたは!?	
C13211	SSS12/363:803	대사:0B	1	やはり、来たか{09}この極悪洞仙めが。	
C13212	SSS12/363:81D	대사:FD	1	だから、さっきも言ったろ{07}俺は、大地の為に　　	
C13213	SSS12/363:84B	대사:0B	2	だまれ、だまれ!!	
C13214	SSS12/363:885	대사:0B	1	ならば、何故この蒼宝殿への\n扉を開けようとするのだ!!	
C13215	SSS12/363:8B3	대사:FD	1	そん中に、{05:01}が\nいるんだよ!!	
C13216	SSS12/363:8D1	대사:0B	1	何!?	
C13217	SSS12/363:8D9	대사:0B	1	それは誠か!?	
C13218	SSS12/363:8EA	대사:FD	1	本当も本当{08}おおマジさ!	
C13219	SSS12/363:926	대사:FD	1	いいから、早く退け!	
C13220	SSS12/363:93E	대사:0B	1	悪いが、そういうわけ\nにはいかんのじゃ!!	
C13221	SSS12/363:985	대사:0B	1	断じて、ココを開けさせる\nわけにはいかん!!	
C13222	SSS12/363:9AC	대사:FD	2	こいつ　　	
C13223	SSS12/363:9B7	대사:FD	1	絶対なんか隠してるよなぁ。	
C13224	SSS12/363:9D6	글	1	なら、力づくでも退いてもらうまでだ{08}何故、その扉にそこまでこだわる!?	
C13225	SSS12/363:A09	대사:0B	1	ふん、おもしろい。	
C13226	SSS12/363:A16	대사:0B	1	やれるものなら{0A}やってみるがいい!	
C13227	SSS12/363:A48	대사:0B	1	後悔するなよ!	
C13228	SSS12/363:A6E	대사:FD	1	何故、そんなにまで\nその扉にこだわる!	
C13229	SSS12/363:A88	대사:FD	1	あの、青い一つ目の化け物は\nその扉の奥から出てきているのは\n解ってるんだぞ!!	
C13230	SSS12/363:AC5	대사:0B	1	くっ、そこまで\n知っているのか。	
C13231	SSS12/363:ADA	대사:FD	1	貴様、解ってやっていたのか{08}その中に何を隠している!?	
C13232	SSS12/363:AFF	대사:0B	1	そんな事、おまえの知った\n事ではないわ!!	
C13233	SSS12/363:B23	대사:FD	1	どうあっても、答えないつもりか　　	
C13234	SSS12/363:B44	대사:FD	1	なら仕方ない　　	
C13235	SSS12/363:B54	대사:FD	1	力づくでも、開けさせてもらうぜ!	
C13236	SSS12/363:B70	안내:04	1	そういうわけには\nいきませんな　　	
C13237	SSS12/363:BC2	대사:0B	1	ら、雷漢殿!	
C13238	SSS12/363:BCF	대사:0B	1	それに、天転殿\nまで御一緒か!?	
C13239	SSS12/363:BEC	대사:1A	1	だ、大僧正殿　　	
C13240	SSS12/363:BFE	대사:1A	1	これはいったい{0A}どういう事なんですか!?	
C13241	SSS12/363:C17	대사:0B	3	こ、これは　　	
C13242	SSS12/363:C27	대사:19	1	聞けばその扉の奥には、昨今街を\n騒がせている化け物の巣窟に\nなっているというではないですか。	
C13243	SSS12/363:C6D	대사:19	1	今のお言葉　　私共にも納得の\n出来るように御説明いただきたい。	
C13244	SSS12/363:CB5	대사:FD	1	いよいよ、ねんぐの納め時だな{09}あらいざいらい、はいちまえよ。	
C13245	SSS12/363:CEA	대사:0B	1	わかった　　\n全てを話そう。	
C13246	SSS12/363:D07	대사:0B	1	そもそも、この蘭陽院は　　	
C13247	SSS12/363:D22	대사:0B	1	この蒼宝殿を祭る為に\n建てられたのじゃ。	
C13248	SSS12/363:D40	대사:0B	1	蒼宝殿の中には、天玲球という\nありがたい宝が祭られておる。	
C13249	SSS12/363:D6A	대사:0B	1	しかし、30年に一度と呼ばれる\n蘭陽祭が近づくに連れ{03:01}　{03:01}　{03:01}　	
C13250	SSS12/363:DB1	대사:0B	1	天玲球に異変が起きたのじゃ。	
C13251	SSS12/363:DD2	대사:FD	1	エラー。捜神はかならず\nなかまに入ってるはずです。{00}	
C13252	SSS12/363:DFA	대사:FC	1	だから、この部屋を\n封印したと　　?	
C13253	SSS12/363:E25	대사:19	1	何故、そんな重要な事を今まで\n秘密裏にしておられたのです!!	
C13254	SSS12/363:E50	대사:0B	1	すまぬ{03:01}　{03:01}　{03:01}　{03:01}雷漢殿。	
C13255	SSS12/363:E6C	대사:0B	1	だが、出来ればワシ一人で\n片をつけたかったのだ。	
C13256	SSS12/363:E95	대사:1A	1	それは、皆に危険が\n及ぶからですか?	
C13257	SSS12/363:ED5	대사:FD	1	扉は開けさせてもらうぜ。	
C13258	SSS12/363:EE7	대사:0B	1	やむを得んか　　	
C13259	SSS12/363:F0D	대사:0B	1	だが、本当にどう\nなっても知らぬぞ。	
C13260	SSS12/363:F4E	대사:FD	1	くどいよ。	
C13261	SSS12/363:FDB	대사:FD	1	仙獣達が!?	
C13262	SSS12/363:1029	대사:19	1	すさまじい妖気だ!!	
C13263	SSS12/363:1039	대사:0F	1	{05:00}殿\n気をつけるでござる!	
C13264	SSS12/363:1050	대사:FD	1	言われるまでもない!	
C13265	SSS12/363:106B	대사:FD	2	うぉ!?	
C13266	SSS12/363:107B	대사:FD	1	また来やがった!?	
C13267	SSS12/363:10D7	대사:0F	1	こ、こやつら　　	
C13268	SSS12/363:10EF	대사:FD	1	また、出てきやがったか!	
C13269	SSS12/363:1112	대사:0F	1	さぁ、{05:00}殿!!	
C13270	SSS12/363:1122	대사:0F	1	グズグズしてる\n時間は無いでござる!	
C13271	SSS12/363:1163	대사:0F	1	一刻も早く、{05:01}殿の救出を{08}ここは、拙者達に任せるでござる!	
C13272	SSS12/363:118F	대사:0B	1	達って{03:01}　{03:01}　{03:01}　{03:01}　	
C13273	SSS12/363:11B6	대사:0B	1	ひょっとして{0A}ワシも入るのか!?	
C13274	SSS12/363:11D5	대사:0F	1	当然でござろう。	
C13275	SSS12/363:1223	대사:0B	1	えーい!	
C13276	SSS12/363:123A	대사:0B	1	毒も食らわばサラまでじゃ!	
C13277	SSS12/363:1257	대사:19	1	我々も、助太刀いたす。	
C13278	SSS12/363:1275	대사:19	1	天転!よいな!	
C13279	SSS12/363:1296	대사:1A	1	はい!雷漢様!	
C13280	SSS12/363:12EF	대사:FD	1	恩にきるぜ。	
C13281	SSS12/363:12FA	대사:FD	1	頼んだぞ、みんな!	
C13282	SSS12/363:1308	대사:0F	1	承知!!	
C13283	SSS12/363:1355	대사:FD	1	じゃぁ、扉は開け\nさせてもらうぜ。	
C13284	SSS12/363:13CD	검증필요	1	あさづズ{00}	
C13285	SSS12/363:1454	대사:FD	1	ちっ　　	
C13286	SSS12/363:1472	대사:FD	1	じゃまだ!!	
C13287	SSS12/363:14D0	대사:FD	1	やっと、かたづいたか。	
C13288	SSS12/363:154F	대사:FD	1	またか!!?	
C13289	SSS12/363:156C	대사:FC	1	{05:00}殿、ここは拙者にまかせて\n早く{05:01}殿を!!	
C13290	SSS12/363:1591	대사:FD	1	捜神すまない!	
C13291	SSS12/363:159E	대사:FC	1	なんの、これしき!	
C13292	SSS12/363:15AB	대사:FD	1	頼んだぜ!!	
C13293	SSS12/364:6B	대사:FD	1	大丈夫かい!?	
C13294	SSS12/364:79	대사:03	1	風水の乱れを治したのは\nおまえか　　	
C13295	SSS12/364:9F	대사:03	1	礼を言うぞ、この愚か者が!	
C13296	SSS12/364:DD	대사:FD	1	きさま{03:01}　{03:01}　{03:01}　{03:01}{05:01}じゃないな?	
C13297	SSS12/364:FA	대사:03	1	意識はな　　	
C13298	SSS12/364:130	대사:FD	1	{05:01}をどうした?	
C13299	SSS12/364:13C	대사:03	1	今から、死に行く貴様が\n知る必要はない!!	
C13300	SSS12/364:17F	대사:03	1	クックックッ　　	
C13301	SSS12/364:1A5	대사:03	1	はっはっはっ　　\nいい感じだ　　	
C13302	SSS12/364:256	대사:FD	1	こ　　これはっ!	
C13303	SSS12/364:264	대사:03	1	死ぬがいい!	
C13304	SSS12/364:272	안내:08	1	そういうわけには、いきませんね。	
C13305	SSS12/364:2C3	대사:03	2	誰だ!?	
C13306	SSS12/364:33A	대사:FD	1	王蒼幻!?	
C13307	SSS12/364:34E	대사:06	1	えぇ　　	
C13308	SSS12/364:380	대사:FD	1	いったい、どうして\nココに!?	
C13309	SSS12/364:393	대사:06	1	今回の、西湘の一連の事件には\nやはり{05:00}殿達は無関係\nだったようですね。	
C13310	SSS12/364:3CB	대사:FD	1	ひょっとして　　\nまだ疑ってたのか?	
C13311	SSS12/364:40C	대사:06	1	失礼　　	
C13312	SSS12/364:418	대사:06	1	疑ってたわけではないのですが{0A}あれからずっと、あなた方の行動は\n一部始終見させていただきました。	
C13313	SSS12/364:45E	대사:FD	1	あくしゅみだな。	
C13314	SSS12/364:46A	대사:06	1	申しわけありません。	
C13315	SSS12/364:485	대사:FD	1	まぁ、いいか。	
C13316	SSS12/364:4B6	대사:FD	1	それより、{05:01}が!	
C13317	SSS12/364:4CD	대사:06	1	わかっています	
C13318	SSS12/364:4DB	대사:06	1	今{05:01}殿は、あの天玲球に\n封じられる魔物によって\n身体をのっとられているのです。	
C13319	SSS12/364:52F	대사:FD	1	なんだって!?	
C13320	SSS12/364:53D	대사:06	1	私もお手伝いしましょう。	
C13321	SSS12/364:55B	대사:06	1	はぁっ!	
C13322	SSS12/364:585	대사:03	1	ぐぁっ!!	
C13323	SSS12/364:5AD	대사:06	1	そこだっ!	
C13324	SSS12/364:5C4	대사:03	1	ぐぁああぁあぁっ!!	
C13325	SSS12/364:650	대사:FD	1	あれはっ!?	
C13326	SSS12/364:65A	대사:06	1	あれこそが、天玲球　　	
C13327	SSS12/364:673	대사:06	1	{05:01}殿の意識をのっとっている\nそして、今回の一連の事件の張本人です。	
C13328	SSS12/364:6AA	대사:FD	1	あれがか!?	
C13329	SSS12/364:6BB	대사:03	1	おのれっ!!	
C13330	SSS12/364:6CD	대사:06	1	どうです?	
C13331	SSS12/364:6DE	대사:06	1	もう、{05:01}殿の身体は\nあなたの自由にはなりませんよ。	
C13332	SSS12/364:70E	대사:03	1	みくびるなよ。	
C13333	SSS12/364:741	대사:03	1	こんな小娘の身体などに\n頼らずとも、貴様らごときに\n遅れをとるワシではない!	
C13334	SSS12/364:784	대사:03	1	来い!	
C13335	SSS12/364:791	대사:03	1	一人ずつ片付けてくれる!	
C13336	SSS12/364:7B2	대사:FD	1	二人一緒にって言わない\nとこがせこいよな。	
C13337	SSS12/364:7D8	대사:06	1	まったくですね。	
C13338	SSS12/364:814	대사:03	1	そのいまいましい口　　\n二度と開かないように\nしてくれるわ!!!	
C13339	SSS12/364:83E	검증필요	1	ぼ狙あヤ4{00}	
C13340	SSS12/364:8BA	대사:FD	1	こ　　ここは!?	
C13341	SSS12/364:8CA	안내:08	1	ここが、貴様の墓場となる	
C13342	SSS12/364:8E6	대사:FD	1	へぇ　　	
C13343	SSS12/364:8F0	대사:FD	1	でも、俺としてはこんな寂しい所が\n墓場ってのはかんべんして欲しいな。	
C13344	SSS12/364:944	대사:FD	1	墓場は、海の見えるおかの\n上って決めてるんだ。	
C13345	SSS12/364:967	안내:08	1	なぁに、ここもきっと気にいるさ\n \n 住めば都ともいうことだしな 	
C13346	SSS12/364:99C	안내:08	1	安心して、死ね!!	
C13347	SSS12/364:9B1	대사:FD	1	やなこった!!	
C13348	SSS12/364:9CA	대사:03	1	ここでは、何かと\nやりづらかろう。	
C13349	SSS12/364:9E0	대사:03	1	こちらへ、来るがいい。	
C13350	SSS12/364:A3E	대사:FD	1	こ、ここは!?	
C13351	SSS12/364:AA6	대사:FD	1	何のマネだ!	
C13352	SSS12/364:AB1	대사:FD	1	人をこんな所に\nひきずりこんで!	
C13353	SSS12/364:AC7	대사:00	1	フフフフ　　	
C13354	SSS12/364:AD8	대사:FD	1	{05:01}は、どうした!	
C13355	SSS12/364:AE5	대사:00	1	一応、ここにいるぞ{09}ただし、意識は私の中で\n眠っているがな　　	
C13356	SSS12/364:B11	대사:00	1	だが、この身体は間違いなく\n{05:01}のものだ。	
C13357	SSS12/364:B3A	대사:00	1	きさまは、どうも\n通常の人間とは異なる\n力を持つようだな　　	
C13358	SSS12/364:B65	대사:FD	1	へん!洞仙だからな!	
C13359	SSS12/364:B75	대사:00	1	貴様が生きていると{0A}何かとやっかいに\nなりそうなんでな。	
C13360	SSS12/364:B99	대사:00	1	ここで殺しておく。	
C13361	SSS12/364:BA7	대사:FD	1	そう、簡単に殺せるかな?	
C13362	SSS12/364:BBA	대사:00	1	簡単なことだ。	
C13363	SSS12/364:BED	대사:00	1	この身体を使えばな。	
C13364	SSS12/364:C1C	대사:FD	1	汚いぞ!!	
C13365	SSS12/364:C26	대사:00	1	フフフ　　	
C13366	SSS12/364:C36	대사:00	1	合理的と言って\nもらいたいな。	
C13367	SSS12/364:C4D	대사:00	1	では、いくぞ!!	
C13368	SSS12/364:C7C	대사:FD	1	ふぅ{03:01}　{03:01}　{03:01}　	
C13369	SSS12/364:CA2	대사:FD	1	なるほど、大僧正が扉を\n開けたがらない訳だ。	
C13370	SSS12/364:CC7	대사:FD	1	あんなのが地上に現れたら\n祭どころじゃないからな。	
C13371	SSS12/364:CF2	대사:FD	1	さて{03:01}　{03:01}　{03:01}　	
C13372	SSS12/364:D18	대사:FD	1	どうやって、ここから\n出たもんかな　　	
C13373	SSS12/364:D64	대사:FD	1	{05:01}{03:01}　{03:01}　{03:01}　{03:01}	
C13374	SSS12/364:DCD	대사:FD	1	すまない　　	
C13375	SSS12/364:DE0	안내:08	1	顔見知りに、ようしゃなく攻撃を加えるとは\n \n   なかなか見所のある男だな　　   	
C13376	SSS12/364:E2A	대사:FD	1	だまれ!	
C13377	SSS12/364:E34	안내:08	1	そう、怒るな　　	
C13378	SSS12/364:E43	안내:08	1	どうだ?	
C13379	SSS12/364:E4B	안내:08	1	 私の片腕となって \n \n働くつもりはないか?	
C13380	SSS12/364:E6E	대사:FD	1	こいつ、ヌケヌケと　　	
C13381	SSS12/364:E85	글	1	ふざけるな!{08}それもいいな　　	
C13382	SSS12/364:E9D	안내:08	1	やはりな　　	
C13383	SSS12/364:EA9	안내:08	1	    ならば仕方がない    \n \n  殺すにはおしい男だったが  \n \n 敵となるのであれば話は別だな 	
C13384	SSS12/364:EEA	안내:08	1	予定通り死ね!!	
C13385	SSS12/364:F10	대사:FD	1	何が、予定通りか!	
C13386	SSS12/364:F2D	대사:FD	1	それも、面白いかもな。	
C13387	SSS12/364:F40	안내:08	1	では、商談成立だな	
C13388	SSS12/364:F51	안내:08	1	これからは、ワシの右腕として\n \nワシに忠誠をちかうのだぞ　　	
C13389	SSS12/364:FD5	안내:0F	1	こうして、{05:00}は天玲球の魔物と\nけったくし、西湘の街を滅ぼしていった{09}その後の彼の消息を知る者は誰もいない　　	
C13390	SSS12/364:10A1	검증필요	1	をズづズ{00}	
C13391	SSS12/365:53	안내:08	2	{05:00}は苦しい闘いのすえ\n \n天玲球の魔物を倒す事に成功した。	
C13392	SSS12/365:80	안내:08	2	だが、勝利をともに分かち合ってくれるはずの\n \n{05:01}は、もうココにはいない。	
C13393	SSS12/365:AE	안내:08	2	悲しみに打ちひしがれた、{05:00}は\n \n再び訪れた平穏を喜ぶ街の人々の\n \n蘭陽祭への誘いを断り、足早に西湘を去った。	
C13394	SSS12/365:FF	안내:08	2	その後の彼の消息を知る者は誰もいない　　	
C13395	SSS12/365:229	안내:08	1	こうして、{05:00}は{05:01}を救い出し\n \nそして、天玲球の魔物もまた倒された。	
C13396	SSS12/365:259	안내:08	1	西湘には再び平和な日々が訪れた。	
C13397	SSS12/365:275	안내:04	1	だが、何故大僧正があのような\n \n不可解な行動を取ったのか　　\n \nその行動の真意は何なのかは\n \n今となっては知る者はいない。	
C13398	SSS12/365:30E	대사:07	1	{05:00}殿は、うまく\nやったんでしょうかね。	
C13399	SSS12/365:458	대사:07	2	{05:00}殿!!	
C13400	SSS12/365:46B	대사:07	1	{05:00}殿?	
C13401	SSS12/365:495	대사:FD	1	こ、ここは　　?	
C13402	SSS12/365:4A3	대사:07	1	大丈夫ですか{07}{05:00}殿。	
C13403	SSS12/365:4C0	대사:FD	1	蒼幻!	
C13404	SSS12/365:4C9	대사:FD	1	てことは　　	
C13405	SSS12/365:4DF	대사:FD	1	戻って来れたのか?	
C13406	SSS12/365:4F1	대사:07	1	えぇ、もうココは\n異次元じゃありません。	
C13407	SSS12/365:50F	대사:07	1	それよりどうでした?	
C13408	SSS12/365:527	대사:FD	1	あぁ、ばっちりさ!	
C13409	SSS12/365:534	대사:FD	1	それより、{05:01}の方は\nどうなんだ　　?	
C13410	SSS12/365:562	대사:07	1	あぁ、それなら\nもう大丈夫でしょう。	
C13411	SSS12/365:580	대사:07	1	天玲球の魔物が倒れた今\nその呪縛から意識が解放される\nのも時間の問題です。	
C13412	SSS12/365:63C	대사:04	1	ん　　うん　　	
C13413	SSS12/365:65C	대사:04	1	あ、あら　　?	
C13414	SSS12/365:677	대사:07	1	{05:01}殿!!	
C13415	SSS12/365:6A9	대사:04	1	それに、蒼幻さん?	
C13416	SSS12/365:6C2	대사:04	1	私、いったい　　	
C13417	SSS12/365:6DC	대사:04	1	あの時、龍穴炉で\n光につつまれて　　	
C13418	SSS12/365:6F9	대사:04	1	そしたら　　\n今ココにいて　　	
C13419	SSS12/365:711	대사:07	1	意識を支配されてる間の\nことは覚えてないようですね。	
C13420	SSS12/365:74D	대사:04	1	意識?支配?	
C13421	SSS12/365:75E	대사:FD	1	{05:01}は気に\nしないでいいんだよ。	
C13422	SSS12/365:786	대사:FD	1	いいんだ、{05:01}。	
C13423	SSS12/365:7BD	대사:07	1	もう、全部無事\n終わったんですよ。	
C13424	SSS12/365:7D7	대사:04	1	そ　　そうなの?	
C13425	SSS12/365:7E8	대사:07	1	あぁ、もう何も心配\nしなくていいんだ。	
C13426	SSS12/365:80C	대사:04	1	え、えぇ。	
C13427	SSS12/365:81D	대사:07	1	さて、それじゃ私は\n帰ることにします。	
C13428	SSS12/365:841	대사:FD	1	もう帰るのか?	
C13429	SSS12/365:84D	대사:07	1	えぇ、{05:01}殿も無事でしたし\nこれでもいそがしい身でしてね。	
C13430	SSS12/365:872	대사:FD	1	そっか、今回は本当に\n助かったよ。ありがとう。	
C13431	SSS12/365:895	대사:04	1	あ　　っと、えぇ　　	
C13432	SSS12/365:8DE	대사:04	1	あ、ありがとうございました。	
C13433	SSS12/365:920	대사:07	1	どういたしまして。	
C13434	SSS12/365:935	대사:07	1	それでは　　	
C13435	SSS12/365:9A6	대사:FD	1	さ、帰ろう　　	
C13436	SSS12/365:9C6	대사:04	1	えぇ♡	
C13437	SSS12/366:67	대사:0E	1	どうでござる{07}大僧正殿　　	
C13438	SSS12/366:7E	대사:0E	1	まだ、いけそうかな?	
C13439	SSS12/366:8F	대사:0D	1	残念だが、よる年波には\n勝てんようじゃわい　　	
C13440	SSS12/366:B1	대사:0D	1	そろそろ、キツイの。	
C13441	SSS12/366:C2	대사:1B	1	何を弱気な事を!	
C13442	SSS12/366:D5	대사:1C	1	そうです!	
C13443	SSS12/366:E3	대사:1C	1	こんな奴等に負けて\nなんかいられません!	
C13444	SSS12/366:129	대사:1C	1	どうです!	
C13445	SSS12/366:1D6	대사:0D	1	増えよった!!?	
C13446	SSS12/366:213	대사:1C	1	どうしましょう\n大僧正様～　　	
C13447	SSS12/366:22D	대사:1C	1	これじゃ、キリが\nありませんよ　　	
C13448	SSS12/366:267	대사:0E	1	{05:00}殿　　	
C13449	SSS12/366:312	대사:0E	1	こ{03:01}　{03:01}　{03:01}　	
C13450	SSS12/366:389	대사:0D	1	どうやら、中でのけりが\nついたようじゃな　　	
C13451	SSS12/366:43F	대사:0E	1	信じられない　　	
C13452	SSS12/366:4BF	대사:0E	1	妖怪達が消えていく　　	
C13453	SSS12/366:563	대사:FD	1	大僧正!	
C13454	SSS12/366:57D	대사:FD	1	この中の物は、いったい\n何だったんだよ!?	
C13455	SSS12/366:5C4	대사:0C	1	私達も、大変な目に会ったんだし\n教えてくれてもいいんじゃない?	
C13456	SSS12/366:5FB	대사:0E	1	もっともでござるな。	
C13457	SSS12/366:64A	대사:0D	1	これから話すことは\n他言無用じゃぞ。	
C13458	SSS12/366:68B	대사:0D	1	30年に一度開かれる\n蘭陽祭には　　	
C13459	SSS12/366:6B2	대사:0D	1	実は、裏の儀式が\nあったのじゃ。	
C13460	SSS12/366:6CD	대사:FD	1	裏の儀式?	
C13461	SSS12/366:6D9	대사:0D	1	蒼宝殿に祭られた\n天玲球は{03:01}　{03:01}　{03:01}　	
C13462	SSS12/366:711	대사:0D	1	30年に一度　　	
C13463	SSS12/366:722	대사:0D	1	つまり、蘭陽祭の度にいけにえを\n差し出さねば、その封印の効力を\n保てなかったのだ。	
C13464	SSS12/366:762	대사:0C	1	いけにえなんて{03:01}　{03:01}　{03:01}　	
C13465	SSS12/366:7A1	대사:0C	1	ぞっとしないわね。	
C13466	SSS12/366:7AE	대사:0D	1	先代も、先先代も\nそのまた先先先代も　　	
C13467	SSS12/366:7D9	대사:0D	1	妖怪が目覚めてしまうのを恐れ\n街の娘達を差し出していたという。	
C13468	SSS12/366:831	대사:0E	1	だが、あんたは\nそれをしなかった。	
C13469	SSS12/366:853	대사:0D	1	何も知らない娘達を、妖魔に\n差し出すわけにいくか!	
C13470	SSS12/366:878	대사:0E	1	おぬし　　	
C13471	SSS12/366:8AE	대사:0E	1	思ったより感心な坊さん\nだったんでござるな。	
C13472	SSS12/366:8D8	대사:0D	1	大きなお世話じゃ。	
C13473	SSS12/366:8EB	대사:FD	1	でも、それをしなかったおかげで\n街には邪精があふれ　　\n大地はカラカラってわけか。	
C13474	SSS12/366:949	대사:0D	1	妖怪があふれ出て来たのも\n天玲球の封が解けたのも!	
C13475	SSS12/366:977	대사:0D	1	全ては、おぬしの\nせいじゃろうが!	
C13476	SSS12/366:993	대사:0C	1	何で、そうなるのよぉ!?	
C13477	SSS12/366:9B0	대사:0D	1	確かに、ワシは儀式を行わず\n娘達をいけにえに出さなかった。	
C13478	SSS12/366:9E7	대사:0D	1	しかし{03:01}　{03:01}　{03:01}　	
C13479	SSS12/366:A1D	대사:0D	1	天玲球の封が破れる事もないように\nいく重にも蒼宝殿に術をかけたのだ!!	
C13480	SSS12/366:A57	대사:FD	1	それでも、邪精は\n暴れてたじゃねーか!	
C13481	SSS12/366:A7D	대사:0D	1	大地に気を送り封印の\n効果を弱めたばかりか　　	
C13482	SSS12/366:AB9	대사:0D	1	最後には蒼宝殿の扉の封印まで\n解いてしまったのは誰じゃ!!	
C13483	SSS12/366:B1A	대사:0E	1	まぁまぁ　　	
C13484	SSS12/366:B4E	대사:0E	1	しかし、{05:00}殿は\n妖魔とやらを討ち滅ぼした。	
C13485	SSS12/366:B7A	대사:0E	1	これで、めでたし\nめでたしであろう?	
C13486	SSS12/366:BAD	대사:0D	1	それならいいがな。	
C13487	SSS12/366:BD1	대사:FD	1	あんたが全て悪かったって\nわけじゃなかった訳だ。	
C13488	SSS12/366:C09	대사:0D	1	この!!	
C13489	SSS12/366:C26	대사:0D	1	ふん　　	
C13490	SSS12/366:C33	대사:0D	1	憎めんやつじゃ。	
C13491	SSS12/366:C5D	대사:0D	1	洞仙も全てが悪と言うこと\nでもなかったという訳か。	
C13492	SSS12/366:C8A	대사:0C	1	やった!	
C13493	SSS12/366:CA2	대사:0C	1	{05:00}{08}理解者が増えたわよ!	
C13494	SSS12/366:CCE	대사:0D	1	これで全ては\n元どおりだな。	
C13495	SSS12/366:CFB	대사:0D	1	さて、ワシは祭の\n支度をせねば。	
C13496	SSS12/366:D17	대사:0D	1	雷漢殿。	
C13497	SSS12/366:D39	대사:0D	1	天転殿。	
C13498	SSS12/366:D51	대사:0D	1	準備のほう、よろしく\nお願いいたしますよ。	
C13499	SSS12/366:DD1	대사:0C	1	聞いた?!	
C13500	SSS12/366:DDB	대사:0C	1	お祭だって!!	
C13501	SSS12/366:E22	대사:FD	1	久々に羽をのばすか!	
C13502	SSS12/366:E67	대사:0C	1	そうしよ{08}そうしよ!	
C13503	SSS12/366:EDD	대사:19	1	さ、目いっ{03:01}っ{03:01}っ{03:01}っ{03:01}ぱい!	
C13504	SSS12/366:F09	대사:19	1	遊ぼーね!{05:00}!	
C13505	SSS12/366:F1E	대사:FD	1	おぅ!	
C13506	SSS12/366:F3E	대사:FD	1	これで、やっと当初の\n目的が果たせるぜ。	
C13507	SSS12/366:F6F	대사:1B	1	当初の目的とは\n何でござる?	
C13508	SSS12/366:F8E	대사:19	1	{05:00}はね　　	
C13509	SSS12/366:FA4	대사:19	1	最初は、老師に祭があるから\n遊んで来いって言われて来たのよ。	
C13510	SSS12/366:FF2	대사:FD	1	で、来てみたら結局\n化け物退治ってわけさ。	
C13511	SSS12/366:101F	대사:1B	1	それは、とんだ祭に\nなってしまったでござるな。	
C13512	SSS12/366:103B	대사:FD	1	まったくだ。	
C13513	SSS12/366:1045	대사:1B	1	がはははは	
C13514	SSS12/366:1051	대사:19	1	クスクスクス	
C13515	SSS12/366:105E	대사:FD	1	あははははは	
C13516	SSS12/366:1090	대사:19	1	今のは何!{07}{05:00}。	
C13517	SSS12/366:10A2	대사:FD	1	やべ{03:01}　{03:01}　{03:01}　	
C13518	SSS12/366:10C4	대사:FD	1	もしかして{03:01}　{03:01}　{03:01}　	
C13519	SSS12/366:10EB	대사:FD	1	また来た!!	
C13520	SSS12/366:1106	대사:0F	1	ててて{03:01}　{03:01}　{03:01}　	
C13521	SSS12/366:1125	대사:0F	1	寺が崩れるぞぉ!!	
C13522	SSS12/366:11CE	대사:00	1	も、もしかして　　	
C13523	SSS12/366:11EF	대사:00	1	{05:00}の作った仙窟の\nせい{03:01}　{03:01}　{03:01}だったりして。	
C13524	SSS12/366:1232	대사:FD	1	言うな!	
C13525	SSS12/366:123E	대사:01	1	ど{03:01}・{03:01}う{03:01}・{03:01}せ{03:01}・{03:01}ん{03:01}　{03:01}　{03:01}　	
C13526	SSS12/366:128B	대사:FD	1	いや、あの　　	
C13527	SSS12/366:12F0	대사:FD	1	お怒りは、ごもっともです。	
C13528	SSS12/366:1389	대사:FD	1	{05:01}、行くぞ!!	
C13529	SSS12/366:13B9	대사:00	1	ちょっ!	
C13530	SSS12/366:13C1	대사:00	1	ちょっと待ってよぉ!	
C13531	SSS12/366:13FA	대사:01	1	待たんか、こら!!	
C13532	SSS12/366:146C	대사:02	1	しからば、拙者も\nこれにてごめん。	
C13533	SSS12/366:14B7	대사:01	1	洞仙とその一味が\n寺を壊しよった!!	
C13534	SSS12/366:14FB	대사:01	1	誰か、捕まえてくだされ!!	
C13535	SSS12/366:151B	대사:03	1	おまかせくだされ!	
C13536	SSS12/366:1558	대사:04	1	あーあ　　	
C13537	SSS12/366:1577	대사:04	1	こんなんじゃ祭どころ\nじゃないなぁ　　　	
C13538	SSS12/366:1600	대사:01	1	とほほ　　	
C13539	SSS12/366:1612	대사:01	1	やっぱり、洞仙なんぞに関ると\nろくな事にならんわい!!	
C13540	SSS12/367:8E	대사:09	1	見つけたぞ、洞仙!!	
C13541	SSS12/367:A6	대사:09	1	これも、西湘の街の治安を護る為{08}おとなしく死んでもらおう!	
C13542	SSS12/367:D4	대사:FD	1	誰が、おとなしくなんか\n死んでやるもんか!	
C13543	SSS12/367:170	대사:FD	1	なんだ、おまえら!?	
C13544	SSS12/367:17E	대사:09	1	ふっ、なんだとは失礼な。	
C13545	SSS12/367:190	대사:08	1	我らの事を知らぬのか。	
C13546	SSS12/367:1A2	대사:07	1	解ってないんだな。	
C13547	SSS12/367:1B9	대사:05	1	レッド、自己紹介してやったら?	
C13548	SSS12/367:1D1	대사:09	1	ふっ、そうだな　　	
C13549	SSS12/367:1E0	대사:09	1	我ら{03:01}　{03:01}　{03:01}　	
C13550	SSS12/367:1FF	안내:08	1	  西湘戦隊  \nMIXファイブ!!	
C13551	SSS12/367:220	대사:09	1	赤き血潮は正義の証し。	
C13552	SSS12/367:249	대사:09	1	今日も今日とて正義をつらぬく\n西湘ファイブリーダー!!	
C13553	SSS12/367:277	대사:09	1	西湘レッド!	
C13554	SSS12/367:286	대사:08	1	クールな天才、頭の勝利。	
C13555	SSS12/367:2AF	대사:08	1	切れるセンスで、明日を導け!	
C13556	SSS12/367:2CA	대사:08	1	西湘ブルー!	
C13557	SSS12/367:2D9	대사:07	1	お腹がすいた、腹ペコだ!	
C13558	SSS12/367:300	대사:07	1	さっさと済ませて\nカレーを食べよう!	
C13559	SSS12/367:322	대사:07	1	西湘イエロー!	
C13560	SSS12/367:331	대사:08	1	なんだ、そりゃ　　	
C13561	SSS12/367:37A	대사:06	1	西湘ブラック。	
C13562	SSS12/367:393	대사:05	1	相変わらず、シブイわね♡	
C13563	SSS12/367:3A9	대사:05	1	みんなのあこがれ\n紅一点　　	
C13564	SSS12/367:3D4	대사:05	1	だきょうはせずに、望みは高く!	
C13565	SSS12/367:411	대사:05	1	みんなのヒロイン♡	
C13566	SSS12/367:424	대사:05	1	西湘ピンク!	
C13567	SSS12/367:445	대사:FC	1	ヒロインは私でしょうに!	
C13568	SSS12/367:463	대사:FC	1	やっと、終わったですか　　	
C13569	SSS12/367:479	대사:09	1	その生命、俺達正義の味方\n西湘ファイブがいただく!	
C13570	SSS12/367:4B5	대사:FD	1	阿保?	
C13571	SSS12/367:508	대사:FD	1	なんだったんだ?あいつら。	
C13572	SSS12/367:522	대사:FC	1	ただの、お馬鹿でしょ。	
C13573	SSS12/367:601	대사:FD	1	また、こいつらか。	
C13574	SSS12/367:613	대사:05	1	ウガーーー!!	
C13575	SSS12/367:623	대사:0A	1	ウギョギョギョ!	
C13576	SSS12/367:634	대사:FD	1	えーい、やかましい!	
C13577	SSS12/367:646	대사:07	1	ウガウガ!	
C13578	SSS12/367:64F	대사:FD	1	ふん、いいだろう。	
C13579	SSS12/367:65F	대사:FD	1	そんなに死にたければ\n相手になってやるぜ!	
C13580	SSS12/367:681	대사:06	1	ウォーーン!!	
C13581	SSS12/367:68C	대사:FD	1	また、出て来やがったのか。	
C13582	SSS12/367:6A2	대사:FD	1	たく、うっとうしい!	
C13583	SSS12/367:6DC	검증필요	1	Sワぞ\nた{00}	
C13584	SSS12/367:706	대사:FD	1	ふぅ。	
C13585	SSS12/367:70D	대사:FD	1	こりない奴等だな。	
C13586	SSS12/367:722	대사:FD	1	もう、出てくるなよな。	
C13587	SSS12/367:738	대사:FD	1	たく、毎度毎度　　	
C13588	SSS12/367:74B	대사:FD	1	いったい何処から\nわいて来やがるんだ。	
C13589	SSS12/367:7D5	대사:09	1	見つけたぞ、洞仙!	
C13590	SSS12/367:7E8	대사:09	1	覚悟しろ!	
C13591	SSS12/367:7F8	대사:FD	1	なにを!	
C13592	SSS12/367:82B	대사:08	1	あんたを倒せば、あたし達は\n大金持ちになれるのさ!	
C13593	SSS12/367:852	대사:FD	1	結局、金が目的か!	
C13594	SSS12/367:88C	대사:FD	1	ずぇ{03:01}っ{03:01}っ{03:01}っ{03:01}っ{03:01}っ{03:01}たい!	
C13595	SSS12/367:8AB	대사:FD	1	負けてやらない!	
C13596	SSS12/367:8DF	검증필요	1	Sワづ{08}た{00}	
C13597	SSS12/367:8F0	대사:FD	1	勝手に、人の生命に値段\nつけるんじゃないっての!	
C13598	SSS12/367:923	대사:FC	1	でも、洞仙様に一体いくらの\n賞金がかかってるんでしょうね?	
C13599	SSS12/367:94E	대사:FD	1	ま、俺だからな。	
C13600	SSS12/367:983	대사:FD	1	1000000は\n下らないんじゃないか?	
C13601	SSS12/367:9BB	대사:FC	1	この果てしない自信は\n一体どこから　　?	
C13602	SSS12/367:9FC	대사:00	1	2C（一般 赤茶）	
C13603	SSS12/367:A15	대사:00	1	2D（一般 青）	
C13604	SSS12/367:A2C	대사:00	1	2E（一般 緑）	
C13605	SSS12/367:A43	대사:00	1	2F（一般 赤茶）	
C13606	SSS12/367:A5C	대사:00	1	30（ちび 緑）	
C13607	SSS12/367:A71	대사:00	1	31（ちび 黄）	
C13608	SSS12/367:A86	대사:00	1	32（ちび 黄）	
C13609	SSS12/367:A9B	대사:00	1	33（でぶ 緑）	
C13610	SSS12/367:AB0	대사:00	1	34（でぶ 赤茶）	
C13611	SSS12/367:AC7	대사:00	1	35（でぶ 青）	
C13612	SSS12/367:ADC	대사:00	1	36（でぶ 赤茶）	
C13613	SSS12/367:AF3	대사:00	1	37（戦士 赤茶）	
C13614	SSS12/367:B0C	대사:00	1	38（戦士 緑）	
C13615	SSS12/367:B23	대사:00	1	39（女戦士 オレンジ）	
C13616	SSS12/367:B3E	대사:00	1	3A（女戦士 青）	
C13617	SSS12/367:B57	대사:00	1	3B（女戦士 赤）	
C13618	SSS12/367:B70	대사:00	1	3C（とうぞく 黄緑）	
C13619	SSS12/367:B89	대사:00	1	3D（とうぞく 黄）	
C13620	SSS12/367:BA0	대사:00	1	3E（とうぞく はいいろ）	
C13621	SSS12/367:BB9	대사:00	1	3F（とうぞく 頭黄 服青）	
C13622	SSS12/367:BD7	대사:00	1	40（クレリック 青）	
C13623	SSS12/367:BEF	대사:00	1	41（クレリック 緑）	
C13624	SSS12/367:C07	대사:00	1	42（クレリック 茶＆ピンク）	
C13625	SSS12/367:C25	대사:00	1	43（道志 青）	
C13626	SSS12/367:C3C	대사:00	1	44（道志 赤）	
C13627	SSS12/367:C53	대사:00	1	45（道志 緑）	
C13628	SSS12/367:C6A	대사:00	1	46（道志 紫）	
C13629	SSS12/367:C81	대사:00	1	47（魔法使い 赤）	
C13630	SSS12/367:C9B	대사:00	1	48（魔法使い 黒）	
C13631	SSS12/367:CB5	대사:00	1	49（魔法使い 黒＆紫）	
C13632	SSS12/367:CD3	대사:00	1	4A（忍者 黒）	
C13633	SSS12/367:CEA	대사:00	1	4B（忍者 赤）	
C13634	SSS12/367:D01	대사:00	1	4C（忍者 黒）	
C13635	SSS12/367:D18	대사:00	1	4D（坊主 黄）	
C13636	SSS12/367:D2F	대사:00	1	4E（坊主 うす青）	
C13637	SSS12/367:D48	대사:00	1	4F（坊主 クリーム）	
C13638	SSS12/367:D61	대사:00	1	50（坊主 うす青）	
C13639	SSS12/367:D7A	대사:00	1	51（侍）	
C13640	SSS12/367:D88	대사:FD	1	戻るよ	
C13641	SSS12/368:65	글	1	みやさか\nかしわぎ\nおぐら用バグチェック	
C13642	SSS12/368:88	글	1	次へ\nDIR2\nLEAVE\nOCH	
C13643	SSS12/368:A7	글	1	次へ\nFORM\nMAPMODE CITY\nWINDOW POS	
C13644	SSS12/368:D4	글	1	次へ\n256マップチェック\nシナリオキャラ侵入チェック\nミニバルーンOFF	
C13645	SSS12/368:10B	글	1	次へ\n宝箱ちぇっく\nSE STOP\n不思議なパン	
C13646	SSS12/368:133	글	1	戻る\nリバイブチェック	
C13647	SSS12/368:14E	글	1	次へ\nかしわぎイベント1（兵隊出発）\nかしわぎイベント2（飛天石完成）\nかしわぎイベント3（雷漢出発）	
C13648	SSS12/368:19D	글	1	戻る\nかしわぎイベント4（雷漢侵入）\nかしわぎイベント5（酒場の玲蘭）	
C13649	SSS12/368:1D8	글	1	次へ             7\nマップモードダンジョン実行\nオープニング\n龍穴炉でのVS土功戦	
C13650	SSS12/368:222	글	1	次へ             6\nVS明紅戦1（地上）\nVS明紅戦2（龍穴炉）\n大僧正・雷漢・天転の会話1	
C13651	SSS12/368:27B	글	1	次へ             5\n大僧正回想シーン\n大僧正・雷漢・天転の会話2\nVS天転戦1（地上）	
C13652	SSS12/368:2D0	글	1	次へ             4\nVS天転戦2（龍穴炉）\n龍穴炉の扉が開く\n蒼宝殿前でのヒロイン救出戦	
C13653	SSS12/368:323	글	1	次へ             3\n龍穴炉と蘭陽院をつなぐ通路の扉が閉まる\nVS大僧正戦\nVS捜神戦（龍穴炉）	
C13654	SSS12/368:37B	글	1	次へ             2\nヒロインさらわる（龍穴炉）\n蒼宝殿前にて捜神ジョイン\nVS雷漢戦1（地上）	
C13655	SSS12/368:3CD	글	1	次へ             1\nVS雷漢戦2（龍穴炉）\nVS王蒼幻1（地上）\nVS王蒼幻2（龍穴炉）	
C13656	SSS12/368:41D	글	1	戻る             0\n龍穴炉が一杯\n蒼宝殿の扉がひらく	
C13657	SSS12/368:44D	대사:FD	1	マップモードダンジョンを実行します。	
C13658	SSS12/368:525	대사:FD	1	（かいはつちゅう）	
C13659	SSS12/368:5EF	글	1	次へ\n王蒼幻\nアレックス\nシャスタ	
C13660	SSS12/368:611	글	1	次へ\nケブレス\n玲蘭\n老師	
C13661	SSS12/368:631	글	1	次へ\n明紅\n雷漢\n大僧正	
C13662	SSS12/368:652	글	1	次へ\n捜神\nイザナギ\nヒロイン	
C13663	SSS12/368:671	글	1	次へ\n龍大\n龍小\n天転	
C13664	SSS12/368:68C	글	1	戻る\n真アレックス	
C13665	SSS12/368:7A9	대사:FD	1	戦闘開始	
C13666	SSS12/368:7EC	글	1	次へ           2\nへいたいA\nへいたいチビ\nへいたいデブ	
C13667	SSS12/368:81F	글	1	次へ           1\nせんし\nせんし女\nとうぞく	
C13668	SSS12/368:84A	글	1	戻る           0\nクレリック\nどうし\nほかのコマンドをチェックする	
C13669	SSS12/368:913	글	1	王蒼幻をLEAVE\nヒロインをLEAVE\n捜神をLEAVE\n他のコマンドをチェックする	
C13670	SSS12/368:97B	글	1	OCH6\nOCH7\nOCH OFF\n他のコマンドをチェックする	
C13671	SSS12/368:9EA	글	1	次へ             2\nFORM0\nFORM1\nFORM2	
C13672	SSS12/368:A1A	글	1	次へ             1\nFORM3\nFORM4\nFORM5	
C13673	SSS12/368:A4A	글	1	戻る             0\nFORM6\nFORM12\n他のコマンドをチェックする	
C13674	SSS12/368:AB4	글	1	CHR STOPしてからFORM12\nFORM12\n戻る	
C13675	SSS12/368:AF7	영문	1	WINDOW POS 0	
C13676	SSS12/368:B07	영문	1	WINDOW POS 1	
C13677	SSS12/368:B17	영문	1	WINDOW POS 2	
C13678	SSS12/368:B27	영문	1	WINDOW POS 3	
C13679	SSS12/368:B37	영문	1	WINDOW POS 4	
C13680	SSS12/368:B47	영문	1	WINDOW POS 5	
C13681	SSS12/368:B57	영문	1	WINDOW POS 6	
C13682	SSS12/368:B67	영문	1	WINDOW POS 7	
C13683	SSS12/368:B77	영문	1	WINDOW POS 8	
C13684	SSS12/368:B87	영문	1	WINDOW POS 9	
C13685	SSS12/368:B97	영문	1	WINDOW POS 10	
C13686	SSS12/368:BA8	영문	1	WINDOW POS 11	
C13687	SSS12/368:BB9	영문	1	WINDOW POS 12	
C13688	SSS12/368:BCA	영문	1	WINDOW POS 13	
C13689	SSS12/368:BDB	영문	1	WINDOW POS 14	
C13690	SSS12/368:BEC	영문	1	WINDOW POS 15	
C13691	SSS12/368:BFD	영문	1	WINDOW POS 16	
C13692	SSS12/368:C0E	영문	1	WINDOW POS 17	
C13693	SSS12/368:C1F	영문	1	WINDOW POS 18	
C13694	SSS12/368:C30	영문	1	WINDOW POS 19	
C13695	SSS12/368:C41	영문	1	WINDOW POS 20	
C13696	SSS12/368:C52	영문	1	WINDOW POS 21	
C13697	SSS12/368:C63	영문	1	WINDOW POS 22	
C13698	SSS12/368:C74	영문	1	WINDOW POS 23	
C13699	SSS12/368:C85	영문	1	WINDOW POS 24	
C13700	SSS12/368:C96	영문	1	WINDOW POS 25	
C13701	SSS12/368:CA7	영문	1	WINDOW POS 26	
C13702	SSS12/368:CB8	영문	1	WINDOW POS 27	
C13703	SSS12/368:CC9	영문	1	WINDOW POS 28	
C13704	SSS12/368:CDA	영문	1	WINDOW POS 29	
C13705	SSS12/368:CEB	영문	1	WINDOW POS 30	
C13706	SSS12/368:D0A	대사:FD	1	IBG010へ	
C13707	SSS12/368:D1A	대사:FD	1	IBG011へ	
C13708	SSS12/368:D2A	대사:FD	1	IBG012へ	
C13709	SSS12/368:D3A	대사:FD	1	IBG013へ	
C13710	SSS12/368:D4A	대사:FD	1	IBG014へ	
C13711	SSS12/368:D5A	대사:FD	1	IBG015へ	
C13712	SSS12/368:D6A	대사:FD	1	IBG016へ	
C13713	SSS12/368:D7A	대사:FD	1	IBG017へ	
C13714	SSS12/368:D8A	대사:FD	1	IBG018へ	
C13715	SSS12/368:D9A	대사:FD	1	IBG019へ	
C13716	SSS12/368:DAA	대사:FD	1	IBG020へ	
C13717	SSS12/368:DBA	대사:FD	1	IBG021へ	
C13718	SSS12/368:DCA	대사:FD	1	IBG022へ	
C13719	SSS12/368:DDA	대사:FD	1	IBG023へ	
C13720	SSS12/368:DEA	대사:FD	1	IBG024へ	
C13721	SSS12/368:DFA	대사:FD	1	IBG025へ	
C13722	SSS12/368:E0A	대사:FD	1	IBG026へ	
C13723	SSS12/368:E1A	대사:FD	1	IBG027へ	
C13724	SSS12/368:E2A	대사:FD	1	IBG028へ	
C13725	SSS12/368:E3A	대사:FD	1	もとへ	
C13726	SSS12/368:E69	대사:FD	1	仙獣をJOINしました。	
C13727	SSS12/368:E7B	대사:FD	1	マップモードシティ実行のため\nマップモードダンジョンを実行します。	
C13728	SSS12/368:F10	대사:FD	1	ミニバルーンOFFします	
C13729	SSS12/368:F28	대사:FD	1	SE STOPするには\nボタンを押して下さい。	
C13730	SSS12/368:F4B	대사:FD	2	マップモードシティを実行するために\nいったんマップモードダンジョンを実行します。	
C13731	SSS12/368:FEF	대사:FD	1	じゃ、マップモードシティ{08}{05:00}!いきまーす{08}ちなみに、龍穴炉に出るよてい。	
C13732	SSS12/368:1026	대사:FD	1	キャラポジしまーす	
C13733	SSS12/368:1036	안내:08	1	ちなみに　　	
C13734	SSS12/368:1049	안내:08	1	ここ（P02）に出る予定	
C13735	SSS12/368:105F	안내:08	1	キャラポジしました。	
C13736	SSS12/368:1070	대사:FD	1	いどうかいし	
C13737	SSS12/368:107F	대사:FD	1	いどうしゅうりょう	
C13738	SSS12/368:1098	대사:FD	1	マップモードシティ	
C13739	SSS12/368:125C	대사:17	1	しゅ、{03:04}しゅごい!{00}	
C13740	SSS12/368:127D	대사:0A	1	ぼくは死にましぇーん	
C13741	SSS12/368:1298	대사:0A	1	ふっかーつ	
C13742	SSS12/368:1308	대사:FD	1	死ぬなよなぁ　　	
C13743	SSS12/368:131B	대사:FD	1	肉まん{00}	
C13744	SSS12/368:1323	대사:FD	1	回復丹{00}	
C13745	SSS12/368:132D	대사:FD	1	極楽丹{00}	
C13746	SSS12/368:1337	대사:FD	1	桃まん{00}	
C13747	SSS12/368:133F	대사:FD	1	唱霊草{00}	
C13748	SSS12/368:1349	대사:FD	1	魔封草{00}	
C13749	SSS12/368:1353	대사:FD	1	赤色洞石の粒{00}	
C13750	SSS12/368:1362	대사:FD	1	赤色洞石{00}	
C13751	SSS12/368:136E	대사:FD	1	赤色洞石の袋{00}	
C13752	SSS12/368:137D	대사:FD	1	青色洞石の粒{00}	
C13753	SSS12/368:138C	대사:FD	1	青色洞石{00}	
C13754	SSS12/368:1398	대사:FD	1	青色洞石の袋{00}	
C13755	SSS12/368:13A7	대사:FD	1	龍石の粒{00}	
C13756	SSS12/368:13B2	대사:FD	1	龍石の結晶{00}	
C13757	SSS12/368:13BF	대사:FD	1	龍石の塊{00}	
C13758	SSS12/368:13CA	대사:FD	1	紅の秘境{00}	
C13759	SSS12/368:13D5	대사:FD	1	龍石の箱{00}	
C13760	SSS12/368:13E0	대사:FD	1	生の扇{00}	
C13761	SSS12/369:B0	대사:1E	1	ここらで、一休み\nするとしますか。	
C13762	SSS12/369:C7	대사:1E	1	長旅はさすがに\nこたえますね。	
C13763	SSS12/369:E1	안내:08	1	たすけてーーーーーーーーーっ!!!	
C13764	SSS12/369:121	대사:1F	1	お　　お願いです!	
C13765	SSS12/369:151	대사:1F	1	た　　	
C13766	SSS12/369:18A	대사:1F	1	助けて下さい。	
C13767	SSS12/369:197	대사:22	1	ガウ!ガウ!	
C13768	SSS12/369:1A4	대사:1E	1	これは{03:01}　{03:01}　{03:01}　{03:01}今までに\n見た事のない化け物ですね。	
C13769	SSS12/369:1D0	대사:1F	1	お願い、助けて!	
C13770	SSS12/369:218	대사:1E	1	はぁっ!!	
C13771	SSS12/369:274	대사:1F	1	ふぅ、助かりました。	
C13772	SSS12/369:283	대사:1F	1	本当になんとお礼を\n言っていいか　　	
C13773	SSS12/369:2B3	대사:1E	1	いえ、そんなに気に\nなさらないように　　	
C13774	SSS12/369:2CE	대사:1E	1	それより、今の化け物は　　\n今までに見た事も\nなかった奴でしたが。	
C13775	SSS12/369:2FC	대사:1E	1	それとも、この西湘では\nめずらしくない\n化け物なのですか?	
C13776	SSS12/369:321	대사:1F	1	いえ　　あの化け物が現れるように\nなってから、まだニ月とたっては\nいません。	
C13777	SSS12/369:351	대사:1F	1	噂では、どうやら最近洞仙が\nこの地の下に仙窟をつくっている\nらしいのですが　　	
C13778	SSS12/369:390	대사:1E	1	なるほど、それが原因だと　　	
C13779	SSS12/369:3A6	대사:1F	1	街の人はみんな\nそう言ってます。	
C13780	SSS12/369:3C0	대사:1E	1	新種の化け物を産み出す洞仙　　\n少し興味がありますね。	
C13781	SSS12/369:486	대사:F9	1	さて　　お手並み\n拝見といきますか。	
C13782	SSS12/369:4B8	대사:F9	1	ここですね。	
C13783	SSS12/369:4E1	대사:F9	1	く　　や、やりますね。	
C13784	SSS12/369:4F2	대사:F9	1	でも、まだです。	
C13785	SSS12/369:5B7	대사:16	1	やられましたよ{09}仙窟の中では少し遅れを\nとってしまいました。	
C13786	SSS12/369:5DE	대사:16	1	それにしても、さすがですね{09}私の気を感じとるとは　　	
C13787	SSS12/369:605	대사:16	1	さすがですね{09}私の気を感じとるとは　　	
C13788	SSS12/369:621	대사:FD	1	何をしに来た?	
C13789	SSS12/369:62E	대사:16	1	新種の化け物を作り出し、街を\n混乱に落としいれている洞仙がいると\n聞いて来てみれば　　	
C13790	SSS12/369:695	대사:16	1	あなただったんですか{03:01}　{03:01}　{03:01}	
C13791	SSS12/369:6B4	대사:FD	1	誰がだ!	
C13792	SSS12/369:6BD	대사:16	1	だから、あなたです。	
C13793	SSS12/369:6D7	대사:FD	1	まったく{03:01}　{03:01}　\nどいつもこいつも。	
C13794	SSS12/369:6F6	대사:FD	1	それじゃ、俺がまるで悪い奴\nみたいじゃないか!	
C13795	SSS12/369:73C	대사:16	1	よく、お解りじゃないですか。	
C13796	SSS12/369:789	대사:FD	1	知ったふうな顔して\nおまえに、洞仙の使命が\n解ってたまるか!!	
C13797	SSS12/369:7B3	대사:16	2	ふっ　　	
C13798	SSS12/369:7CD	대사:16	1	とりあえず、あの化け物をどう\n使おうともあなたの勝手です。	
C13799	SSS12/369:81B	대사:16	1	街を滅ぼそうと{0A}大地を枯らそうと\nお好きなようになさい。	
C13800	SSS12/369:841	대사:16	1	ただし{03:01}　{03:01}　	
C13801	SSS12/369:853	대사:FD	1	まさか、作り方を教えろっ\nてんじゃないだろうな。	
C13802	SSS12/369:872	대사:16	1	御名答。	
C13803	SSS12/369:889	대사:FD	1	さっきからも言ってるだろ{08}俺は、そんな事は知らん!!	
C13804	SSS12/369:8BF	대사:16	1	どうしても、答えない\nつもりですか　　	
C13805	SSS12/369:8ED	대사:FD	1	だって、知らないもんは\n答えようがないもん。	
C13806	SSS12/369:91D	대사:16	1	どうやら、痛い目をみないと\nわからないようですね。	
C13807	SSS12/369:953	대사:FD	1	さて、そいつは\nどっちかな　　	
C13808	SSS12/369:968	대사:16	1	面白いですね。	
C13809	SSS12/369:999	대사:16	1	くっ。	
C13810	SSS12/369:9F8	대사:16	1	やはり、あなたは\n私の手に負える方では\nないようですね。	
C13811	SSS12/369:A24	대사:FD	1	当然だな。	
C13812	SSS12/369:A45	대사:16	1	どうも、あなたのその強さは\nその女の子に関係あるようですね。	
C13813	SSS12/369:A74	대사:FE	1	あたし!?	
C13814	SSS12/369:A85	대사:FD	1	なんで、そうなるんだよ。	
C13815	SSS12/369:A95	대사:16	1	護るべき人があるというのは\nいいものですね　　	
C13816	SSS12/369:ADC	대사:16	1	それだけで強くなれる。	
C13817	SSS12/369:AFD	대사:FE	1	{05:00}が!?	
C13818	SSS12/369:B0E	대사:FD	1	だから、何でそうなる!?	
C13819	SSS12/369:B3C	대사:FE	1	それって、どういう意味!{07}私なんか、どうでもいいって訳!?	
C13820	SSS12/369:B77	대사:FD	1	いや、{05:01}違う　　\nそういうのじゃないんだ	
C13821	SSS12/369:B9D	대사:FE	1	じゃぁ、どうなの?	
C13822	SSS12/369:BAA	대사:FD	1	え{03:01}　{03:01}　{03:01}　{03:01}と{03:01}、{03:01}そのぉ。	
C13823	SSS12/369:BF2	대사:16	1	仲がおよろしいようですね。	
C13824	SSS12/369:C11	대사:FE	1	あ　　	
C13825	SSS12/369:C53	대사:FE	1	やだ、私ったら人前で　　	
C13826	SSS12/369:C93	대사:16	1	気にしないでください。	
C13827	SSS12/369:CB5	대사:FE	1	ねぇ、王蒼幻さん。信じて　　	
C13828	SSS12/369:CCD	대사:FE	1	私達、決して大地を枯らす為に\nこんな事をしてるんじゃないわ。	
C13829	SSS12/369:D0B	대사:FE	1	さっきも{05:00}が\n言ったけど　　	
C13830	SSS12/369:D35	대사:FE	1	大地を蘇らせるのが、本来の\n私達洞仙の仕事なのよ　　	
C13831	SSS12/369:D79	대사:FD	1	たち{03:01}　{03:01}　{03:01}?	
C13832	SSS12/369:D8F	대사:FE	1	お願い、これ以上\n私達を苦しめないで。	
C13833	SSS12/369:DC9	대사:16	1	あなたは、美しい\n目をしていますね。	
C13834	SSS12/369:DEA	대사:16	1	一片のくもりもない。	
C13835	SSS12/369:DFA	대사:16	1	ウソや、いつわりの\nない耀きです。	
C13836	SSS12/369:E22	대사:FD	1	俺だってウソなんか\n言ってないぞ　　	
C13837	SSS12/369:E52	대사:16	1	そのようですね。	
C13838	SSS12/369:E91	대사:16	1	今回はあなた達の事を\n信じてみる事にしましょう　　	
C13839	SSS12/369:F05	검증필요	1	（ズ{03:53}{p}（ズ{04:53}{p}ァゾズぼ{03:01}づズ{00}	
C13840	SSS12/371:13C	글	1	大変でしたね。{p}徴力ですが僕の力を貸しましょう。{p}あなたに大地の加護が\nありますように　　	
C13841	SSS12/371:17C	안내:0C	1	仙窟の仙獣達が元気になりました。	
C13842	SSS12/371:281	영문	1	1\n2\n3	
C13843	SSS12/419:17	영문	1	ROOM3{00}	
C13844	SSS12/425:17	영문	1	ROOM9{00}	
C13845	SSS12/427:17	영문	1	ROOMB{00}	
C13846	SSS12/435:17	영문	1	SENR3{00}	
C13847	SSS12/437:17	영문	1	SENR5{00}	
C13848	SSS12/441:17	영문	1	SENR9{00}	
C13849	SSS12/443:17	영문	1	SENRB{00}	
C13850	SSS13/000:36A	글	1	■{0B}ノ{p}{00}	
C13851	SSS13/004:2AF	글	1	ボスMAN\nシナリオ\nデバッグ\nクイック	
C13852	SSS13/004:2D7	글	1	演出\nキャラテスト\nフェイス\n怪しいマップ	
C13853	SSS13/004:305	글	1	戦闘しないボス登場\nこのマップも見て\nウインドウマスク 2\n戻る	
C13854	SSS13/004:446	글	1	ボス 一合\n愛人\nさんごう\n次	
C13855	SSS13/004:466	글	1	ボス 4\nぼすファイブゥ\n戻る!	
C13856	SSS13/004:703	대사:06	1	現在1表示	
C13857	SSS13/004:718	대사:06	1	現在2表示	
C13858	SSS13/004:72D	대사:06	1	現在3表示	
C13859	SSS13/004:742	대사:06	1	現在4表示	
C13860	SSS13/004:757	대사:06	1	現在5表示	
C13861	SSS13/004:76C	대사:06	1	現在6表示	
C13862	SSS13/004:781	대사:06	1	現在7表示	
C13863	SSS13/004:796	대사:06	1	現在8表示	
C13864	SSS13/004:7AB	대사:06	1	現在9表示	
C13865	SSS13/004:7C0	대사:06	1	現在10表示	
C13866	SSS13/004:7D6	대사:06	1	現在11表示	
C13867	SSS13/004:7EC	대사:06	1	現在12表示	
C13868	SSS13/004:802	대사:06	1	現在13表示	
C13869	SSS13/004:818	대사:06	1	現在14表示	
C13870	SSS13/004:82E	대사:06	1	現在15表示	
C13871	SSS13/004:844	대사:06	1	現在16表示	
C13872	SSS13/004:85A	대사:06	1	現在17表示	
C13873	SSS13/004:870	대사:06	1	現在18表示	
C13874	SSS13/004:886	대사:06	1	現在19表示	
C13875	SSS13/004:89C	대사:06	1	現在20表示	
C13876	SSS13/004:8B2	대사:06	1	現在21表示	
C13877	SSS13/004:8C8	대사:06	1	現在22表示	
C13878	SSS13/004:8DE	대사:06	1	現在23表示	
C13879	SSS13/004:8F4	대사:06	1	現在24表示	
C13880	SSS13/004:90A	대사:06	1	現在25表示	
C13881	SSS13/004:920	대사:06	1	現在26表示	
C13882	SSS13/004:936	대사:06	1	現在27表示	
C13883	SSS13/004:94C	대사:06	1	現在28表示	
C13884	SSS13/004:962	대사:06	1	現在29表示	
C13885	SSS13/004:978	대사:06	1	現在30表示	
C13886	SSS13/004:98E	대사:06	1	現在31表示	
C13887	SSS13/004:9A4	대사:06	1	現在32表示	
C13888	SSS13/004:9BA	대사:06	1	現在33表示	
C13889	SSS13/004:9D0	대사:06	1	現在34表示	
C13890	SSS13/004:9E6	대사:06	1	現在35表示	
C13891	SSS13/004:9FC	대사:06	1	現在36表示	
C13892	SSS13/004:A12	대사:06	1	現在37表示	
C13893	SSS13/004:A28	대사:06	1	現在38表示	
C13894	SSS13/004:A3E	대사:06	1	現在39表示	
C13895	SSS13/004:A54	대사:06	1	現在40表示	
C13896	SSS13/004:A6A	대사:06	1	現在41表示	
C13897	SSS13/004:A80	대사:06	1	現在42表示	
C13898	SSS13/004:A96	대사:06	1	現在43表示	
C13899	SSS13/004:AAC	대사:06	1	現在44表示	
C13900	SSS13/004:AC2	대사:06	1	現在45表示	
C13901	SSS13/004:AD8	대사:06	1	現在46表示	
C13902	SSS13/004:AEE	대사:06	1	現在47表示	
C13903	SSS13/004:B04	대사:06	1	現在48表示	
C13904	SSS13/004:B1A	대사:06	1	現在49表示	
C13905	SSS13/004:B30	대사:06	1	現在50表示	
C13906	SSS13/004:B46	대사:06	1	現在51表示	
C13907	SSS13/004:B5C	대사:06	1	現在52表示	
C13908	SSS13/004:B72	대사:06	1	現在53表示	
C13909	SSS13/004:B88	대사:06	1	現在54表示	
C13910	SSS13/004:B9E	대사:06	1	現在55表示	
C13911	SSS13/004:BB4	대사:06	1	現在56表示	
C13912	SSS13/004:E5E	대사:FD	1	終了{00}	
C13913	SSS13/040:524	안내:01	1	「中攻撃」を忘れるでないぞ{08}Cボタンを押しながらBボタンを\n押すのじゃ。	
C13914	SSS13/040:C92	대사:FD	1	君は、ガル	
C13915	SSS13/040:CB3	대사:FD	1	そして君は、チョウ	
C13916	SSS13/040:CC1	대사:0B	1	チョウ!?	
C13917	SSS13/040:DB4	대사:0B	1	　　派手なのは無いです。	
C13918	SSS13/040:1476	대사:FC	1	Yボタンを押しながらLで左周り\nRで右回りで選択も出来ます。	
C13919	SSS13/053:109	대사:FD	1	老師、取って来ました。{p}おお、生きとったか?	
C13920	SSS13/053:128	대사:FD	1	生きとったかは、ないでしょ。{p}すまん、すまん	
C13921	SSS13/053:15C	대사:FD	1	仙獣と共に命を懸け、大地を守る\n事を学びました。{p}うむ、合格じゃ!{p}短い間に、ずいぶんと成長した\n様じゃの。	
C13922	SSS13/073:3B	글	1	キャラ選択\nアクション\n戦闘	
C13923	SSS13/073:5A	글	1	仙獣\nシナリオキャラ\nにせもの\n雑魚	
C13924	SSS13/073:98	글	1	NEXT\nうさぎ\nりゅう\nへび	
C13925	SSS13/073:B4	글	1	NEXT\nうま\nひつじ\nさる	
C13926	SSS13/073:CF	글	1	NEXT\nとり\nおおかみ\nいのしし	
C13927	SSS13/073:ED	글	1	NEXT\n裏ねずみ\n裏うし\n裏とら	
C13928	SSS13/073:10E	글	1	NEXT\n裏うさぎ\n裏りゅう\n裏へび	
C13929	SSS13/073:130	글	1	NEXT\n裏うま\n裏ひつじ\n裏さる	
C13930	SSS13/073:151	글	1	NEXT\n裏とり\n裏おおかみ\n裏いのしし	
C13931	SSS13/073:173	글	1	NEXT\n蒼幻\n大僧正	
C13932	SSS13/073:190	글	1	NEXT\nアレックス\nシャスタ\nケブレス	
C13933	SSS13/073:233	글	1	NEXT\nアレク\nセリア\nメイリン	
C13934	SSS13/073:251	글	1	NEXT\nムシ゛ナロウシ\nレイカ\nリクト゛ウ	
C13935	SSS13/073:274	글	1	NEXT\nコ゛エモン\nリュウセ゛ン\nルララ	
C13936	SSS13/073:296	글	1	NEXT\nイニシエノリュウ\nチヒ゛リュウ\nホ゛ッチ	
C13937	SSS13/073:2BC	글	1	NEXT\nリュウ\nラルフ\nファルコン	
C13938	SSS13/073:2D9	글	1	NEXT\nCアレックスZ\nトウテツ	
C13939	SSS13/073:385	글	1	NEXT\nフ゛ート（キョンシー）\nホ゛ルホ゛ックス（単細ぼう植物）\nタコ（たこ）	
C13940	SSS13/073:3BE	글	1	NEXT\nロック（箱小）\nストゥーハ゜（箱大）\nサ゛クワ（芽）	
C13941	SSS13/073:3EF	글	1	NEXT\nカエテ゛（まつ）\nキノコ（きのこ）\nハ゛ッタ（バッタ）	
C13942	SSS13/073:419	글	1	NEXT\nフコ（虫）	
C13943	SSS13/075:A70	대사:02	1	じゅじんこう・・	
C13944	SSS13/075:AB3	대사:02	1	すまぬ・・主人公	
C13945	SSS13/080:143	안내:07	1	必要な全ての部屋が完成していません\n \n部屋作成位置と五気の関係は1ターン毎に\n移り変ります\n \n部屋ポイントと部屋の大きさを計算して\n全ての部屋を完成させて下さい	
C13946	SSS13/080:1CB	안내:0A	1	 中央の練丹部屋に扉が6つ付いていません\n \n   部屋の四隅には扉は付きません\n扉の入り口前1ブロックに曲がり角、交差点{0A}他の部屋の入り口があると扉は付きません	
C13947	SSS13/080:24F	안내:0A	1	   赤字の部屋は機能しません\n \n集計タイムに入った時に、エネルギーの\n貯蓄が無い部屋は赤字となります	
C13948	SSS13/080:2AD	안내:0A	3	エネルギー振り込み量が足りません	
C13949	SSS13/080:2CE	안내:0A	1	エネルギー生産力LV1\n \n   火1 土2	
C13950	SSS13/080:2FA	안내:0A	1	     全索敵\n \n火2 土1 金1 水1 木1	
C13951	SSS13/080:339	안내:0A	1	   悪い気の流れがあります\n \n情報画面の風水メニューでそれぞれの\n部屋の気の流れを確認して下さい	
C13952	SSS13/080:38F	안내:0A	1	必要な全ての部屋が完成していません	
C13953	SSS13/080:3BB	안내:0A	1	   扉が開いています\n \n開いた扉が存在してはいけません	
C13954	SSS13/080:40F	안내:0A	1	    扉の付く条件を思い出して下さい\n \nその条件は、すでに存在する扉にも当てはまります	
C13955	SSS13/080:45A	안내:0A	1	この問題は、最初のターンで解くことも可能です\n \n 運または超高度な操作技術は必要ありません	
C13956	SSS13/080:4AA	안내:07	1	   太極宝宮\n \n火2 土2 水4 木1\n \n   四神雷鳴\n \n 金3 水1 木4	
C13957	SSS13/080:517	안내:07	1	       仙丹生産力LV1\n \n        火1 金2\n \n岩盤や他の部屋と重なるか、既存の通路と不正に\n重なるといった事がなければ、部屋はどこにでも\n作ることができます	
C13958	SSS13/085:818	글	1	練丹部屋	
C13959	SSS13/096:61	대사:F9	1	洞仙め、いつもいつも\n馬鹿にしやがって　　	
C13960	SSS13/096:80	대사:F9	1	雑魚だと思って\nなめるなよ!	
C13961	SSS13/096:A9	대사:F9	1	ここか!洞仙!	
C13962	SSS13/096:337	대사:FD	1	なんだ、お前ら!!	
C13963	SSS13/096:345	대사:3A	1	なんだじゃない!	
C13964	SSS13/096:351	대사:2B	1	いつもいつも\nけちらしやがって　　	
C13965	SSS13/096:368	대사:2C	1	主役だと思って\nいい気になるなよ!	
C13966	SSS13/096:381	대사:26	1	大事なのは、テクニックではない!	
C13967	SSS13/096:397	대사:27	1	質より量だ!!	
C13968	SSS13/096:3A4	대사:25	1	積もり積もった\n積年のうらみ!	
C13969	SSS13/096:3BB	대사:23	1	今日こそ晴らさせてもらうぞ!	
C13970	SSS13/096:3D0	대사:3C	1	かかれ!!	
C13971	SSS13/096:406	대사:FD	1	ま、しょせん\n雑魚は雑魚だよな。	
C13972	SSS13/097:61	대사:F9	1	この仙窟の奥底には\n古の最大暗黒魔法の\n奥義の書が眠ってるという。	
C13973	SSS13/097:95	대사:F9	1	何が何でも手に入れて\n不動の地位を築くのだ!	
C13974	SSS13/097:B8	대사:F9	1	ゆくぞ!	
C13975	SSS13/097:D4	대사:F9	1	魔導の書はここか!	
C13976	SSS13/097:226	대사:31	1	貴様がこの仙窟の主か。	
C13977	SSS13/097:23A	대사:FD	1	またかよ　　	
C13978	SSS13/097:246	대사:21	1	また?	
C13979	SSS13/097:24D	대사:31	1	ということは、我らの前にも\n魔導奥義の書を求めて\nこの仙窟にやってきた奴が\nいたというのか?	
C13980	SSS13/097:28A	대사:FD	1	探し物じゃなかったけど\nそーいう奴達いたよ。	
C13981	SSS13/097:2AA	대사:FD	1	でも、今回は4人で\n助かったぜ　　	
C13982	SSS13/097:2C7	대사:2C	1	なるほど、そやつらを\n退けたというからには\nなかなかの実力者とみた。	
C13983	SSS13/097:307	대사:21	1	これは、我らも\n手を抜くわけには\nいきませんね。	
C13984	SSS13/097:343	대사:2B	1	来々!仲間達!	
C13985	SSS13/097:A37	대사:FD	1	まじ　　?	
C13986	SSS13/097:A42	대사:2B	1	我ら、洞天福は魔法協会28名{08}お相手つかまつります!	
C13987	SSS13/097:A6B	대사:FD	1	せんでええわ!	
C13988	SSS13/097:B51	대사:FD	1	ないっつーの\nそんなもの。	
C13989	SSS13/098:61	대사:F9	1	中華兵士の奴等は\n結局だめだったか　　	
C13990	SSS13/098:82	대사:F9	1	だが、我らは一味も\n二味も違うぞ!!	
C13991	SSS13/098:9E	대사:F9	1	待っていろ、洞仙!	
C13992	SSS13/098:C2	대사:F9	1	今こそ、積年の\n怨みをはらす時だ!	
C13993	SSS13/098:314	대사:FE	1	一体なんなのよ\nこの問題　　	
C13994	SSS13/098:32C	대사:3B	1	どうやら、最初に入ってきた\n連中はけちらされたようだが　　	
C13995	SSS13/098:354	대사:3C	1	我らも同じと思って\nもらっては困る。	
C13996	SSS13/098:36E	대사:3B	1	西洋の味を思い\n知らせてやる!	
C13997	SSS13/098:38C	글	1	女の後ろに隠れて、よく言うよ{09}出来るものなら、やってみろ!	
C13998	SSS13/098:3BA	대사:FD	1	女を前に出して\n後ろでいばってるような\n奴が良く言うよな。	
C13999	SSS13/098:3E5	대사:FE	1	一理あるかも　　	
C14000	SSS13/098:3FE	대사:3C	1	　　だそうだ{09}いい加滅そのカッコ\nやめたらどうだ?	
C14001	SSS13/098:448	대사:33	1	えー、私このかっこ\n気にいってるのにぃ。	
C14002	SSS13/098:48A	대사:30	1	どんな、かっこでやっても\n私の強さはかわらなくてよ。	
C14003	SSS13/098:4AA	대사:3C	1	私も、前々から気に\nなってはいたのだ。	
C14004	SSS13/098:4C5	대사:3C	1	あげく、馬鹿に\nされてはかなわん。	
C14005	SSS13/098:4DC	대사:3C	1	いいから、戻れ。	
C14006	SSS13/098:4E9	대사:33	1	ちぇ　　	
C14007	SSS13/098:511	대사:33	1	今更、後悔したって\n知らないからね♡	
C14008	SSS13/098:879	대사:FE	1	どうするのよ!	
C14009	SSS13/098:884	대사:FE	1	{05:00}が余計な\n事言うからやっかいな事に\nなっちゃったじゃない!	
C14010	SSS13/098:8AF	대사:FD	1	{05:01}だって一理ある\nとか言ってたじゃないか!	
C14011	SSS13/098:8DB	대사:FE	1	それとこれとは\n話が違うもん!	
C14012	SSS13/098:8F8	대사:FD	1	1ミリも違わないっての!	
C14013	SSS13/098:909	대사:FD	1	それに、姿が変わったところで\nさして違いないだろ!?	
C14014	SSS13/098:92D	대사:FE	1	私、あの人達は{03:01}　{03:01}　	
C14015	SSS13/098:948	대사:FE	1	スマッシュ!!	
C14016	SSS13/098:953	대사:FE	1	とか言って、突っ込んで\n来るから嫌いなのよ!	
C14017	SSS13/098:972	대사:4E	1	早くも仲間われか。	
C14018	SSS13/098:988	대사:4F	1	続きは、あの世で\nじっくりやるんだな!	
C14019	SSS13/098:9A6	대사:FD	1	しゃべり方まで\n違ってるぞ!	
C14020	SSS13/098:A0C	대사:FD	1	やれるもんなら\nやってみな!!	
C14021	SSS13/099:61	대사:F9	1	この地に、古来より伝わる\n秘宝が眠るという　　	
C14022	SSS13/099:85	대사:F9	1	それさえ手に入れられれば\n我が祖国復興も夢ではない。	
C14023	SSS13/099:BF	대사:F9	1	秘宝はここか?	
C14024	SSS13/099:1E6	대사:25	1	何者だ、貴様。	
C14025	SSS13/099:205	대사:FD	1	そりゃ、こっちの\n台詞だっつーの!	
C14026	SSS13/099:21C	대사:25	1	まぁ、いい。	
C14027	SSS13/099:252	대사:25	1	何者であろうと、我らが祖国の\n復興を邪魔する者は、この刀の\nサビとなる運命なのだ。	
C14028	SSS13/099:290	대사:FD	1	そういう奴等は今までも\nたくさんいたけど\nもっと大人数だったぜ。	
C14029	SSS13/099:2E2	대사:FD	1	たった、14人で\nどうにかなるかな?	
C14030	SSS13/099:2F9	대사:25	1	まだ、気付かぬか\n愚か者め　　	
C14031	SSS13/099:31B	대사:FD	1	あら、やっぱり?	
C14032	SSS13/099:327	대사:25	1	我らが祖国の必殺の\n仕事人よ、姿を見せてやってくれ。	
C14033	SSS13/099:3FD	대사:FD	1	なんだ、おどかすなよ{09}二人じゃないか　　	
C14034	SSS13/099:419	대사:25	1	知らぬのか。	
C14035	SSS13/099:424	대사:25	1	彼らが一族は、そのきたえぬかれた\n肉体から、一人で7人分もの働きを\nこなす事ができる。	
C14036	SSS13/099:81D	대사:FD	1	あ、そ　　そーゆー\nオチだったのね。	
C14037	SSS13/100:277	대사:FE	1	ボッチの色違い?	
C14038	SSS13/100:298	대사:FD	1	兄弟か何かとか　　	
C14039	SSS13/100:2F9	대사:FE	1	何がおきたの!?	
C14040	SSS13/100:308	안내:03	1	助けてください　　	
C14041	SSS13/100:342	대사:FD	1	この声は!?	
C14042	SSS13/100:366	대사:FE	1	ボッチだわ、ボッチが\n話しかけてる?	
C14043	SSS13/100:390	안내:03	1	私は、かつて西湘という街で\n暮らしていたリンカイという者です。	
C14044	SSS13/100:3EF	대사:FD	1	そのリンカイさんが{0A}なんでそんな格好で、しかも\nたまごに入ってたんだ?	
C14045	SSS13/100:41B	안내:03	1	西湘には奇妙な風習があり\n数年に一度、街の娘が旅に\n出されるのです。	
C14046	SSS13/100:45D	대사:FE	1	なんだか、呑気な\n風習ね。	
C14047	SSS13/100:474	안내:03	1	でも、それは表向きで\n本当は、旅に出された娘達は\n街を護る為　　全員、妖怪の\nイケニエにされていたのです。	
C14048	SSS13/100:4C8	대사:FE	1	イケニエですって!?	
C14049	SSS13/100:4EC	대사:FE	1	あいつが、その悪い\n妖怪ってわけね!?	
C14050	SSS13/100:508	안내:06	1	いいえ　　	
C14051	SSS13/100:513	안내:03	1	彼らこそは、その妖怪に魂を抜き取られ\n姿を変えられてしまった、可哀想な\n28人の犠牲者達の集合体　　	
C14052	SSS13/100:576	안내:03	1	私も、あと少しで彼らのようになる\nところだったのを、あなた方のおかげで\n心だけは人間のままでいられました。	
C14053	SSS13/100:5BD	대사:FE	1	なんとか、助けて\nあげる方法はないの?	
C14054	SSS13/100:60B	대사:FD	1	こうなったら、やるしか\nないんじゃないのか?	
C14055	SSS13/100:639	안내:03	1	彼らの生を断つと\nいうのですか!?	
C14056	SSS13/100:653	대사:FD	1	だって、それしか\nないだろ　　	
C14057	SSS13/100:66A	안내:06	1	そんな　{03:01}　{03:01}　{03:01}　	
C14058	SSS13/100:67F	안내:03	1	この世での生すら、まっとう出来ずにいる\n彼らの生命を終わらせるなんて　　	
C14059	SSS13/100:6B8	대사:FD	1	このまま、生きてたって\n意味なんかないだろ。	
C14060	SSS13/100:6D5	대사:FD	1	だったら、さっさと次に行った\nほうがマシだと思うけどな。	
C14061	SSS13/100:71B	안내:03	1	では、やってみましょう{09}でも、彼らの強さは並じゃ\nありませんよ　　	
C14062	SSS13/100:779	대사:FD	1	俺達の強さも\n並じゃないって!	
C14063	SSS13/100:82D	대사:FD	1	成仏してくれよ。	
C14064	SSS13/100:878	대사:6E	1	ねぇ、ボッチ{03:01}　{03:01}　{03:01}\nじゃなかった、リンカイさん。	
C14065	SSS13/100:89C	대사:6E	1	あなたは、これからどうするの?	
C14066	SSS13/100:8E1	안내:03	1	さっきの、{05:00}さんの\n言葉で目が覚めました　　	
C14067	SSS13/100:905	안내:03	1	今まで、私　　\n臆病だったのね。	
C14068	SSS13/100:92A	대사:6E	1	リンカイさん?	
C14069	SSS13/100:96B	안내:03	1	私も、もう元の姿に戻ることは\nかなわぬ夢　　	
C14070	SSS13/100:98C	안내:03	1	それは、たまごの中にいた時も\nわかっていたことなのに　　	
C14071	SSS13/100:9B0	안내:03	1	でも、一歩をふみ出す\n勇気がなかった。	
C14072	SSS13/100:9E1	안내:03	1	この世界での生を終わらせ\n私に少しでも早く、次の人生を\n歩ませてあげること　　	
C14073	SSS13/100:A19	안내:03	1	それが、私にとって一番の幸せ。	
C14074	SSS13/100:A30	안내:03	1	今なら、出来ると思います。	
C14075	SSS13/100:A82	안내:03	1	{05:00}さん　　	
C14076	SSS13/100:A8E	안내:03	1	あなたに、元の姿の私　　\n見て欲しかったな。	
C14077	SSS13/100:AAF	안내:03	1	今まで、ありがとう。	
C14078	SSS13/100:AF4	안내:03	1	さよなら　　	
C14079	SSS13/330:509	대사:06	1	しかし、絶対に気を抜くんじゃ\nないそ!	
C14080	SSS13/336:35B	대사:20	1	出撃ですか!	
C14081	SSS13/336:36E	대사:1F	1	オレが、洞天軍の強さを\n奴等に教えてやるんだよ!!	
C14082	SSS13/336:3E8	대사:57	1	洞仙め!オレの槍術たっぷりと\n味あわせてやる!!	
C14083	SSS13/336:746	대사:05	1	よくも馬鹿にしてくれたな{08}絶対、絶対ゆるさねぇ!	
C14084	SSS13/336:844	대사:05	1	口ほどにもない!	
C14085	SSS13/337:ED	안내:06	1	シナリオ「最初の仙窟」 何暦123年\n \n      {05:00}は{0A} \n 老師の元を離れ、仙窟を作る修行を\n \n   窟子仙と共に開始しました。	
C14086	SSS13/339:C4	대사:F9	1	くっ、父さん・・・	
C14087	SSS13/339:FC	대사:0A	1	ころす!!	
C14088	SSS13/339:137	대사:0A	1	あたしの負けだ。	
C14089	SSS13/339:150	대사:0A	1	父と同じように\n切り刻んで殺すがいい。	
C14090	SSS13/339:16C	대사:FD	1	俺達は、無益な殺生はしない。	
C14091	SSS13/339:184	대사:FD	1	たぶん　　	
C14092	SSS13/339:198	대사:FD	1	君のお父さんを殺したのは\n洞仙ではないと思う。	
C14093	SSS13/339:214	대사:0A	1	この場は引き下がろう。	
C14094	SSS13/339:23A	대사:0A	1	だが、まだ洞仙を全面的に\n信じたわけじゃないからな。	
C14095	SSS13/339:26C	대사:FE	1	あの子　　	
C14096	SSS13/339:281	대사:FE	1	根が深そうね。	
C14097	SSS13/339:295	검증필요	1	ぞ{07}あヶ!ゴつ{00}	
C14098	SSS13/339:2AA	대사:0A	1	やった!!	
C14099	SSS13/339:2B5	대사:0A	1	仇を取ったよ\n父さん!!	
C14100	SSS13/426:17	대사:FD	1	ルームA	
C14101	SSS13/429:83	안내:0A	1	悪い気の流れは扉があれば解消されます\n \n  階段部屋は気が流れないため{0A}  クリア条件には影響しません	
C14102	SSS13/429:D1	안내:0A	1	 このターンの残り時間を6刻にしました\n \n集計タイムになる前に左下の階段部屋を降り{0A}龍穴炉に1振り込むとクリアです	
C14103	SSS13/430:17	대사:FD	1	ルームE	
C14104	SSS13/431:17	대사:FD	1	ルームF	
C14105	SSS13/432:1F	검증필요	1	暗{p}初{p}撒{p}緊{p}背{p}錘	
C14106	SSS13/432:3C2	글	1	待っていたぞ、洞仙!{p}この部屋の真下に龍穴炉がある。{p}大地を蘇らせる為に、一刻も早く\n龍穴炉に陽気を満たしてくれ!	
C14107	SSS13/432:444	글	1	待っていましたよ。{p}この部屋の真下に龍穴炉があります。{p}大地を蘇らせる為に、一刻も早く\n龍穴炉に陽気を満たして下さい!	
C14108	SSS13/432:4CB	글	1	やっと、来たか。{p}この部屋の真下に龍穴炉があるんじゃ。{p}大地を蘇らせる為に、一刻も早く\n龍穴炉に陽気を満たすんじゃ!	
C14109	SSS13/432:54E	글	1	待っていたのよ洞仙。{p}この部屋の真下には、龍穴炉があるのよ。{p}大地を蘇らせる為に、一刻も早く\n龍穴炉に陽気を満たして。	
C14110	SSS13/432:5D7	글	1	待っていましたよ。{p}この部屋の真下に龍穴炉があります。{p}大地を蘇らせる為に一刻も早く\n龍穴炉に陽気を満たして下さい!	
C14111	SSS13/432:6A5	글	1	見習いの洞仙だな!!{p}俺は火を司る部屋神。{p}ここは階段部屋になるぞ!	
C14112	SSS13/432:6DC	글	1	見習いの洞仙ですね!!{p}ボクは土を司る部屋神です。{p}ここは階段部屋になります!	
C14113	SSS13/432:718	글	1	見習いの洞仙の様だな!!{p}わしは金を司る部屋神じゃ!!{p}ここは階段部屋になるぞ!	
C14114	SSS13/432:755	글	1	見習いの洞仙ですね!!{p}私は水を司る部屋神よ。{p}ここは階段部屋になるわ!	
C14115	SSS13/432:78E	글	1	見習いの洞仙ですね!!{p}私は木を司る部屋神{p}ここは階段部屋になります!	
C14116	SSS13/432:81E	대사:FC	1	実際の部屋を見ながら説明した\n方が、わかりやすいじゃろ。{00}	
C14117	SSS13/445:16	검증필요	1	あも{p}さカ{p}ゾ{00}	
C14118	SSS13/445:1BA	영문	1	GAME CLEAR	
C14119	SSS13/445:263	안내:0A	1	    GAME CLEAR\n \n「魅惑の桃まん」を倉庫に送りました	
C14120	SSS13/445:29C	안내:0A	1	    GAME CLEAR\n \n「引波の方位盤」を倉庫に送りました	
C14121	SSS13/445:2D7	안내:0A	1	   GAME CLEAR\n \n「酉神の胴衣」を倉庫に送りました	
C14122	SSS13/445:30F	안내:0A	1	    GAME CLEAR\n \n「天帝のドクロ」を倉庫に送りました	
C14123	SSS13/445:348	안내:0A	1	   GAME CLEAR\n \n「天狗の盾」を倉庫に送りました	
C14124	SSS13/445:37E	안내:0A	1	    GAME CLEAR\n \n「仙石スコップ」を倉庫に送りました	
C14125	SSS13/445:3B7	안내:0A	1	   GAME CLEAR\n \n「名手の帯」を倉庫に送りました	
C14126	SSS13/445:3ED	안내:0A	1	   GAME CLEAR\n \n「魔王の杖」を倉庫に送りました	
C14127	SSS13/445:423	안내:0A	1	  GAME CLEAR\n \n「如来」を倉庫に送りました	
C14128	SSS13/445:455	안내:0A	1	  GAME CLEAR\n \n「皇牙錘」を倉庫に送りました	
C14129	SSS13/445:489	안내:0A	1	   GAME CLEAR\n \n「封魔の帽子」を倉庫に送りました	
C14130	SSS13/445:4C1	안내:0A	1	   GAME CLEAR\n \n「双龍烈波」を倉庫に送りました	
C14131	SSS13/445:4F8	안내:0A	1	   GAME CLEAR\n \n「天馬の靴」を倉庫に送りました	
C14132	SSS13/445:52E	안내:0A	1	  GAME CLEAR\n \n「夜叉」を倉庫に送りました	
C14133	SSS13/445:560	안내:0A	1	   GAME CLEAR\n \n「神龍のヒゲ」を倉庫に送りました	
C14134	SSS13/445:596	안내:0A	1	   GAME CLEAR\n \n「虚無の指輪」を倉庫に送りました	
C14135	SSS13/445:5CE	안내:0A	1	  GAME CLEAR\n \n「皇王槍」を倉庫に送りました	
C14136	SSS13/445:602	안내:0A	1	   GAME CLEAR\n \n「崖尤の斧」を倉庫に送りました	
C14137	SSS13/445:638	안내:0A	1	   GAME CLEAR\n \n「仙石の鎧」を倉庫に送りました	
C14138	SSS13/445:66E	안내:0A	1	    GAME CLEAR\n \n「リンカイの涙」を倉庫に送りました	
C14139	SSS13/445:6BB	안내:0A	1	  ALL  CLEAR!  \n \n「怒龍の剣」を倉庫に送りました	
C14140	SSS13/447:D0	대사:FE	1	なにかしら?あれ。	
C14141	SSS13/447:232	대사:FD	1	こ　　これは　　	
C14142	SSS13/447:252	대사:20	1	ピィ!	
C14143	SSS13/447:25A	대사:FD	1	しゃ、しゃべった!?	
C14144	SSS13/447:290	대사:20	1	ピィピィ!	
C14145	SSS13/447:29E	대사:FD	1	こ、こっち来んな!	
C14146	SSS13/447:2AF	대사:FE	1	か　　	
C14147	SSS13/447:2BB	대사:FE	1	かわいい♡	
C14148	SSS13/447:2C5	대사:FD	1	はぁ!?	
C14149	SSS13/447:2EB	대사:FD	1	馬鹿、よせっての!	
C14150	SSS13/447:2FD	대사:FE	1	何、言ってるのよ{09}だいじょうぶよ。	
C14151	SSS13/447:317	대사:FE	1	ねぇ♡	
C14152	SSS13/447:31F	대사:20	3	ピィ♡	
C14153	SSS13/447:341	대사:FE	1	ほら、{05:00}も\nこっち来て!	
C14154	SSS13/447:353	대사:FD	1	やだ、気色悪い!	
C14155	SSS13/447:380	대사:FE	1	何してるの。	
C14156	SSS13/447:3A1	대사:20	1	ピィピィ♡	
C14157	SSS13/447:3B3	대사:FE	1	あら、この子{05:00}の事\n気に入ったみたいよ!	
C14158	SSS13/447:3DB	대사:FD	1	なんで、んな事わかるんだよ!	
C14159	SSS13/447:3FB	대사:FE	1	だって、そんな気が\nするんだもん!	
C14160	SSS13/447:421	대사:FE	1	さて、これから一緒に\n行動するのに、名前がないのは\nかわいそうよね　　	
C14161	SSS13/447:458	대사:FD	1	一緒に行動するのか!?	
C14162	SSS13/447:478	대사:FE	1	あたりまえでしょ。	
C14163	SSS13/447:4D5	대사:FE	1	それとも、この子一人だけ\nここに取り残すっていうの?	
C14164	SSS13/447:548	대사:FE	1	あなた、それで人として\n心が痛まないの?	
C14165	SSS13/447:563	대사:FD	1	いや、ってゆうか　　	
C14166	SSS13/447:587	대사:FE	1	なら、よろしい。	
C14167	SSS13/447:59B	대사:FE	1	さっ、名前は何に\nしましょうか♡	
C14168	SSS13/447:5BF	대사:FE	1	そうねぇ　　	
C14169	SSS13/447:5CB	대사:FE	1	あなた、ピィピィって\nなくから{03:01}　{03:01}　{03:01}　	
C14170	SSS13/447:5F8	대사:FE	1	キャデリーヌ!	
C14171	SSS13/447:607	대사:FD	1	あ、そりゃ4文字\n超えてるからダメだ。	
C14172	SSS13/447:640	대사:FE	1	何よそれ{08}どーいう攻撃!?	
C14173	SSS13/447:657	대사:FD	1	いや　　それは俺に\n文句を言われても。	
C14174	SSS13/447:682	대사:FE	1	じゃ、ボッチにしましょ♡	
C14175	SSS13/447:699	대사:FD	1	ネーミングセンス10点	
C14176	SSS13/447:6B5	대사:FE	1	何か言った?	
C14177	SSS13/447:6C1	대사:FD	1	いえ、なにも　　	
C14178	SSS13/447:6D2	대사:FE	1	じゃ、一緒に頑張りましょうね♡	
C14179	SSS13/447:70B	안내:08	1	俺達は、奇妙なたまごから産まれた\n \nこれまた奇妙な一つ目の生物と\n \n行動を共にすることになった。	
