ID	위치	구분	공유	원문	번역
W00001	0.BIN:749F0	메뉴:2B	1	なし	무
W00002	0.BIN:749F3	메뉴:4B	1	肉まん	만두
W00003	0.BIN:749F8	메뉴:6B	1	回復丹	회복단
W00004	0.BIN:749FF	메뉴:6B	1	極楽丹	극락단
W00005	0.BIN:74A06	메뉴:4B	1	桃まん	도만두
W00006	0.BIN:74A0B	메뉴:6B	1	唱霊草	창령초
W00007	0.BIN:74A12	메뉴:6B	1	魔封草	마봉초
W00008	0.BIN:74A19	메뉴:11B	1	赤色洞石の粒	적색동석 알
W00009	0.BIN:74A25	메뉴:8B	1	赤色洞石	적색동석
W00010	0.BIN:74A2E	메뉴:11B	1	赤色洞石の袋	적색동석 자루
W00011	0.BIN:74A3A	메뉴:11B	1	青色洞石の粒	청색동석 알
W00012	0.BIN:74A46	메뉴:8B	1	青色洞石	청색동석
W00013	0.BIN:74A4F	메뉴:11B	1	青色洞石の袋	청색동석 자루
W00014	0.BIN:74A5B	메뉴:7B	1	龍石の粒	용석 알
W00015	0.BIN:74A63	메뉴:9B	1	龍石の結晶	용석 결정
W00016	0.BIN:74A6D	메뉴:7B	1	龍石の塊	용석덩이
W00017	0.BIN:74A75	메뉴:7B	1	天馬の靴	천마화
W00018	0.BIN:74A7D	메뉴:7B	1	龍石の箱	용석상자
W00019	0.BIN:74A85	메뉴:5B	1	生の扇	생부채
W00020	0.BIN:74A8B	메뉴:5B	1	活の扇	활부채
W00021	0.BIN:74A91	메뉴:5B	1	涼の扇	양부채
W00022	0.BIN:74A97	메뉴:7B	1	仙丹の粒	선단 알
W00023	0.BIN:74A9F	메뉴:9B	1	仙丹の結晶	선단 결정
W00024	0.BIN:74AA9	메뉴:7B	1	仙丹の塊	선단덩이
W00025	0.BIN:74AB1	메뉴:5B	1	永の扇	영부채
W00026	0.BIN:74AB7	메뉴:5B	1	常の扇	상부채
W00027	0.BIN:74ABD	메뉴:5B	1	劫の扇	겁부채
W00028	0.BIN:74AC3	메뉴:8B	1	玉清金剛	옥청금강
W00029	0.BIN:74ACC	메뉴:7B	1	仙丹の箱	선단상자
W00030	0.BIN:74AD4	메뉴:7B	1	お香のかけら	향 조각
W00031	0.BIN:74ADC	메뉴:6B	1	涼風香	양풍향
W00032	0.BIN:74AE3	메뉴:10B	1	西王母のお香	서왕모향
W00033	0.BIN:74AEE	메뉴:6B	1	清風香	청풍향
W00034	0.BIN:74AF5	메뉴:8B	1	回復封球	회복봉구
W00035	0.BIN:74AFE	메뉴:7B	1	氷雷の壷	빙뢰호
W00036	0.BIN:74B06	메뉴:8B	1	蜘蛛のサンゴ	거미산호
W00037	0.BIN:74B0F	메뉴:10B	1	追七星封球	추칠성봉구
W00038	0.BIN:74B1A	메뉴:7B	1	双極の壷	쌍극호
W00039	0.BIN:74B22	메뉴:7B	1	爆炎の壷	폭염호
W00040	0.BIN:74B2A	메뉴:8B	1	滅殺のサンゴ	멸살산호
W00041	0.BIN:74B33	메뉴:9B	1	陽神のドクロ	양신해골
W00042	0.BIN:74B3D	메뉴:7B	1	破陣の壷	파진호
W00043	0.BIN:74B45	메뉴:9B	1	餓鬼魂の壷	아귀혼호
W00044	0.BIN:74B4F	메뉴:8B	1	追気封球	추기봉구
W00045	0.BIN:74B58	메뉴:8B	1	空斬封球	공참봉구
W00046	0.BIN:74B61	메뉴:9B	1	炎龍のドクロ	염룡해골
W00047	0.BIN:74B6B	메뉴:7B	1	式神の壷	식신호
W00048	0.BIN:74B73	메뉴:10B	1	大回復封球	대회복봉구
W00049	0.BIN:74B7E	메뉴:8B	1	陽気封球	양기봉구
W00050	0.BIN:74B87	메뉴:8B	1	破斬封球	파참봉구
W00051	0.BIN:74B90	메뉴:9B	1	天帝のドクロ	천제해골
W00052	0.BIN:74B9A	메뉴:8B	1	上清金剛	상청금강
W00053	0.BIN:74BA3	메뉴:10B	1	無天風水香	무천풍수향
W00054	0.BIN:74BAE	메뉴:10B	1	火天風水香	화천풍수향
W00055	0.BIN:74BB9	메뉴:10B	1	土天風水香	토천풍수향
W00056	0.BIN:74BC4	메뉴:10B	1	金天風水香	금천풍수향
W00057	0.BIN:74BCF	메뉴:10B	1	水天風水香	수천풍수향
W00058	0.BIN:74BDA	메뉴:10B	1	木天風水香	목천풍수향
W00059	0.BIN:74BE5	메뉴:11B	1	引波の方位盤	인파방위반
W00060	0.BIN:74BF1	메뉴:7B	1	増刻の筆	증각필
W00061	0.BIN:74BF9	메뉴:9B	1	増刻の神筆	증각신필
W00062	0.BIN:74C03	메뉴:7B	1	再起の球	재기구슬
W00063	0.BIN:74C0B	메뉴:7B	1	神龍のヒゲ	신룡수염
W00064	0.BIN:74C13	메뉴:7B	1	泥龍のヒゲ	니룡수염
W00065	0.BIN:74C1B	메뉴:9B	1	魅惑の桃まん	매혹도만두
W00066	0.BIN:74C25	메뉴:9B	1	虚空の指輪	허공반지
W00067	0.BIN:74C2F	메뉴:7B	1	リンカイの涙	린카이눈물
W00068	0.BIN:74C37	메뉴:6B	1	活栄香	활영향
W00069	0.BIN:74C3E	메뉴:13B	1	活力の風水奥義	활력풍수오의
W00070	0.BIN:74C4C	메뉴:13B	1	昇竜の風水奥義	승룡풍수오의
W00071	0.BIN:74C5A	메뉴:13B	1	掘削の風水奥義	굴삭풍수오의
W00072	0.BIN:74C68	메뉴:13B	1	背徳の風水奥義	배덕풍수오의
W00073	0.BIN:74C76	메뉴:13B	1	召喚の風水奥義	소환풍수오의
W00074	0.BIN:74C84	메뉴:11B	1	人の風水奥義	인풍수오의
W00075	0.BIN:74C90	메뉴:11B	1	地の風水奥義	지풍수오의
W00076	0.BIN:74C9C	메뉴:11B	1	天の風水奥義	천풍수오의
W00077	0.BIN:74CA8	메뉴:8B	1	天の声その1	하늘소리1
W00078	0.BIN:74CB1	메뉴:8B	1	天の声その2	하늘소리2
W00079	0.BIN:74CBA	메뉴:8B	1	天の声その3	하늘소리3
W00080	0.BIN:74CC3	메뉴:8B	1	天の声その4	하늘소리4
W00081	0.BIN:74CCC	메뉴:8B	1	天の声その5	하늘소리5
W00082	0.BIN:74CD5	메뉴:8B	1	双龍列波	쌍룡열파
W00083	0.BIN:74CDE	메뉴:8B	1	木のスコップ	나무삽
W00084	0.BIN:74CE7	메뉴:8B	1	鉄のスコップ	쇠삽
W00085	0.BIN:74CF0	메뉴:9B	1	仙石スコップ	선석삽
W00086	0.BIN:74CFA	메뉴:11B	1	盤古の掘削具	반고굴삭구
W00087	0.BIN:74D06	메뉴:4B	1	短剣	단검
W00088	0.BIN:74D0B	메뉴:4B	1	弋首	비수
W00089	0.BIN:74D10	메뉴:9B	1	玉の小太刀	옥소태도
W00090	0.BIN:74D1A	메뉴:10B	1	天尊護龍刀	천존호룡도
W00091	0.BIN:74D25	메뉴:6B	1	キラーナイフ	킬러칼
W00092	0.BIN:74D2C	메뉴:10B	1	天尊封魔錘	천존봉마추
W00093	0.BIN:74D37	메뉴:10B	1	天尊削岩具	천존삭암구
W00094	0.BIN:74D42	메뉴:4B	1	包丁	식칼
W00095	0.BIN:74D47	메뉴:9B	1	鉄人の包丁	철인식칼
W00096	0.BIN:74D51	메뉴:10B	1	天尊鳳凰羽	천존봉황우
W00097	0.BIN:74D5C	메뉴:4B	1	木刀	목도
W00098	0.BIN:74D61	메뉴:4B	1	倭刀	왜도
W00099	0.BIN:74D66	메뉴:6B	1	修羅刀	수라도
W00100	0.BIN:74D6D	메뉴:6B	1	龍牙刀	용아도
W00101	0.BIN:74D74	메뉴:4B	1	含光	함광
W00102	0.BIN:74D79	메뉴:10B	1	天尊聖宝書	천존성보서
W00103	0.BIN:74D84	메뉴:10B	1	絶天羅刹爪	절천나찰조
W00104	0.BIN:74D8F	메뉴:10B	1	天尊獄龍爪	천존옥룡조
W00105	0.BIN:74D9A	메뉴:10B	1	天尊怨掃弓	천존원소궁
W00106	0.BIN:74DA5	메뉴:4B	1	仁義	인의
W00107	0.BIN:74DAA	메뉴:7B	1	グラディウス	글라디우스
W00108	0.BIN:74DB2	메뉴:10B	1	天尊破魔刀	천존파마도
W00109	0.BIN:74DBD	메뉴:5B	1	木の杖	나무장
W00110	0.BIN:74DC3	메뉴:7B	1	聖獣の杖	성수장
W00111	0.BIN:74DCB	메뉴:7B	1	清流の杖	청류장
W00112	0.BIN:74DD3	메뉴:7B	1	破天の杖	파천장
W00113	0.BIN:74DDB	메뉴:7B	1	魔王の杖	마왕장
W00114	0.BIN:74DE3	메뉴:10B	1	天尊折伏杖	천존절복장
W00115	0.BIN:74DEE	메뉴:6B	1	単流星	단유성
W00116	0.BIN:74DF5	메뉴:6B	1	双流星	쌍유성
W00117	0.BIN:74DFC	메뉴:6B	1	流星錘	유성추
W00118	0.BIN:74E03	메뉴:6B	1	皇牙錘	황아추
W00119	0.BIN:74E0A	메뉴:4B	1	竹槍	죽창
W00120	0.BIN:74E0F	메뉴:5B	1	鉄の槍	철창
W00121	0.BIN:74E15	메뉴:7B	1	仙石の槍	선석창
W00122	0.BIN:74E1D	메뉴:6B	1	方天戟	방천극
W00123	0.BIN:74E24	메뉴:6B	1	皇王槍	황왕창
W00124	0.BIN:74E2B	메뉴:10B	1	天尊界神槍	천존계신창
W00125	0.BIN:74E36	메뉴:5B	1	石の斧	돌도끼
W00126	0.BIN:74E3C	메뉴:5B	1	鉄の斧	쇠도끼
W00127	0.BIN:74E42	메뉴:9B	1	仙石の大斧	선석큰도끼
W00128	0.BIN:74E4C	메뉴:7B	1	崖尤の斧	치우도끼
W00129	0.BIN:74E54	메뉴:9B	1	豪羅の戦斧	호라도끼
W00130	0.BIN:74E5E	메뉴:10B	1	天尊羅炎斧	천존나염부
W00131	0.BIN:74E69	메뉴:9B	1	木の独詰杵	나무독고저
W00132	0.BIN:74E73	메뉴:9B	1	紅の独詰杵	홍독고저
W00133	0.BIN:74E7D	메뉴:6B	1	金剛杵	금강저
W00134	0.BIN:74E84	메뉴:10B	1	天尊怒炎杵	천존노염저
W00135	0.BIN:74E8F	메뉴:4B	1	如来	여래
W00136	0.BIN:74E94	메뉴:10B	1	天尊冥宝鈴	천존명보령
W00137	0.BIN:74E9F	메뉴:9B	1	打撃の巻物	타격두루마리
W00138	0.BIN:74EA9	메뉴:11B	1	神通力の巻物	신통력두루마리
W00139	0.BIN:74EB5	메뉴:9B	1	破魔の巻物	파마두루마리
W00140	0.BIN:74EBF	메뉴:10B	1	冥界調伏書	명계조복서
W00141	0.BIN:74ECA	메뉴:9B	1	凡打の羽根	범타깃털
W00142	0.BIN:74ED4	메뉴:9B	1	快打の羽根	쾌타깃털
W00143	0.BIN:74EDE	메뉴:9B	1	激打の羽根	격타깃털
W00144	0.BIN:74EE8	메뉴:5B	1	木の弓	나무활
W00145	0.BIN:74EEE	메뉴:4B	1	連弩	연노
W00146	0.BIN:74EF3	메뉴:7B	1	黄帝の弓	황제활
W00147	0.BIN:74EFB	메뉴:5B	1	黒の弓	흑궁
W00148	0.BIN:74F01	메뉴:5B	1	石の爪	석조
W00149	0.BIN:74F07	메뉴:5B	1	鉄の爪	철조
W00150	0.BIN:74F0D	메뉴:10B	1	猛虎雷鳴爪	맹호뇌명조
W00151	0.BIN:74F18	메뉴:6B	1	くるみの鈴	호두령
W00152	0.BIN:74F1F	메뉴:7B	1	ギヤマンの鈴	유리령
W00153	0.BIN:74F27	메뉴:6B	1	めのうの鈴	마노령
W00154	0.BIN:74F2E	메뉴:7B	1	蛇神の鈴	사신령
W00155	0.BIN:74F36	메뉴:6B	1	流星鈴	유성령
W00156	0.BIN:74F3D	메뉴:4B	1	夜叉	야차
W00157	0.BIN:74F42	메뉴:9B	1	小さい麻の服	작은마의
W00158	0.BIN:74F4C	메뉴:11B	1	小さい洞仙の服	작은동선옷
W00159	0.BIN:74F58	메뉴:11B	1	小さい神仙の服	작은신선옷
W00160	0.BIN:74F64	메뉴:8B	1	羅将仙衣	나장선의
W00161	0.BIN:74F6D	메뉴:9B	1	小さい皮の鎧	작은피갑
W00162	0.BIN:74F77	메뉴:9B	1	小さい鉄の鎧	작은철갑
W00163	0.BIN:74F81	메뉴:11B	1	小さい仙石の鎧	작은선석갑
W00164	0.BIN:74F8D	메뉴:4B	1	氷龍	빙룡
W00165	0.BIN:74F92	메뉴:5B	1	麻の服	마의
W00166	0.BIN:74F98	메뉴:7B	1	洞仙の服	동선옷
W00167	0.BIN:74FA0	메뉴:7B	1	神仙の服	신선옷
W00168	0.BIN:74FA8	메뉴:8B	1	覇者玉衣	패자옥의
W00169	0.BIN:74FB1	메뉴:7B	1	盗人の衣	도둑옷
W00170	0.BIN:74FB9	메뉴:5B	1	皮の鎧	피갑
W00171	0.BIN:74FBF	메뉴:5B	1	鉄の鎧	철갑
W00172	0.BIN:74FC5	메뉴:7B	1	仙石の鎧	선석갑
W00173	0.BIN:74FCD	메뉴:4B	1	炎龍	염룡
W00174	0.BIN:74FD2	메뉴:9B	1	大きい麻の服	큰마의
W00175	0.BIN:74FDC	메뉴:11B	1	大きい洞仙の服	큰동선옷
W00176	0.BIN:74FE8	메뉴:11B	1	大きい神仙の服	큰신선옷
W00177	0.BIN:74FF4	메뉴:8B	1	神将法衣	신장법의
W00178	0.BIN:74FFD	메뉴:9B	1	大きい皮の鎧	큰피갑
W00179	0.BIN:75007	메뉴:9B	1	大きい鉄の鎧	큰철갑
W00180	0.BIN:75011	메뉴:11B	1	大きい仙石の鎧	큰선석갑
W00181	0.BIN:7501D	메뉴:4B	1	烈龍	열룡
W00182	0.BIN:75022	메뉴:7B	1	布の帽子	천모자
W00183	0.BIN:7502A	메뉴:9B	1	召魔の帽子	소마모자
W00184	0.BIN:75034	메뉴:9B	1	封魔の帽子	봉마모자
W00185	0.BIN:7503E	메뉴:5B	1	布の帯	천띠
W00186	0.BIN:75044	메뉴:6B	1	鋭気の帯	예기띠
W00187	0.BIN:7504B	메뉴:7B	1	神仙の帯	신선띠
W00188	0.BIN:75053	메뉴:9B	1	神仙の天衣	신선천의
W00189	0.BIN:7505D	메뉴:9B	1	子神の胴衣	자신동의
W00190	0.BIN:75067	메뉴:9B	1	丑神の胴衣	축신동의
W00191	0.BIN:75071	메뉴:9B	1	寅神の胴衣	인신동의
W00192	0.BIN:7507B	메뉴:9B	1	卯神の胴衣	묘신동의
W00193	0.BIN:75085	메뉴:9B	1	辰神の胴衣	진신동의
W00194	0.BIN:7508F	메뉴:9B	1	巳神の胴衣	사신동의
W00195	0.BIN:75099	메뉴:9B	1	午神の胴衣	오신동의
W00196	0.BIN:750A3	메뉴:9B	1	未神の胴衣	미신동의
W00197	0.BIN:750AD	메뉴:9B	1	申神の胴衣	신신동의
W00198	0.BIN:750B7	메뉴:9B	1	酉神の胴衣	유신동의
W00199	0.BIN:750C1	메뉴:9B	1	戌神の胴衣	술신동의
W00200	0.BIN:750CB	메뉴:9B	1	亥神の胴衣	해신동의
W00201	0.BIN:750D5	메뉴:5B	1	皮の盾	가죽패
W00202	0.BIN:750DB	메뉴:7B	1	赤心の盾	적심패
W00203	0.BIN:750E3	메뉴:7B	1	仙石の盾	선석패
W00204	0.BIN:750EB	메뉴:7B	1	天狗の盾	천구패
W00205	0.BIN:750F3	메뉴:8B	1	ルーンシールド	룬실드
W00206	0.BIN:750FC	메뉴:13B	1	毘沙門天の護符	비사문천부적
W00207	0.BIN:7510A	메뉴:11B	1	持国天の護符	지국천부적
W00208	0.BIN:75116	메뉴:11B	1	増長天の護符	증장천부적
W00209	0.BIN:75122	메뉴:11B	1	広目天の護符	광목천부적
W00210	0.BIN:7512E	메뉴:9B	1	白鳥の聖杯	백조성배
W00211	0.BIN:75138	메뉴:9B	1	孔雀の聖杯	공작성배
W00212	0.BIN:75142	메뉴:9B	1	鳳凰の聖杯	봉황성배
W00213	0.BIN:7514C	메뉴:7B	1	軽身の靴	경신화
W00214	0.BIN:75154	메뉴:7B	1	乗黄の靴	승황화
W00215	0.BIN:7515C	메뉴:9B	1	韋駄天の靴	위타천화
W00216	0.BIN:75166	메뉴:8B	1	閃きの数珠	섬광염주
W00217	0.BIN:7516F	메뉴:8B	1	悟りの数珠	오도염주
W00218	0.BIN:75178	메뉴:11B	1	虎目石の数珠	호안석염주
W00219	0.BIN:75184	메뉴:7B	1	鼠のリュック	쥐배낭
W00220	0.BIN:7518C	메뉴:9B	1	大鼠のリュック	큰쥐배낭
W00221	0.BIN:75196	메뉴:8B	1	巨鼠のリュック	거서배낭
W00222	0.BIN:7519F	메뉴:9B	1	鼠将の星符	서장성부
W00223	0.BIN:751A9	메뉴:9B	1	鼠王の星符	서왕성부
W00224	0.BIN:751B3	메뉴:9B	1	鼠神の星符	서신성부
W00225	0.BIN:751C5	메뉴:9B	1	神龍のリュック	신룡배낭
W00226	0.BIN:751CF	메뉴:8B	1	巨龍のリュック	거룡배낭
W00227	0.BIN:751D8	메뉴:9B	1	幼龍の星符	유룡성부
W00228	0.BIN:751E2	메뉴:9B	1	金龍の星符	금룡성부
W00229	0.BIN:751EC	메뉴:9B	1	玉龍の星符	옥룡성부
W00230	0.BIN:751F6	메뉴:7B	1	凡手の帯	범수띠
W00231	0.BIN:751FE	메뉴:7B	1	名手の帯	명수띠
W00232	0.BIN:75206	메뉴:9B	1	虚無の指輪	허무반지
W00233	0.BIN:75210	메뉴:8B	1	太清金剛	태청금강
W00234	0.BIN:75219	메뉴:9B	1	皆伝の巻物	비전 두루마리
W00235	0.BIN:75223	메뉴:6B	1	玄武鏡	현무경
W00236	0.BIN:7522A	메뉴:6B	1	白虎鏡	백호경
W00237	0.BIN:75231	메뉴:6B	1	蒼龍鏡	창룡경
W00238	0.BIN:75238	메뉴:6B	1	朱雀鏡	주작경
W00239	0.BIN:7523F	메뉴:6B	2	八面鏡	팔면경
W00240	0.BIN:7524E	메뉴:9B	1	開封の宝珠	개봉보주
W00241	0.BIN:75260	메뉴:6B	1	天玲球	천령구
W00242	0.BIN:75267	메뉴:6B	1	しょうぎばん	장기판
W00243	0.BIN:7526E	메뉴:3B	1	たまご	알
W00244	0.BIN:7527E	메뉴:3B	1	てがみ	편지
W00245	0.BIN:75282	메뉴:5B	1	りょうり1	요리1
W00246	0.BIN:75288	메뉴:5B	1	りょうり2	요리2
W00247	0.BIN:7528E	메뉴:3B	1	おなべ	냄비
W00248	0.BIN:75292	메뉴:7B	1	怒龍の剣	노룡검
W00249	0.BIN:775D5	메뉴:6B	1	窟子仙	굴자선
W00250	0.BIN:775DC	메뉴:6B	1	牛鬼仙	우귀선
W00251	0.BIN:775E3	메뉴:6B	1	緋胡牛	비호우
W00252	0.BIN:775EA	메뉴:6B	1	人虎仙	인호선
W00253	0.BIN:775F1	메뉴:4B	1	影虎	영호
W00254	0.BIN:775F6	메뉴:4B	1	紫佞	자녕
W00255	0.BIN:775FB	메뉴:8B	1	角兎妖仙	각토요선
W00256	0.BIN:77604	메뉴:6B	1	幼龍仙	유룡선
W00257	0.BIN:7760B	메뉴:4B	1	邪邪	사사
W00258	0.BIN:77610	메뉴:8B	1	甘水兎仙	감수토선
W00259	0.BIN:77619	메뉴:6B	1	蛇神仙	사신선
W00260	0.BIN:77620	메뉴:8B	1	窮山蛇仙	궁산사선
W00261	0.BIN:77629	메뉴:8B	1	禹玄森人	우현삼인
W00262	0.BIN:77632	메뉴:6B	1	馬明仙	마명선
W00263	0.BIN:77639	메뉴:6B	1	華娘仙	화낭선
W00264	0.BIN:77640	메뉴:4B	1	羊仙	양선
W00265	0.BIN:77645	메뉴:8B	1	清風呪仙	청풍주선
W00266	0.BIN:7764E	메뉴:4B	1	狻夜	산야
W00267	0.BIN:77653	메뉴:6B	1	猿王仙	원왕선
W00268	0.BIN:7765A	메뉴:6B	1	華翼仙	화익선
W00269	0.BIN:77661	메뉴:6B	1	青耕鳥	청경조
W00270	0.BIN:77668	메뉴:4B	1	けつばん	결번
W00271	0.BIN:7766D	메뉴:6B	1	犬狼仙	견랑선
W00272	0.BIN:77674	메뉴:8B	1	嵩山方士	숭산방사
W00273	0.BIN:7767D	메뉴:8B	1	泰山方士	태산방사
W00274	0.BIN:77686	메뉴:2B	3	龍	용
W00275	0.BIN:776A1	메뉴:6B	1	林玲蘭	레이란
W00276	0.BIN:776B1	메뉴:6B	1	公明紅	메이혼
W00277	0.BIN:776BF	메뉴:6B	1	ヨウ刻水	요콕스이
W00278	0.BIN:776C6	메뉴:8B	1	捜神死郎	소신시로
W00279	0.BIN:776DA	메뉴:4B	2	ホ゛ッチ	봇치
W00280	0.BIN:776DF	메뉴:6B	1	東天転	토텐텐
W00281	0.BIN:7781B	메뉴:1B	2	版	
W00282	0.BIN:778EF	메뉴:4B	1	サ゛カン	자칸
W00283	0.BIN:778F4	메뉴:2B	1	ワン	와
W00284	0.BIN:77902	메뉴:5B	1	ケフ゛レス	케브레스
W00285	0.BIN:77908	메뉴:4B	1	レイラン	레이란
W00286	0.BIN:7790D	메뉴:3B	1	ロウシ	노사
W00287	0.BIN:77916	메뉴:4B	1	ライカン	라이칸
W00288	0.BIN:7791B	메뉴:4B	1	コクスイ	코쿠스이
W00289	0.BIN:77920	메뉴:3B	1	シロウ	시로
W00290	0.BIN:77924	메뉴:6B	1	イサ゛ナキ゛	이자나기
W00291	0.BIN:77938	메뉴:7B	1	ムシ゛ナロウシ	무지나노사
W00292	0.BIN:77940	메뉴:3B	1	レイカ	레이카
W00293	0.BIN:77944	메뉴:5B	1	リクト゛ウ	리쿠도
W00294	0.BIN:7794A	메뉴:5B	1	コ゛エモン	코에몬
W00295	0.BIN:77950	메뉴:6B	1	リュウセ゛ン	류세
W00296	0.BIN:77957	메뉴:3B	1	ルララ	루라라
W00297	0.BIN:7795F	메뉴:6B	1	チヒ゛リュウ	치비류
W00298	0.BIN:7796B	메뉴:4B	1	テンテン	텐텐
W00299	0.BIN:77977	메뉴:4B	1	ト゛コウ	도코
W00300	0.BIN:7797C	메뉴:8B	1	イニシエノリュウ	이니시에류
W00301	0.BIN:77985	메뉴:3B	1	ラルフ	라루후
W00302	0.BIN:77989	메뉴:5B	1	ファルコン	파루코
W00303	0.BIN:77997	메뉴:4B	1	トウテツ	토테츠
W00304	0.BIN:7799C	메뉴:7B	2	チェンシャヘイ	치샤헤이
W00305	0.BIN:779A4	메뉴:6B	2	タイランヘイ	타이란헤이
W00306	0.BIN:779AB	메뉴:7B	1	ヒ゛ーユーヘイ	비우헤이
W00307	0.BIN:779B3	메뉴:8B	1	ムータンホンヘイ	무타호헤이
W00308	0.BIN:779CB	메뉴:8B	1	チャホアホンヘイ	차호아헤이
W00309	0.BIN:779D4	메뉴:7B	1	トンリューヘイ	토류헤이
W00310	0.BIN:779DC	메뉴:8B	1	メイクイホンヘイ	메이쿠이헤이
W00311	0.BIN:779E5	메뉴:6B	1	ハイランヘイ	하이란헤이
W00312	0.BIN:779EC	메뉴:7B	1	シーチューヘイ	시추헤이
W00313	0.BIN:779F4	메뉴:3B	1	ナイト	나이토
W00314	0.BIN:779F8	메뉴:5B	1	ウォリアー	우오리아
W00315	0.BIN:779FE	메뉴:6B	1	ハ゛ルキリー	바르키리
W00316	0.BIN:77A05	메뉴:5B	1	フェンサー	레피아
W00317	0.BIN:77A0B	메뉴:6B	1	アマソ゛ネス	아마소니스
W00318	0.BIN:77A12	메뉴:3B	1	シーフ	시프
W00319	0.BIN:77A16	메뉴:5B	1	トウソ゛ク	도소쿠
W00320	0.BIN:77A1C	메뉴:6B	1	レンシ゛ャー	레니자
W00321	0.BIN:77A23	메뉴:4B	1	ハンター	카리우도
W00322	0.BIN:77A2E	메뉴:6B	1	フ゜リースト	프리스트
W00323	0.BIN:77A35	메뉴:7B	1	ヒ゛ショッフ゜	비소프
W00324	0.BIN:77A3D	메뉴:4B	1	ト゛ウシ	도사
W00325	0.BIN:77A42	메뉴:5B	1	ミニスター	미니스타
W00326	0.BIN:77A48	메뉴:5B	1	タオイスト	타오이스토
W00327	0.BIN:77A54	메뉴:6B	1	マシ゛シャン	마지샤
W00328	0.BIN:77A5B	메뉴:5B	1	ソーサレス	소사레스
W00329	0.BIN:77A61	메뉴:4B	1	ウィッチ	우이치
W00330	0.BIN:77A66	메뉴:5B	1	ニンシ゛ャ	니자
W00331	0.BIN:77A6C	메뉴:4B	1	ミッテイ	미테이
W00332	0.BIN:77A71	메뉴:4B	1	シノヒ゛	시노비
W00333	0.BIN:77A76	메뉴:5B	1	ホ゛ウス゛	부즈
W00334	0.BIN:77A7C	메뉴:3B	1	モンク	몬크
W00335	0.BIN:77A80	메뉴:5B	1	ホ゛ンス゛	부우즈
W00336	0.BIN:77A86	메뉴:4B	1	ソウリョ	소류
W00337	0.BIN:77A8B	메뉴:4B	1	サムライ	사무라이
W00338	0.BIN:77A90	메뉴:4B	1	フ゛ート	부토
W00339	0.BIN:77A95	메뉴:4B	1	フ゜レタ	프레타
W00340	0.BIN:77A9A	메뉴:6B	1	ト゛ーント゛	도도
W00341	0.BIN:77AA1	메뉴:4B	1	チュレル	추레루
W00342	0.BIN:77AAF	메뉴:8B	1	オオヒケ゛マワリ	오히기마와리
W00343	0.BIN:77AB8	메뉴:2B	1	セル	세루
W00344	0.BIN:77ABB	메뉴:3B	1	モナス	무나스
W00345	0.BIN:77ABF	메뉴:2B	1	タコ	타코
W00346	0.BIN:77AC2	메뉴:4B	1	マロスク	마로스크
W00347	0.BIN:77AC7	메뉴:6B	1	オクトハ゜ス	오쿠토파스
W00348	0.BIN:77ACE	메뉴:7B	1	エテ゛ィアカラ	에디아카라
W00349	0.BIN:77AD6	메뉴:3B	1	ロック	로크
W00350	0.BIN:77ADA	메뉴:5B	1	シーホワン	시호와
W00351	0.BIN:77AE0	메뉴:3B	1	キハ゛	키바
W00352	0.BIN:77AE4	메뉴:6B	1	カラフ゛シャ	카라부샤
W00353	0.BIN:77AEB	메뉴:6B	1	ストゥーハ゜	스투파
W00354	0.BIN:77AF2	메뉴:3B	1	シカラ	시카라
W00355	0.BIN:77AF6	메뉴:7B	1	シ゛ック゛ラト	지구라토
W00356	0.BIN:77AFE	메뉴:4B	1	コフィン	코피
W00357	0.BIN:77B03	메뉴:4B	1	サ゛クワ	자쿠와
W00358	0.BIN:77B08	메뉴:4B	1	ミク゛ロ	미구로
W00359	0.BIN:77B0D	메뉴:3B	1	ヤメナ	야메나
W00360	0.BIN:77B11	메뉴:4B	1	キ゛タン	기타
W00361	0.BIN:77B16	메뉴:4B	1	カエテ゛	카에데
W00362	0.BIN:77B1B	메뉴:5B	1	ハッシッシ	하시시
W00363	0.BIN:77B21	메뉴:6B	1	アサミク゛サ	아사미구사
W00364	0.BIN:77B28	메뉴:4B	1	ヤツテ゛	야츠데
W00365	0.BIN:77B2D	메뉴:3B	1	キノコ	키노코
W00366	0.BIN:77B31	메뉴:6B	1	ワライタ゛ケ	와라이다케
W00367	0.BIN:77B38	메뉴:7B	1	ヘ゛ニテンク゛	비니텐구
W00368	0.BIN:77B40	메뉴:5B	1	クサヒ゛ラ	쿠사비라
W00369	0.BIN:77B46	메뉴:4B	1	ハ゛ッタ	바타
W00370	0.BIN:77B4B	메뉴:2B	1	ノミ	노미
W00371	0.BIN:77B4E	메뉴:5B	1	コオロキ゛	코오로기
W00372	0.BIN:77B54	메뉴:6B	1	カマト゛ウマ	카마도우마
W00373	0.BIN:77B5B	메뉴:2B	1	フコ	후코
W00374	0.BIN:77B5E	메뉴:4B	1	キ゛ョロ	기오로
W00375	0.BIN:77B63	메뉴:4B	1	ハーク゛	하구
W00376	0.BIN:77B68	메뉴:3B	1	ヌマロ	누마로
W00377	0.BIN:77DC4	메뉴:21B	1	系の\nFが、移動スピードが遅い	
W00378	0.BIN:77DDA	메뉴:6B	1	のが欠点	
W00379	0.BIN:77DE1	메뉴:12B	1	Iこの{03:5C}をグループの	
W00380	0.BIN:77DEE	메뉴:25B	1	リーダーにすると飛天石出口を破壊す	
W00381	0.BIN:77E19	메뉴:16B	1	ょ極めて高い\nおを持つ{03:96}	
W00382	0.BIN:77E2A	메뉴:3B	1	巨{03:A3}	
W00383	0.BIN:77E47	메뉴:18B	1	＋{06}わ素早い{03:84}で敵を瞬殺	
W00384	0.BIN:77E5A	메뉴:14B	1	Z{03:CA}系\nォ。この{03:DC}{03:80}	
W00385	0.BIN:77E6A	메뉴:5B	1	つ{13}た破	
W00386	0.BIN:77E81	메뉴:14B	1	ネ\nゴ。\nェ、防御力は	
W00387	0.BIN:77E90	메뉴:14B	1	人虎仙より多少劣	
W00388	0.BIN:77E9F	메뉴:8B	1	やが、より速い	
W00389	0.BIN:77EA8	메뉴:5B	1	{03:DD}ができ	
W00390	0.BIN:77EC8	메뉴:10B	1	なか{17:01}9能力が	
W00391	0.BIN:77ED3	메뉴:9B	1	{14}、{04:8B}{17:01}{0C}がで	
W00392	0.BIN:77EE2	메뉴:22B	1	■くとよう{17:11}く強力{17:01}円―を使う事	
W00393	0.BIN:77EF9	메뉴:6B	1	Uるうえに、	
W00394	0.BIN:77F00	메뉴:8B	1	8なか{04:B9}{17:01}A	
W00395	0.BIN:77F09	메뉴:1B	6	騎	
W00396	CS.BIN:7B061	메뉴:42B	1	{0A}う{10:0B:03}{13}MP{12}{03:00}／{12}{03:80}{04:00}Xー◀Z{10:01:01}V{09}{16}て{08}{10:0E:01}{11:02:80}{0C}{10:01:03}{0B}侶ぺ	
W00397	CS.BIN:7B097	메뉴:4B	1	{03:0B}侶ぺ	
W00398	CS.BIN:7B0AE	메뉴:48B	1	{0A}う{10:0B:19}{13}MP{12}{03:00}／{12}{03:80}{04:00}Xー◀Z{10:15:19}V{09}{16}て{08}{10:23:19}{11:02:80}{0C}{10:01:19}侶て{10:10:01}戻{5B}ぺ	
W00399	CS.BIN:7B0F4	메뉴:3B	1	{6A}ギ謎	
W00400	CS.BIN:7B146	메뉴:3B	1	謎{03:01}	
W00401	CS.BIN:7B14E	메뉴:3B	1	巨{03:01}	
W00402	CS.BIN:7B156	메뉴:3B	1	巨{06}{12}	
W00403	CS.BIN:7B18A	메뉴:2B	1	財	
W00404	CS.BIN:7B1DE	메뉴:3B	1	叉{12}	
W00405	CS.BIN:7B1F5	메뉴:45B	1	壁に近づいてCボタンを押し続け、キーを反対\n側にいれると穴を掘れるよ。	벽 앞에서 C버튼 누른 채 키를 반대로\n넣으면 구멍을 파。
W00406	CS.BIN:7B2AB	메뉴:39B	1	部屋神と契約しないの?\n契約しないと新しい穴は掘れないよ。	방신과 계약 안 해?안 하면 새\n구멍은 못 파。
W00407	CS.BIN:7B2FF	메뉴:48B	1	向いてる方向の反対方向にキーを入力し\n続けないとウィンドウは開かないよ。	향한 방향의 반대로 키를 계속\n넣지 않으면 창이 안 열려。
W00408	CS.BIN:7B41F	메뉴:25B	1	部屋に接続できる通路は6ヶ所までだよ	방에 이을 통로는 6곳까지야
W00409	CS.BIN:7B467	메뉴:22B	1	ここでは穴掘りウインドゥは開けないよ	여기선 구멍파기 창을 못 열어
W00410	CS.BIN:7B640	메뉴:27B	1	東国の忍者軍団が、攻め入って来たよ!	동국 닌자 군단이 쳐들어왔어!
W00411	CS.BIN:7B65E	메뉴:32B	1	謎の軍団が、仙窟近辺に集結を\nしているようだよ!	수상한 군단이 선굴 근처에\n모이나 봐!
W00412	CS.BIN:7B6C1	메뉴:25B	1	西国の騎士達が、攻め入って来たよ!!	서국 기사단이 쳐들어왔어!!
W00413	CS.BIN:7B7BF	메뉴:17B	1	宝箱の中身は{0A}{X}{16}／だよ。	보물상자엔{0A}{X}{16}／가 있어。
W00414	CS.BIN:7B7D4	메뉴:35B	1	宝箱の中身は{0A}{X}{16}／だよ\n持ち物が一杯で持てないよ。	보물상자엔{0A}{X}{16}／가 있어\n소지품이 가득 차 못 들어。
W00415	CS.BIN:7B7F9	메뉴:6B	1	Z{0A}ギ駆{16}／	
W00416	CS.BIN:7B804	메뉴:72B	1	記録を正しく読み込む事が\n出来ませんでした\nリセットボタンを押し\nゲームを再スタートして\nもう一度やり直してください	기록을 제대로\n불러오지 못했습니다\n리셋 버튼을 눌러\n게임을 다시 시작하고\n다시 해 주세요
W00417	CS.BIN:7B888	메뉴:8B	1	掘削部屋	굴삭 방
W00418	CS.BIN:7B89A	메뉴:8B	1	転送部屋	전송 방
W00419	CS.BIN:7B8AC	메뉴:6B	1	火属性	화속성
W00420	CS.BIN:7B8B3	메뉴:6B	1	土属性	토속성
W00421	CS.BIN:7B8BA	메뉴:6B	1	金属性	금속성
W00422	CS.BIN:7B8C1	메뉴:6B	1	水属性	수속성
W00423	CS.BIN:7B8C8	메뉴:6B	1	木属性	목속성
W00424	CS.BIN:7B8CF	메뉴:2B	1	小	
W00425	CS.BIN:7B8D2	메뉴:2B	1	中	
W00426	CS.BIN:7B8D5	메뉴:2B	1	大	
W00427	CS.BIN:7B8D8	메뉴:4B	2	ホ゜ンタ	푸타
W00428	CS.BIN:7B8E0	메뉴:4B	2	シ゛ンタ	지타
W00429	CS.BIN:7B8E5	메뉴:2B	2	テリ	티리
W00430	CS.BIN:7B8E8	메뉴:4B	2	ヒューイ	후이
W00431	CS.BIN:7B8ED	메뉴:3B	2	ノクマ	누쿠마
W00432	CS.BIN:7B8F1	메뉴:4B	2	ムワット	무아투
W00433	CS.BIN:7B8F6	메뉴:4B	2	ミチャホ	미차후
W00434	CS.BIN:7B8FB	메뉴:2B	2	テケ	티키
W00435	CS.BIN:7B8FE	메뉴:2B	2	ンン	누누
W00436	CS.BIN:7B901	메뉴:4B	2	タ゛ーキ	다키
W00437	CS.BIN:7B906	메뉴:4B	2	ホソ゛ニ	후주니
W00438	CS.BIN:7B90B	메뉴:4B	2	ヒヒ゛キ	히비키
W00439	CS.BIN:7B910	메뉴:4B	2	メイメイ	미이미이
W00440	CS.BIN:7B915	메뉴:4B	2	フ゜ラム	푸라무
W00441	CS.BIN:7B91A	메뉴:2B	2	ネム	니무
W00442	CS.BIN:7B91D	메뉴:2B	2	ケン	키
W00443	CS.BIN:7B920	메뉴:4B	2	ヤハラン	아하라
W00444	CS.BIN:7B925	메뉴:4B	2	シ゛ュリ	주리
W00445	CS.BIN:7B92A	메뉴:4B	2	イルト゛	이루두
W00446	CS.BIN:7B92F	메뉴:3B	2	サスケ	사스키
W00447	CS.BIN:7B933	메뉴:4B	2	カ゛オウ	가우우
W00448	CS.BIN:7B938	메뉴:4B	2	カ゛ヒ゛	가비
W00449	CS.BIN:7B93D	메뉴:4B	2	タイサン	타이사
W00450	CS.BIN:7B94B	메뉴:13B	1	情報\n強化\n{0D:54:0E}	정보\n강화\n{0D:54:0E}
W00451	CS.BIN:7B95A	메뉴:26B	1	{04:01}トラップ設置\n{04:00}味方編成\n{0D:49:0F}	{04:01}함정 설치\n{04:00}아군 편성\n{0D:49:0F}
W00452	CS.BIN:7B976	메뉴:19B	1	{04:01}味方行軍ルート\n{04:00}{0D:47:0F}	{04:01}아군 행군로\n{04:00}{0D:47:0F}
W00453	CS.BIN:7B98B	메뉴:13B	1	{04:01}セーブ\n{04:00}終了	{04:01}저장\n{04:00}종료
W00454	CS.BIN:7B99E	메뉴:4B	1	集計	집계
W00455	CS.BIN:7B9D3	메뉴:5B	1	リOギ騎Q	
W00456	CS.BIN:7B9DA	메뉴:30B	1	{A}O{06}{6B} ■OしOすかふの撃{14}O分{6A}SLギ4あO{16}M『ぺ	
W00457	CS.BIN:7B9F9	메뉴:9B	1	L゛ね封OギQ額	
W00458	CS.BIN:7BA1F	메뉴:3B	3	毒こ	
W00459	CS.BIN:7BAB4	메뉴:33B	1	仙窟情報{10:04:06}次のターンへ進む{10:17:06}詳細を見る{09}	선굴 정보{10:04:06}다음 턴으로{10:17:06}자세히 보기{09}
W00460	CS.BIN:7BB23	메뉴:78B	1	ターン数\nプレイ時間\n{17:04}綜生産量\n{17:05}綜生産量\n綜生産{5A}{5B}一綜消費{5A}{5B}\n仙窟破壊率\n仙窟評価点\n	턴 수\n플레이 시간\n{17:04}총생산량\n{17:05}총생산량\n총생산{5A}{5B}-총소비{5A}{5B}\n선굴 파괴율\n선굴 평가점\n
W00461	CS.BIN:7BB74	메뉴:3B	1	てき?	
W00462	CS.BIN:7BB85	메뉴:14B	1	龍穴炉振込残量	용혈로 납입 잔량
W00463	CS.BIN:7BC24	메뉴:190B	1	{17:04}綜蓄積量\n{17:04}綜生産量\n{17:04}綜消費量\n{17:05}綜蓄積量\n{17:05}綜生産量\n進入者撃退綜数\n通算プレイ時間{10:15:09}仙獣召喚綜数\n仙獣死亡回数\n部屋破壊回数\n部屋綜数\n各部屋数\n生産\n倉庫\n索敵{10:1B:13}練丹\n攻撃\n転送{10:21:13}召喚\n掘削\n階段	{17:04}총축적량\n{17:04}총생산량\n{17:04}총소비량\n{17:05}총축적량\n{17:05}총생산량\n격퇴한 침입자 수\n총 플레이 시간{10:15:09}선수 소환 수\n선수 사망 횟수\n방 파괴 횟수\n방 총수\n방별 수\n생산\n창고\n색적{10:1B:13}연단\n공격\n전송{10:21:13}소환\n굴삭\n계단
W00464	CS.BIN:7BCEF	메뉴:3B	2	狂ぉ	
W00465	CS.BIN:7BCFD	메뉴:2B	2	けこ	
W00466	CS.BIN:7BD04	메뉴:3B	1	狙す	
W00467	CS.BIN:7BD5A	메뉴:20B	1	セーブしますか?{10:11:13}はい{10:11:15}いいえ	저장할까요?{10:11:13}예{10:11:15}아니오
W00468	CS.BIN:7BDB8	메뉴:10B	1	{03:00}と鋭Uと鋭謎T8	
W00469	CS.BIN:7BDFE	메뉴:1B	1	侶	
W00470	CS.BIN:7BE0F	메뉴:82B	1	警告{10:02:07}以下のグループの行軍ルートが設定されていません{10:08:13}味方行軍ルートで設定してください{10:18:18}集計メニューに戻る{10:0F:0A}{0A}L	경고{10:02:07}아래 그룹의 행군로가 설정되지 않았습니다{10:08:13}아군 행군로에서 설정하세요{10:18:18}집계 메뉴로{10:0F:0A}{0A}L
W00471	CS.BIN:7BE8D	메뉴:2B	1	ネ額	
W00472	CS.BIN:7BED9	메뉴:6B	1	攻撃力	공격력
W00473	CS.BIN:7BEE0	메뉴:13B	1	駆{17:11}{03:80}{08}駆祖確率	
W00474	CS.BIN:7BEF7	메뉴:3B	1	{13}侶{09}	
W00475	CS.BIN:7BEFF	메뉴:36B	1	トラップ設置{10:0E:18}設置したいトラップを選んで下さい{10:04:07}	함정 설치{10:0E:18}설치할 함정을 고르세요{10:04:07}
W00476	CS.BIN:7BF27	메뉴:4B	1	{07:8D:FF}駆	
W00477	CS.BIN:7BFEC	메뉴:32B	1	設定するグループを選んでください\n{X}：グループ情報	설정할 그룹을 고르세요\n{X}：그룹 정보
W00478	CS.BIN:7C06E	메뉴:16B	1	新規設定\n{0A}Q{0F}{03:00}{04:01}	새로 설정\n{0A}Q{0F}{03:00}{04:01}
W00479	CS.BIN:7C080	메뉴:22B	1	シミュレート\n{04:00}グループ情報\n戻る	시뮬레이트\n{04:00}그룹 정보\n돌아가기
W00480	CS.BIN:7C131	메뉴:47B	1	運撒スピード{10:16:02}{17:04}綜運撒量\n{17:05}綜運撒量\n部屋修復能力	운반 속도{10:16:02}{17:04}총운반량\n{17:05}총운반량\n방 수복 능력
W00481	CS.BIN:7C1F4	메뉴:7B	1	CSLギへPN	
W00482	CS.BIN:7C221	메뉴:5B	1	LギちP{09}	
W00483	CS.BIN:7C246	메뉴:15B	1	OギけOギくO{12}O{09}U{0A}ギ■2	
W00484	CS.BIN:7C2DA	메뉴:12B	1	グループ情報{07:B5:01}	그룹 정보{07:B5:01}
W00485	CS.BIN:7C2FC	메뉴:30B	1	設定する仙獣を選んでください\n{X}：仙獣情報	설정할 선수를 고르세요\n{X}：선수 정보
W00486	CS.BIN:7C374	메뉴:19B	1	配置\n{04:00}選任\n{0D:18:0F}{03:00}{04:01}	배치\n{04:00}선임\n{0D:18:0F}{03:00}{04:01}
W00487	CS.BIN:7C389	메뉴:10B	2	解雇\n{04:00}戻る	해고\n{04:00}돌아가기
W00488	CS.BIN:7C3B2	메뉴:12B	1	クと鋭謎{5A}侶{14}{11:04:08}{B}X	
W00489	CS.BIN:7C3E3	메뉴:13B	1	{6B}{04:6D}と廊{14}{11:06:0A}O{03:4D}9	
W00490	CS.BIN:7C432	메뉴:5B	1	{09}{0A}ギ侶2	
W00491	CS.BIN:7C43E	메뉴:4B	1	{A}駆{03:5D}	
W00492	CS.BIN:7C45C	메뉴:1B	4	駆	
W00493	CS.BIN:7C468	메뉴:2B	2	央	
W00494	CS.BIN:7C46C	메뉴:3B	1	{04:00}駆	
W00495	CS.BIN:7C482	메뉴:24B	1	リーダー選任{10:04:0F}◀左{10:21:0F}右▶{07:01:00}	리더 선임{10:04:0F}◀좌{10:21:0F}우▶{07:01:00}
W00496	CS.BIN:7C49F	메뉴:83B	1	{5A}{5B}綜運撒能力\n仙丹綜運撒能力\n部屋修復能力\n行軍スピード{10:1B:02}リーダー特性{10:1B:04}{07:FD:E7}{10:04:11}{07:F7:E7}{10:21:11}{07:F1:E7}{09}0	{5A}{5B}총운반 능력\n선단 총운반 능력\n방 수복 능력\n행군 속도{10:1B:02}리더 특성{10:1B:04}{07:FD:E7}{10:04:11}{07:F7:E7}{10:21:11}{07:F1:E7}{09}0
W00497	CS.BIN:7C508	메뉴:4B	1	{07:09:FF}駆	
W00498	CS.BIN:7C50D	메뉴:2B	1	謎\n	
W00499	CS.BIN:7C556	메뉴:4B	1	{03:07}ャゼ	
W00500	CS.BIN:7C55B	메뉴:1B	4	額	
W00501	CS.BIN:7C604	메뉴:16B	1	移動先を選んでください\n	이동할 곳을 고르세요\n
W00502	CS.BIN:7C6A5	메뉴:92B	1	蓄積{17:04}{11:3F:81}{08}{10:16:02}生産{10:1A:02}{11:3F:81}{0C}{10:1E:02}消費{10:22:02}{11:3F:81}{10:10:02}{04:19}ル久{11:3F:81}{14}{17:15}{11:3F:81}，{0C}{04:1A}ぬ積{17:05}{11:3F:01}{10:16:04}生産{10:1A:04}{11:3F:81}{04:10}以{13}＋\n＋{10:21:03}ー	
W00503	CS.BIN:7C71E	메뉴:35B	1	設置可能個数{11:04:81}邦ビ強化可能個数{11:04:81}、	설치 가능 수{11:04:81}{c:510}{c:106}강화 가능 수{11:04:81}、
W00504	CS.BIN:7C7B0	메뉴:16B	1	強化{04:00}{10:0F:07}{0D:41:0E}{03:00}{04:01}	강화{04:00}{10:0F:07}{0D:41:0E}{03:00}{04:01}
W00505	CS.BIN:7C7C2	메뉴:12B	1	縮小{04:00}{10:1A:07}戻る	축소{04:00}{10:1A:07}뒤로
W00506	CS.BIN:7C7F4	메뉴:8B	1	{04:02}版と＋ぼ\n!	
W00507	CS.BIN:7C81F	메뉴:1B	3	展	
W00508	CS.BIN:7C850	메뉴:3B	1	団さ	
W00509	CS.BIN:7C85A	메뉴:2B	1	し゛	
W00510	CS.BIN:7C873	메뉴:7B	1	えるIぁ番せ	
W00511	CS.BIN:7C8CB	메뉴:9B	2	消費{17:04}{11:05:01}	소비{17:04}{11:05:01}
W00512	CS.BIN:7C8D9	메뉴:12B	1	必要{17:05}{11:05:81}{04:00}駆	필요{17:05}{11:05:81}{04:00}{c:066}
W00513	CS.BIN:7C8FD	메뉴:7B	1	（゜{04:00}っ゜{06}	
W00514	CS.BIN:7C972	메뉴:12B	1	消費{17:04}{11:05:01}{10:02:05}	소비{17:04}{11:05:01}{10:02:05}
W00515	CS.BIN:7C991	메뉴:15B	1	縮小後{5A}{5B}収支{10:03:0A}	축소 후{5A}{5B}수지{10:03:0A}
W00516	CS.BIN:7C9A4	메뉴:7B	1	{A}版つぱ駆{12}巨	
W00517	CS.BIN:7CA05	메뉴:2B	1	{14}額	
W00518	CS.BIN:7CA19	메뉴:5B	1	▶゜ぼLギ	
W00519	CS.BIN:7CA6F	메뉴:25B	1	縮小します、よろしいですか?{10:13:0E}縮小後	축소할까요?{10:13:0E}축소 후
W00520	CS.BIN:7CA8D	메뉴:25B	1	強化します、よろしいですか?{10:13:0E}強化後	강화할까요?{10:13:0E}강화 후
W00521	CS.BIN:7CAC4	메뉴:2B	2	総	
W00522	CS.BIN:7CACE	메뉴:25B	1	消費{17:04}{11:05:01}{10:1A:0B}必要{17:05}{11:05:81}{04:00}H{0E}	소비{17:04}{11:05:01}{10:1A:0B}필요{17:05}{11:05:81}{04:00}H{0E}
W00523	CS.BIN:7CAFA	메뉴:132B	1	現在{10:06:0E}{17:04}生産\n{17:04}消費{10:08:13}収支{10:02:15}耐久{10:09:15}{17:05}生産{10:19:0E}{17:04}生産\n{17:04}消費{10:1B:13}収支{10:16:15}耐久{10:1D:15}{17:05}生産{10:0C:0F}{13}＋\nー{10:1F:0F}＋\nー{10:0B:12}―――――――{10:1E:12}―――――――{10:0B:14}ひ{10:1E:14}ひ{10:14:11}{17:01}{17:01}{04:01}	
W00524	CS.BIN:7CB81	메뉴:3B	1	と金	
W00525	CS.BIN:7CB9E	메뉴:3B	1	と鳴	
W00526	CS.BIN:7CC3A	메뉴:10B	1	はい{04:00}{10:21:18}いいえ	예{04:00}{10:21:18}아니오
W00527	CS.BIN:7CC55	메뉴:4B	1	{04:45}゛額	
W00528	CS.BIN:7CC5E	메뉴:3B	1	ぱ゜{08}	
W00529	CS.BIN:7CC62	메뉴:12B	1	{09}゜{0B}{03:99}゜{04:FF}{5B}ガズ0	
W00530	CS.BIN:7CCA4	메뉴:4B	1	舎し{16}	
W00531	CS.BIN:7CD1E	메뉴:3B	1	誘{X}	
W00532	CS.BIN:7CD22	메뉴:12B	1	ぼ版{07:F0:66}{0C}{0A}ギ{0B}{0F}{03:00}	
W00533	CS.BIN:7CD5A	메뉴:34B	1	{X}：仙獣情報{10:11:04}{17:05}{10:1A:04}必要{17:05}{10:15:04}{0B}ギ{0C}{0E}{11:03:0E}	{X}：선수 정보{10:11:04}{17:05}{10:1A:04}필요{17:05}{10:15:04}{0B}{c:0F7}{0C}{0E}{11:03:0E}
W00534	CS.BIN:7CDA6	메뉴:5B	1	Iジ繚び	
W00535	CS.BIN:7CDC1	메뉴:7B	1	の、の゛の゜0	
W00536	CS.BIN:7CDD0	메뉴:7B	1	IグゼL■PQ	
W00537	CS.BIN:7CE64	메뉴:6B	1	レベル  	레벨
W00538	CS.BIN:7CE81	메뉴:20B	1	召喚するレベルを選んでください\n	소환할 레벨을 고르세요\n
W00539	CS.BIN:7CE96	메뉴:9B	1	HフゼZ{0D:6E:41}てぎ	
W00540	CS.BIN:7CED4	메뉴:2B	1	研	
W00541	CS.BIN:7CF6E	메뉴:23B	1	{10:04:02}配置するグループを選んでください	{10:04:02}배치할 그룹을 고르세요
W00542	CS.BIN:7CFA3	메뉴:3B	1	ぺ炉	
W00543	CS.BIN:7D007	메뉴:25B	1	仙獣が死亡しています\n{X}：仙獣情報	선수가 사망했습니다\n{X}：선수 정보
W00544	CS.BIN:7D081	메뉴:14B	1	蘇生\n{04:00}{0D:18:0F}{03:00}{04:01}	소생\n{04:00}{0D:18:0F}{03:00}{04:01}
W00545	CS.BIN:7D091	메뉴:16B	1	解雇\n{04:00}情報\n戻る\n	해고\n{04:00}정보\n돌아가기\n
W00546	CS.BIN:7D0D7	메뉴:6B	1	えIオ加そ	
W00547	CS.BIN:7D0F3	메뉴:8B	1	UIみ加メ綜	
W00548	CS.BIN:7D109	메뉴:28B	1	必要{17:05}{10:03:12}蘇生します\nよろしいですか?{0D:68:0F}	필요{17:05}{10:03:12}소생합니다\n괜찮나요?{0D:68:0F}
W00549	CS.BIN:7D127	메뉴:17B	1	{04:01}{10:11:17}はい{04:00}{10:16:17}いいえ{0B}』	{04:01}{10:11:17}예{04:00}{10:16:17}아니오{0B}』
W00550	CS.BIN:7D194	메뉴:24B	1	道具を選んでください\n{X}：道具情報	도구를 고르세요\n{X}：도구 정보
W00551	CS.BIN:7D2C6	메뉴:30B	1	移動\n\n廃棄\n{10:16:12}{04:00}整理\n\n説明\n戻る	이동\n\n폐기\n{10:16:12}{04:00}정리\n\n설명\n돌아가기
W00552	CS.BIN:7D309	메뉴:12B	1	クと鋭謎{5A}侶{14}{0F}{04:0A}{B}!	
W00553	CS.BIN:7D372	메뉴:29B	1	UIぅ{0E}ゆTせョIまゼ■{04:4E}と鋭謎U{0A}ギ5{10:18:0F}X）{08}Z{16}	
W00554	CS.BIN:7D39D	메뉴:7B	1	廃棄します	폐기합니다
W00555	CS.BIN:7D3AC	메뉴:9B	1	個廃棄します	개 폐기
W00556	CS.BIN:7D3DE	메뉴:8B	1	ジ侶{14}{0E}{11:0B:55}{13}	
W00557	CS.BIN:7D3F0	메뉴:3B	1	団こ	
W00558	CS.BIN:7D3FE	메뉴:2B	1	トぽ	
W00559	CS.BIN:7D41F	메뉴:26B	1	移動先を選んでください\n{X}：道具情報	이동할 곳을 고르세요\n{X}：도구 정보
W00560	CS.BIN:7D441	메뉴:10B	1	X）{08}{10:15:07}Hメャ額	
W00561	CS.BIN:7D459	메뉴:4B	2	トぺ{58}2	
W00562	CS.BIN:7D56D	메뉴:21B	1	{04:01}倉庫に格納\n{04:00}持ち物のみ	{04:01}창고에 넣기\n{04:00}소지품만
W00563	CS.BIN:7D5C5	메뉴:17B	1	全ての倉庫\nこの倉庫のみ	모든 창고\n이 창고만
W00564	CS.BIN:7D5D8	메뉴:7B	1	侶排{0A}{04:55}゛	
W00565	CS.BIN:7D5EC	메뉴:23B	1	し{10:00:FF}LギHH{03:00}LギIIギザと鋭Uと鋭謎V	
W00566	CS.BIN:7D62E	메뉴:7B	1	入手\n{04:00}	입수\n{04:00}
W00567	CS.BIN:7D641	메뉴:32B	1	説明\n{04:00}{10:16:04}戻る{10:03:07}仙丹{10:03:0D}掘削状況\n	설명\n{04:00}{10:16:04}뒤로{10:03:07}선단{10:03:0D}굴삭 상황\n
W00568	CS.BIN:7D66B	메뉴:31B	1	破棄{10:03:0F}必要仙丹{10:06:0A}{16}ひ{08}{10:0E:0F}{11:03:88}{04:10}ブ	폐기{10:03:0F}필요 선단{10:06:0A}{16}{c:088}{08}{10:0E:0F}{11:03:88}{04:10}{c:107}
W00569	CS.BIN:7D691	메뉴:3B	1	{0A}ー版	
W00570	CS.BIN:7D6A6	메뉴:40B	1	?{10:06:0A}????????{10:04:04}掘削中止{10:03:0F}完了まで{10:11:0F}刻{10:0E:0F}	?{10:06:0A}????????{10:04:04}굴삭 중지{10:03:0F}완료까지{10:11:0F}각{10:0E:0F}
W00571	CS.BIN:7D6FC	메뉴:10B	1	クIラぽ {03:00}O{0C}額	
W00572	CS.BIN:7D724	메뉴:3B	1	狙 	
W00573	CS.BIN:7D736	메뉴:4B	1	トぺG2	
W00574	CS.BIN:7D79F	메뉴:3B	1	ひ喚	
W00575	CS.BIN:7D7EF	메뉴:12B	1	掘削を中止します	굴삭을 중지
W00576	CS.BIN:7D7FE	메뉴:18B	1	掘削した道具を廃棄します	굴삭한 도구를 폐기합니다
W00577	CS.BIN:7D8D8	메뉴:6B	1	を捨てます	버립니다
W00578	CS.BIN:7D8FF	메뉴:42B	1	視点を選んでください{10:10:0C}グループ視点\n部屋視点\nオート視点	시점을 고르세요{10:10:0C}그룹 시점\n방 시점\n자동 시점
W00579	CS.BIN:7D94C	메뉴:7B	1	オート視点	자동 시점
W00580	CS.BIN:7D955	메뉴:8B	1	騎{16}{17:11}{04:10}{17:18}	
W00581	CS.BIN:7D9F0	메뉴:6B	1	9と鋭謎T{0A}	
W00582	CS.BIN:7DA60	메뉴:25B	1	転送先の部屋を選んでください\n{17:04}{0B}円	전송할 방을 고르세요\n{17:04}{0B}{c:067}
W00583	CS.BIN:7DA9A	메뉴:11B	1	必要{17:04}{11:05:80}{04:00}	필요{17:04}{11:05:80}{04:00}
W00584	CS.BIN:7DAAC	메뉴:15B	1	I妻あO{16}M{0D:F4:11}■{04:4C}S額	
W00585	CS.BIN:7DB02	메뉴:87B	1	耐久力{10:0B:0F}{17:05}生産力\n{17:04}生産力\n{17:04}使用量{10:19:0F}{17:15}{17:09}\n{17:15}{17:09}\n{17:15}{17:09}{10:0A:07}{16}{07:10:11}{07:16:87}{04:10}ブ{16}は{08}{10:0A:0A}{16}は{0C}{10:11:0A}{16}は{10:10:18}{0A}{16}は{14}	
W00586	CS.BIN:7DB8A	메뉴:3B	1	けせ{08}	
W00587	CS.BIN:7DBA7	메뉴:17B	1	H{03:00}Oギ{59}版と廊{08}{06}，O{0A}{A}額	
W00588	CS.BIN:7DBC9	메뉴:2B	1	謎ワ	
W00589	CS.BIN:7DBCC	메뉴:3B	1	ヶ謎ワ	
W00590	CS.BIN:7DBD0	메뉴:3B	1	ず謎ワ	
W00591	CS.BIN:7DBD4	메뉴:3B	1	ば謎ワ	
W00592	CS.BIN:7DBD8	메뉴:3B	1	ぺ謎ワ	
W00593	CS.BIN:7DBDE	메뉴:116B	1	{10:12:05}龍穴炉{10:0B:08}必要量\n現在値\n残 量{10:08:0F}振込可能量\nエネルギー\n{10:0B:13}振込量{10:0A:16}部屋{10:16:16}通路{0D:5E:10}{14}{08}{11:05:00}\n{11:05:80}{04:05}{11:05:80}{0C}\n{06}{11:05:80}{14}\n{11:05:80}，警{17:01}\n{17:01}{10:19:11}{17:01}	{10:12:05}용혈로{10:0B:08}필요량\n현재값\n잔량{10:08:0F}납입 가능량\n에너지\n{10:0B:13}납입량{10:0A:16}방{10:16:16}통로{0D:5E:10}{14}{08}{11:05:00}\n{11:05:80}{04:05}{11:05:80}{0C}\n{06}{11:05:80}{14}\n{11:05:80}，{c:20A}{17:01}\n{17:01}{10:19:11}{17:01}
W00594	CS.BIN:7DC53	메뉴:42B	1	{0D:5E:10}挑{11:05:80}{08}\n{11:05:80}{10:10:1B}{11:11:05}て邦討{11:05:80} {10:0F:16}{11:03:80}、{10:1B:16}{11:03:80}＋	
W00595	CS.BIN:7DCC6	메뉴:2B	2	団	
W00596	CS.BIN:7DCD3	메뉴:43B	1	ぺ{14}{X}と版O{0A}{A}{10:0E:06}{59}{13}USED POINT{12}に{59}{10:0D:07}USED ENERGY{12}K{58}	
W00597	CS.BIN:7DD38	메뉴:28B	1	どちらを製作しますか{10:0F:11}部屋{10:16:11}{15}\n通路	어느 쪽을 만들까요{10:0F:11}방{10:16:11}{15}\n통로
W00598	CS.BIN:7DD77	메뉴:32B	1	どちらを製作しますか{10:0D:0B}通路ポイントを使用{10:0F:11}	어느 쪽을 만들까요{10:0D:0B}통로 포인트 사용{10:0F:11}
W00599	CS.BIN:7DD9C	메뉴:8B	1	部屋{10:16:11}{15}	방{10:16:11}{15}
W00600	CS.BIN:7DDA5	메뉴:4B	1	通路	통로
W00601	CS.BIN:7DDF8	메뉴:30B	1	部屋の大きさを方向キーで{10:0C:0B}指定して下さい	방 크기를 방향키로{10:0C:0B}지정하세요
W00602	CS.BIN:7DE1F	메뉴:29B	1	通路の長さを方向キーで{10:0C:0B}指定して下さい	통로 길이를 방향키로{10:0C:0B}지정하세요
W00603	CS.BIN:7DE45	메뉴:27B	1	部屋の設置場所を{10:0E:0B}指定して下さい	방 설치 장소를{10:0E:0B}지정하세요
W00604	CS.BIN:7DE69	메뉴:12B	1	部屋と接続します	방과 연결합니다
W00605	CS.BIN:7DE7C	메뉴:16B	1	部屋の大きさは固定です	방 크기는 고정입니다
W00606	CS.BIN:7DEAB	메뉴:25B	1	決定しますか?{10:0F:11}決定{10:16:11}{15}\n中止	결정할까요?{10:0F:11}결정{10:16:11}{15}\n중지
W00607	CS.BIN:7DECB	메뉴:22B	1	決定しますか?{10:0F:11}{15}\n決定{10:16:11}{15}	결정할까요?{10:0F:11}{15}\n결정{10:16:11}{15}
W00608	CS.BIN:7DEE2	메뉴:4B	1	中止	중지
W00609	CS.BIN:7DF3A	메뉴:12B	1	壁に接近しすぎです	벽이 너무 가까움
W00610	CS.BIN:7DF60	메뉴:16B	1	7個所以上の接続です	7곳 이상 연결입니다
W00611	CS.BIN:7DF88	메뉴:10B	1	が衝突しています	충돌합니다
W00612	CS.BIN:7DF95	메뉴:7B	1	{10:0D:11}左上	{10:0D:11}좌상
W00613	CS.BIN:7DFA1	메뉴:6B	1	{10:0D:11} 上	{10:0D:11} 상
W00614	CS.BIN:7DFAC	메뉴:7B	1	{10:0D:11}右上	{10:0D:11}우상
W00615	CS.BIN:7DFB8	메뉴:6B	1	{10:0D:11} 左	{10:0D:11} 좌
W00616	CS.BIN:7DFC3	메뉴:12B	1	{10:0F:11}衝突しています	{10:0F:11}충돌합니다
W00617	CS.BIN:7DFD2	메뉴:6B	1	{10:0D:11} 右	{10:0D:11} 우
W00618	CS.BIN:7DFDD	메뉴:7B	1	{10:0D:11}左下	{10:0D:11}좌하
W00619	CS.BIN:7DFE9	메뉴:6B	1	{10:0D:11} 下	{10:0D:11} 하
W00620	CS.BIN:7DFF4	메뉴:7B	1	{10:0D:11}右下	{10:0D:11}우하
W00621	CS.BIN:7E032	메뉴:4B	1	{0A}ぶゼ?	
W00622	CS.BIN:7E03C	메뉴:4B	1	{0C}オゼ?	
W00623	CS.BIN:7E046	메뉴:4B	1	{0E}ムゼ?	
W00624	CS.BIN:7E08B	메뉴:21B	1	これ以上トラップを設置できません	더는 함정 설치 불가
W00625	CS.BIN:7E0AE	메뉴:25B	1	敵部隊{11:81:F7}額 飛天石出口{11:82:F7}版	적 부대{11:81:F7}{c:061} 비천석 출구{11:82:F7}{c:062}
W00626	CS.BIN:7E0C9	메뉴:29B	1	騎{0E}{17:19}{04:10}{10:18:01}始点とする部屋を選んで下さい	{c:05E}{0E}{17:19}{04:10}{10:18:01}시작점이 될 방을 고르세요
W00627	CS.BIN:7E0E8	메뉴:17B	1	騎{0C}{17:1B}{04:10}{0E}ヂ決定ですか?	{c:05E}{0C}{17:1B}{04:10}{0E}{c:101}결정할까요?
W00628	CS.BIN:7E153	메뉴:27B	1	H顔騎{13}{17:14}{04:10}{15}ヂこれ以上設定できません	H{c:300}{c:05E}{13}{17:14}{04:10}{15}{c:101}더는 설정 불가
W00629	CS.BIN:7E174	메뉴:10B	1	はい{10:21:18}{15}\nいいえ	예{10:21:18}{15}\n아니오
W00630	CS.BIN:7E186	메뉴:10B	1	はい{10:21:18}{15}{04:6F}いえ	예{10:21:18}{15}{04:6F}니오
W00631	CS.BIN:7E1A1	메뉴:34B	1	{10:03:12}C：進む{10:03:14}B：戻る{10:03:16}Z：終了{10:03:18}X：新規	{10:03:12}C：진행{10:03:14}B：뒤로{10:03:16}Z：종료{10:03:18}X：새로
W00632	CS.BIN:7E1CD	메뉴:3B	1	ギ展?	
W00633	CS.BIN:7E1E1	메뉴:40B	1	風水\n火{11:02:00}\n土{11:02:80}{04:05}金{11:02:80}{08}\n水{11:02:80}{0C}\n木{11:02:80}{10:05:00}	풍수\n화{11:02:00}\n토{11:02:80}{04:05}금{11:02:80}{08}\n수{11:02:80}{0C}\n목{11:02:80}{10:05:00}
W00634	CS.BIN:7E210	메뉴:21B	1	と鋭謎K{6B}{04:6D}O{248}゜{6A}とKO、SO{06}K廊	
W00635	CS.BIN:7E24E	메뉴:39B	1	索敵{10:0B:02}因素{10:10:02}掘削{10:15:02}耐久{10:1A:02}部屋{10:1F:02}風水	색적{10:0B:02}인소{10:10:02}굴삭{10:15:02}내구{10:1A:02}방{10:1F:02}풍수
W00636	CS.BIN:7E282	메뉴:8B	1	{04:00}版て＋ぼ\n!	
W00637	CS.BIN:7E2BB	메뉴:33B	1	駆冥{10:66:1D}{12}{03:00}{13}＋{12}{03:80}{04:00}{B}嬉{13}HP {12}{03:80}{14}／{12}{03:80}ボ	
W00638	CS.BIN:7E2EB	메뉴:18B	1	{17:26}{04:0A}ギ巨{10:02:18}{07:9B:FF}{10:1A:06}{07:7A:FF}	
W00639	CS.BIN:7E348	메뉴:9B	1	Lギ円P舎けせ、	
W00640	CS.BIN:7E387	메뉴:25B	1	仙術\n道具\n仙獣\n情報\n{04:00}{0D:36:0E}	선술\n도구\n선수\n정보\n{04:00}{0D:36:0E}
W00641	CS.BIN:7E3A2	메뉴:18B	1	{04:01}{58}{59}\n{04:00}{0D:53:0F}{04:00}謎窟\n他	{04:01}{58}{59}\n{04:00}{0D:53:0F}{04:00}미굴\n기타
W00642	CS.BIN:7E3BA	메뉴:20B	1	仙術\n道具\n仙獣\n{04:00}{0D:36:0E}	선술\n도구\n선수\n{04:00}{0D:36:0E}
W00643	CS.BIN:7E3D0	메뉴:9B	1	{04:01}{58}{59}\n{04:00}他	{04:01}{58}{59}\n{04:00}기타
W00644	CS.BIN:7E4A7	메뉴:2B	1	しね	
W00645	CS.BIN:7E531	메뉴:20B	1	{06}陰IャジO{0A}{A}{10:03:06}X（フ{0A}ギいZ?	
W00646	CS.BIN:7E5A5	메뉴:3B	1	{13}位	
W00647	CS.BIN:7E5A9	메뉴:1B	1	廊	
W00648	CS.BIN:7E5C7	메뉴:16B	1	を見ますか?{10:1B:10}はい\nいいえ	볼까요?{10:1B:10}예\n아니오
W00649	CS.BIN:7E627	메뉴:5B	1	{06}Lギお。	
W00650	CS.BIN:7E62E	메뉴:4B	1	{03:00}{5B}展	
W00651	CS.BIN:7E64A	메뉴:14B	1	どゼKHだゼね{0E}IサジM『ぺ	
W00652	CS.BIN:7E659	메뉴:8B	1	IニジIコジU{08}	
W00653	CS.BIN:7E6C1	메뉴:4B	1	モぺ82	
W00654	CS.BIN:7E6F4	메뉴:8B	1	LギかQ狙Tア	
W00655	CS.BIN:7E782	메뉴:18B	1	使う\n{04:00}説明\n{0D:50:0F}{03:00}{04:01}	사용\n{04:00}설명\n{0D:50:0F}{03:00}{04:01}
W00656	CS.BIN:7E796	메뉴:10B	1	廃棄\n{04:00}戻る	폐기\n{04:00}뒤로
W00657	CS.BIN:7E805	메뉴:8B	1	と鋭Uと鋭謎UI	
W00658	CS.BIN:7E826	메뉴:4B	1	Mギすガ	
W00659	CS.BIN:7E871	메뉴:2B	1	{LV}侶	
W00660	CS.BIN:7E892	메뉴:19B	1	UIすゲU{10:08:0B}HのホZ{0A}ギせ{10:04:07}{16}	
W00661	CS.BIN:7E8D3	메뉴:8B	1	CN（ぺ愚G2	
W00662	CS.BIN:7E920	메뉴:17B	1	Hけズ{0A}VHえズ{10:02:06}X（フ{0A}V?	
W00663	CS.BIN:7E941	메뉴:17B	1	{08}{10:00:01}防具を選んで下さい	{08}{10:00:01}방어구를 고르세요
W00664	CS.BIN:7E965	메뉴:13B	1	道具を選んで下さい	도구를 고르세요
W00665	CS.BIN:7E974	메뉴:5B	1	Lギつ{LV}侶	
W00666	CS.BIN:7EA0C	메뉴:20B	1	リ{0A}ギね{10:19:06}{13}MP{12}{03:00}／{12}{03:80}{04:20}{12}	
W00667	CS.BIN:7EA26	메뉴:8B	1	て{0C}{0A}ギの{10:1A:07}	
W00668	CS.BIN:7EA42	메뉴:4B	1	ぼ駆{0A}謎	
W00669	CS.BIN:7EA47	메뉴:3B	1	{0F}ぼ駆	
W00670	CS.BIN:7EAC1	메뉴:10B	1	LギめIPギU{10:02:02}	
W00671	CS.BIN:7EACC	메뉴:24B	1	仙獣を選んでください\n{X}：仙獣情報	선수를 고르세요\n{X}：선수 정보
W00672	CS.BIN:7EB18	메뉴:1B	1	巨	
W00673	CS.BIN:7EB94	메뉴:5B	1	HひヘX）	
W00674	CS.BIN:7EB9A	메뉴:9B	1	{0A}ギゆ{10:02:0E}{07:FF:FF}	
W00675	CS.BIN:7EBA5	메뉴:2B	1	{6A}額	
W00676	CS.BIN:7EBDA	메뉴:17B	1	装備\n情報\n{0D:18:0F}{03:00}{04:01}	장비\n정보\n{0D:18:0F}{03:00}{04:01}
W00677	CS.BIN:7EC16	메뉴:5B	1	クね{0D:55:1D}	
W00678	CS.BIN:7EC61	메뉴:7B	1	UIキぽUX）	
W00679	CS.BIN:7EC6D	메뉴:27B	1	解雇します\nよろしいですか?{10:11:14}はい{10:16:14}いいえ	해고할까요?{10:11:14}예{10:16:14}아니오
W00680	CS.BIN:7ED27	메뉴:15B	1	表（フ{10:15:07}Hぐフ{10:02:02}V、	
W00681	CS.BIN:7ED37	메뉴:30B	1	変更する装備を選んでください\n{X}：道具情報	바꿀 장비를 고르세요\n{X}：도구 정보
W00682	CS.BIN:7EE53	메뉴:7B	1	{0A}ギろ{10:0A:0B}9	
W00683	CS.BIN:7EE95	메뉴:20B	1	装備するアイテムを選んでください\n	장비할 아이템을 고르세요\n
W00684	CS.BIN:7EEAD	메뉴:10B	1	{X}：道具情報	{X}：도구 정보
W00685	CS.BIN:7EF83	메뉴:18B	1	持ち物が一杯ではずせません\n	가득 차서 못 벗어\n
W00686	CS.BIN:7EFD9	메뉴:6B	1	と{5B}セゼU{08}	
W00687	CS.BIN:7F035	메뉴:4B	1	説明	설명
W00688	CS.BIN:7F03A	메뉴:4B	1	会話	대화
W00689	CS.BIN:7F03F	메뉴:4B	1	警告	경고
W00690	CS.BIN:7F044	메뉴:3B	1	速い	빠름
W00691	CS.BIN:7F048	메뉴:4B	1	普通	보통
W00692	CS.BIN:7F04D	메뉴:3B	1	遅い	느림
W00693	CS.BIN:7F058	메뉴:4B	1	{04:01}{A}廊	
W00694	CS.BIN:7F064	메뉴:5B	1	{04:01}駆{04:63}	
W00695	CS.BIN:7F07E	메뉴:105B	1	音楽ボリューム\nSEボリューム\n解説ボリューム\nステレオモード\n仙獣の助言\nウィンドウレベル\nキーリピート{10:11:13}開始\n間隔{10:15:07}小\n小\n小{10:1F:07} 大\n 大\n 大	음악 볼륨\nSE 볼륨\n해설 볼륨\n스테레오 모드\n선수의 조언\n창 레벨\n키 반복{10:11:13}시작\n간격{10:15:07}소\n소\n소{10:1F:07} 대\n 대\n 대
W00696	CS.BIN:7F118	메뉴:6B	1	ステレオ{04:01}	입체{04:01}
W00697	CS.BIN:7F12A	메뉴:4B	1	モノラル	모노
W00698	CS.BIN:7F147	메뉴:3B	1	ガゼ2	
W00699	CS.BIN:7F155	메뉴:3B	1	びゼ8	
W00700	CS.BIN:7F159	메뉴:7B	1	びゼ8{03:EE}ゼ2	
W00701	CS.BIN:7F16B	메뉴:8B	1	て邦{15}{15}{07:DE:FE}	
W00702	CS.BIN:7F174	메뉴:14B	1	{LV}IクぼLギぅ侶\n{06}邦{B}『	
W00703	CS.BIN:7F190	메뉴:2B	1	たて	
W00704	CS.BIN:7F1D0	메뉴:20B	1	IJぱI7ぱ■{04:48}{0A}■{A}{10:02:02}V、{0A}ギヌ	
W00705	CS.BIN:7F1E5	메뉴:33B	1	グループ1を{11:01:00}人分空けて下さい\n{X}：仙獣情報	그룹1을{11:01:00}명분 비워 주세요\n{X}：선수 정보
W00706	CS.BIN:7F25E	메뉴:149B	1	一一なぞ窟01 部屋神全員集合 一一\n  生産  練丹  召喚  索敵\n  攻撃  倉庫  掘削  転送\nこれらの部屋を全て作った後、龍穴炉に\n1振り込むこと。\n 制限時間：3ターン\n 賞品：魅惑の桃まん	――미굴01 방신 총집합――\n  생산  연단  소환  색적\n  공격  창고  굴삭  전송\n이 방들을 다 만든 뒤\n용혈로에 1 납입할 것。\n 제한 시간：3턴\n 상품：매혹도만두
W00707	CS.BIN:7F2F7	메뉴:110B	1	一一なぞ窟02  扉の無い部屋 一一\n中央の練丹部屋に扉を6つ付けた後、\n龍穴炉に1振り込むこと。 \n \n \n 制限時間：1ターン\n 賞品：引波の方位盤	――미굴02 문 없는 방――\n중앙 연단 방에 문 6개를 단 뒤\n용혈로에 1 납입할 것。\n \n \n 제한 시간：1턴\n 상품：인파방위반
W00708	CS.BIN:7F369	메뉴:149B	1	一一なぞ窟03 閉天のへきれき 一一\n中央上にある攻撃部屋の蒼龍の策LV4\nを機能する状態にした後、龍穴炉に1振\nり込むこと。 \n 注意：生産、倉庫部屋は作れません\n 制限時間：4ターン\n 賞品：酉神の胴衣	――미굴03 청천벽력――\n중앙 위 공격 방의 창룡책LV4를\n작동시킨 뒤 용혈로에 1 납입할\n것。\n 주의：생산・창고 방 불가\n 제한 시간：4턴\n 상품：유신동의
W00709	CS.BIN:7F402	메뉴:80B	1	一一なぞ窟04  急がば回らず 一一\n龍穴炉に1振り込むこと。\n \n \n \n 制限時間：2ターン\n 賞品：天帝のドクロ	――미굴04 곧장 가라――\n용혈로에 1 납입할 것。\n \n \n \n 제한 시간：2턴\n 상품：천제해골
W00710	CS.BIN:7F456	메뉴:101B	1	一一なぞ窟05   一騎当千  一一\n侵入してくる敵に負けないこと。\n \n \n 注意：転送部屋は作れません\n 終了時間：3ターン\n 賞品：天狗の盾	――미굴05 일기당천――\n침입하는 적에게 지지 말 것。\n \n \n 주의：전송 방 불가\n 종료 시간：3턴\n 상품：천구패
W00711	CS.BIN:7F4BF	메뉴:100B	1	一一なぞ窟06   有難迷惑  一一\n龍穴炉に1000振り込むこと。\n \n \n 注意：ダッシュできません\n 制限時間：1ターン\n 賞品：仙石スコップ	――미굴06 웬 민폐――\n용혈로에 1000 납입할 것。\n \n \n 주의：대시 불가\n 제한 시간：1턴\n 상품：선석삽
W00712	CS.BIN:7F527	메뉴:117B	1	一一なぞ窟07   失敗作   一一\nエネルギー綜生産量を200以上にする\nこと。 \n \n 注意：生産、練丹、倉庫部屋作れない\n 制限時間：6ターン\n 賞品：名手の帯	――미굴07 실패작――\n에너지 총생산량을 200 이상으로\n만들 것。\n \n 주의：생산・연단・창고 방 불가\n 제한 시간：6턴\n 상품：명수띠
W00713	CS.BIN:7F5A0	메뉴:75B	1	一一なぞ窟08   千里眼   一一\n全索敵を作ること。\n \n \n \n 制限時間：2ターン\n 賞品：魔王の杖	――미굴08 천리안――\n전색적을 만들 것。\n \n \n \n 제한 시간：2턴\n 상품：마왕장
W00714	CS.BIN:7F5EF	메뉴:78B	1	一一なぞ窟09   大忙し   一一\n龍穴炉に5000振り込むこと。\n \n \n \n 制限時間：6ターン\n 賞品：如来	――미굴09 분주함――\n용혈로에 5000 납입할 것。\n \n \n \n 제한 시간：6턴\n 상품：여래
W00715	CS.BIN:7F641	메뉴:106B	1	一一なぞ窟10   大入御礼  一一\n撃退者綜数を100以上にすること。\n \n \n 注意：倉庫部屋は作れません\n 制限時間：3ターン\n 賞品：皇牙錘	――미굴10 대만원――\n격퇴수를 100 이상으로 할 것。\n \n \n 주의：창고 방 불가\n 제한 시간：3턴\n 상품：황아추
W00716	CS.BIN:7F6AF	메뉴:115B	1	一一なぞ窟11 トンネル開通せず一一\n全ての部屋を作った後、龍穴炉に1振り\n込むこと。\nなお、悪い気の流れがあってはいけない\n \n 制限時間：1ターン\n 賞品：封魔の帽子	――미굴11 터널 불통――\n모든 방을 만든 뒤 용혈로에 1\n납입할 것。\n단、나쁜 기의 흐름이 있으면 안 됨\n \n 제한 시간：1턴\n 상품：봉마모자
W00717	CS.BIN:7F726	메뉴:120B	1	一一なぞ窟12   完全犯罪  一一\n龍穴炉に1000振り込むこと。\nただし、扉を開けてはいけない。\n \n 注意：倉庫部屋は作れません\n 制限時間：1ターン\n 賞品：双龍烈波	――미굴12 완전범죄――\n용혈로에 1000 납입할 것。\n단、문을 열어서는 안 됨。\n \n 주의：창고 방 불가\n 제한 시간：1턴\n 상품：쌍룡열파
W00718	CS.BIN:7F7A2	메뉴:129B	1	一一なぞ窟13  風に乗って  一一\n2つの階段部屋を開通させ、その間を\n6刻以内で移動すること。\n \n 注意：練丹、転送、倉庫部屋作れない\n 制限時間：5ターン\n 賞品：天馬の靴	――미굴13 바람 타고――\n두 계단 방을 개통하고 그 사이를\n6각 안에 이동할 것。\n \n 주의：연단・전송・창고 방 불가\n 제한 시간：5턴\n 상품：천마화
W00719	CS.BIN:7F827	메뉴:120B	1	一一なぞ窟14   相乗効果  一一\n太極宝宮と四神雷鳴を作ること。\n \n 注意：倉庫部屋は作れません\n 持ち物：水天風水香\n 制限時間：2ターン\n 賞品：夜叉	――미굴14 상승효과――\n태극보궁과 사신뇌명을 만들 것。\n \n 주의：창고 방 불가\n 소지품：수천풍수향\n 제한 시간：2턴\n 상품：야차
W00720	CS.BIN:7F8A3	메뉴:81B	1	一一なぞ窟15   地雷原   一一\n侵入してくる敵に負けないこと。\n \n \n \n 終了時間：3ターン\n 賞品：神龍のヒゲ	――미굴15 지뢰밭――\n침입하는 적에게 지지 말 것。\n \n \n \n 종료 시간：3턴\n 상품：신룡수염
W00721	CS.BIN:7F8F8	메뉴:98B	1	一一なぞ窟16  働けない時  一一\n龍穴炉に1000振り込むこと。\n \n \n 注意：ダッシュできません\n 制限時間：1ターン\n 賞品：虚無の指輪	――미굴16 휴업 중――\n용혈로에 1000 납입할 것。\n \n \n 주의：대시 불가\n 제한 시간：1턴\n 상품：허무반지
W00722	CS.BIN:7F95E	메뉴:116B	1	一一なぞ窟17   区画整理  一一\n仙丹綜生産量を100以上にすること。\n \n \n 注意：生産、練丹、倉庫部屋作れない\n 制限時間：6ターン\n 賞品：皇王槍	――미굴17 구획정리――\n선단 총생산량을 100 이상으로\n만들 것。\n \n 주의：생산・연단・창고 방 불가\n 제한 시간：6턴\n 상품：황왕창
W00723	CS.BIN:7F9D6	메뉴:145B	1	一一なぞ窟18   百花繚乱  一一\n玉皇宝華、龍盛豪炉、風神勇尊を全て\n作ること。\n 注意：倉庫部屋は作れません。\n 持ち物：双龍烈波、木天風水香\n 制限時間：10ターン\n 賞品：崖尤の斧	――미굴18 백화요란――\n옥황보화・용성호로・풍신용존을\n모두 만들 것。\n 주의：창고 방 불가\n 소지품：쌍룡열파、목천풍수향\n 제한 시간：10턴\n 상품：치우도끼
W00724	CS.BIN:7FA6B	메뉴:84B	1	一一なぞ窟19   無理難題  一一\n龍穴炉に10000振り込むこと。\n \n \n \n 制限時間：8ターン\n 賞品：仙石の鎧	――미굴19 무리난제――\n용혈로에 10000 납입할 것。\n \n \n \n 제한 시간：8턴\n 상품：선석갑
W00725	CS.BIN:7FAC3	메뉴:118B	1	一一なぞ窟20  招かれざる客 一一\n龍穴炉に5000振り込むこと。\nなお、1000振り込む度に敵が侵入し\nてくるので全て撃退すること。\n \n 制限時間：99ターン\n 賞品：????	――미굴20 불청객――\n용혈로에 5000 납입할 것。\n단、1000 납입할 때마다 적이\n침입하니 모두 격퇴할 것。\n \n 제한 시간：99턴\n 상품：????
W00726	LOAD.BIN:105A7	메뉴:2B	1	毒	
W00727	LOAD.BIN:105B7	메뉴:2B	1	狙	
W00728	LOAD.BIN:105BF	메뉴:2B	1	顔	
W00729	LOAD.BIN:105D8	메뉴:29B	1	{06}{03:68}ぼ{06}{03:69} {06}{03:69}謎{06}{03:69}フ{06}{03:F2}『{06}{03:F2}3レクチャー	{06}{03:68}{c:0F0}{06}{03:69} {06}{03:69}{c:060}{06}{03:69}{c:0C0}{06}{03:F2}『{06}{03:F2}3입문
W00730	LOAD.BIN:10609	메뉴:8B	1	杞人之憂	기인지우
W00731	LOAD.BIN:1061A	메뉴:7B	1	封印の門	봉인문
W00732	LOAD.BIN:10622	메뉴:8B	1	因果応報	인과응보
W00733	LOAD.BIN:1062B	메뉴:7B	1	土功の怪	토공괴이
W00734	LOAD.BIN:10644	메뉴:9B	1	狂気の魔獣	광기의 마수
W00735	LOAD.BIN:1064E	메뉴:11B	1	仙獣界の皇帝	선수계 황제
W00736	LOAD.BIN:1065A	메뉴:5B	1	ボス面	보스판
W00737	LOAD.BIN:106E5	메뉴:99B	1	老師の下を離れ、主人公は仙窟を初めて{06}作る事になった。{06}だが、その土地には太古からの呪いが主{06}人公を待ち受けていた。{06}（レクチャーシナリオの後半です）	노사 곁을 떠나 주인공은 처음으로{06}선굴을 만들게 되었다。{06}하지만 그 땅에는 태고의 저주가{06}주인공을 기다리고 있었다。{06}（입문 시나리오의 후반입니다）
W00738	LOAD.BIN:109B5	메뉴:165B	1	ある日、一人の少女が山中で魔物に襲わ{06}れた。絶体絶命であったが、その危機を{06}救ってくれたのは、なんとたまごからか{06}えったばかりの幼龍であった。{06}少女は、龍と生活する事を決めるが、龍{06}は何も食べようとはしなかった。やせ細{06}る龍を見つめ少女は一つの決意をする。	어느 날 한 소녀가 산속에서{06}마물에게 습격당했다。절체절명의{06}위기에서 소녀를 구한 건 알에서{06}막 깬 아기 용이었다。소녀는 용과{06}살기로 하지만 용은 아무것도 먹지{06}않았다。여위어 가는 용을 보며{06}소녀는 결심한다。
W00739	LOAD.BIN:10CFD	메뉴:105B	1	ゲーム内に登場する、巨大ボス達との連{06}続戦闘を楽しむモードです。いったい何{06}体倒せばクリア出来るのか。そもそも、{06}エンディングは、存在するのか!?{06}頑張ってください。	게임에 나오는 거대 보스들과 연속{06}전투를 즐기는 모드입니다。몇{06}마리를 쓰러뜨려야{06}클리어일까。엔딩은 과연{06}있을까!?힘내세요。
W00740	LOAD.BIN:10E7F	메뉴:191B	1	本体RAMのバックアップの準備がまだ出{06}来ていません。（初期化されていません）{06} {06}セガサターン本体の保存データ管理画面で{06}全ての記録を消して下さい。{06} （初期化してください）{06} {06}LまたはRボタンを押しながらリセット{06}ボタンを押すとセガサターン本体の   {06}保存データ管理画面へ進みます。    	본체 RAM 백업 준비가 아직 안{06}됐습니다（미초기화）{06}{06}세가새턴 본체의 저장 데이터 관리{06}화면에서 모든 기록을 지워 주세요。{06}（초기화해 주세요）{06}{06}L 또는 R버튼을 누른 채 리셋{06}버튼을 누르면 본체의 저장 데이터{06}관리 화면으로 갑니다。
W00741	LOAD.BIN:11E58	메뉴:3B	1	つづき	이어서
W00742	LOAD.BIN:11E68	메뉴:4B	1	なぞ窟	미굴
W00743	LOAD.BIN:11E6D	메뉴:32B	1	このプレイヤーの記録を{06}消去します。{06}よろしいですか?	이 플레이어의 기록을{06}지웁니다。{06}괜찮습니까?
W00744	LOAD.BIN:11E8E	메뉴:19B	1	消去するデータを選んで下さい	지울 데이터를 고르세요
W00745	LOAD.BIN:11EA2	메뉴:4B	1	完遂	완수
W00746	LOAD.BIN:11EE6	메뉴:239B	1	このままでは、ゲームの記録を保存する事{06}は出来ません。{06}新しい記録を保存するためには約108の{06}空き容量が必要です。{06}LまたはRボタンを押しながらリセットボ{06}タンを押すとセガサターン本体の保存デー{06}タ管理画面へ進みます。{06}このままゲームを始める場合はスタートボ{06}タンを押して下さい。{06}この場合、ゲーム中に記録保存は出来ませ{06}んが、シナリオ1と2だけをプレイするこ{06}とが出来ます。	이대로는 게임 기록을 저장할 수{06}없습니다。{06}새 기록을 저장하려면 약 108의{06}빈 용량이 필요합니다。{06}L 또는 R버튼을 누른 채 리셋{06}버튼을 누르면 세가새턴 본체의 저장{06}데이터 관리 화면으로 갑니다。{06}이대로 게임을 시작하려면 스타트{06}버튼을 눌러 주세요。{06}이 경우 게임 중 기록 저장은 안{06}되지만 시나리오 1과 2만 플레이할{06}수 있습니다。
W00747	LOAD.BIN:120DB	메뉴:52B	1	データの読み込みに失敗しました。{06}正しく記録を読み込む事が出来ません{06}でした。	데이터를 읽지 못했습니다。{06}기록을 제대로 읽을 수{06}없었습니다。
W00748	LOAD.BIN:12110	메뉴:15B	1	記録を読み込めません。	기록을 못 읽습니다。
W00749	LOAD.BIN:12120	메뉴:15B	1	読込みに失敗しました。	읽기 실패했습니다。
W00750	LOAD.BIN:12130	메뉴:14B	1	部屋神全員集合	방신 총집합
W00751	LOAD.BIN:1214A	메뉴:9B	1	閉天のへきれき	청천벽력
W00752	LOAD.BIN:12154	메뉴:8B	1	急がば回らず	곧장 가라
W00753	LOAD.BIN:1215D	메뉴:7B	1	一騎当千	일기당천
W00754	LOAD.BIN:12165	메뉴:8B	1	有難迷惑	웬 민폐
W00755	LOAD.BIN:1216E	메뉴:6B	1	失敗作	실패작
W00756	LOAD.BIN:12175	메뉴:6B	1	千里眼	천리안
W00757	LOAD.BIN:1217C	메뉴:5B	1	大忙し	분주함
W00758	LOAD.BIN:12182	메뉴:8B	1	大入御礼	대만원
W00759	LOAD.BIN:1218B	메뉴:10B	1	トンネル開通せず	터널 불통
W00760	LOAD.BIN:12196	메뉴:8B	1	完全犯罪	완전범죄
W00761	LOAD.BIN:1219F	메뉴:7B	1	風に乗って	바람 타고
W00762	LOAD.BIN:121A7	메뉴:8B	1	相乗効果	상승효과
W00763	LOAD.BIN:121B0	메뉴:6B	1	地雷原	지뢰밭
W00764	LOAD.BIN:121B7	메뉴:7B	1	働けない時	휴업 중
W00765	LOAD.BIN:121BF	메뉴:8B	1	区画整理	구획정리
W00766	LOAD.BIN:121C8	메뉴:8B	1	百花繚乱	백화요란
W00767	LOAD.BIN:121D1	메뉴:8B	1	無理難題	무리난제
W00768	LOAD.BIN:121DA	메뉴:8B	1	招かれざる客	불청객
W00769	LOAD.BIN:121E3	메뉴:8B	1	なぞ窟選択	미굴 선택
W00770	LOAD.BIN:12241	메뉴:149B	1	一一なぞ窟01 部屋神全員集合 一一{06}  生産  練丹  召喚  索敵{06}  攻撃  倉庫  掘削  転送{06}これらの部屋を全て作った後、龍穴炉に{06}1振り込むこと。{06} 制限時間：3ターン{06} 賞品：魅惑の桃まん	――미굴01 방신 총집합――{06}  생산  연단  소환  색적{06}  공격  창고  굴삭  전송{06}이 방들을 다 만든 뒤{06}용혈로에 1 납입할 것。{06} 제한 시간：3턴{06} 상품：매혹도만두
W00771	LOAD.BIN:122D8	메뉴:110B	1	一一なぞ窟02  扉の無い部屋 一一{06}中央の練丹部屋に扉を6つ付けた後、{06}龍穴炉に1振り込むこと。 {06} {06} {06} 制限時間：1ターン{06} 賞品：引波の方位盤	――미굴02 문 없는 방――{06}중앙 연단 방에 문 6개를 단 뒤{06}용혈로에 1 납입할 것。{06} {06} {06} 제한 시간：1턴{06} 상품：인파방위반
W00772	LOAD.BIN:12348	메뉴:149B	1	一一なぞ窟03 閉天のへきれき 一一{06}中央上にある攻撃部屋の蒼龍の策LV4{06}を機能する状態にした後、龍穴炉に1振{06}り込むこと。 {06} 注意：生産、倉庫部屋は作れません{06} 制限時間：4ターン{06} 賞品：酉神の胴衣	――미굴03 청천벽력――{06}중앙 위 공격 방의 창룡책LV4를{06}작동시킨 뒤 용혈로에 1 납입할{06}것。{06} 주의：생산・창고 방 불가{06} 제한 시간：4턴{06} 상품：유신동의
W00773	LOAD.BIN:123DF	메뉴:80B	1	一一なぞ窟04  急がば回らず 一一{06}龍穴炉に1振り込むこと。{06} {06} {06} {06} 制限時間：2ターン{06} 賞品：天帝のドクロ	――미굴04 곧장 가라――{06}용혈로에 1 납입할 것。{06} {06} {06} {06} 제한 시간：2턴{06} 상품：천제해골
W00774	LOAD.BIN:12431	메뉴:101B	1	一一なぞ窟05   一騎当千  一一{06}侵入してくる敵に負けないこと。{06} {06} {06} 注意：転送部屋は作れません{06} 終了時間：3ターン{06} 賞品：天狗の盾	――미굴05 일기당천――{06}침입하는 적에게 지지 말 것。{06} {06} {06} 주의：전송 방 불가{06} 종료 시간：3턴{06} 상품：천구패
W00775	LOAD.BIN:12498	메뉴:100B	1	一一なぞ窟06   有難迷惑  一一{06}龍穴炉に1000振り込むこと。{06} {06} {06} 注意：ダッシュできません{06} 制限時間：1ターン{06} 賞品：仙石スコップ	――미굴06 웬 민폐――{06}용혈로에 1000 납입할 것。{06} {06} {06} 주의：대시 불가{06} 제한 시간：1턴{06} 상품：선석삽
W00776	LOAD.BIN:124FE	메뉴:117B	1	一一なぞ窟07   失敗作   一一{06}エネルギー綜生産量を200以上にする{06}こと。 {06} {06} 注意：生産、練丹、倉庫部屋作れない{06} 制限時間：6ターン{06} 賞品：名手の帯	――미굴07 실패작――{06}에너지 총생산량을 200 이상으로{06}만들 것。{06} {06} 주의：생산・연단・창고 방 불가{06} 제한 시간：6턴{06} 상품：명수띠
W00777	LOAD.BIN:12575	메뉴:75B	1	一一なぞ窟08   千里眼   一一{06}全索敵を作ること。{06} {06} {06} {06} 制限時間：2ターン{06} 賞品：魔王の杖	――미굴08 천리안――{06}전색적을 만들 것。{06} {06} {06} {06} 제한 시간：2턴{06} 상품：마왕장
W00778	LOAD.BIN:125C2	메뉴:78B	1	一一なぞ窟09   大忙し   一一{06}龍穴炉に5000振り込むこと。{06} {06} {06} {06} 制限時間：6ターン{06} 賞品：如来	――미굴09 분주함――{06}용혈로에 5000 납입할 것。{06} {06} {06} {06} 제한 시간：6턴{06} 상품：여래
W00779	LOAD.BIN:12612	메뉴:106B	1	一一なぞ窟10   大入御礼  一一{06}撃退者綜数を100以上にすること。{06} {06} {06} 注意：倉庫部屋は作れません{06} 制限時間：3ターン{06} 賞品：皇牙錘	――미굴10 대만원――{06}격퇴수를 100 이상으로 할 것。{06} {06} {06} 주의：창고 방 불가{06} 제한 시간：3턴{06} 상품：황아추
W00780	LOAD.BIN:1267E	메뉴:115B	1	一一なぞ窟11 トンネル開通せず一一{06}全ての部屋を作った後、龍穴炉に1振り{06}込むこと。{06}なお、悪い気の流れがあってはいけない{06} {06} 制限時間：1ターン{06} 賞品：封魔の帽子	――미굴11 터널 불통――{06}모든 방을 만든 뒤 용혈로에 1{06}납입할 것。{06}단、나쁜 기의 흐름이 있으면 안 됨{06} {06} 제한 시간：1턴{06} 상품：봉마모자
W00781	LOAD.BIN:126F3	메뉴:120B	1	一一なぞ窟12   完全犯罪  一一{06}龍穴炉に1000振り込むこと。{06}ただし、扉を開けてはいけない。{06} {06} 注意：倉庫部屋は作れません{06} 制限時間：1ターン{06} 賞品：双龍烈波	――미굴12 완전범죄――{06}용혈로에 1000 납입할 것。{06}단、문을 열어서는 안 됨。{06} {06} 주의：창고 방 불가{06} 제한 시간：1턴{06} 상품：쌍룡열파
W00782	LOAD.BIN:1276D	메뉴:129B	1	一一なぞ窟13  風に乗って  一一{06}2つの階段部屋を開通させ、その間を{06}6刻以内で移動すること。{06} {06} 注意：練丹、転送、倉庫部屋作れない{06} 制限時間：5ターン{06} 賞品：天馬の靴	――미굴13 바람 타고――{06}두 계단 방을 개통하고 그 사이를{06}6각 안에 이동할 것。{06} {06} 주의：연단・전송・창고 방 불가{06} 제한 시간：5턴{06} 상품：천마화
W00783	LOAD.BIN:127F0	메뉴:120B	1	一一なぞ窟14   相乗効果  一一{06}太極宝宮と四神雷鳴を作ること。{06} {06} 注意：倉庫部屋は作れません{06} 持ち物：水天風水香{06} 制限時間：2ターン{06} 賞品：夜叉	――미굴14 상승효과――{06}태극보궁과 사신뇌명을 만들 것。{06} {06} 주의：창고 방 불가{06} 소지품：수천풍수향{06} 제한 시간：2턴{06} 상품：야차
W00784	LOAD.BIN:1286A	메뉴:81B	1	一一なぞ窟15   地雷原   一一{06}侵入してくる敵に負けないこと。{06} {06} {06} {06} 終了時間：3ターン{06} 賞品：神龍のヒゲ	――미굴15 지뢰밭――{06}침입하는 적에게 지지 말 것。{06} {06} {06} {06} 종료 시간：3턴{06} 상품：신룡수염
W00785	LOAD.BIN:128BD	메뉴:98B	1	一一なぞ窟16  働けない時  一一{06}龍穴炉に1000振り込むこと。{06} {06} {06} 注意：ダッシュできません{06} 制限時間：1ターン{06} 賞品：虚無の指輪	――미굴16 휴업 중――{06}용혈로에 1000 납입할 것。{06} {06} {06} 주의：대시 불가{06} 제한 시간：1턴{06} 상품：허무반지
W00786	LOAD.BIN:12921	메뉴:116B	1	一一なぞ窟17   区画整理  一一{06}仙丹綜生産量を100以上にすること。{06} {06} {06} 注意：生産、練丹、倉庫部屋作れない{06} 制限時間：6ターン{06} 賞品：皇王槍	――미굴17 구획정리――{06}선단 총생산량을 100 이상으로{06}만들 것。{06} {06} 주의：생산・연단・창고 방 불가{06} 제한 시간：6턴{06} 상품：황왕창
W00787	LOAD.BIN:12997	메뉴:145B	1	一一なぞ窟18   百花繚乱  一一{06}玉皇宝華、龍盛豪炉、風神勇尊を全て{06}作ること。{06} 注意：倉庫部屋は作れません。{06} 持ち物：双龍烈波、木天風水香{06} 制限時間：10ターン{06} 賞品：崖尤の斧	――미굴18 백화요란――{06}옥황보화・용성호로・풍신용존을{06}모두 만들 것。{06} 주의：창고 방 불가{06} 소지품：쌍룡열파、목천풍수향{06} 제한 시간：10턴{06} 상품：치우도끼
W00788	LOAD.BIN:12A2A	메뉴:84B	1	一一なぞ窟19   無理難題  一一{06}龍穴炉に10000振り込むこと。{06} {06} {06} {06} 制限時間：8ターン{06} 賞品：仙石の鎧	――미굴19 무리난제――{06}용혈로에 10000 납입할 것。{06} {06} {06} {06} 제한 시간：8턴{06} 상품：선석갑
W00789	LOAD.BIN:12A80	메뉴:118B	1	一一なぞ窟20  招かれざる客 一一{06}龍穴炉に5000振り込むこと。{06}なお、1000振り込む度に敵が侵入し{06}てくるので全て撃退すること。{06} {06} 制限時間：99ターン{06} 賞品：????	――미굴20 불청객――{06}용혈로에 5000 납입할 것。{06}단、1000 납입할 때마다 적이{06}침입하니 모두 격퇴할 것。{06} {06} 제한 시간：99턴{06} 상품：????
W00790	HELP.BIN:12E74	메뉴:5B	1	戻る{04:00}	뒤로{04:00}
W00791	HELP.BIN:12E8B	메뉴:5B	1	進む{04:00}	앞으로{04:00}
W00792	HELP.BIN:12EB6	메뉴:9B	1	関連項目{09}	관련항목{09}
W00793	HELP.BIN:12ECC	메뉴:8B	1	ゲームへ戻る{09}	게임으로{09}
W00794	HELP.BIN:12EDF	메뉴:12B	1	メインメニューへ戻る{09}	메인 메뉴로{09}
W00795	HELP.BIN:12F18	메뉴:17B	1	自キャラに関する疑問{04:00}{09}	주인공에 관한 의문{04:00}{09}
W00796	HELP.BIN:12F3A	메뉴:16B	1	仙窟に関する疑問{04:00}{09}	선굴에 관한 의문{04:00}{09}
W00797	HELP.BIN:12F5B	메뉴:16B	1	部屋に関する疑問{04:00}{09}	방에 관한 의문{04:00}{09}
W00798	HELP.BIN:12F7C	메뉴:16B	1	仙獣に関する疑問{04:00}{09}	선수에 관한 의문{04:00}{09}
W00799	HELP.BIN:12F9D	메뉴:14B	1	集計タイム関係{04:00}{09}	집계 관련{04:00}{09}
W00800	HELP.BIN:12FBC	메뉴:12B	1	上級テクニック{04:00}{09}	상급 테크닉{04:00}{09}
W00801	HELP.BIN:12FD9	메뉴:11B	1	用語解説{04:00}{09}	용어 해설{04:00}{09}
W00802	HELP.BIN:12FF5	메뉴:12B	1	画面の見方{04:00}{09}	화면 보는 법{04:00}{09}
W00803	HELP.BIN:13012	메뉴:7B	1	その他{04:00}{09}	기타{04:00}{09}
W00804	HELP.BIN:1302A	메뉴:11B	1	仙獣各種{04:00}{09}	선수 각종{04:00}{09}
W00805	HELP.BIN:13046	메뉴:11B	1	部屋各種{04:00}{09}	방 각종{04:00}{09}
W00806	HELP.BIN:13062	메뉴:11B	1	仙術各種{04:00}{09}	선술 각종{04:00}{09}
W00807	HELP.BIN:1307E	메뉴:11B	1	世界観系{04:00}{09}	세계관{04:00}{09}
W00808	HELP.BIN:1309A	메뉴:17B	1	仙窟関係各名称{04:00}{09}	선굴 관련 명칭{04:00}{09}
W00809	HELP.BIN:130BC	메뉴:15B	1	情報画面関係{04:00}{09}	정보 화면 관련{04:00}{09}
W00810	HELP.BIN:130DC	메뉴:17B	1	味方パラメータ関係{04:00}{09}	아군 능력치 관련{04:00}{09}
W00811	HELP.BIN:130FE	메뉴:11B	1	上級者編{04:00}{09}	상급자 편{04:00}{09}
W00812	HELP.BIN:1311A	메뉴:17B	1	ウィンドウ画面関係{04:00}{09}	창 화면 관련{04:00}{09}
W00813	HELP.BIN:1313C	메뉴:11B	1	強化関係{04:00}{09}	강화 관련{04:00}{09}
W00814	HELP.BIN:13158	메뉴:13B	1	風水値関係{04:00}{09}	풍수값 관련{04:00}{09}
W00815	HELP.BIN:13176	메뉴:11B	1	仙丹不足{04:00}{09}	선단 부족{04:00}{09}
W00816	HELP.BIN:13184	메뉴:5B	1	{17:07}ャジ{0B}	
W00817	HELP.BIN:131A1	메뉴:5B	1	ブネジ{0B}	
W00818	HELP.BIN:131A7	메뉴:3B	1	ぺヴ	
W00819	HELP.BIN:131AF	메뉴:7B	2	仙術{04:00}{09}	선술{04:00}{09}
W00820	HELP.BIN:131B9	메뉴:5B	1	付ょジ{0B}	
W00821	HELP.BIN:131BF	메뉴:3B	1	ぺ獄	
W00822	HELP.BIN:131C7	메뉴:9B	1	HP回復{04:00}{09}	HP회복{04:00}{09}
W00823	HELP.BIN:131D3	메뉴:5B	1	題へジ{0B}	
W00824	HELP.BIN:131D9	메뉴:3B	1	ぺ在	
W00825	HELP.BIN:131E1	메뉴:9B	1	MP回復{04:00}{09}	MP회복{04:00}{09}
W00826	HELP.BIN:131ED	메뉴:5B	1	談うジ{0B}	
W00827	HELP.BIN:131F3	메뉴:3B	1	ぺ刀	
W00828	HELP.BIN:131FB	메뉴:15B	1	扉の出来る法則{04:00}{09}	문 생성 법칙{04:00}{09}
W00829	HELP.BIN:13213	메뉴:3B	1	ぺ詩	
W00830	HELP.BIN:1321B	메뉴:14B	1	メッセージウィンドウ{04:00}{09}	메시지 창{04:00}{09}
W00831	HELP.BIN:13232	메뉴:3B	1	ぺ盾	
W00832	HELP.BIN:1323A	메뉴:11B	1	風水システム{04:00}{09}	풍수 시스템{04:00}{09}
W00833	HELP.BIN:13256	메뉴:17B	1	グループ数の増やし方{04:00}{09}	그룹 수 늘리는 법{04:00}{09}
W00834	HELP.BIN:13278	메뉴:8B	1	トラップ{04:00}{09}	함정{04:00}{09}
W00835	HELP.BIN:13291	메뉴:17B	1	仙獣の行軍のさせ方{04:00}{09}	선수 행군시키는 법{04:00}{09}
W00836	HELP.BIN:132B3	메뉴:13B	1	部屋の作り方{04:00}{09}	방 만드는 법{04:00}{09}
W00837	HELP.BIN:132D1	메뉴:16B	1	部屋の停止条件{04:00}{09}	방 정지 조건{04:00}{09}
W00838	HELP.BIN:132F2	메뉴:16B	1	部屋の修復方法{04:00}{09}	방 수복 방법{04:00}{09}
W00839	HELP.BIN:13313	메뉴:16B	1	赤字の解消方法{04:00}{09}	적자 해소 방법{04:00}{09}
W00840	HELP.BIN:1332C	메뉴:3B	1	ぺ゛{0F}	
W00841	HELP.BIN:13334	메뉴:19B	1	何故か機能しない部屋{04:00}{09}	왠지 안 되는 방{04:00}{09}
W00842	HELP.BIN:13350	메뉴:3B	1	ぺ゜{0F}	
W00843	HELP.BIN:13358	메뉴:12B	1	部屋の大小{04:00}{09}	방의 크기{04:00}{09}
W00844	HELP.BIN:13375	메뉴:12B	1	土地の属性{04:00}{09}	땅의 속성{04:00}{09}
W00845	HELP.BIN:13392	메뉴:19B	1	部屋が赤字になる原因{04:00}{09}	방이 적자가 되는 원인{04:00}{09}
W00846	HELP.BIN:133B6	메뉴:20B	1	部屋の耐久力の上げ方{04:00}{09}	방 내구력 올리는 법{04:00}{09}
W00847	HELP.BIN:133DB	메뉴:19B	1	味方仙獣がよく死ぬ時{04:00}{09}	선수가 자주 죽을 때{04:00}{09}
W00848	HELP.BIN:133FF	메뉴:14B	1	仙獣達の忠告{04:00}{09}	선수들의 충고{04:00}{09}
W00849	HELP.BIN:13437	메뉴:3B	1	ぺー{0F}	
W00850	HELP.BIN:1343F	메뉴:12B	1	セーブ／ロード{04:00}{09}	저장/불러오기{04:00}{09}
W00851	HELP.BIN:1345C	메뉴:18B	1	掘削部屋の活用法{04:00}{09}	굴삭 방 활용법{04:00}{09}
W00852	HELP.BIN:1347F	메뉴:18B	1	転送部屋の活用法{04:00}{09}	전송 방 활용법{04:00}{09}
W00853	HELP.BIN:134A2	메뉴:18B	1	索敵部屋の活用法{04:00}{09}	색적 방 활용법{04:00}{09}
W00854	HELP.BIN:134C5	메뉴:18B	1	強力な仙窟の作り方{04:00}{09}	강한 선굴 만드는 법{04:00}{09}
W00855	HELP.BIN:13500	메뉴:9B	1	引っ張る{04:00}{09}	당기기{04:00}{09}
W00856	HELP.BIN:13565	메뉴:5B	1	扉{04:00}{09}	문{04:00}{09}
W00857	HELP.BIN:1357B	메뉴:12B	2	部屋の属性{04:00}{09}	방의 속성{04:00}{09}
W00858	HELP.BIN:13598	메뉴:11B	1	強化機能{04:00}{09}	강화 기능{04:00}{09}
W00859	HELP.BIN:135EE	메뉴:7B	1	因素{04:00}{09}	인소{04:00}{09}
W00860	HELP.BIN:13606	메뉴:11B	2	仙獣情報{04:00}{09}	선수 정보{04:00}{09}
W00861	HELP.BIN:13622	메뉴:12B	1	リーダー特性{04:00}{09}	리더 특성{04:00}{09}
W00862	HELP.BIN:13657	메뉴:10B	1	子（ねずみ）{04:00}{09}	쥐{04:00}{09}
W00863	HELP.BIN:13672	메뉴:9B	1	丑（うし）{04:00}{09}	소{04:00}{09}
W00864	HELP.BIN:1368C	메뉴:9B	1	寅（とら）{04:00}{09}	범{04:00}{09}
W00865	HELP.BIN:136A6	메뉴:10B	1	卯（うさぎ）{04:00}{09}	토끼{04:00}{09}
W00866	HELP.BIN:136C1	메뉴:10B	1	辰（りゅう）{04:00}{09}	용{04:00}{09}
W00867	HELP.BIN:136DC	메뉴:9B	1	巳（へび）{04:00}{09}	뱀{04:00}{09}
W00868	HELP.BIN:136F6	메뉴:9B	1	午（うま）{04:00}{09}	말{04:00}{09}
W00869	HELP.BIN:13710	메뉴:10B	1	未（ひつじ）{04:00}{09}	양{04:00}{09}
W00870	HELP.BIN:1372B	메뉴:9B	1	申（さる）{04:00}{09}	원숭이{04:00}{09}
W00871	HELP.BIN:13745	메뉴:9B	1	酉（とり）{04:00}{09}	닭{04:00}{09}
W00872	HELP.BIN:1375F	메뉴:9B	1	戌（いぬ）{04:00}{09}	개{04:00}{09}
W00873	HELP.BIN:13779	메뉴:11B	1	亥（いのしし）{04:00}{09}	멧돼지{04:00}{09}
W00874	HELP.BIN:13821	메뉴:11B	1	掘削部屋{04:00}{09}	굴삭 방{04:00}{09}
W00875	HELP.BIN:1383D	메뉴:11B	1	転送部屋{04:00}{09}	전송 방{04:00}{09}
W00876	HELP.BIN:13875	메뉴:7B	1	破斬{04:00}{09}	파참{04:00}{09}
W00877	HELP.BIN:1388D	메뉴:9B	1	氷雷陣{04:00}{09}	빙뢰진{04:00}{09}
W00878	HELP.BIN:138A7	메뉴:7B	1	空斬{04:00}{09}	공참{04:00}{09}
W00879	HELP.BIN:138BF	메뉴:7B	1	なむなむ{04:00}{09}	나무나무{04:00}{09}
W00880	HELP.BIN:138D7	메뉴:9B	1	陽気砲{04:00}{09}	양기포{04:00}{09}
W00881	HELP.BIN:138F1	메뉴:9B	1	追七星{04:00}{09}	추칠성{04:00}{09}
W00882	HELP.BIN:1390B	메뉴:9B	1	龍炎弾{04:00}{09}	용염탄{04:00}{09}
W00883	HELP.BIN:13925	메뉴:9B	1	破陣砲{04:00}{09}	파진포{04:00}{09}
W00884	HELP.BIN:1393F	메뉴:13B	1	妖撃爆炎舞{04:00}{09}	요격폭염무{04:00}{09}
W00885	HELP.BIN:1394F	메뉴:5B	1	侶{07:0E:F5}{0B}	
W00886	HELP.BIN:13955	메뉴:3B	1	ぺ侶{0F}	
W00887	HELP.BIN:1395D	메뉴:13B	1	妖撃滅殺線{04:00}{09}	요격멸살선{04:00}{09}
W00888	HELP.BIN:1396D	메뉴:5B	1	騎{07:F0:F4}{0B}	
W00889	HELP.BIN:13973	메뉴:3B	1	ぺ騎{0F}	
W00890	HELP.BIN:1397B	메뉴:11B	1	陽神護法{04:00}{09}	양신호법{04:00}{09}
W00891	HELP.BIN:13989	메뉴:5B	1	鋭{07:D4:F4}{0B}	
W00892	HELP.BIN:1398F	메뉴:3B	1	ぺ鋭{0F}	
W00893	HELP.BIN:13997	메뉴:13B	1	妖撃追気弾{04:00}{09}	요격추기탄{04:00}{09}
W00894	HELP.BIN:139A7	메뉴:5B	1	謎{07:B6:F4}{0B}	
W00895	HELP.BIN:139AD	메뉴:3B	1	ぺ謎{0F}	
W00896	HELP.BIN:139B5	메뉴:13B	1	双極爆縮陣{04:00}{09}	쌍극폭축진{04:00}{09}
W00897	HELP.BIN:139C5	메뉴:5B	1	額{07:98:F4}{0B}	
W00898	HELP.BIN:139CB	메뉴:3B	1	ぺ額{0F}	
W00899	HELP.BIN:139D3	메뉴:15B	1	召喚陣餓鬼魂{04:00}{09}	소환진 아귀혼{04:00}{09}
W00900	HELP.BIN:139E5	메뉴:5B	1	版{07:78:F4}{0B}	
W00901	HELP.BIN:139EB	메뉴:3B	1	ぺ版{0F}	
W00902	HELP.BIN:139F3	메뉴:15B	1	召喚陣式蜘蛛{04:00}{09}	소환진 식거미{04:00}{09}
W00903	HELP.BIN:13A05	메뉴:5B	1	廊{07:58:F4}{0B}	
W00904	HELP.BIN:13A0B	메뉴:3B	1	ぺ廊{0F}	
W00905	HELP.BIN:13A13	메뉴:15B	1	天帝陣八極炉{04:00}{09}	천제진 팔극로{04:00}{09}
W00906	HELP.BIN:13A25	메뉴:5B	1	展{07:38:F4}{0B}	
W00907	HELP.BIN:13A2B	메뉴:3B	1	ぺ展{0F}	
W00908	HELP.BIN:13A33	메뉴:9B	1	回復功{04:00}{09}	회복공{04:00}{09}
W00909	HELP.BIN:13A3F	메뉴:5B	1	巨{07:1E:F4}{0B}	
W00910	HELP.BIN:13A45	메뉴:3B	1	ぺ巨{0F}	
W00911	HELP.BIN:13A4D	메뉴:11B	1	大回復陣{04:00}{09}	대회복진{04:00}{09}
W00912	HELP.BIN:13A5B	메뉴:5B	1	駆{07:02:F4}{0B}	
W00913	HELP.BIN:13A61	메뉴:3B	1	ぺ駆{0F}	
W00914	HELP.BIN:13A69	메뉴:13B	1	ダンジョン画面{04:00}{09}	던전 화면{04:00}{09}
W00915	HELP.BIN:13A79	메뉴:5B	1	円{07:E4:F3}{0B}	
W00916	HELP.BIN:13A7F	메뉴:3B	1	ぺ円{0F}	
W00917	HELP.BIN:13A87	메뉴:16B	1	グループ鬪貿画面{04:00}{09}	그룹 투쟁 화면{04:00}{09}
W00918	HELP.BIN:13AA8	메뉴:15B	1	仙獣情報画面{04:00}{09}	선수 정보 화면{04:00}{09}
W00919	HELP.BIN:13AC8	메뉴:11B	1	装備画面{04:00}{09}	장비 화면{04:00}{09}
W00920	HELP.BIN:13AE4	메뉴:12B	1	強化画面1{04:00}{09}	강화 화면1{04:00}{09}
W00921	HELP.BIN:13B01	메뉴:12B	1	強化画面2{04:00}{09}	강화 화면2{04:00}{09}
W00922	HELP.BIN:13B1E	메뉴:15B	1	強化収支画面{04:00}{09}	강화 수지 화면{04:00}{09}
W00923	HELP.BIN:13B3E	메뉴:17B	1	トラップ設置画面1{04:00}{09}	함정 설치 화면1{04:00}{09}
W00924	HELP.BIN:13B58	메뉴:3B	1	ぺあ{0F}	
W00925	HELP.BIN:13B60	메뉴:17B	1	トラップ設置画面2{04:00}{09}	함정 설치 화면2{04:00}{09}
W00926	HELP.BIN:13B7A	메뉴:3B	1	ぺい{0F}	
W00927	HELP.BIN:13B82	메뉴:11B	1	操作説明{04:00}{09}	조작설명{04:00}{09}
W00928	HELP.BIN:13B96	메뉴:3B	1	ぺう{0F}	
W00929	HELP.BIN:13B9E	메뉴:15B	1	特殊操作説明{04:00}{09}	특수조작 설명{04:00}{09}
W00930	HELP.BIN:13BB6	메뉴:3B	1	ぺえ{0F}	
W00931	HELP.BIN:13BBE	메뉴:7B	1	龍脈{04:00}{09}	용맥{04:00}{09}
W00932	HELP.BIN:13BCE	메뉴:3B	1	ぺお{0F}	
W00933	HELP.BIN:13BE6	메뉴:3B	1	ぺか{0F}	
W00934	HELP.BIN:13C00	메뉴:3B	1	ぺき{0F}	
W00935	HELP.BIN:13C1B	메뉴:3B	1	ぺく{0F}	
W00936	HELP.BIN:13C35	메뉴:3B	1	ぺけ{0F}	
W00937	HELP.BIN:13C3D	메뉴:9B	1	削岩功{04:00}{09}	삭암공{04:00}{09}
W00938	HELP.BIN:13C4F	메뉴:3B	1	ぺこ{0F}	
W00939	HELP.BIN:13C57	메뉴:9B	1	無色界{04:00}{09}	무색계{04:00}{09}
W00940	HELP.BIN:13C69	메뉴:3B	1	ぺさ{0F}	
W00941	HELP.BIN:13C71	메뉴:9B	1	風水盤{04:00}{09}	풍수반{04:00}{09}
W00942	HELP.BIN:13C83	메뉴:3B	1	ぺし{0F}	
W00943	HELP.BIN:13C9D	메뉴:3B	1	ぺす{0F}	
W00944	HELP.BIN:13CB8	메뉴:3B	1	ぺせ{0F}	
W00945	HELP.BIN:13CC0	메뉴:7B	1	仙塔{04:00}{09}	선탑{04:00}{09}
W00946	HELP.BIN:13CD0	메뉴:3B	1	ぺそ{0F}	
W00947	HELP.BIN:13CD8	메뉴:13B	1	飛天石出口{04:00}{09}	비천석 출구{04:00}{09}
W00948	HELP.BIN:13CEE	메뉴:3B	1	ぺた{0F}	
W00949	HELP.BIN:13CF6	메뉴:7B	1	宝箱{04:00}{09}	상자{04:00}{09}
W00950	HELP.BIN:13D06	메뉴:3B	1	ぺち{0F}	
W00951	HELP.BIN:13D0E	메뉴:7B	1	肉まん{04:00}{09}	만두{04:00}{09}
W00952	HELP.BIN:13D1E	메뉴:3B	1	ぺつ{0F}	
W00953	HELP.BIN:13D26	메뉴:7B	1	龍石{04:00}{09}	용석{04:00}{09}
W00954	HELP.BIN:13D61	메뉴:13B	1	五気相関図{04:00}{09}	오기 상관도{04:00}{09}
W00955	HELP.BIN:13D82	메뉴:7B	1	索敵{04:00}{09}	색적{04:00}{09}
W00956	HELP.BIN:13D9D	메뉴:7B	1	掘削{04:00}{09}	굴삭{04:00}{09}
W00957	HELP.BIN:13DB8	메뉴:7B	1	耐久{04:00}{09}	내구{04:00}{09}
W00958	HELP.BIN:13DEE	메뉴:7B	1	風水{04:00}{09}	풍수{04:00}{09}
W00959	HELP.BIN:13EA3	메뉴:7B	1	知力{04:00}{09}	지력{04:00}{09}
W00960	HELP.BIN:13EBE	메뉴:6B	1	速さ{04:00}{09}	속도{04:00}{09}
W00961	HELP.BIN:13F0F	메뉴:7B	1	修復{04:00}{09}	수복{04:00}{09}
W00962	HELP.BIN:13F2A	메뉴:9B	1	終了率{04:00}{09}	종료율{04:00}{09}
W00963	HELP.BIN:13F47	메뉴:13B	1	仙窟評価点{04:00}{09}	선굴 평가점{04:00}{09}
W00964	HELP.BIN:13F68	메뉴:7B	1	セーブ{04:00}{09}	저장{04:00}{09}
W00965	HELP.BIN:13F83	메뉴:7B	1	強化{04:00}{09}	강화{04:00}{09}
W00966	HELP.BIN:13F9E	메뉴:7B	1	縮小{04:00}{09}	축소{04:00}{09}
W00967	HELP.BIN:13FB9	메뉴:9B	1	耐久力{04:00}{09}	내구력{04:00}{09}
W00968	HELP.BIN:13FD6	메뉴:13B	1	耐久力回復{04:00}{09}	내구력 회복{04:00}{09}
W00969	HELP.BIN:13FF7	메뉴:9B	1	練寿願{04:00}{09}	연수원{04:00}{09}
W00970	HELP.BIN:14057	메뉴:11B	1	召喚能力{04:00}{09}	소환 능력{04:00}{09}
W00971	HELP.BIN:14095	메뉴:11B	1	倉庫容量{04:00}{09}	창고 용량{04:00}{09}
W00972	HELP.BIN:140D5	메뉴:10B	1	赤糸の策{04:00}{09}	적사책{04:00}{09}
W00973	HELP.BIN:140F3	메뉴:11B	1	爆炸生産{04:00}{09}	폭작생산{04:00}{09}
W00974	HELP.BIN:14112	메뉴:11B	1	転送能力{04:00}{09}	전송 능력{04:00}{09}
W00975	HELP.BIN:14131	메뉴:11B	1	索敵能力{04:00}{09}	색적능력{04:00}{09}
W00976	HELP.BIN:14150	메뉴:11B	2	掘削能力{04:00}{09}	굴삭능력{04:00}{09}
W00977	HELP.BIN:1416F	메뉴:9B	1	風水値{04:00}{09}	풍수값{04:00}{09}
W00978	HELP.BIN:141A7	메뉴:15B	1	シナリオ選択画面{04:00}{09}	시나리오 선택 화면{04:00}{09}
W00979	HELP.BIN:14206	메뉴:7B	1	道具{04:00}{09}	도구{04:00}{09}
W00980	HELP.BIN:1423C	메뉴:7B	1	装備{04:00}{09}	장비{04:00}{09}
W00981	HELP.BIN:14257	메뉴:7B	1	解雇{04:00}{09}	해고{04:00}{09}
W00982	HELP.BIN:14272	메뉴:7B	1	情報{04:00}{09}	정보{04:00}{09}
W00983	HELP.BIN:1428D	메뉴:5B	1	他{04:00}{09}	기타{04:00}{09}
W00984	HELP.BIN:142A6	메뉴:17B	1	トラップの設置方法{04:00}{09}	함정 설치 방법{04:00}{09}
W00985	HELP.BIN:142CB	메뉴:14B	1	味方行軍ルート{04:00}{09}	아군 행군로{04:00}{09}
W00986	HELP.BIN:142ED	메뉴:12B	1	グループ情報{04:00}{09}	그룹 정보{04:00}{09}
W00987	HELP.BIN:1430D	메뉴:11B	1	味方編成{04:00}{09}	아군 편성{04:00}{09}
W00988	HELP.BIN:1432C	메뉴:7B	1	配置{04:00}{09}	배치{04:00}{09}
W00989	HELP.BIN:14347	메뉴:7B	1	選任{04:00}{09}	선임{04:00}{09}
W00990	HELP.BIN:14362	메뉴:7B	1	終了{04:00}{09}	종료{04:00}{09}
W00991	HELP.BIN:1437D	메뉴:11B	1	仙窟情報{04:00}{09}	선굴 정보{04:00}{09}
W00992	HELP.BIN:143BB	메뉴:11B	1	掘削時間{04:00}{09}	굴삭 시간{04:00}{09}
W00993	HELP.BIN:14418	메뉴:17B	1	{5A}{5B}生産力風水値{04:00}{09}	{5A}{5B}생산력 풍수값{04:00}{09}
W00994	HELP.BIN:1443D	메뉴:19B	1	仙丹生産力風水値{04:00}{09}	선단 생산력 풍수값{04:00}{09}
W00995	HELP.BIN:14464	메뉴:19B	1	耐久力回復風水値{04:00}{09}	내구력 회복 풍수값{04:00}{09}
W00996	HELP.BIN:1448B	메뉴:15B	1	練寿願風水値{04:00}{09}	연수원 풍수값{04:00}{09}
W00997	HELP.BIN:144AE	메뉴:17B	2	攻撃能力風水値{04:00}{09}	공격 능력 풍수값{04:00}{09}
W00998	HELP.BIN:144F8	메뉴:16B	1	跳氣の策風水値{04:00}{09}	도기책 풍수값{04:00}{09}
W00999	HELP.BIN:1451C	메뉴:16B	1	仙雷の策風水値{04:00}{09}	선뢰책 풍수값{04:00}{09}
W01000	HELP.BIN:14540	메뉴:18B	2	トラップ生産風水値{04:00}{09}	함정 생산 풍수값{04:00}{09}
W01001	HELP.BIN:1458C	메뉴:15B	1	誘き寄せ風水値{04:00}{09}	유인 풍수값{04:00}{09}
W01002	HELP.BIN:145AF	메뉴:17B	1	掘削能力風水値{04:00}{09}	굴삭능력 풍수값{04:00}{09}
W01003	HELP.BIN:145D4	메뉴:17B	1	四神雷鳴風水値{04:00}{09}	사신뇌명 풍수값{04:00}{09}
W01004	HELP.BIN:145F9	메뉴:15B	1	全転送風水値{04:00}{09}	전전송 풍수값{04:00}{09}
W01005	HELP.BIN:1461C	메뉴:15B	1	全索敵風水値{04:00}{09}	전색적 풍수값{04:00}{09}
W01006	HELP.BIN:1463F	메뉴:17B	1	太極宝宮風水値{04:00}{09}	태극보궁 풍수값{04:00}{09}
W01007	HELP.BIN:14C0B	메뉴:54B	1	{10:15:05}仙丹をプレイヤーの手持\nちとして入手する方法を\n実演します。\n10秒ムービー	{10:15:05}선단을 플레이어\n소지품으로 얻는\n방법을 보여 줍니다。\n10초 영상
W01008	HELP.BIN:14C6A	메뉴:54B	1	{10:15:05}エネルギーをプレイヤー\nの手持ちとして入手する\n方法を実演します。\n9秒ムービー	{10:15:05}에너지를 플레이어\n소지품으로 얻는\n방법을 보여 줍니다。\n9초 영상
W01009	HELP.BIN:14CC3	메뉴:36B	1	{10:15:05}仙術の使用方法を実演し\nます。\n12秒ムービー	{10:15:05}선술 사용법을 보여\n줍니다。\n12초 영상
W01010	HELP.BIN:14D10	메뉴:54B	1	{10:15:05}主人公のHPが、残り\n少なくなってしまった\n場合の実演をします。\n12秒ムービー	{10:15:05}주인공의 HP가\n얼마 안 남았을\n때를 보여 줍니다。\n12초 영상
W01011	HELP.BIN:14DC8	메뉴:69B	1	{10:15:05}通路を部屋につなげた時\nに扉がどのようにつく\nのかを、実際に通路を\nつなげて説明します。\n31秒ムービー	{10:15:05}통로를 방에 이었을\n때 문이 어떻게\n생기는지 실제로 이어\n보며 설명합니다。\n31초 영상
W01012	HELP.BIN:14E2A	메뉴:78B	1	{10:15:05}「キーとボタンをもう少\nし長く入力しないとウィ\nンドウは開かないよ」な\nどの表示を制限する説明\nです。12秒ムービー	{10:15:05}「키를 더 길게 넣지\n않으면 창이 안\n열려」표시를 끄는\n설명。\n12초 영상
W01013	HELP.BIN:14EA1	메뉴:78B	1	{10:15:05}風水を利用しないと設置\nできない強化機能を一つ\n例を挙げて部屋に設置す\nるまでを実演します。\n49秒ムービー	{10:15:05}풍수로만 설치되는\n강화 기능을 예로\n방에 설치하기까지\n보여 줍니다。\n49초 영상
W01014	HELP.BIN:14F0C	메뉴:49B	1	{10:15:05}行軍する味方グループの\n数の増やし方を説明しま\nす。\n17秒ムービー	{10:15:05}행군하는 아군 그룹\n수를 늘리는 법을\n설명합니다。\n17초 영상
W01015	HELP.BIN:14F51	메뉴:55B	1	{10:15:05}攻撃部屋で生産されたト\nラップの設置の仕方を説\n明します。\n31秒ムービー	{10:15:05}공격 방에서 생산된\n함정을 설치하는 법을\n설명합니다。\n31초 영상
W01016	HELP.BIN:14FD1	메뉴:74B	1	{10:15:05}行軍設定をする時に「ル\nープしていません」とい\nう表示が出る場合の直し\n方を説明します。\n21秒ムービー	{10:15:05}행군 설정 때\n「루프가 아닙니다」가\n뜰 때 고치는 법을\n설명합니다。\n21초 영상
W01017	HELP.BIN:1502F	메뉴:51B	1	{10:15:05}部屋の作り方を、実際に\n風水盤を開いて説明しま\nす。\n27秒ムービー	{10:15:05}방 만드는 법을\n실제로 풍수반을 열어\n설명합니다。\n27초 영상
W01018	HELP.BIN:150C4	메뉴:63B	1	{10:15:05}部屋の機能が停止してい\nる、2種類の部屋を見比\nべて違いを説明します。\n18秒ムービー	{10:15:05}작동이 멈춘 두\n종류의 방을 비교해\n차이를 설명합니다。\n18초 영상
W01019	HELP.BIN:15117	메뉴:52B	1	{10:15:05}敵に壊されてしまった部\n屋を修復させる方法を説\n明します。\n12秒ムービー	{10:15:05}적에게 부서진 방을\n수복하는 법을\n설명합니다。\n12초 영상
W01020	HELP.BIN:15185	메뉴:70B	1	{10:15:05}エネルギー収支が赤字で\n機能停止してしまった部\n屋を回復させる方法を説\n明します。\n20秒ムービー	{10:15:05}에너지 수지가 적자라\n멈춘 방을 되살리는\n법을 설명합니다。\n20초 영상
W01021	HELP.BIN:15220	메뉴:71B	1	{10:15:05}エネルギー収支は赤字に\nなっていないのに、機能\nが正常に動いていない場\n合の説明をします。\n16秒ムービー	{10:15:05}에너지 수지가 적자가\n아닌데 제대로\n작동하지 않는 경우를\n설명합니다。\n16초 영상
W01022	HELP.BIN:15284	메뉴:69B	1	{10:15:05}部屋の大きさによって、\n強化項目の設置可能個数\nが変化する事を説明しま\nす。\n14秒ムービー	{10:15:05}방 크기에 따라 강화\n항목의 설치 가능\n수가 바뀌는 것을\n설명합니다。\n14초 영상
W01023	HELP.BIN:152E6	메뉴:53B	1	{10:15:05}部屋を作る位置と、部屋\nの属性との関係を説明し\nます。\n15秒ムービー	{10:15:05}방을 만드는 위치와\n방 속성의 관계를\n설명합니다。\n15초 영상
W01024	HELP.BIN:1532F	메뉴:45B	1	{10:15:05}部屋が機能停止している\n状態の説明をします。\n18秒ムービー	{10:15:05}방 작동이 멈춘\n상태를 설명합니다。\n18초 영상
W01025	HELP.BIN:1540C	메뉴:66B	1	{10:15:05}行軍グループの仙獣達が\n全滅してしまうのを防ぐ\nにはどうすればいいかを\n説明します。\n24秒ムービー	{10:15:05}행군 그룹의 선수들이\n전멸하지 않게 하는\n법을 설명합니다。\n24초 영상
W01026	HELP.BIN:1546B	메뉴:56B	1	{10:15:05}主人公グループの仙獣の\n助言を制限する方法を説\n明します。\n14秒ムービー	{10:15:05}주인공 그룹 선수의\n조언을 끄는 법을\n설명합니다。\n14초 영상
W01027	HELP.BIN:154B7	메뉴:51B	1	{10:15:05}集計タイムでの強化の操\n作手順を一通り説明しま\nす。\n57秒ムービー	{10:15:05}집계 타임의 강화\n조작 순서를 한 번\n설명합니다。\n57초 영상
W01028	HELP.BIN:15558	메뉴:69B	1	{10:15:05}セーブの方法と、いった\nんゲームをやめた後また\n続きから始める場合の操\n作を説明します。\n22秒ムービー	{10:15:05}저장 방법과 게임을\n그만둔 뒤 이어서\n시작할 때의 조작을\n설명합니다。\n22초 영상
W01029	HELP.BIN:155C0	메뉴:43B	1	{10:15:05}効率の良いアイテム掘削\n方法を説明します。\n35秒ムービー	{10:15:05}효율 좋은 아이템\n굴삭법을 설명합니다。\n35초 영상
W01030	HELP.BIN:15608	메뉴:61B	1	{10:15:05}一つの例を挙げて、効率\nの良い転送部屋の配置方\n法を説明します。\n14秒ムービー	{10:15:05}예를 들어 효율 좋은\n전송 방 배치법을\n설명합니다。\n14초 영상
W01031	HELP.BIN:15668	메뉴:53B	1	{10:15:05}索敵部屋の機能と、索敵\n範囲の広げ方を説明しま\nす。\n13秒ムービー	{10:15:05}색적 방 기능과 색적\n범위 넓히는 법을\n설명합니다。\n13초 영상
W01032	HELP.BIN:156B1	메뉴:60B	1	{10:15:05}部屋を増やして仙窟を大\nきくしていく時のコツを\n一例を挙げて説明します\n59秒ムービー	{10:15:05}방을 늘려 선굴을\n키워 갈 때의 요령을\n예로 설명합니다。\n59초 영상
W01033	HELP.BIN:15749	메뉴:154B	1	{10:02:05}誤解によって人々にうとまれてはいるが、龍脈をあや\nつり大地に緑を取り戻す事を使命としている仙人であ\nる。人間社会を超えた視点で自然を理解し、その上で\n管理運営や仙獣指揮の能力に長けている者にしか勤ま\nらない、はずである。	{10:02:05}오해로 꺼려지지만、용맥을 다스려 대지에\n푸름을 되찾는 것이 사명인 선인。인간 사회를\n넘어 자연을 이해하고 관리 운영과 선수\n지휘에 뛰어난 자만이 할 수 있는……일이다。
W01034	HELP.BIN:157F7	메뉴:141B	1	{10:02:05}主人公の基本動作。部屋や通路を作る時は壁に向かっ\nてCボタンで手を当てて、引っ張るように後ろ向きに\n方向キーを押すことで風水盤を呼び出す。部屋の機能\nを使う時は部屋の中央の仙塔を引っ張る。	{10:02:05}주인공의 기본 동작。방・통로를 만들 땐 벽을\n향해 C버튼으로 손을 대고 당기듯 뒤로\n방향키를 누르면 풍수반이 나온다。방 기능은\n방 가운데 선탑을 당겨 쓴다。
W01035	HELP.BIN:15994	메뉴:172B	1	{10:02:05}練丹部屋で地中のある成分を抽出した結晶のこと。部\n屋の強化資材になり、仙獣の肉体となり、トラップや\n道具にも変換される。練丹部屋でのみ主人公が引き出\nせる。運撒する仙獣は各部屋に均一に配って行く。効\n率のよい行軍ルートを設定しよう。	{10:02:05}연단 방에서 땅속 성분을 뽑은 결정。방 강화\n재료、선수의 몸、함정・도구로도 바뀐다。연단\n방에서만 주인공이 꺼낸다。운반 선수는 각\n방에 고르게 나눠 주니 효율 좋은 행군로를\n짜자。
W01036	HELP.BIN:15B0D	메뉴:154B	1	{10:02:05}扉を設置するには多くの制約があるがなるべく付けた\n方がいい。付くはずの場所に付けられなかった時は引\n波の方位盤という道具を使うと付けられる。\n逆に扉の直前の通路に分岐または交差点を新たに作る\nとその扉は消えてしまうので注意。	{10:02:05}문은 제약이 많지만 되도록 다는 게 좋다。못\n달았을 땐 인파방위반을 쓰면 달 수\n있다。반대로 문 바로 앞 통로에\n갈림길・교차로를 새로 만들면 그 문은\n사라지니 주의。
W01037	HELP.BIN:15BBE	메뉴:134B	2	{10:02:05}部屋自体が発する気の属性のこと。五行の気、つまり\n部屋神の5種類にあたる。風水を駆使して強化機能を\n作るなら属性同士の関わりは重要になる。\n部屋が破壊されていると気が流れないので注意。	{10:02:05}방이 내는 기의 속성。오행의 기、즉 방신\n5종류다。풍수로 강화 기능을 만들려면 속성\n관계가 중요하다。방이 부서지면 기가 흐르지\n않으니 주의。
W01038	HELP.BIN:15C67	메뉴:129B	1	{10:02:05}部屋に溜まった仙丹で部屋に追加できる機能のこと。\n部屋に既存のものと、風水量によって現れる特別なも\nの（風水強化メニュー）とがある。仙窟内の全ての部\n屋に影響する豪華メニューもある。	{10:02:05}방에 쌓인 선단으로 더하는 기능。원래 있는\n것과 풍수량에 따라 나타나는 특별한 것（풍수\n강화 메뉴）이 있다。선굴 안 모든 방에\n영향을 주는 호화 메뉴도 있다。
W01039	HELP.BIN:15DA5	메뉴:126B	1	{10:02:05}通路をまっすぐ1本作るたびに1ポイント消費する。\n龍穴炉にエネルギーを振り込むか、宝箱や掘削部屋で\n掘り出せる青色洞石をつかうことで手に入る。\n後半のシナリオでは足りなくなることが多い。	{10:02:05}통로를 곧게 1개 만들 때마다 1포인트\n쓴다。용혈로에 에너지를 납입하거나\n청색동석（보물상자・굴삭 방）을 쓰면\n얻는다。후반 시나리오에선 모자라기 쉽다。
W01040	HELP.BIN:15E4C	메뉴:143B	1	{10:02:05}部屋の下（壁も含む）に因素があると黄色ならエネル\nギー生産率、緑が仙丹生産率、赤が掘削効率、がそれ\nぞれ数の分だけ上がる。因素情報画面や風水盤に映っ\nた赤黄緑の粒を確認しながら部屋を作ろう。	{10:02:05}방 아래（벽 포함）에 인소가 있으면 노랑은\n에너지、초록은 선단 생산율、빨강은 굴삭\n효율이 수만큼 오른다。인소 정보\n화면・풍수반의 알을 확인하며 방을 만들자。
W01041	HELP.BIN:15F85	메뉴:103B	1	{10:02:05}その仙獣をグループのリーダーに選任する事で発揮さ\nれる特別な能力。行軍スピードアップや、戦闘時の攻\n撃力アップなど、グループ全体に影響する。	{10:02:05}그 선수를 그룹 리더로 선임하면 발휘되는\n특별한 능력。행군 속도 업이나 전투 때\n공격력 업 등 그룹 전체에 영향을 준다。
W01042	HELP.BIN:16035	메뉴:157B	1	{10:02:05}仙獣は陽の十二支と陰の十二支の合計24種類がいて\n召喚部屋で仙丹を使って呼び出せる。陽の仙獣は種族\nごとの特徹が明確に現れ、陰の仙獣は少しくせがある\n特徹を持つ。仙獣達のHPとMPは移動中に徐々に回\n復する。	{10:02:05}선수는 양・음의 십이지 합계 24종으로 소환\n방에서 선단으로 부른다。양의 선수는 종족\n특징이 뚜렷하고 음의 선수는 조금\n별나다。HP・MP는 이동 중에 조금씩\n회복한다。
W01043	HELP.BIN:160E6	메뉴:147B	1	{10:02:05}陽：窟子仙（くっしせん）\n体高60㎝ 尾長19㎝ 体重10㎏ ♂\nエネルギー運撒のスペシャリストの仙獣。説教くさい\n所もあるが序盤から最後まで役に立ってくれる。武器\nは主にスコップを愛用。   陰：紫佞（ししゅん）	{10:02:05}양：굴자선\n키 60㎝ 꼬리 19㎝ 몸무게 10㎏ ♂\n에너지 운반 전문。잔소리가 많지만 처음부터\n끝까지 도움이 된다。무기는 삽。\n음：자녕
W01044	HELP.BIN:161BF	메뉴:151B	1	{10:02:05}陽：牛鬼仙（ぎゅうきせん）\n体高255㎝ 体重387㎏ ♂\n力で押す戦闘型の大仙獣。ずば抜けた攻撃力で斧を振\nり回し、炎を吐いて攻撃する。実直で頼もしい戦士。\n得意な武器は斧。    陰：緋胡牛（ひこぎゅう）	{10:02:05}양：우귀선\n키 255㎝ 몸무게 387㎏ ♂\n힘으로 미는 전투형 대선수。도끼를 휘두르고\n불을 뿜는 우직한 전사。무기는 도끼。\n음：비호우
W01045	HELP.BIN:16290	메뉴:146B	1	{10:02:05}陽：人虎仙（じんこせん）\n体高211㎝ 尾長92㎝ 体重265㎏ ♂\n戦闘型の大仙獣。クールで無愛想な性格だが頼りにな\nる武闘家だ。少し防御力が低いので注意。\n              陰：影虎（かげとら）	{10:02:05}양：인호선\n키 211㎝ 꼬리 92㎝ 몸무게 265㎏ ♂\n전투형 대선수。쿨하고 무뚝뚝하지만 믿음직한\n무투가다。방어력이 조금 낮으니 주의。\n음：영호
W01046	HELP.BIN:1635C	메뉴:157B	1	{10:02:05}陽：角兎妖仙（かくとようせん）\n体高103㎝ 耳含めて124㎝ 体重27㎏ ♂\n攻撃仙術のエキスパート。ほとんどの仙術を使いこな\nす。体力が少ないので注意。装備品などでカバーすれ\nば最強との噂も。 陰：甘水兎仙（かんすいとせん）	{10:02:05}양：각토요선\n키 103㎝ 귀까지 124㎝ 27㎏ ♂\n공격 선술의 달인。체력이 적으니 주의。장비로\n보완하면 최강이라는 소문도。\n음：감수토선
W01047	HELP.BIN:16433	메뉴:141B	1	{10:02:05}陽：幼龍仙（ようりゅうせん）\n体高80㎝ 全長106㎝ 体重25㎏ ?\n仙丹運撒型仙獣。子どもなのでしゃべることはできな\nいが力は割と強く、戦闘でも活躍してくれる。\n              陰：邪邪（じゃじゃ）	{10:02:05}양：유룡선\n키 80㎝ 몸길이 106㎝ 몸무게 25㎏ ?\n선단 운반형 선수。아이라 말은 못 하지만\n힘이 제법 세서 전투에서도 활약한다。\n음：사사
W01048	HELP.BIN:16506	메뉴:161B	1	{10:02:05}陽：蛇神仙（じゃしんせん）\n体高86㎝ 全長234㎝ 体重74㎏ ♂\n戦闘関係のリーダー特性に優れ、飛天石出口を破壊で\nきる。特異な外見で皮肉屋の彼だが、割と面倒見がい\nい。武器は鈴。 陰：窮山蛇仙（きゅうざんだせん）	{10:02:05}양：사신선\n키 86㎝ 몸길이 234㎝ 74㎏ ♂\n전투 리더 특성이 좋고 비천석 출구를\n부순다。비꼬아도 잘 챙겨 준다。무기는 방울。\n음：궁산사선
W01049	HELP.BIN:165E1	메뉴:150B	1	{10:02:05}陽：馬明仙（ばみょうせん）\n体高161㎝ 体重111㎏ ♀\n戦闘、運撒、修復なんでもこなす大仙獣。彼女はきつ\nい口調だが的確で真面目なアドバイスをくれる名参謀\nだ。愛用の武器は弓。 陰：華娘仙（かにゃんせん）	{10:02:05}양：마명선\n키 161㎝ 몸무게 111㎏ ♀\n전투・운반・수복 다 하는 대선수。말투는\n거칠어도 정확한 조언의 명참모。무기는 활。\n음：화낭선
W01050	HELP.BIN:166D6	메뉴:147B	1	{10:02:05}陽：羊仙（ようせん）\n体高111㎝ 体重32㎏ ♀\n回復系仙術の使い手。臆病で泣き虫な女の子。戦闘系\nの仙獣と組むとお互い助け合えるだろう。部屋修復能\n力を持つ。   陰：清風呪仙（せいふうじゅせん）	{10:02:05}양：양선\n키 111㎝ 몸무게 32㎏ ♀\n회복 선술을 쓰는 겁 많은 울보。전투계와\n짝지으면 좋다。방 수복 능력이 있다。\n음：청풍주선
W01051	HELP.BIN:167BC	메뉴:149B	1	{10:02:05}陽：猿王仙（えんおうせん）\n体高73㎝ 尾長48㎝ 体重16㎏ ♂\nエネルギーと仙丹の両方を運撒できる仙獣。気難しい\n割にそそっかしい。リーダーだと飛天石出口を破壊で\nきる。     陰：禹玄森人（ぐうげんしんじん）	{10:02:05}양：원왕선\n키 73㎝ 꼬리 48㎝ 16㎏ ♂\n에너지・선단을 둘 다 운반한다。까다롭지만\n덜렁댄다。리더면 비천석 출구를 부순다。\n음：우현삼인
W01052	HELP.BIN:168AA	메뉴:156B	1	{10:02:05}陽：華翼仙（かよくせん）\n体高137㎝ 翼開長395㎝ 体重36㎏ ♀\n破壊された部屋を直し、部屋の耐久力を修復させるの\nが得意な仙獣。しゃべれないけど頑張り屋。愛用武器\nは羽。       陰：青耕鳥（せいこうちょう）	{10:02:05}양：화익선\n키 137㎝ 날개 395㎝ 36㎏ ♀\n부서진 방을 고치고 내구력을 수복하는 데\n능하다。말은 못 해도 노력파。무기는 깃털。\n음：청경조
W01053	HELP.BIN:16986	메뉴:122B	1	{10:02:05}陽：犬狼仙（けんろうせん）\n体高164㎝ 体重82㎏ ♂\nスピード重視の戦闘型仙獣。鍛えた体の武闘家だ。\n得意な武器は爪。\n               陰：狻夜（こうや）	{10:02:05}양：견랑선\n키 164㎝ 몸무게 82㎏ ♂\n속도 중시 전투형 선수。단련된 몸의\n무투가다。특기 무기는 발톱。\n음：산야
W01054	HELP.BIN:16A3A	메뉴:153B	1	{10:02:05}陽：嵩山方士（すうざんほうし）\n体高140㎝ 体重85㎏ ♂\n打撃攻撃、仙術、リーダー特性、全て強力な万能仙獣\nだが足だけは遅い。大きな愛用の武器、独詰杵を背負\nっている。    陰：泰山方士（たいざんほうし）	{10:02:05}양：숭산방사\n키 140㎝ 몸무게 85㎏ ♂\n타격・선술・리더 특성 모두 강한 만능이지만\n발이 느리다。독고저를 지고 있다。\n음：태산방사
W01055	HELP.BIN:16BE8	메뉴:110B	1	{10:02:05}主人公が仙丹を取り出せる部屋。仙獣も他の部屋に配\nる分をこの部屋から取り出していく。部屋耐久力が低\nく進入者に狙われやすいので壊されないように注意。	{10:02:05}주인공이 선단을 꺼내는 방。선수도 다른 방에\n나눌 몫을 여기서 꺼낸다。내구력이 낮아\n노려지기 쉬우니 부서지지 않게 주의。
W01056	HELP.BIN:16CB5	메뉴:171B	1	{10:02:05}手持ちの仙丹で仙獣を召喚する部屋。Yボタンで名前\nが選べる。1つの部屋につき1ターンに1体のみ。召\n喚部屋を1つ作るごとに行軍グループが1つ追加。\n死亡仙獣の蘇生は仙丹を使って1ターンに何度もでき\nるがすべて復活させないと新たな仙獣を呼び出せない	{10:02:05}선단으로 선수를 소환하는 방。Y버튼으로\n이름을 고른다。방 하나당 1턴에 1마리。소환\n방 하나마다 행군 그룹이 하나 는다。소생은\n1턴에 여러 번 되지만 모두 살려야 새\n선수를 부를 수 있다。
W01057	HELP.BIN:16EA2	메뉴:169B	1	{10:02:05}この世界とは異なる次元に、全てのアイテムを格納で\nきる空間がある。倉庫部屋はその異次元空間との窓口\nとなる。異次元空間は4つのシナリオセーブで共有し\nているので、しまった物を別シナリオで取り出せる。\n仙窟内なら装備画面から取り出すことも出来る。	{10:02:05}다른 차원에 모든 아이템을 넣는 공간이 있고\n창고 방은 그 창구다。이 공간은 4개의\n시나리오 저장이 공유해 다른 시나리오에서\n꺼낼 수 있다。선굴 안이면 장비 화면에서도\n꺼낸다。
W01058	HELP.BIN:16FA4	메뉴:119B	1	{10:02:05}1つずつ時間をかけてアイテムが掘り出される。掘削\nが完了するとアイテム名などが分かり仙丹と引き換え\nに入手できる。掘削完了前に捨てて次の別なアイテム\nを掘削し始めることもできる。	{10:02:05}하나씩 시간을 들여 아이템을 캐낸다。다 캐면\n이름 등을 알고 선단과 바꿔 얻는다。다 캐기\n전에 버리고 다른 아이템을 캐기 시작할 수도\n있다。
W01059	HELP.BIN:1721D	메뉴:71B	1	{10:02:05}土中に気を流し込み次々と爆発させる。術者の前方一\n直線に爆発移動する。初めから使用できる。	{10:02:05}땅속에 기를 흘려 앞쪽 일직선으로 차례로\n폭발시킨다。처음부터 쓸 수 있다。
W01060	HELP.BIN:17281	메뉴:58B	1	{10:02:05}術者の周りを爆発が螺旋状に移動して敵を攻撃する。\nかなりの範囲を攻撃できる。	{10:02:05}시전자 주위를 폭발이 나선으로 돌며 넓은\n범위의 적을 공격한다。
W01061	HELP.BIN:172D8	메뉴:64B	1	{10:02:05}真空の円盤を投げつける技。曲線的に飛行しながら、\n壁に当たると跳ね返るという属性を持つ。	{10:02:05}진공의 원반을 던지는 기술。곡선으로 날며\n벽에 닿으면 튕겨 나오는 속성이 있다。
W01062	HELP.BIN:17335	메뉴:65B	1	{10:02:05}8体の式神を召喚する。式神は一定時間円状に歩行し\nた後一斉に敵に攻撃を開始する。	{10:02:05}식신 8체를 소환한다。식신은 한동안 원을\n그리며 걷다가 일제히 적을 공격한다。
W01063	HELP.BIN:17393	메뉴:49B	1	{10:02:05}巨大な気の塊を前方に投げ出し炸裂させる。爆風にも\n攻撃力がある。	{10:02:05}거대한 기 덩어리를 앞으로 던져\n터뜨린다。폭풍도 공격력이 있다。
W01064	HELP.BIN:173E1	메뉴:86B	1	{10:02:05}7つの気弾を放出し、一定時間浮遊した後に順次攻撃\nを開始する。着弾点は術を使用した直後に地面に表示\nされる。	{10:02:05}기탄 7발을 쏘아 한동안 떠 있다가 차례로\n공격한다。착탄점은 술을 쓴 직후 땅에\n표시된다。
W01065	HELP.BIN:17454	메뉴:75B	1	{10:02:05}複数の炎を召喚。その炎が収束し一体となり炎の龍と\nなる。自らの意志で仙窟内を移動し、敵を攻撃する。	{10:02:05}불꽃들이 모여 불의 용이 된다。스스로 선굴\n안을 돌며 적을 공격한다。
W01066	HELP.BIN:174BC	메뉴:71B	1	{10:02:05}敵を自動的に認識し弾を発射する固定砲台を召喚する\n敵を捕捉している限り、弾を発射しつづける。	{10:02:05}적을 알아보고 쏘는 고정 포대를 소환。적을\n잡는 동안 계속 쏜다。
W01067	HELP.BIN:17520	메뉴:46B	1	{10:02:05}3体の石像を召喚。回転しながらその中心に向って\n攻撃をかける。	{10:02:05}석상 3체를 소환。돌면서 그 중심을 향해\n공격한다。
W01068	HELP.BIN:1756B	메뉴:65B	1	{10:02:05}異次元の扉を開け、絶大な気を放出し敵を攻撃する。\n射程は無限。強力な威力を誇る。	{10:02:05}이차원의 문을 열고 엄청난 기를\n뿜는다。사정거리 무한、위력 강력。
W01069	HELP.BIN:175C9	메뉴:58B	1	{10:02:05}自動飛行する式神を一体召喚する。自らの意志で飛行\nし、敵に攻撃をしかける。	{10:02:05}스스로 나는 식신 하나를 소환한다。제 뜻대로\n날며 적을 공격한다。
W01070	HELP.BIN:17620	메뉴:67B	1	{10:02:05}術者が念を込めた気弾を無数に発生する。それぞれ\nの気弾は敵の気を感知してどこまでも追尾する。	{10:02:05}염을 담은 기탄을 무수히 만든다。기탄은\n적의 기를 감지해 끝까지 쫓는다。
W01071	HELP.BIN:17680	메뉴:43B	1	{10:02:05}異次元へと続く扉を召喚。敵を吸い込みダメージを\n与える。	{10:02:05}이차원으로 이어지는 문을 소환。적을\n빨아들여 피해를 준다。
W01072	HELP.BIN:176C8	메뉴:64B	1	{10:02:05}魔界より餓鬼魂と呼ばれる異形の物体を召喚する。\n体より光線を発し、周囲を攻撃する。	{10:02:05}마계의 이형 물체 아귀혼을 소환。몸에서\n광선을 쏘아 주위를 공격한다。
W01073	HELP.BIN:17725	메뉴:62B	1	{10:02:05}巨大な式蜘蛛を召喚する。自らの意志で移動し、目か\nら熱線を放出し、敵を攻撃する。	{10:02:05}거대한 식거미를 소환한다。스스로 움직이며\n눈에서 열선을 쏘아 적을 공격한다。
W01074	HELP.BIN:17780	메뉴:102B	1	{10:02:05}最強の威力を誇る仙術である。多量の気を封じ込めた\n要石を8つ召喚し、順番に炸裂し周囲を爆発で包み込\nみ、最後に中心で大爆発をおこす。	{10:02:05}최강의 선술。기를 담은 요석 8개를 소환해\n차례로 터뜨리고 마지막에 중심에서 대폭발을\n일으킨다。
W01075	HELP.BIN:17843	메뉴:54B	1	{10:02:05}回復功の強力版。仙窟内に多重の雲を呼び、グループ\nの体力を回復する。	{10:02:05}회복공의 강화판。겹구름을 불러 그룹 체력을\n회복한다。
W01076	HELP.BIN:1788D	메뉴:45B	1	{10:15:05}主人公が仙窟内にいる時\nの標準的な画面の説明を\nします。	{10:15:05}주인공이 선굴 안에\n있을 때의 기본\n화면을 설명합니다。
W01077	HELP.BIN:1795A	메뉴:54B	1	{10:15:05}味方グループ内の仙獣達\nの、個別情報を説明する\n画面の説明をします。	{10:15:05}아군 그룹 안\n선수들의 개별 정보\n화면을 설명합니다。
W01078	HELP.BIN:17BD7	메뉴:34B	1	{10:15:05}様々なキー操作の方法を\n一貿で説明します。	{10:15:05}여러 키 조작을\n한꺼번에 설명합니다。
W01079	HELP.BIN:17C4D	메뉴:117B	1	{10:02:05}大地の気の流れの巨大なものを龍に見立てこう呼ぶ。\n大きな山脈から流れ出て谷間や平野に注ぎ込む。龍脈\nに沿った地、注ぎ込まれる地などは特に、大きく繋栄\nするといわれる。	{10:02:05}대지의 기의 큰 흐름을 용에 빗댄 말。큰\n산맥에서 흘러나와 골짜기・평야로\n쏟아진다。용맥을 따라 난 땅、흘러드는 땅은\n크게 번영한다고 한다。
W01080	HELP.BIN:17D11	메뉴:111B	1	{10:02:05}嵩山のふもとの桃源郷。洞天福国という。数年前まで\nは他国との戦争もあったがそれも終結して平和になっ\nた。街の兵舎では打倒洞仙を目標に修練がつまれてい\nる。	{10:02:05}숭산 기슭의 무릉도원 동천복국。몇 년 전\n전쟁이 끝나 평화로워졌다。병영에선 동선\n타도를 목표로 수련 중이다。
W01081	HELP.BIN:17D97	메뉴:161B	1	{10:02:05}神仙界に生えてる知恵の実の種。実を食べれば不老不\n死と神通力が得られるが、種にはそこまでの効力はな\nい。もともと神仙界の物なので人間界で使うにはエネ\nルギーを補填する必要があり、それを人間が食べれば\n寿命が延びる程度の効力はある。	{10:02:05}신선계 지혜의 열매 씨앗。열매는 불로불사와\n신통력을 주지만 씨앗은 그만\n못하다。인간계에선 에너지를 채워야 쓸 수\n있고 사람이 먹으면 수명이 늘 정도의 효력은\n있다。
W01082	HELP.BIN:17E4F	메뉴:78B	1	{10:02:05}仙窟から地上へなど、離れた場所を瞬時に行き来する\nときに使う仙術。術者やそばにいる仲間を空間移動さ\nせる。	{10:02:05}선굴에서 지상으로 등 떨어진 곳을 순식간에\n오갈 때 쓰는 선술。시전자와 곁의 동료를\n공간 이동시킨다。
W01083	HELP.BIN:17EED	메뉴:153B	1	{10:02:05}仙窟作成中にたまに部屋神を介してつながることのあ\nる異空間。魂の修行場と言われる。敵を倒しながら洞\n窟を奥に進んで宝箱を手に入れる。ここでは主人公が\n戦闘不能になってもゲームオーバーにはならず作成中\nの部屋に戻される。	{10:02:05}선굴 제작 중 가끔 방신을 통해 이어지는\n이공간。혼의 수행장이라 한다。적을 쓰러뜨리며\n동굴 안쪽으로 나아가 보물상자를\n얻는다。여기서는 주인공이 쓰러져도 게임\n오버가 되지 않고 만들던 방으로 돌아온다。
W01084	HELP.BIN:17FA3	메뉴:97B	1	{10:02:05}壁を引っ張ると出てくる部屋または通路を作るための\nウィンドウ。\nRボタンを押している間は字が消える。\nZボタン＋十字ボタンで自由にスクロールする。	{10:02:05}벽을 잡아당기면 나오는 방이나 통로를 만드는\n창。\nR버튼을 누르는 동안은 글자가 사라진다。\nZ버튼＋십자 버튼으로 자유롭게 스크롤한다。
W01085	HELP.BIN:18021	메뉴:156B	1	{10:02:05}部屋の守護神。五行の気をそれぞれ司る神がいる。\n部屋を掘る位置によって召喚される部屋神が決まる。\nこの位置と五気の関係はターン経過と共に移り変る。\n部屋作成時の風水盤に映る五気のシンボルマークを確\n認して作ろう。	{10:02:05}방의 수호신。오행의 기를 맡는 신들이다。방을\n파는 위치로 소환되는 방신이 정해지고 그\n관계는 턴마다 바뀐다。방을 만들 때 풍수반에\n비치는 오기 심벌을 확인하자。
W01086	HELP.BIN:180E6	메뉴:121B	1	{10:02:05}1ターン終了ごとに今までの運営状況を確認する集計\n画面になる。仙窟内の収支や耐久力などを強化したり\n次のタ一ンからの味方行軍ルートを指示したりできる\nセーブもここで行う。	{10:02:05}1턴이 끝날 때마다 운영 상황을 확인하는\n집계 화면이 된다。수지・내구력 등을\n강화하거나 다음 턴 행군로를 지시할 수\n있다。저장도 여기서 한다。
W01087	HELP.BIN:1817C	메뉴:101B	1	{10:02:05}部屋の中心にある塔。これを引っ張ると部屋の機能を\n使うことができる。敵もこの仙塔を目指すのでトラッ\nプは仙塔の位置に重ねて設置すると効果大。	{10:02:05}방 한가운데의 탑。당기면 방 기능을\n쓴다。적도 선탑을 노리니 함정은 선탑 위치에\n두면 효과가 크다。
W01088	HELP.BIN:181FE	메뉴:154B	1	{10:02:05}敵の侵入口。毎ターン違う場所に現れる。索敵部屋の\n機能で正確な場所が分かる。1ターン内に全ての飛天\n石出口を破壊すると敵はもうそのターンに侵入できな\nくなる。仙窟内の部屋数が多くなると飛天石出口の数\nも増える。	{10:02:05}적의 침입구。매 턴 다른 곳에 나타난다。색적\n방의 기능으로 정확한 위치를 알 수\n있다。1턴 안에 모든 비천석 출구를 부수면\n적은 그 턴에 더 침입하지 못한다。선굴 안\n방이 많아지면 비천석 출구도 늘어난다。
W01089	HELP.BIN:182AF	메뉴:121B	1	{10:02:05}戦闘終了後に敵が落とすものや1ターン内に飛天石出\n口をすべて壊すと出るものがある。しばらくすると消\nえてしまうので注意。逆に主人公が仙窟内に置くトラ\nップに宝箱型のものがある。	{10:02:05}전투 후 적이 떨어뜨리거나 1턴 안에 비천석\n출구를 다 부수면 나온다。잠시 뒤 사라지니\n주의。주인공이 두는 함정에도 보물상자형이\n있다。
W01090	HELP.BIN:1833F	메뉴:161B	1	{10:02:05}主人公が自分のグループのだれか一人に使うことがで\nきる体力回復の道具。掘削部屋で入手するほか、宝箱\nに入っていたり、ボス戦で衝撃波を打ち消した時にそ\nの場消費のものが出たりする。逆に仙窟内に置くトラ\nップに肉まん型のものがある。	{10:02:05}주인공이 자기 그룹 한 명에게 쓰는 체력\n회복 도구。굴삭 방에서 얻거나 보물상자에\n있고、보스전에서 충격파를 지우면 그 자리에서\n쓰는 것이 나오기도 한다。함정에도\n고기만두형이 있다。
W01091	HELP.BIN:18501	메뉴:178B	1	{10:02:05}木火土金水の五行の気の相性を図にしたもの。矢印の\n白が良い相性、紫が悪い相性を示す。風水量を操作す\nるために部屋同士の気の流れ方の確認に使う。風水情\n報画面で見る。また、仙窟内でYボタンを押すと、今\n主人公がいる部屋の相関図が出る。	{10:02:05}목화토금수 오행의 기의 상성도。화살표 흰색이\n좋은 상성、보라색이 나쁜 상성。풍수량 조절을\n위해 방끼리 기의 흐름을 볼 때 쓴다。선굴\n안에서 Y버튼을 누르면 지금 방의 상관도가\n나온다。
W01092	HELP.BIN:185D6	메뉴:157B	1	{10:02:05}飛天石出口の位置が、索敵部屋があれば正確に、なく\nても大まかに分かる。通常の画面中央の簡易マップで\nも敵の位置が分かるが、情報画面を開いているとタイ\nムカウントが止まるのでしっかり確認できる。Lボタ\nンで直接この画面に来る。	{10:02:05}비천석 출구 위치를 색적 방이 있으면\n정확히、없어도 대강 알 수 있다。평소엔 화면\n가운데 간이 지도로도 보이지만 정보 화면을\n열면 시간이 멈춰 차분히 볼 수\n있다。L버튼으로 바로 온다。
W01093	HELP.BIN:1869C	메뉴:92B	1	{10:02:05}仙窟内の全ての掘削部屋の掘削状況を表示。上の％表\n示が掘削率、下の数字が掘削完了までの残り時間（刻\n数）になる。	{10:02:05}선굴 안 모든 굴삭 방의 굴삭 상황을\n표시。위의 ％ 표시가 굴삭률、아래 숫자가\n굴삭 완료까지 남은 시간（각 수）이다。
W01094	HELP.BIN:18721	메뉴:111B	1	{10:02:05}全部屋の現在の耐久力、最大耐久力を表示する。\n現在の耐久力が最大の4分の1未満になると、部屋の\n名前表示が黄色になり、破壊されると灰色になる。	{10:02:05}모든 방의 현재・최대 내구력 표시。현재가\n최대의 4분의 1 미만이면 이름이\n노랗게、부서지면 회색이 된다。
W01095	HELP.BIN:187AD	메뉴:91B	1	{10:02:05}部屋内の数字は上がエネルギー蓄積量、下が仙丹蓄積\n量。カーソルを部屋に合わせるとその部屋の強化状況\nと状態が表示される。	{10:02:05}방 안 숫자는 위가 에너지 축적량、아래가\n선단 축적량。커서를 방에 맞추면 그 방의\n강화 상황과 상태가 표시된다。
W01096	HELP.BIN:1881C	메뉴:167B	1	{10:02:05}カーソルを合わせた部屋の風水量と通路からの気の流\nれ込み方が表示される。色分けは「情報」で説明。仙\n窟作成中はこまめに風水量と五気相関図を確認する必\n要があり、通路をつなげる時などにはR＋Lボタンで\n表示されるマス目画面が便利。	{10:02:05}커서를 맞춘 방의 풍수량과 통로에서 흘러드는\n기가 표시된다。색 구분은 「정보」참조。제작\n중엔 풍수량과 오기 상관도를 자주\n확인하자。통로를 이을 땐 R＋L버튼의 칸\n화면이 편리하다。
W01097	HELP.BIN:18906	메뉴:161B	1	{10:02:05}体力。敵との戦闘で攻撃を受けると滅る。道具や回復\n功（MP消費）などで回復できる。龍穴炉にエネルギ\nーを1でも振り込むと主人公のグループは全快する。\nLVUP時にも全快。仙獣の場合は戦闘を終えて行軍\nする間に徐々に回復する。	{10:02:05}체력。적의 공격을 받으면 준다。도구나\n회복공（MP 소비）으로 회복한다。용혈로에\n에너지를 1이라도 납입하면 주인공 그룹은\n완전 회복。LV UP 때도 완전 회복。선수는\n행군 중 조금씩 회복한다。
W01098	HELP.BIN:189BE	메뉴:34B	1	{10:02:05}体力の最大値。ある道具を装備すると上がる。	{10:02:05}체력의 최댓값。어떤 장비로 오른다。
W01099	HELP.BIN:18A09	메뉴:138B	1	{10:02:05}仙術を使うと消費する。道具で回復できる。\n龍穴炉にエネルギーを1でも振り込むと主人公のグル\nープは全快する。\nLVUP時にはUP分だけ追加。仙獣の場合は戦闘を\n終えて行軍する間に徐々に回復する。	{10:02:05}선술을 쓰면 준다。도구로 회복한다。용혈로에\n에너지를 1이라도 납입하면 주인공 그룹은\n완전 회복。LV UP 땐 UP분만큼\n추가。선수는 행군 중 조금씩 회복한다。
W01100	HELP.BIN:18AAA	메뉴:34B	1	{10:02:05}気力の最大値。ある道具を装備すると上がる。	{10:02:05}기력의 최댓값。어떤 장비로 오른다。
W01101	HELP.BIN:18AE3	메뉴:17B	1	{10:02:05}攻撃力（武器込）	{10:02:05}공격력（무기）
W01102	HELP.BIN:18B0B	메뉴:17B	1	{10:02:05}防御力（防具込）	{10:02:05}방어력（방어구）
W01103	HELP.BIN:18B33	메뉴:30B	1	{10:02:05}戦闘時の行動と仙術の威力に影響。	{10:02:05}행동과 선술 위력에 영향。
W01104	HELP.BIN:18B68	메뉴:59B	1	{10:02:05}歩く速さ。戦闘時は個別に、行軍時はグループ平均値\nで移動速度に影響する。	{10:02:05}걷는 속도。전투 땐 개별、행군 땐 그룹\n평균으로 이동 속도에 영향。
W01105	HELP.BIN:18BB7	메뉴:141B	1	{10:02:05}エネルギー運撒能力。この能力のある仙獣が主人公以\n外のグループで行軍すると、生産部屋にある分を持て\nるだけ持ち出して他の部屋に配る。\n部屋の強化機能や装備道具に持ち出しを制御するもの\nがある。	{10:02:05}에너지 운반 능력。이 능력의 선수가 주인공\n외 그룹으로 행군하면 생산 방의 몫을 들 수\n있는 만큼 들고 나가 다른 방에 나눠\n준다。방 강화 기능이나 장비 중에 이를\n조절하는 것이 있다。
W01106	HELP.BIN:18C8A	메뉴:140B	1	{10:02:05}仙丹運撒能力。この能力のある仙獣が主人公以外のグ\nループで行軍すると、練丹部屋にある分を持てるだけ\n持ち出して他の部屋に配る。\n部屋の強化機能や装備道具に持ち出しを制御するもの\nがある。	{10:02:05}선단 운반 능력。이 능력의 선수가 주인공 외\n그룹으로 행군하면 연단 방의 몫을 들 수\n있는 만큼 들고 나가 다른 방에 나눠\n준다。방 강화 기능이나 장비 중에 이를\n조절하는 것이 있다。
W01107	HELP.BIN:18D71	메뉴:137B	1	{10:02:05}壊れた部屋の修復及び部屋のHP（耐久力）を回復。\nこの能力のある仙獣が主人公以外のグループで行軍す\nると発揮される。\n部屋の強化機能の中には毎ターン自動的に修復するよ\nうになるものもある。	{10:02:05}부서진 방의 수복과 방의 HP（내구력）를\n회복。이 능력이 있는 선수가 주인공 외\n그룹으로 행군하면 발휘된다。\n방 강화 기능 중에는 매 턴 자동으로\n수복하게 되는 것도 있다。
W01108	HELP.BIN:18E11	메뉴:111B	1	{10:02:05}プレイヤー選択画面に表示。エンディングを迎えるご\nとに増える。シナリオ選択画面に立っているキャラが\n全員そろうと100％になる。すると新たにダンジョ\nンモードが登場する。	{10:02:05}플레이어 선택 화면에 표시。엔딩을 볼 때마다\n늘어난다。시나리오 선택 화면에 서 있는\n캐릭터가 모두 모이면 100％가 된다。그러면\n새로 던전 모드가 나온다。
W01109	HELP.BIN:18E9D	메뉴:75B	1	{10:02:05}現在作成中の仙窟の規模や風水の活用度などに基づい\nて採点しています。\n仙窟作りの目安にして下さい。	{10:02:05}지금 만드는 선굴의 규모나 풍수 활용도 등을\n바탕으로 채점합니다。\n선굴 만들기의 기준으로 삼으세요。
W01110	HELP.BIN:18EFF	메뉴:117B	1	{10:02:05}シナリオセーブ画面（取扱説明書参照）で選んだとこ\nろに自動的に上書きセーブがされる。ゲームを一端や\nめた後にまたつづきから始めた場合、この時の集計タ\nイムの状態で始まる。	{10:02:05}시나리오 저장 화면（설명서 참조）에서 고른\n곳에 자동으로 덮어쓰기 저장된다。게임을 일단\n끈 뒤 이어서 시작하면 이때의 집계 타임\n상태에서 시작한다。
W01111	HELP.BIN:18F91	메뉴:71B	1	{10:02:05}部屋に溜まった仙丹を使って部屋の各機能を強くした\nり新しく追加したりすること。集計タイムに操作する	{10:02:05}쌓인 선단으로 방 기능을 강하게 하거나 새로\n더하는 것。집계 타임에 조작。
W01112	HELP.BIN:18FFB	메뉴:134B	1	{10:02:05}集計タイムの強化画面で、すでに部屋に設置されてい\nる強化メニューを外すことができる。部屋のエネルギ\nー収支が赤字続きで活動停止になりそうな場合などに\n有効。強化時に使用された仙丹は戻らない。	{10:02:05}집계 타임의 강화 화면에서 이미 방에 설치된\n강화 메뉴를 뗄 수 있다。방의 에너지 수지가\n적자가 이어져 활동이 멈출 것 같을 때 등에\n유효。강화 때 쓴 선단은 돌아오지 않는다。
W01113	HELP.BIN:190A4	메뉴:59B	1	{10:02:05}部屋のMHP（最大耐久力）を増加させる。\n部屋の種類によって増加単位が違う。	{10:02:05}방의 MHP（최대 내구력）를 늘린다。\n방 종류마다 단위가 다르다。
W01114	HELP.BIN:190FC	메뉴:62B	1	{10:02:05}部屋のHP（現在の耐久力）を徐々に回復させる。\n風水によって強化機能で付けられる。	{10:02:05}방의 HP（현재 내구력）를 서서히 회복。\n풍수로 강화 기능으로 단다。
W01115	HELP.BIN:1932D	메뉴:62B	1	{10:02:05}召喚部屋でのみ強化できる既存能力。\n強化すると仙獣が高レベル状態で呼び出せる。	{10:02:05}소환 방 전용 고유 능력。\n강화하면 높은 레벨로 소환한다。
W01116	HELP.BIN:19388	메뉴:122B	1	{10:02:05}倉庫部屋でのみ強化できる既存能力。\n異次元空間との窓口を増やすことができる。\n複数の倉庫部屋がある場合、全ての倉庫部屋の倉庫容\n量を足した分の窓口が出来る。	{10:02:05}창고 방에서만 강화할 수 있는 고유 능력。\n이차원 공간과의 창구를 늘릴 수 있다。\n창고 방이 여럿이면 모든 창고 방의 창고\n용량을 더한 만큼 창구가 생긴다。
W01117	HELP.BIN:19425	메뉴:148B	1	{10:02:05}倉庫部屋でのみ強化できる能力。\n龍穴炉には通常1ターンに最大1000エネルギーま\nでしか振り込めないが、その最大値を上げることがで\nきる。振り込み必要量が多い仙窟や毎ターンの生産量\nが多い場合に重宝する機能だ。	{10:02:05}창고 방 전용 능력。\n용혈로엔 보통 1턴에 최대 1000\n에너지까지만 납입하지만 그 최댓값을\n올린다。납입 필요량이나 매 턴 생산량이 많을\n때 요긴하다。
W01118	HELP.BIN:1956F	메뉴:144B	1	{10:02:05}爆炸の計というトラップを毎ターン自動で生産する。\n攻撃部屋に既存、その他の部屋は風水によって強化機\n能で付けられる。\nこの機能でトラップがストックされ、集計タイムのト\nラップ設置で自由に設置できるようになる。	{10:02:05}폭작의 계라는 함정을 매 턴 자동\n생산한다。공격 방엔 원래 있고 다른 방은\n풍수로 강화 기능으로 단다。쌓인 함정은 집계\n타임의 함정 설치에서 자유롭게 설치한다。
W01119	HELP.BIN:19622	메뉴:96B	1	{10:02:05}転送部屋でのみ強化できる既存能力。\n部屋の中央の仙塔を引っ張ることにより、この部屋か\nら一定範囲内の部屋へ一瞬で移動できる。	{10:02:05}전송 방 전용 고유 능력。\n선탑을 당기면 일정 범위 안의 방으로\n순식간에 이동한다。
W01120	HELP.BIN:196AB	메뉴:77B	1	{10:02:05}索敵部屋でのみ強化できる既存能力。\nこの部屋から一定範囲内にある飛天石出口の場所を確\n定できる。	{10:02:05}색적 방 전용 고유 능력。\n일정 범위 안 비천석 출구의 위치를\n확정한다。
W01121	HELP.BIN:19721	메뉴:59B	1	{10:02:05}掘削部屋でのみ強化できる既存能力。\n掘削できるアイテムのレベルを変えることができる。	{10:02:05}굴삭 방 전용 고유 능력。\n캘 아이템의 레벨을 바꾼다。
W01122	HELP.BIN:19773	메뉴:66B	1	{10:02:05}風水強化メニューの設置に必要な風水量のこと。強化\n機能の種類によって風水値は異なる。	{10:02:05}풍수 강화 메뉴 설치에 필요한 풍수량。강화\n기능 종류에 따라 풍수값이 다르다。
W01123	HELP.BIN:19889	메뉴:154B	1	{10:02:05}話を進めていくと、新たに選べるシナリオが増える。\n同じシナリオでも異なるイベントやエンディングがあ\nるので繰り返し選んでみよう。エンディングを迎える\nごとに一人、キャラクターが画面上に立つ。シナリオ\n中全てのエンディングを見るとパンダが登場する。	{10:02:05}이야기를 진행하면 고를 시나리오가 는다。같은\n시나리오도 다른 이벤트・엔딩이 있으니 거듭\n골라 보자。엔딩마다 캐릭터가 한 명씩 화면에\n선다。모든 엔딩을 보면 판다가 나온다。
W01124	NAMEENT.BIN:2BA8	메뉴:3B	1	ヘ゜シ	피시
W01125	NAMEENT.BIN:2BAC	메뉴:3B	1	チュチ	츠치
W01126	NAMEENT.BIN:2BB0	메뉴:3B	1	ルット	루투
W01127	NAMEENT.BIN:2BB4	메뉴:3B	1	ルルン	루루
W01128	NAMEENT.BIN:2BB8	메뉴:4B	1	ホ゜ット	푸투
W01129	NAMEENT.BIN:2BBD	메뉴:4B	1	スヒ゜ノ	스피누
W01130	NAMEENT.BIN:2BC2	메뉴:3B	1	ヌリコ	누리쿠
W01131	NAMEENT.BIN:2BC9	메뉴:3B	1	チュン	츠
W01132	NAMEENT.BIN:2BCD	메뉴:2B	1	ミン	미
W01133	NAMEENT.BIN:2BD0	메뉴:3B	1	カフ゜	카푸
W01134	NAMEENT.BIN:2BD4	메뉴:3B	1	チャク	차쿠
W01135	NAMEENT.BIN:2BD8	메뉴:3B	1	ユゥキ	우키
W01136	NAMEENT.BIN:2BDC	메뉴:3B	1	ウェチ	이치
W01137	NAMEENT.BIN:2BE0	메뉴:4B	1	ホトオリ	후투우리
W01138	NAMEENT.BIN:2BEA	메뉴:4B	1	ヌト゛ゥ	누두
W01139	NAMEENT.BIN:2BEF	메뉴:4B	1	ハクハン	하쿠하
W01140	NAMEENT.BIN:2BF4	메뉴:4B	1	コ゛ウウ	구우우
W01141	NAMEENT.BIN:2BF9	메뉴:4B	1	シ゛ノミ	지누미
W01142	NAMEENT.BIN:2BFE	메뉴:4B	1	イェシェ	이시
W01143	NAMEENT.BIN:2C03	메뉴:4B	1	コ゛ロー	구루
W01144	NAMEENT.BIN:2C08	메뉴:3B	1	チリコ	치리쿠
W01145	NAMEENT.BIN:2C0F	메뉴:4B	1	ヒルカン	히루카
W01146	NAMEENT.BIN:2C14	메뉴:4B	1	イレンメ	이리미
W01147	NAMEENT.BIN:2C19	메뉴:3B	1	トクウ	투쿠우
W01148	NAMEENT.BIN:2C1D	메뉴:4B	1	マーホ゜	마푸
W01149	NAMEENT.BIN:2C26	메뉴:3B	1	ユケッ	우키
W01150	NAMEENT.BIN:2C2A	메뉴:3B	1	タスキ	타스키
W01151	NAMEENT.BIN:2C33	메뉴:2B	1	サー	사
W01152	NAMEENT.BIN:2C36	메뉴:3B	1	コ゛ー	구
W01153	NAMEENT.BIN:2C3A	메뉴:2B	1	フー	푸
W01154	NAMEENT.BIN:2C3D	메뉴:4B	1	トンコウ	투쿠우
W01155	NAMEENT.BIN:2C42	메뉴:3B	1	ホ゛ラ	부라
W01156	NAMEENT.BIN:2C46	메뉴:4B	1	ハ゛ルロ	바루루
W01157	NAMEENT.BIN:2C4B	메뉴:4B	1	ミツカケ	미츠카키
W01158	NAMEENT.BIN:2C54	메뉴:4B	1	サイコウ	사이쿠우
W01159	NAMEENT.BIN:2C59	메뉴:3B	1	マウイ	마우이
W01160	NAMEENT.BIN:2C5D	메뉴:4B	1	キ゛シュ	기스
W01161	NAMEENT.BIN:2C62	메뉴:2B	1	ケィ	키
W01162	NAMEENT.BIN:2C65	메뉴:3B	1	ヤシャ	아사
W01163	NAMEENT.BIN:2C69	메뉴:4B	1	ユミオウ	우미우우
W01164	NAMEENT.BIN:2C6E	메뉴:4B	1	スホ゛シ	스부시
W01165	NAMEENT.BIN:2C78	메뉴:4B	1	カチット	카치투
W01166	NAMEENT.BIN:2C7D	메뉴:4B	1	ホ゜チッ	푸치
W01167	NAMEENT.BIN:2C82	메뉴:4B	1	ヒッチチ	히치치
W01168	NAMEENT.BIN:2C87	메뉴:3B	1	トット	투투
W01169	NAMEENT.BIN:2C8B	메뉴:3B	1	カット	카투
W01170	NAMEENT.BIN:2C8F	메뉴:3B	1	タ゛リ	다리
W01171	NAMEENT.BIN:2C93	메뉴:2B	1	トモ	투무
W01172	NAMEENT.BIN:2C9B	메뉴:4B	1	モク゛タ	무구타
W01173	NAMEENT.BIN:2CA0	메뉴:4B	1	ヒ゜ット	피투
W01174	NAMEENT.BIN:2CA5	메뉴:4B	1	アシ゛ャ	아자
W01175	NAMEENT.BIN:2CAA	메뉴:3B	1	シンタ	시타
W01176	NAMEENT.BIN:2CAE	메뉴:4B	1	リトリト	리투리투
W01177	NAMEENT.BIN:2CB3	메뉴:2B	1	テン	티
W01178	NAMEENT.BIN:2CB6	메뉴:2B	1	ソイ	수이
W01179	NAMEENT.BIN:2CBC	메뉴:2B	1	トン	투
W01180	NAMEENT.BIN:2CBF	메뉴:2B	1	アウ	아우
W01181	NAMEENT.BIN:2CC2	메뉴:2B	1	コウ	쿠우
W01182	NAMEENT.BIN:2CC5	메뉴:3B	1	ホ゜チ	푸치
W01183	NAMEENT.BIN:2CC9	메뉴:2B	1	ハン	하
W01184	NAMEENT.BIN:2CCC	메뉴:4B	1	カンヘル	카히루
W01185	NAMEENT.BIN:2CD1	메뉴:4B	1	アシタレ	아시타리
W01186	NAMEENT.BIN:2CD9	메뉴:2B	1	ルウ	루우
W01187	NAMEENT.BIN:2CDC	메뉴:2B	1	マウ	마우
W01188	NAMEENT.BIN:2CDF	메뉴:2B	1	キキ	키키
W01189	NAMEENT.BIN:2CE2	메뉴:2B	1	フウ	푸우
W01190	NAMEENT.BIN:2CE5	메뉴:4B	1	ヒ゛ンス	비스
W01191	NAMEENT.BIN:2CEA	메뉴:2B	1	ヤト	아투
W01192	NAMEENT.BIN:2CED	메뉴:2B	1	ミノ	미누
W01193	NAMEENT.BIN:2CF5	메뉴:4B	1	ヤルルン	아루루
W01194	NAMEENT.BIN:2CFA	메뉴:4B	1	ハクヒ゛	하쿠비
W01195	NAMEENT.BIN:2CFF	메뉴:3B	1	ニシキ	니시키
W01196	NAMEENT.BIN:2D03	메뉴:4B	1	レンケ゛	리기
W01197	NAMEENT.BIN:2D08	메뉴:4B	1	ソウセキ	수우시키
W01198	NAMEENT.BIN:2D0D	메뉴:4B	1	レイシ゛	리이지
W01199	NAMEENT.BIN:2D12	메뉴:4B	1	ヒツキ゛	히츠기
W01200	NAMEENT.BIN:2D1C	메뉴:2B	1	リン	리
W01201	NAMEENT.BIN:2D1F	메뉴:3B	1	セ゛ン	지
W01202	NAMEENT.BIN:2D23	메뉴:2B	1	マニ	마니
W01203	NAMEENT.BIN:2D26	메뉴:3B	1	ウルル	우루루
W01204	NAMEENT.BIN:2D2A	메뉴:3B	1	ムキチ	무키치
W01205	NAMEENT.BIN:2D2E	메뉴:4B	1	イアレト	이아리투
W01206	NAMEENT.BIN:2D33	메뉴:3B	1	イナミ	이나미
W01207	NAMEENT.BIN:2D3C	메뉴:4B	1	コウメイ	쿠우미이
W01208	NAMEENT.BIN:2D41	메뉴:4B	1	テッテッ	티티
W01209	NAMEENT.BIN:2D46	메뉴:4B	1	シス゛カ	시즈카
W01210	NAMEENT.BIN:2D4B	메뉴:2B	1	トト	투투
W01211	NAMEENT.BIN:2D4E	메뉴:4B	1	コウコウ	쿠우쿠우
W01212	NAMEENT.BIN:2D53	메뉴:4B	1	ヘカテェ	히카티
W01213	NAMEENT.BIN:2D58	메뉴:3B	1	ウルイ	우루이
W01214	NAMEENT.BIN:2D61	메뉴:4B	1	ナク゛モ	나구무
W01215	NAMEENT.BIN:2D66	메뉴:3B	1	サラサ	사라사
W01216	NAMEENT.BIN:2D6A	메뉴:4B	1	コトコト	쿠투쿠투
W01217	NAMEENT.BIN:2D6F	메뉴:4B	1	スメミツ	스미미츠
W01218	NAMEENT.BIN:2D74	메뉴:4B	1	ツェリン	치리
W01219	NAMEENT.BIN:2D79	메뉴:4B	1	キムナラ	키무나라
W01220	NAMEENT.BIN:2D7E	메뉴:4B	1	トミテ゛	투미디
W01221	NAMEENT.BIN:2D88	메뉴:4B	1	アンス゛	아즈
W01222	NAMEENT.BIN:2D8D	메뉴:2B	1	クコ	쿠쿠
W01223	NAMEENT.BIN:2D90	메뉴:3B	1	サッチ	사치
W01224	NAMEENT.BIN:2D94	메뉴:3B	1	カチナ	카치나
W01225	NAMEENT.BIN:2D98	메뉴:2B	1	アエ	아이
W01226	NAMEENT.BIN:2D9B	메뉴:3B	1	アリス	아리스
W01227	NAMEENT.BIN:2D9F	메뉴:4B	1	ウミヤメ	우미아미
W01228	NAMEENT.BIN:2DA7	메뉴:4B	1	チーアン	치아
W01229	NAMEENT.BIN:2DAC	메뉴:3B	1	ナッツ	나츠
W01230	NAMEENT.BIN:2DB0	메뉴:2B	1	ヒナ	히나
W01231	NAMEENT.BIN:2DB3	메뉴:3B	1	ウトル	우투루
W01232	NAMEENT.BIN:2DB7	메뉴:3B	1	ファロ	파루
W01233	NAMEENT.BIN:2DBB	메뉴:4B	1	トクチェ	투쿠치
W01234	NAMEENT.BIN:2DC0	메뉴:3B	1	ハツイ	하츠이
W01235	NAMEENT.BIN:2DC7	메뉴:3B	1	ヒョウ	후우
W01236	NAMEENT.BIN:2DCB	메뉴:3B	1	ネサル	니사루
W01237	NAMEENT.BIN:2DCF	메뉴:2B	1	ソン	수
W01238	NAMEENT.BIN:2DD5	메뉴:3B	1	シ゛イ	지이
W01239	NAMEENT.BIN:2DD9	메뉴:2B	1	セキ	시키
W01240	NAMEENT.BIN:2DDC	메뉴:3B	1	トカキ	투카키
W01241	NAMEENT.BIN:2DE5	메뉴:4B	1	イツァム	이차무
W01242	NAMEENT.BIN:2DEA	메뉴:2B	1	シン	시
W01243	NAMEENT.BIN:2DED	메뉴:3B	1	コ゛ン	구
W01244	NAMEENT.BIN:2DF1	메뉴:4B	1	ユンミン	우미
W01245	NAMEENT.BIN:2DF6	메뉴:4B	1	ウシュム	우스무
W01246	NAMEENT.BIN:2DFB	메뉴:2B	1	フム	푸무
W01247	NAMEENT.BIN:2DFE	메뉴:3B	1	タタミ	타타미
W01248	NAMEENT.BIN:2E07	메뉴:4B	1	ヒ゜ヒ゜	피피
W01249	NAMEENT.BIN:2E0C	메뉴:3B	1	エトト	이투투
W01250	NAMEENT.BIN:2E10	메뉴:4B	1	ヘ゜チカ	피치카
W01251	NAMEENT.BIN:2E15	메뉴:4B	1	エスタナ	이스타나
W01252	NAMEENT.BIN:2E1A	메뉴:4B	1	シュメイ	스미이
W01253	NAMEENT.BIN:2E1F	메뉴:2B	1	サン	사
W01254	NAMEENT.BIN:2E22	메뉴:3B	1	コキエ	쿠키이
W01255	NAMEENT.BIN:2E2B	메뉴:2B	1	ラム	라무
W01256	NAMEENT.BIN:2E2E	메뉴:4B	1	ナータ゛	나다
W01257	NAMEENT.BIN:2E33	메뉴:4B	1	ニンマー	니마
W01258	NAMEENT.BIN:2E38	메뉴:4B	1	ニルトシ	니루투시
W01259	NAMEENT.BIN:2E3D	메뉴:4B	1	アタヌア	아타누아
W01260	NAMEENT.BIN:2E42	메뉴:4B	1	ティサニ	티사니
W01261	NAMEENT.BIN:2E47	메뉴:4B	1	スハ゛ル	스바루
W01262	NAMEENT.BIN:2E50	메뉴:3B	1	シュマ	스마
W01263	NAMEENT.BIN:2E54	메뉴:2B	1	ヤム	아무
W01264	NAMEENT.BIN:2E57	메뉴:2B	1	ニマ	니마
W01265	NAMEENT.BIN:2E5A	메뉴:4B	1	タ゛ンク	다쿠
W01266	NAMEENT.BIN:2E5F	메뉴:4B	1	フェイス	피이스
W01267	NAMEENT.BIN:2E64	메뉴:4B	1	ク゛リィ	구리
W01268	NAMEENT.BIN:2E69	메뉴:3B	1	トロキ	투루키
W01269	NAMEENT.BIN:2E72	메뉴:4B	1	ヒシ゛リ	히지리
W01270	NAMEENT.BIN:2E77	메뉴:4B	1	ナヌック	나누쿠
W01271	NAMEENT.BIN:2E7C	메뉴:4B	1	カーワン	카아
W01272	NAMEENT.BIN:2E81	메뉴:3B	1	イムラ	이무라
W01273	NAMEENT.BIN:2E85	메뉴:2B	1	エヌ	이누
W01274	NAMEENT.BIN:2E88	메뉴:4B	1	トサウト	투사우투
W01275	NAMEENT.BIN:2E8D	메뉴:4B	1	カラスキ	카라스키
W01276	NAMEENT.BIN:2E97	메뉴:4B	1	スウサン	스우사
W01277	NAMEENT.BIN:2E9C	메뉴:3B	1	カサン	카사
W01278	NAMEENT.BIN:2EA0	메뉴:4B	1	ホウショ	후우수
W01279	NAMEENT.BIN:2EA5	메뉴:4B	1	エイシュ	이이스
W01280	NAMEENT.BIN:2EAA	메뉴:4B	1	サンカイ	사카이
W01281	NAMEENT.BIN:2EAF	메뉴:4B	1	コウサン	쿠우사
W01282	NAMEENT.BIN:2EB4	메뉴:3B	1	チチリ	치치리
W01283	NAMEENT.BIN:2EBD	메뉴:4B	1	コンロン	쿠루
W01284	NAMEENT.BIN:2EC2	메뉴:4B	1	カチサン	카치사
W01285	NAMEENT.BIN:2EC7	메뉴:4B	1	テンソン	티수
W01286	NAMEENT.BIN:2ECC	메뉴:3B	1	ウヲル	우우루
W01287	NAMEENT.BIN:2ED0	메뉴:4B	1	ホウライ	후우라이
W01288	NAMEENT.BIN:2ED5	메뉴:4B	1	ウナフ゛	우나부
W01289	NAMEENT.BIN:2EDA	메뉴:4B	1	タマホメ	타마후미
W01290	0.BIN:78DF6	메뉴:4B	1	破斬	파참
W01291	0.BIN:78DFB	메뉴:6B	1	回復功	회복공
W01292	0.BIN:78E02	메뉴:6B	1	氷雷陣	빙뢰진
W01293	0.BIN:78E09	메뉴:4B	1	空斬	공참
W01294	0.BIN:78E0E	메뉴:4B	1	なむなむ	나무나무
W01295	0.BIN:78E13	메뉴:6B	1	陽気砲	양기포
W01296	0.BIN:78E1A	메뉴:6B	1	追七星	추칠성
W01297	0.BIN:78E21	메뉴:6B	1	龍炎弾	용염탄
W01298	0.BIN:78E28	메뉴:8B	1	大回復陣	대회복진
W01299	0.BIN:78E31	메뉴:6B	1	破陣砲	파진포
W01300	0.BIN:78E38	메뉴:10B	1	妖撃爆炎舞	요격폭염무
W01301	0.BIN:78E43	메뉴:10B	1	妖撃滅殺線	요격멸살선
W01302	0.BIN:78E4E	메뉴:8B	1	陽神護法	양신호법
W01303	0.BIN:78E57	메뉴:10B	1	妖撃追気弾	요격추기탄
W01304	0.BIN:78E62	메뉴:10B	1	双極爆縮陣	쌍극폭축진
W01305	0.BIN:78E6D	메뉴:12B	1	召喚陣餓鬼魂	소환진아귀혼
W01306	0.BIN:78E7A	메뉴:12B	1	召喚陣式蜘蛛	소환진식거미
W01307	0.BIN:78E87	메뉴:12B	1	天帝陣八極炉	천제진팔극로
W01308	CS.BIN:7AC2E	메뉴:14B	1	{0D:01:19}V\n武器\n防具	{0D:01:19}V\n무기\n방어구
W01309	CS.BIN:7AC3D	메뉴:6B	1	駆\n{17:14}{B}{09}	
W01310	CS.BIN:7AC62	메뉴:11B	1	{04:01}体力\n気力	{04:01}체력\n기력
W01311	CS.BIN:7AD1E	메뉴:30B	1	{09}{10:02:02}侶てW{10:02:03}{16}てS{10:1B:03}{16}て{LV}\n{16}て{58}\n{16}て{A}{10:02:05}	
W01312	CS.BIN:7AD3D	메뉴:188B	1	体力\n気力\n攻撃\n防御\n{10:17:03}技\n装備\n防具\n{17:04}運撒\n{17:05}運撒{10:09:09}速さ\n知力{10:10:0B}修復{10:05:06}{13}HP\nMP{10:0B:04}LV{10:07:02}EXP{12}\nてC／{12}{04:80}O{10:0D:03}{11:02:80}{04:10}{08}\n{11:03:80}{10:17:15}{11:03:80}{08}\n{11:03:80}{14}{17:15}{11:03:80}{0C}{10:05:09}{11:03:80}バ{11:03:80}邦{0C}{09}{11:03:80}、\n{11:03:80} {10:13:0B}{11:03:80}＋{10:1D:09}{11:04:80}4{17:15}{11:04:80}』\n{11:04:80}8{17:15}{11:04:80}0{0A}ギB{10:1D:0E}	체력\n기력\n공격\n방어\n{10:17:03}기\n장비\n방어구\n{17:04}운반\n{17:05}운반{10:09:09}속도\n지력{10:10:0B}수복{10:05:06}{13}HP\nMP{10:0B:04}LV{10:07:02}EXP{12}\n{c:080}C／{12}{04:80}O{10:0D:03}{11:02:80}{04:10}{08}\n{11:03:80}{10:17:15}{11:03:80}{08}\n{11:03:80}{14}{17:15}{11:03:80}{0C}{10:05:09}{11:03:80}{c:105}{11:03:80}{c:510}{0C}{09}{11:03:80}、\n{11:03:80} {10:13:0B}{11:03:80}＋{10:1D:09}{11:04:80}4{17:15}{11:04:80}』\n{11:04:80}8{17:15}{11:04:80}0{0A}{c:0F7}B{10:1D:0E}
W01313	CS.BIN:7ADFA	메뉴:21B	1	リーダー特性{10:1E:11}{07:D8:FE}{10:22:11}{07:F1:FE}	리더 특성{10:1E:11}{07:D8:FE}{10:22:11}{07:F1:FE}
W01314	CS.BIN:7AE1C	메뉴:2B	1	駆{0E}	
W01315	CS.BIN:7AE2C	메뉴:10B	1	自分の持ち物	내 소지품
W01316	CS.BIN:7AE3B	메뉴:4B	1	倉庫	창고
W01317	CS.BIN:7AE68	메뉴:2B	1	ぷ駆	
W01318	CS.BIN:7AECD	메뉴:2B	1	ぽて	
W01319	CS.BIN:7AEE5	메뉴:14B	1	装備可能キャラクター	장비 가능 캐릭터
W01320	CS.BIN:7AEF7	메뉴:7B	1	{A}{11:04:01}羅{0B}	
W01321	0.BIN:70232	메뉴:10B	2	{5A}{5B}生産力{LV}1	{5A}{5B}생산력{LV}1
W01322	0.BIN:7023D	메뉴:10B	2	{5A}{5B}生産力{LV}2	{5A}{5B}생산력{LV}2
W01323	0.BIN:70248	메뉴:10B	2	{5A}{5B}生産力{LV}3	{5A}{5B}생산력{LV}3
W01324	0.BIN:70253	메뉴:10B	2	{5A}{5B}生産力{LV}4	{5A}{5B}생산력{LV}4
W01325	0.BIN:7025E	메뉴:10B	1	{5A}{5B}生産力{LV}5	{5A}{5B}생산력{LV}5
W01326	0.BIN:70269	메뉴:10B	1	{5A}{5B}生産力{LV}6	{5A}{5B}생산력{LV}6
W01327	0.BIN:70274	메뉴:10B	1	{5A}{5B}生産力{LV}7	{5A}{5B}생산력{LV}7
W01328	0.BIN:7027F	메뉴:10B	1	{5A}{5B}生産力{LV}8	{5A}{5B}생산력{LV}8
W01329	0.BIN:7028A	메뉴:12B	2	仙丹生産力{LV}1	선단생산력{LV}1
W01330	0.BIN:70297	메뉴:12B	2	仙丹生産力{LV}2	선단생산력{LV}2
W01331	0.BIN:702A4	메뉴:12B	2	仙丹生産力{LV}3	선단생산력{LV}3
W01332	0.BIN:702B1	메뉴:12B	2	仙丹生産力{LV}4	선단생산력{LV}4
W01333	0.BIN:702BE	메뉴:12B	1	仙丹生産力{LV}5	선단생산력{LV}5
W01334	0.BIN:702CB	메뉴:12B	1	仙丹生産力{LV}6	선단생산력{LV}6
W01335	0.BIN:702D8	메뉴:12B	1	仙丹生産力{LV}7	선단생산력{LV}7
W01336	0.BIN:702E5	메뉴:12B	1	仙丹生産力{LV}8	선단생산력{LV}8
W01337	0.BIN:702F2	메뉴:10B	1	倉庫容量＋1	창고용량＋1
W01338	0.BIN:702FD	메뉴:10B	1	倉庫容量＋2	창고용량＋2
W01339	0.BIN:70308	메뉴:10B	1	倉庫容量＋3	창고용량＋3
W01340	0.BIN:70313	메뉴:10B	1	倉庫容量＋4	창고용량＋4
W01341	0.BIN:7031E	메뉴:12B	1	龍穴炉振込{LV}1	용혈로납입{LV}1
W01342	0.BIN:7032B	메뉴:12B	1	龍穴炉振込{LV}2	용혈로납입{LV}2
W01343	0.BIN:70338	메뉴:12B	1	龍穴炉振込{LV}3	용혈로납입{LV}3
W01344	0.BIN:70345	메뉴:12B	1	龍穴炉振込{LV}4	용혈로납입{LV}4
W01345	0.BIN:70352	메뉴:9B	2	赤糸の策{LV}1	적사책{LV}1
W01346	0.BIN:7035C	메뉴:9B	2	赤糸の策{LV}2	적사책{LV}2
W01347	0.BIN:70366	메뉴:9B	1	赤糸の策{LV}3	적사책{LV}3
W01348	0.BIN:70370	메뉴:9B	1	赤糸の策{LV}4	적사책{LV}4
W01349	0.BIN:7037A	메뉴:9B	2	跳氣の策{LV}1	도기책{LV}1
W01350	0.BIN:70384	메뉴:9B	2	跳氣の策{LV}2	도기책{LV}2
W01351	0.BIN:7038E	메뉴:9B	1	跳氣の策{LV}3	도기책{LV}3
W01352	0.BIN:70398	메뉴:9B	1	跳氣の策{LV}4	도기책{LV}4
W01353	0.BIN:703A2	메뉴:9B	2	仙雷の策{LV}1	선뢰책{LV}1
W01354	0.BIN:703AC	메뉴:9B	2	仙雷の策{LV}2	선뢰책{LV}2
W01355	0.BIN:703B6	메뉴:9B	1	仙雷の策{LV}3	선뢰책{LV}3
W01356	0.BIN:703C0	메뉴:9B	1	仙雷の策{LV}4	선뢰책{LV}4
W01357	0.BIN:703CA	메뉴:9B	1	蒼龍の策{LV}1	창룡책{LV}1
W01358	0.BIN:703D4	메뉴:9B	1	蒼龍の策{LV}2	창룡책{LV}2
W01359	0.BIN:703DE	메뉴:9B	1	蒼龍の策{LV}3	창룡책{LV}3
W01360	0.BIN:703E8	메뉴:9B	1	蒼龍の策{LV}4	창룡책{LV}4
W01361	0.BIN:703F2	메뉴:8B	1	誘き寄せ{LV}1	유인{LV}1
W01362	0.BIN:703FB	메뉴:8B	1	誘き寄せ{LV}2	유인{LV}2
W01363	0.BIN:70404	메뉴:8B	1	誘き寄せ{LV}3	유인{LV}3
W01364	0.BIN:7040D	메뉴:8B	1	誘き寄せ{LV}4	유인{LV}4
W01365	0.BIN:70416	메뉴:10B	1	召喚レベル{LV}1	소환레벨{LV}1
W01366	0.BIN:70421	메뉴:10B	1	召喚レベル{LV}2	소환레벨{LV}2
W01367	0.BIN:7042C	메뉴:10B	1	召喚レベル{LV}3	소환레벨{LV}3
W01368	0.BIN:70437	메뉴:10B	1	召喚レベル{LV}4	소환레벨{LV}4
W01369	0.BIN:70442	메뉴:10B	1	召喚レベル{LV}5	소환레벨{LV}5
W01370	0.BIN:7044D	메뉴:10B	1	召喚レベル{LV}6	소환레벨{LV}6
W01371	0.BIN:70458	메뉴:10B	1	召喚レベル{LV}7	소환레벨{LV}7
W01372	0.BIN:70463	메뉴:10B	1	召喚能力{LV}1	소환능력{LV}1
W01373	0.BIN:7046E	메뉴:10B	1	召喚能力{LV}2	소환능력{LV}2
W01374	0.BIN:70479	메뉴:10B	1	召喚能力{LV}3	소환능력{LV}3
W01375	0.BIN:70484	메뉴:10B	1	召喚能力{LV}4	소환능력{LV}4
W01376	0.BIN:7048F	메뉴:8B	1	太極宝宮	태극보궁
W01377	0.BIN:70498	메뉴:10B	1	索敵能力{LV}1	색적능력{LV}1
W01378	0.BIN:704A3	메뉴:10B	1	索敵能力{LV}2	색적능력{LV}2
W01379	0.BIN:704AE	메뉴:10B	1	索敵能力{LV}3	색적능력{LV}3
W01380	0.BIN:704B9	메뉴:10B	1	索敵能力{LV}4	색적능력{LV}4
W01381	0.BIN:704C4	메뉴:6B	1	全索敵	전색적
W01382	0.BIN:704CB	메뉴:10B	1	転送能力{LV}1	전송능력{LV}1
W01383	0.BIN:704D6	메뉴:10B	1	転送能力{LV}2	전송능력{LV}2
W01384	0.BIN:704E1	메뉴:10B	1	転送能力{LV}3	전송능력{LV}3
W01385	0.BIN:704EC	메뉴:10B	1	転送能力{LV}4	전송능력{LV}4
W01386	0.BIN:704F7	메뉴:6B	1	全転送	전전송
W01387	0.BIN:704FE	메뉴:10B	1	掘削能力{LV}1	굴삭능력{LV}1
W01388	0.BIN:70509	메뉴:10B	1	掘削能力{LV}2	굴삭능력{LV}2
W01389	0.BIN:70514	메뉴:10B	1	掘削能力{LV}3	굴삭능력{LV}3
W01390	0.BIN:7051F	메뉴:10B	1	掘削能力{LV}4	굴삭능력{LV}4
W01391	0.BIN:7052A	메뉴:8B	1	四神雷鳴	사신뇌명
W01392	0.BIN:70533	메뉴:12B	1	武器掘削能力	무기굴삭능력
W01393	0.BIN:70540	메뉴:12B	1	防具掘削能力	방어구굴삭능력
W01394	0.BIN:7054D	메뉴:12B	1	道具掘削能力	도구굴삭능력
W01395	0.BIN:7055A	메뉴:8B	1	耐久力{LV}1	내구력{LV}1
W01396	0.BIN:70563	메뉴:8B	1	耐久力{LV}2	내구력{LV}2
W01397	0.BIN:7056C	메뉴:8B	1	耐久力{LV}3	내구력{LV}3
W01398	0.BIN:70575	메뉴:8B	1	耐久力{LV}4	내구력{LV}4
W01399	0.BIN:7057E	메뉴:8B	1	耐久力{LV}5	내구력{LV}5
W01400	0.BIN:70587	메뉴:8B	1	耐久力{LV}6	내구력{LV}6
W01401	0.BIN:70590	메뉴:8B	1	耐久力{LV}7	내구력{LV}7
W01402	0.BIN:70599	메뉴:8B	1	耐久力{LV}8	내구력{LV}8
W01403	0.BIN:705A2	메뉴:10B	1	爆炸生産{LV}1	폭작생산{LV}1
W01404	0.BIN:705AD	메뉴:10B	2	爆炸生産{LV}2	폭작생산{LV}2
W01405	0.BIN:705B8	메뉴:10B	2	爆炸生産{LV}3	폭작생산{LV}3
W01406	0.BIN:705C3	메뉴:12B	2	暴雷光生産{LV}1	폭뢰광생산{LV}1
W01407	0.BIN:705D0	메뉴:12B	2	暴雷光生産{LV}2	폭뢰광생산{LV}2
W01408	0.BIN:705DD	메뉴:12B	2	暴雷光生産{LV}3	폭뢰광생산{LV}3
W01409	0.BIN:705EA	메뉴:12B	2	闇魔針生産{LV}1	암마침생산{LV}1
W01410	0.BIN:705F7	메뉴:12B	2	闇魔針生産{LV}2	암마침생산{LV}2
W01411	0.BIN:70604	메뉴:8B	1	練寿願{LV}1	연수원{LV}1
W01412	0.BIN:7060D	메뉴:8B	1	練寿願{LV}2	연수원{LV}2
W01413	0.BIN:70616	메뉴:8B	1	練寿願{LV}3	연수원{LV}3
W01414	0.BIN:7061F	메뉴:8B	1	練寿願{LV}4	연수원{LV}4
W01415	0.BIN:70628	메뉴:8B	1	練寿願{LV}5	연수원{LV}5
W01416	0.BIN:70631	메뉴:12B	1	耐久力回復{LV}1	내구력회복{LV}1
W01417	0.BIN:7063E	메뉴:12B	1	耐久力回復{LV}2	내구력회복{LV}2
W01418	0.BIN:7064B	메뉴:12B	1	耐久力回復{LV}3	내구력회복{LV}3
W01419	0.BIN:70658	메뉴:12B	1	耐久力回復{LV}4	내구력회복{LV}4
W01420	0.BIN:706C5	메뉴:10B	1	玉皇宝華{LV}1	옥황보화{LV}1
W01421	0.BIN:706D0	메뉴:10B	1	玉皇宝華{LV}2	옥황보화{LV}2
W01422	0.BIN:706DB	메뉴:10B	1	玉皇宝華{LV}3	옥황보화{LV}3
W01423	0.BIN:706E6	메뉴:10B	1	玉皇宝華{LV}4	옥황보화{LV}4
W01424	0.BIN:706F1	메뉴:10B	1	龍盛豪炉{LV}1	용성호로{LV}1
W01425	0.BIN:706FC	메뉴:10B	1	龍盛豪炉{LV}2	용성호로{LV}2
W01426	0.BIN:70707	메뉴:10B	1	龍盛豪炉{LV}3	용성호로{LV}3
W01427	0.BIN:70712	메뉴:10B	1	龍盛豪炉{LV}4	용성호로{LV}4
W01428	0.BIN:7071D	메뉴:10B	1	風神勇尊{LV}1	풍신용존{LV}1
W01429	0.BIN:70728	메뉴:10B	1	風神勇尊{LV}2	풍신용존{LV}2
W01430	0.BIN:70733	메뉴:10B	1	風神勇尊{LV}3	풍신용존{LV}3
W01431	0.BIN:7073E	메뉴:10B	1	風神勇尊{LV}4	풍신용존{LV}4
W01432	0.BIN:70785	메뉴:9B	1	{5A}{5B}100確保	{5A}{5B}100확보
W01433	0.BIN:7078F	메뉴:9B	1	{5A}{5B}250確保	{5A}{5B}250확보
W01434	0.BIN:70799	메뉴:9B	1	{5A}{5B}500確保	{5A}{5B}500확보
W01435	0.BIN:707A3	메뉴:10B	1	{5A}{5B}1000確保	{5A}{5B}1000확보
W01436	0.BIN:707AE	메뉴:10B	1	仙丹10確保	선단10확보
W01437	0.BIN:707B9	메뉴:10B	1	仙丹50確保	선단50확보
W01438	0.BIN:707C4	메뉴:11B	1	仙丹100確保	선단100확보
W01439	0.BIN:707D0	메뉴:11B	1	仙丹200確保	선단200확보
W01440	0.BIN:70833	메뉴:9B	1	爆炸の計{LV}1	폭작계{LV}1
W01441	0.BIN:7083D	메뉴:9B	1	爆炸の計{LV}2	폭작계{LV}2
W01442	0.BIN:70847	메뉴:9B	1	爆炸の計{LV}3	폭작계{LV}3
W01443	0.BIN:70851	메뉴:11B	1	暴雷光の計{LV}1	폭뢰광계{LV}1
W01444	0.BIN:7085D	메뉴:11B	1	暴雷光の計{LV}2	폭뢰광계{LV}2
W01445	0.BIN:70869	메뉴:11B	1	暴雷光の計{LV}3	폭뢰광계{LV}3
W01446	0.BIN:70875	메뉴:11B	1	闇魔針の計{LV}1	암마침계{LV}1
W01447	0.BIN:70881	메뉴:11B	1	闇魔針の計{LV}2	암마침계{LV}2
W01448	HELP.BIN:19940	메뉴:57B	1	{10:02:05}Xボタンで出るメニュー。主人公のグループの状態が\n分かる。以下項目別に解説。	{10:02:05}X버튼으로 나오는 메뉴。주인공 그룹의 상태를\n알 수 있다。아래 항목별로 해설。
W01449	HELP.BIN:19A7F	메뉴:170B	1	{10:02:05}ウィンドウ画面で選ぶと自分の持ち物を自分のグルー\nプの誰かに使うことができる。Xボタンで並べ替え。\n中には使うと特定の道具を変化させる道具もある。\n倉庫部屋の道具は倉庫から取り出して使える。\n道具の説明は装備画面でXボタンでも確認できる。	{10:02:05}창 화면에서 고르면 소지품을 자기 그룹의\n누군가에게 쓸 수 있다。X버튼으로 정렬。쓰면\n특정 도구를 바꾸는 도구도 있다。창고 방의\n도구는 창고에서 꺼내 쓴다。도구 설명은 장비\n화면에서 X버튼으로도 본다。
W01450	HELP.BIN:19B3D	메뉴:153B	1	{10:02:05}味方グループ鬪貿画面。ここで装備を行う。戦闘中は\nこの項目は開けないので注意。\n後ろが耀いている者がそのグループのリーダー。\n仙獣が死亡した場合、召喚部屋の機能で蘇生できる。\nシナリオ中まれに仲間に加わるキャラがいる。	{10:02:05}아군 그룹 투쟁 화면。여기서 장비한다。전투\n중엔 열 수 없으니 주의。뒤가 빛나는 자가\n그 그룹의 리더。선수가 죽으면 소환 방\n기능으로 소생할 수 있다。시나리오 중 드물게\n동료로 들어오는 캐릭터도 있다。
W01451	HELP.BIN:19C31	메뉴:109B	1	{10:02:05}ウィンドウ画面の仙獣を選んでグループ鬪貿画面で味\n方仙獣の装備を整える。主人公の持ち物と倉庫部屋の\n道具が装備できる。ただし仙窟外ではできない。	{10:02:05}창 화면의 선수를 골라 그룹 투쟁 화면에서\n장비를 갖춘다。주인공 소지품과 창고 방\n도구를 장비한다。선굴 밖에선 안 된다。
W01452	HELP.BIN:19CC1	메뉴:117B	1	{10:02:05}「仙獣」画面か、集計タイムの「味方編成」で選べる\n項目。解雇した仙獣は仙窟からいなくなる。\n仙獣死亡時は召喚部屋の機能を使うと蘇生か解雇を選\nべる。	{10:02:05}「선수」화면이나 집계 타임의 「아군\n편성」에서 고르는 항목。해고한 선수는\n선굴에서 사라진다。선수가 죽었을 땐 소환 방\n기능으로 소생이나 해고를 고른다。
W01453	HELP.BIN:19D53	메뉴:180B	1	{10:02:05}LRボタンで項目の移動。気の属性は色分けで、緑が\n木、赤が火、橙が土、黄が金、青が水で表示される。\n部屋名の横の部屋状態バーは、青が通常、赤が残りH\nPわずか、茶が機能停止、黒が破壊の状態を示す。戦\n闘中はLで開けない。R＋Lでマス目表示になる。	{10:02:05}LR버튼으로 항목 이동。기 속성 색은 초록\n목、빨강 화、주황 토、노랑 금、파랑 수。방\n상태 막대는 파랑 보통、빨강 HP 바닥、갈색\n정지、검정 파괴。전투 중엔 L로 못\n연다。R＋L로 칸 표시。
W01454	HELP.BIN:19E30	메뉴:170B	1	{10:02:05}音声のボリューム設定と、仙獣の助言や操作の解説の\nメッセージ表示を滅らす、切るなどの設定ができる。\nキーリピートの設定ではボタンを押し続けたとき連打\n状態になるまでの時間と連打間隔を変えられる。操作\nミスの防止やカーソル移動速度の制御になる。	{10:02:05}음성 볼륨과 선수 조언・조작 해설 메시지를\n줄이거나 끄는 설정을 한다。키 반복 설정에선\n버튼을 누르고 있을 때 연타가 되기까지의\n시간과 간격을 바꾼다。조작 실수 방지나 커서\n속도 조절이 된다。
W01455	HELP.BIN:19EFD	메뉴:151B	1	{10:02:05}生産されたトラップを仙窟内の好きな場所に設置でき\nる。数制限は全体で64個、部屋や直線通路ごとに2\n個まで。一度置いたトラップの上に同じトラップを置\nくとそのトラップを取り外し、別のトラップを置くと\n置き換えになる。	{10:02:05}생산된 함정을 선굴 안 원하는 곳에\n설치한다。전체 64개、방이나 직선 통로마다\n2개까지。놓인 함정 위에 같은 함정을 놓으면\n떼어 내고、다른 함정을 놓으면 바뀐다。
W01456	HELP.BIN:19FBD	메뉴:127B	1	{10:02:05}仙獣グループの行軍するルートを設定できる。\n次ターンでどのように動くかシュミレートもできる。\nループするように設定するには始点の部屋に戻って最\n後にその部屋を選択した後に決定ボタン（Z）を押す	{10:02:05}선수 그룹의 행군로를 설정한다。다음 턴에\n어떻게 움직일지 시뮬레이트도 된다。루프로\n하려면 시작 방으로 돌아와 마지막에 그 방을\n고르고 결정 버튼（Z）을 누른다
W01457	HELP.BIN:1A078	메뉴:145B	1	。グループご\nとに行軍時の綜運撒量や運撒スピードなどがわかる。\n実際の行軍スピードはグループの平均値、エネルギー\nと仙丹の運撒量や部屋の修復はグループ全員の綜合、\nこれらはリーダーの選任の仕方で変化する。	。그룹마다 행군 때의 총운반량과 운반 속도\n등을 알 수 있다。실제 행군 속도는 그룹\n평균값、에너지와 선단 운반량과 방 수복은\n그룹 전원의 합이며 리더 선임에 따라\n바뀐다。
W01458	HELP.BIN:1A11D	메뉴:114B	1	{10:02:05}仙獣達の配置替えや解雇とグループリーダーの選任を\n行う。主人公は配置を替えることはできないがグルー\nプのリーダーは代えられる。\nリーダー特性は主人公にも影響する。	{10:02:05}선수들의 배치 변경과 해고、그룹 리더 선임을\n한다。주인공은 배치를 못 바꾸지만 그룹\n리더는 바꿀 수 있다。리더 특성은\n주인공에게도 영향을 준다。
W01459	HELP.BIN:1A1EA	메뉴:142B	1	{10:02:05}行軍時の配置換えができる。2キャラ分のスペースを\nとる仙獣もいるので配置替えに注意。グループ内での\n順番はパラメータに影響しない。新たに仲間に加わる\nキャラがいる場合、配置替えや解雇が必要になること\nもある。	{10:02:05}행군 때의 배치를 바꾼다。2칸을 차지하는\n선수도 있으니 주의。그룹 안 순서는 능력치에\n영향이 없다。새 동료가 들어올 땐 배치\n변경이나 해고가 필요할 수도 있다。
W01460	HELP.BIN:1A2A1	메뉴:111B	1	{10:02:05}別グループのリーダーを選び直すことができる。召喚\nしたままだと最初にグループにいた仙獣が自動的にリ\nーダーになっているので、リーダー特性を参考にして\n選任し直すとよい。	{10:02:05}다른 그룹의 리더를 다시 고를 수\n있다。소환한 그대로면 처음 그룹에 있던\n선수가 자동으로 리더가 되니 리더 특성을\n보고 다시 고르면 좋다。
W01461	HELP.BIN:1A327	메뉴:74B	1	{10:02:05}この項目を選ぶと現在の仙窟情報が表示される。\nそこで「次のターンへ進む」を選択すると次のターン\nに進む。	{10:02:05}이 항목을 고르면 지금의 선굴 정보가\n나온다。거기서 「다음 턴으로」를 고르면 다음\n턴으로 간다。
W01462	HELP.BIN:1A388	메뉴:162B	1	{10:02:05}集計タイム終了時に現在のターン数や龍穴炉振込残量\nなどの数値が一貿になって表示される。仙窟破壊率は\n仙窟内の部屋のHPが綜合でどの程度滅っているかを\n示している。もう一度集計画面に戻りたい場合Bボタ\nンで戻ることができる。	{10:02:05}집계 타임이 끝날 때 지금의 턴 수와 용혈로\n납입 잔량 등이 한눈에 나온다。선굴 파괴율은\n방 HP가 전체로 얼마나 줄었는지를\n나타낸다。집계 화면으로 돌아가려면 B버튼。
W01463	HELP.BIN:1A4D9	메뉴:62B	1	{10:02:05}部屋に赤因素があると短縮される。アイテムによって\n固定値なので掘り出す前に推測可能。	{10:02:05}방에 빨강 인소가 있으면 짧아진다。아이템마다\n고정값이라 캐기 전에 짐작할 수 있다。
W01464	HELP.BIN:1A540	메뉴:128B	1	{10:02:05}レベルによって掘削するアイテムが変わる。能力を上\nげるとより強い道具を掘削するが、逆に掘削できなく\nなるアイテムもある。強化メニューの中には武器また\nは防具を集中的に掘削するなどの機能もある。	{10:02:05}레벨에 따라 캐는 아이템이 바뀐다。능력을\n올리면 더 강한 도구를 캐지만 반대로 못\n캐게 되는 아이템도 있다。강화 메뉴 중엔\n무기나 방어구를 집중해 캐는 기능도 있다。
W01465	HELP.BIN:1A5D7	메뉴:100B	1	{10:02:05}龍穴炉を探し当てたときや、仙窟とは別な洞窟や地底\n遺跡につながったりする場合に出現。五行の属性のど\nれにも属さないため気を発さないので注意。	{10:02:05}용혈로를 찾았을 때나 다른 동굴・지하 유적에\n이어질 때 나온다。어느 오행에도 속하지 않아\n기를 내지 않으니 주의。
W01466	HELP.BIN:1A658	메뉴:102B	1	{10:02:05} {5A}{5B}生産力{LV}1   火1 土2\n {5A}{5B}生産力{LV}2   火1 土2 木1\n {5A}{5B}生産力{LV}3   火1 土3 木1\n {5A}{5B}生産力{LV}4   火1 土4 木1	{10:02:05} {5A}{5B}생산력{LV}1   화1 토2\n {5A}{5B}생산력{LV}2   화1 토2 목1\n {5A}{5B}생산력{LV}3   화1 토3 목1\n {5A}{5B}생산력{LV}4   화1 토4 목1
W01467	HELP.BIN:1A6DB	메뉴:110B	1	{10:02:05} 仙丹生産力{LV}1   火1 金2\n 仙丹生産力{LV}2   火1 金2 木1\n 仙丹生産力{LV}3   火1 金3 木1\n 仙丹生産力{LV}4   火1 金4 木1	{10:02:05} 선단생산력{LV}1   화1 금2\n 선단생산력{LV}2   화1 금2 목1\n 선단생산력{LV}3   화1 금3 목1\n 선단생산력{LV}4   화1 금4 목1
W01468	HELP.BIN:1A766	메뉴:115B	1	{10:02:05} 耐久力回復{LV}1   火1 水2 木1\n 耐久力回復{LV}2   火1 水3 木1\n 耐久力回復{LV}3   火1 水4 木1\n 耐久力回復{LV}4   火1 水4 木2\n	{10:02:05} 내구력회복{LV}1   화1 수2 목1\n 내구력회복{LV}2   화1 수3 목1\n 내구력회복{LV}3   화1 수4 목1\n 내구력회복{LV}4   화1 수4 목2\n
W01469	HELP.BIN:1A7F6	메뉴:163B	1	{10:02:05} 練寿願{LV}1   流れ込む気の合計が2以上\n 練寿願{LV}2   流れ込む気の合計が3以上\n 練寿願{LV}3   流れ込む気の合計が5以上\n 練寿願{LV}4   流れ込む気の合計が8以上\n 練寿願{LV}5   流れ込む気の合計が13以上	{10:02:05} 연수원{LV}1   흘러드는 기 합계 2 이상\n 연수원{LV}2   흘러드는 기 합계 3 이상\n 연수원{LV}3   흘러드는 기 합계 5 이상\n 연수원{LV}4   흘러드는 기 합계 8 이상\n 연수원{LV}5   흘러드는 기 합계 13 이상
W01470	HELP.BIN:1A8B6	메뉴:107B	1	{10:02:05} 赤糸の策{LV}1～4   気は必要ありません\n 跳氣の策{LV}1～4   火3 金1\n 仙雷の策{LV}1～4   火5 金1\n 蒼龍の策{LV}1～4   火5 金1 水1	{10:02:05} 적사책{LV}1～4   기는 필요 없음\n 도기책{LV}1～4   화3 금1\n 선뢰책{LV}1～4   화5 금1\n 창룡책{LV}1～4   화5 금1 수1
W01471	HELP.BIN:1A93E	메뉴:86B	1	{10:02:05} 赤糸の策{LV}1～2   火2 水1 木1\n 跳氣の策{LV}1～2   火3 水1 木2\n 仙雷の策{LV}1～2   火4 水2 木2	{10:02:05} 적사책{LV}1～2   화2 수1 목1\n 도기책{LV}1～2   화3 수1 목2\n 선뢰책{LV}1～2   화4 수2 목2
W01472	HELP.BIN:1A9DF	메뉴:99B	1	{10:02:05} 爆炸生産{LV}1～3   土? 水? 木?\n 暴雷光生産{LV}1～3  火? 土? 水? 木?\n 闇魔針生産{LV}1～2  火? 土? 水? 木?	{10:02:05} 폭작생산{LV}1～3   토? 수? 목?\n 폭뢰광생산{LV}1～3  화? 토? 수? 목?\n 암마침생산{LV}1～2  화? 토? 수? 목?
W01473	HELP.BIN:1AA59	메뉴:106B	1	{10:02:05} 爆炸生産{LV}2～3   気の合計が1～2以上\n 暴雷光生産{LV}1～3  気の合計が3～5以上\n 闇魔針生産{LV}1～2  気の合計が6～7以上	{10:02:05} 폭작생산{LV}2～3   기 합계 1～2 이상\n 폭뢰광생산{LV}1～3  기 합계 3～5 이상\n 암마침생산{LV}1～2  기 합계 6～7 이상
W01474	HELP.BIN:1AADA	메뉴:29B	1	{10:02:05} 誘き寄せ{LV}1～4   火2 土2 木2	{10:02:05} 유인{LV}1～4   화2 토2 목2
W01475	HELP.BIN:1AB14	메뉴:86B	1	{10:02:05} 武器掘削能力   火2 金1 木1\n 防具掘削能力   火1 土1 木2\n 道具掘削能力   土1 金1 水1	{10:02:05} 무기굴삭능력   화2 금1 목1\n 방어구굴삭능력  화1 토1 목2\n 도구굴삭능력   토1 금1 수1
W01476	HELP.BIN:1AB81	메뉴:27B	1	{10:02:05}  四神雷鳴   金? 水? 木?	{10:02:05}  사신뇌명   금? 수? 목?
W01477	HELP.BIN:1ABB3	메뉴:29B	1	{10:02:05}  全転送   火1 土1 金1 水3	{10:02:05}  전전송   화1 토1 금1 수3
W01478	HELP.BIN:1ABE7	메뉴:33B	1	{10:02:05}  全索敵   火2 土1 金1 水1 木1	{10:02:05}  전색적   화2 토1 금1 수1 목1
W01479	HELP.BIN:1AC1F	메뉴:31B	1	{10:02:05}  太極宝宮   火? 土? 水? 木?	{10:02:05}  태극보궁   화? 토? 수? 목?
W01480	CS.BIN:7B85B	메뉴:8B	1	生産部屋	생산 방
